景点名称,所在城市,所在省份,平台,搜索关键词,页面类型,来源标题,来源位置,详情页URL,图片序号,图片URL,本地图片路径,状态,备注
798艺术区,北京市,北京,携程Trip景点页,798艺术区 北京市,attraction,798 Art Zone(798藝術區),Beijing · China,https://us.trip.com/travel-guide/attraction/beijing/798-art-zone-87890/,1,https://ak-d.tripcdn.com/images/010671200087d4o7zEA88.jpg,D:\wzb\codex\data\全国旅游数据整合_2026-03-24\平台景点照片\携程Trip\北京\北京市\798艺术区\trip_01.jpg,已下载,
798艺术区,北京市,北京,携程Trip景点页,798艺术区 北京市,attraction,798 Art Zone(798藝術區),Beijing · China,https://us.trip.com/travel-guide/attraction/beijing/798-art-zone-87890/,2,https://ak-d.tripcdn.com/images/0102y12000hxkc5n61AF4.jpg,D:\wzb\codex\data\全国旅游数据整合_2026-03-24\平台景点照片\携程Trip\北京\北京市\798艺术区\trip_02.jpg,已下载,
七台河勃利西大圈,七台河市,黑龙江,携程Trip景点页,七台河勃利西大圈 七台河市,attraction,Xidaquan National Forest Park,Boli · Qitaihe · Heilongjiang · China,https://us.trip.com/travel-guide/attraction/boli/xidaquan-national-forest-park-101567/,1,https://ak-d.tripcdn.com/images/0106412000nws0vjr37FC.jpg,D:\wzb\codex\data\全国旅游数据整合_2026-03-24\平台景点照片\携程Trip\黑龙江\七台河市\七台河勃利西大圈\trip_01.jpg,已下载,
七台河勃利西大圈,七台河市,黑龙江,携程Trip景点页,七台河勃利西大圈 七台河市,attraction,Xidaquan National Forest Park,Boli · Qitaihe · Heilongjiang · China,https://us.trip.com/travel-guide/attraction/boli/xidaquan-national-forest-park-101567/,2,https://ak-d.tripcdn.com/images/0104y12000jse1x5aAC52.jpg,D:\wzb\codex\data\全国旅游数据整合_2026-03-24\平台景点照片\携程Trip\黑龙江\七台河市\七台河勃利西大圈\trip_02.jpg,已下载,
万宁兴隆热带植物园,万宁市,海南,携程Trip景点页,万宁兴隆热带植物园 万宁市,attraction,Xinglong Tropical Botanical Garden(興隆熱帶植物園),Wanning · Hainan · China,https://us.trip.com/travel-guide/attraction/wanning/xinglong-tropical-botanical-garden-75967/,1,https://ak-d.tripcdn.com/images/1lo3b12000j74pdwbB1AF.jpg,D:\wzb\codex\data\全国旅游数据整合_2026-03-24\平台景点照片\携程Trip\海南\万宁市\万宁兴隆热带植物园\trip_01.jpg,已下载,
万宁兴隆热带植物园,万宁市,海南,携程Trip景点页,万宁兴隆热带植物园 万宁市,attraction,Xinglong Tropical Botanical Garden(興隆熱帶植物園),Wanning · Hainan · China,https://us.trip.com/travel-guide/attraction/wanning/xinglong-tropical-botanical-garden-75967/,2,https://ak-d.tripcdn.com/images/0106s1200089zmir978FE.jpg,D:\wzb\codex\data\全国旅游数据整合_2026-03-24\平台景点照片\携程Trip\海南\万宁市\万宁兴隆热带植物园\trip_02.jpg,已下载,
万年冰洞,忻州市,山西,携程Trip景点页,万年冰洞 忻州市,attraction,Permanent Ice Cave(萬年冰洞),Ningwu · Xinzhou · Shanxi · China,https://us.trip.com/travel-guide/attraction/ningwu/permanent-ice-cave-10548089/,1,https://ak-d.tripcdn.com/images/0102s12000jgnw46s94A2.jpg,D:\wzb\codex\data\全国旅游数据整合_2026-03-24\平台景点照片\携程Trip\山西\忻州市\万年冰洞\trip_01.jpg,已下载,
万年冰洞,忻州市,山西,携程Trip景点页,万年冰洞 忻州市,attraction,Permanent Ice Cave(萬年冰洞),Ningwu · Xinzhou · Shanxi · China,https://us.trip.com/travel-guide/attraction/ningwu/permanent-ice-cave-10548089/,2,https://ak-d.tripcdn.com/images/0101h12000h0kv5qk659E.jpg,D:\wzb\codex\data\全国旅游数据整合_2026-03-24\平台景点照片\携程Trip\山西\忻州市\万年冰洞\trip_02.jpg,已下载,
三亚亚龙湾,三亚市,海南,携程Trip景点页,三亚亚龙湾 三亚市,attraction,Yalong Bay Diving(亞龍灣潛水),Sanya · Hainan · China,https://us.trip.com/travel-guide/attraction/sanya/yalong-bay-diving-33216286/,1,https://ak-d.tripcdn.com/images/350w1a0000019y9wb8250.jpg,D:\wzb\codex\data\全国旅游数据整合_2026-03-24\平台景点照片\携程Trip\海南\三亚市\三亚亚龙湾\trip_01.jpg,已下载,
三亚亚龙湾,三亚市,海南,携程Trip景点页,三亚亚龙湾 三亚市,attraction,Yalong Bay Diving(亞龍灣潛水),Sanya · Hainan · China,https://us.trip.com/travel-guide/attraction/sanya/yalong-bay-diving-33216286/,2,https://ak-d.tripcdn.com/images/1lo2w12000bkakwfv4046.jpg,D:\wzb\codex\data\全国旅游数据整合_2026-03-24\平台景点照片\携程Trip\海南\三亚市\三亚亚龙湾\trip_02.jpg,已下载,
三亚大小洞天,三亚市,海南,携程Trip景点页,三亚大小洞天 三亚市,attraction,三亞大小洞天旅遊區-亭,Sanya · Hainan · China,https://us.trip.com/travel-guide/attraction/sanya/city-145274858/,1,https://ak-d.tripcdn.com/images/350w1a0000019y9wb8250.jpg,D:\wzb\codex\data\全国旅游数据整合_2026-03-24\平台景点照片\携程Trip\海南\三亚市\三亚大小洞天\trip_01.jpg,已下载,
三亚大小洞天,三亚市,海南,携程Trip景点页,三亚大小洞天 三亚市,attraction,三亞大小洞天旅遊區-亭,Sanya · Hainan · China,https://us.trip.com/travel-guide/attraction/sanya/city-145274858/,2,https://ak-d.tripcdn.com/images/1lo2w12000bkakwfv4046.jpg,D:\wzb\codex\data\全国旅游数据整合_2026-03-24\平台景点照片\携程Trip\海南\三亚市\三亚大小洞天\trip_02.jpg,已下载,
三坊七巷,福州市,福建,携程Trip景点页,三坊七巷 福州市,attraction,Three Lanes And Seven Alleys(三坊七巷),Fuzhou · Fujian · China,https://us.trip.com/travel-guide/attraction/fuzhou/three-lanes-and-seven-alleys-87778/,1,https://ak-d.tripcdn.com/images/0103q12000aoh72b2D3E9.jpg,D:\wzb\codex\data\全国旅游数据整合_2026-03-24\平台景点照片\携程Trip\福建\福州市\三坊七巷\trip_01.jpg,已下载,
三坊七巷,福州市,福建,携程Trip景点页,三坊七巷 福州市,attraction,Three Lanes And Seven Alleys(三坊七巷),Fuzhou · Fujian · China,https://us.trip.com/travel-guide/attraction/fuzhou/three-lanes-and-seven-alleys-87778/,2,https://ak-d.tripcdn.com/images/1lo4512000my3bj6m3796.png,D:\wzb\codex\data\全国旅游数据整合_2026-03-24\平台景点照片\携程Trip\福建\福州市\三坊七巷\trip_02.png,已下载,
三峡人家,宜昌市,湖北,携程Trip景点页,三峡人家 宜昌市,attraction,Tribe of the Three Gorges(三峽人家),Yichang · Hubei · China,https://us.trip.com/travel-guide/attraction/yichang/tribe-of-the-three-gorges-10559342/,1,https://ak-d.tripcdn.com/images/0100x12000aao20wz0054.jpg,D:\wzb\codex\data\全国旅游数据整合_2026-03-24\平台景点照片\携程Trip\湖北\宜昌市\三峡人家\trip_01.jpg,已下载,
三峡人家,宜昌市,湖北,携程Trip景点页,三峡人家 宜昌市,attraction,Tribe of the Three Gorges(三峽人家),Yichang · Hubei · China,https://us.trip.com/travel-guide/attraction/yichang/tribe-of-the-three-gorges-10559342/,2,https://ak-d.tripcdn.com/images/0102u120009gg6n09F68F.jpg,D:\wzb\codex\data\全国旅游数据整合_2026-03-24\平台景点照片\携程Trip\湖北\宜昌市\三峡人家\trip_02.jpg,已下载,
三峡大坝,宜昌市,湖北,携程Trip景点页,三峡大坝 宜昌市,attraction,三峽大壩文化中心,Yichang · Hubei · China,https://us.trip.com/travel-guide/attraction/yichang/city-150390751/,1,https://ak-d.tripcdn.com/images/0100x12000aao20wz0054.jpg,D:\wzb\codex\data\全国旅游数据整合_2026-03-24\平台景点照片\携程Trip\湖北\宜昌市\三峡大坝\trip_01.jpg,已下载,
三峡大坝,宜昌市,湖北,携程Trip景点页,三峡大坝 宜昌市,attraction,三峽大壩文化中心,Yichang · Hubei · China,https://us.trip.com/travel-guide/attraction/yichang/city-150390751/,2,https://ak-d.tripcdn.com/images/0102u120009gg6n09F68F.jpg,D:\wzb\codex\data\全国旅游数据整合_2026-03-24\平台景点照片\携程Trip\湖北\宜昌市\三峡大坝\trip_02.jpg,已下载,
三明泰宁大金湖,三明市,福建,携程Trip景点页,三明泰宁大金湖 三明市,attraction,大金湖漂流,Taining · Sanming · Fujian · China,https://us.trip.com/travel-guide/attraction/taining/city-145812353/,1,https://ak-d.tripcdn.com/images/0103l120008x18knj7CD0.png,D:\wzb\codex\data\全国旅游数据整合_2026-03-24\平台景点照片\携程Trip\福建\三明市\三明泰宁大金湖\trip_01.png,已下载,
三明泰宁大金湖,三明市,福建,携程Trip景点页,三明泰宁大金湖 三明市,attraction,大金湖漂流,Taining · Sanming · Fujian · China,https://us.trip.com/travel-guide/attraction/taining/city-145812353/,2,https://ak-d.tripcdn.com/images/100b0q000000gdtqi05ED.jpg,D:\wzb\codex\data\全国旅游数据整合_2026-03-24\平台景点照片\携程Trip\福建\三明市\三明泰宁大金湖\trip_02.jpg,已下载,
三星堆遗址,德阳市,四川,携程Trip景点页,三星堆遗址 德阳市,attraction,The Western City Wall of the Sanxingdui Ruins(三星堆遺址-西城墻),Guanghan · Deyang · Sichuan · China,https://us.trip.com/travel-guide/attraction/guanghan/the-western-city-wall-of-the-sanxingdui-ruins-145291133/,1,https://ak-d.tripcdn.com/images/0104o12000h0jx9pr937E.jpg,D:\wzb\codex\data\全国旅游数据整合_2026-03-24\平台景点照片\携程Trip\四川\德阳市\三星堆遗址\trip_01.jpg,已下载,
三星堆遗址,德阳市,四川,携程Trip景点页,三星堆遗址 德阳市,attraction,The Western City Wall of the Sanxingdui Ruins(三星堆遺址-西城墻),Guanghan · Deyang · Sichuan · China,https://us.trip.com/travel-guide/attraction/guanghan/the-western-city-wall-of-the-sanxingdui-ruins-145291133/,2,https://ak-d.tripcdn.com/images/0105p12000f6scno87BC5.jpg,D:\wzb\codex\data\全国旅游数据整合_2026-03-24\平台景点照片\携程Trip\四川\德阳市\三星堆遗址\trip_02.jpg,已下载,
三江程阳八寨,柳州市,广西,携程Trip景点页,三江程阳八寨 柳州市,attraction,Chengyang Bazhai Scenic Village(程陽八寨),Sanjiang · Liuzhou · Guangxi · China,https://us.trip.com/travel-guide/attraction/sanjiang/chengyang-bazhai-scenic-village-94037/,1,https://ak-d.tripcdn.com/images/1lo1812000jcu8wp9FB7C.jpg,D:\wzb\codex\data\全国旅游数据整合_2026-03-24\平台景点照片\携程Trip\广西\柳州市\三江程阳八寨\trip_01.jpg,已下载,
三江程阳八寨,柳州市,广西,携程Trip景点页,三江程阳八寨 柳州市,attraction,Chengyang Bazhai Scenic Village(程陽八寨),Sanjiang · Liuzhou · Guangxi · China,https://us.trip.com/travel-guide/attraction/sanjiang/chengyang-bazhai-scenic-village-94037/,2,https://ak-d.tripcdn.com/images/100o1d000001e97ca68F4.jpg,D:\wzb\codex\data\全国旅游数据整合_2026-03-24\平台景点照片\携程Trip\广西\柳州市\三江程阳八寨\trip_02.jpg,已下载,
三河古镇,合肥市,安徽,携程Trip景点页,三河古镇 合肥市,attraction,Sanhe Ancient Town(三河古鎮),Feixi · Hefei · Anhui · China,https://us.trip.com/travel-guide/attraction/feixi/sanhe-ancient-town-80662/,1,https://ak-d.tripcdn.com/images/1lo3x12000rglrvuiADA8.jpg,D:\wzb\codex\data\全国旅游数据整合_2026-03-24\平台景点照片\携程Trip\安徽\合肥市\三河古镇\trip_01.jpg,已下载,
三河古镇,合肥市,安徽,携程Trip景点页,三河古镇 合肥市,attraction,Sanhe Ancient Town(三河古鎮),Feixi · Hefei · Anhui · China,https://us.trip.com/travel-guide/attraction/feixi/sanhe-ancient-town-80662/,2,https://ak-d.tripcdn.com/images/0103s12000i0lcg8tD6B7.jpg,D:\wzb\codex\data\全国旅游数据整合_2026-03-24\平台景点照片\携程Trip\安徽\合肥市\三河古镇\trip_02.jpg,已下载,
三清山,上饶市,江西,携程Trip景点页,三清山 上饶市,attraction,Sanqingshan Mount Scenic Area(三清山風景區),Yushan · Shangrao · Jiangxi · China,https://us.trip.com/travel-guide/attraction/yushan/sanqingshan-mount-scenic-area-93499/,1,https://ak-d.tripcdn.com/images/1lo6i12000dfxtd5519D9.jpg,D:\wzb\codex\data\全国旅游数据整合_2026-03-24\平台景点照片\携程Trip\江西\上饶市\三清山\trip_01.jpg,已下载,
三清山,上饶市,江西,携程Trip景点页,三清山 上饶市,attraction,Sanqingshan Mount Scenic Area(三清山風景區),Yushan · Shangrao · Jiangxi · China,https://us.trip.com/travel-guide/attraction/yushan/sanqingshan-mount-scenic-area-93499/,2,https://ak-d.tripcdn.com/images/0100a120008ew2wwr7315.jpg,D:\wzb\codex\data\全国旅游数据整合_2026-03-24\平台景点照片\携程Trip\江西\上饶市\三清山\trip_02.jpg,已下载,
上海世纪公园,上海市,上海,携程Trip景点页,上海世纪公园 上海市,attraction,Sakura Island,Shanghai · China,https://us.trip.com/travel-guide/attraction/shanghai/sakura-island-133528243/,1,https://ak-d.tripcdn.com/images/0102p1200082jbvtcD451.jpg,D:\wzb\codex\data\全国旅游数据整合_2026-03-24\平台景点照片\携程Trip\上海\上海市\上海世纪公园\trip_01.jpg,已下载,
上海世纪公园,上海市,上海,携程Trip景点页,上海世纪公园 上海市,attraction,Sakura Island,Shanghai · China,https://us.trip.com/travel-guide/attraction/shanghai/sakura-island-133528243/,2,https://ak-d.tripcdn.com/images/1lo7412000isn0jrbD500.jpg,D:\wzb\codex\data\全国旅游数据整合_2026-03-24\平台景点照片\携程Trip\上海\上海市\上海世纪公园\trip_02.jpg,已下载,
上海动物园,上海市,上海,携程Trip景点页,上海动物园 上海市,attraction,Shanghai Zoo(上海動物園),Shanghai · China,https://us.trip.com/travel-guide/attraction/shanghai/shanghai-zoo-81728/,1,https://ak-d.tripcdn.com/images/0102p1200082jbvtcD451.jpg,D:\wzb\codex\data\全国旅游数据整合_2026-03-24\平台景点照片\携程Trip\上海\上海市\上海动物园\trip_01.jpg,已下载,
上海动物园,上海市,上海,携程Trip景点页,上海动物园 上海市,attraction,Shanghai Zoo(上海動物園),Shanghai · China,https://us.trip.com/travel-guide/attraction/shanghai/shanghai-zoo-81728/,2,https://ak-d.tripcdn.com/images/1lo7412000isn0jrbD500.jpg,D:\wzb\codex\data\全国旅游数据整合_2026-03-24\平台景点照片\携程Trip\上海\上海市\上海动物园\trip_02.jpg,已下载,
上海博物馆,上海市,上海,携程Trip景点页,上海博物馆 上海市,attraction,Shanghai Museum(上海博物館),Shanghai · China,https://us.trip.com/travel-guide/attraction/shanghai/shanghai-museum-76144/,1,https://ak-d.tripcdn.com/images/0102p1200082jbvtcD451.jpg,D:\wzb\codex\data\全国旅游数据整合_2026-03-24\平台景点照片\携程Trip\上海\上海市\上海博物馆\trip_01.jpg,已下载,
上海博物馆,上海市,上海,携程Trip景点页,上海博物馆 上海市,attraction,Shanghai Museum(上海博物館),Shanghai · China,https://us.trip.com/travel-guide/attraction/shanghai/shanghai-museum-76144/,2,https://ak-d.tripcdn.com/images/1lo7412000isn0jrbD500.jpg,D:\wzb\codex\data\全国旅游数据整合_2026-03-24\平台景点照片\携程Trip\上海\上海市\上海博物馆\trip_02.jpg,已下载,
上海大观园,上海市,上海,携程Trip景点页,上海大观园 上海市,attraction,Shanghai Grand View Garden(上海大觀園),Shanghai · China,https://us.trip.com/travel-guide/attraction/shanghai/shanghai-grand-view-garden-76797/,1,https://ak-d.tripcdn.com/images/0102p1200082jbvtcD451.jpg,D:\wzb\codex\data\全国旅游数据整合_2026-03-24\平台景点照片\携程Trip\上海\上海市\上海大观园\trip_01.jpg,已下载,
上海大观园,上海市,上海,携程Trip景点页,上海大观园 上海市,attraction,Shanghai Grand View Garden(上海大觀園),Shanghai · China,https://us.trip.com/travel-guide/attraction/shanghai/shanghai-grand-view-garden-76797/,2,https://ak-d.tripcdn.com/images/1lo7412000isn0jrbD500.jpg,D:\wzb\codex\data\全国旅游数据整合_2026-03-24\平台景点照片\携程Trip\上海\上海市\上海大观园\trip_02.jpg,已下载,
上海影视乐园,上海市,上海,携程Trip景点页,上海影视乐园 上海市,attraction,Shanghai Film Park(上海影視樂園),Shanghai · China,https://us.trip.com/travel-guide/attraction/shanghai/shanghai-film-park-76783/,1,https://ak-d.tripcdn.com/images/0102p1200082jbvtcD451.jpg,D:\wzb\codex\data\全国旅游数据整合_2026-03-24\平台景点照片\携程Trip\上海\上海市\上海影视乐园\trip_01.jpg,已下载,
上海影视乐园,上海市,上海,携程Trip景点页,上海影视乐园 上海市,attraction,Shanghai Film Park(上海影視樂園),Shanghai · China,https://us.trip.com/travel-guide/attraction/shanghai/shanghai-film-park-76783/,2,https://ak-d.tripcdn.com/images/1lo7412000isn0jrbD500.jpg,D:\wzb\codex\data\全国旅游数据整合_2026-03-24\平台景点照片\携程Trip\上海\上海市\上海影视乐园\trip_02.jpg,已下载,
上海杜莎夫人蜡像馆,上海市,上海,携程Trip景点页,上海杜莎夫人蜡像馆 上海市,attraction,Madame Tussauds Shanghai(上海杜莎夫人蠟像館),Shanghai · China,https://us.trip.com/travel-guide/attraction/shanghai/madame-tussauds-shanghai-80267/,1,https://ak-d.tripcdn.com/images/0102p1200082jbvtcD451.jpg,D:\wzb\codex\data\全国旅游数据整合_2026-03-24\平台景点照片\携程Trip\上海\上海市\上海杜莎夫人蜡像馆\trip_01.jpg,已下载,
上海杜莎夫人蜡像馆,上海市,上海,携程Trip景点页,上海杜莎夫人蜡像馆 上海市,attraction,Madame Tussauds Shanghai(上海杜莎夫人蠟像館),Shanghai · China,https://us.trip.com/travel-guide/attraction/shanghai/madame-tussauds-shanghai-80267/,2,https://ak-d.tripcdn.com/images/1lo7412000isn0jrbD500.jpg,D:\wzb\codex\data\全国旅游数据整合_2026-03-24\平台景点照片\携程Trip\上海\上海市\上海杜莎夫人蜡像馆\trip_02.jpg,已下载,
上海欢乐谷,上海市,上海,携程Trip景点页,上海欢乐谷 上海市,attraction,Shanghai Happy Valley(上海歡樂谷),Shanghai · China,https://us.trip.com/travel-guide/attraction/shanghai/shanghai-happy-valley-10559194/,1,https://ak-d.tripcdn.com/images/0102p1200082jbvtcD451.jpg,D:\wzb\codex\data\全国旅游数据整合_2026-03-24\平台景点照片\携程Trip\上海\上海市\上海欢乐谷\trip_01.jpg,已下载,
上海欢乐谷,上海市,上海,携程Trip景点页,上海欢乐谷 上海市,attraction,Shanghai Happy Valley(上海歡樂谷),Shanghai · China,https://us.trip.com/travel-guide/attraction/shanghai/shanghai-happy-valley-10559194/,2,https://ak-d.tripcdn.com/images/1lo7412000isn0jrbD500.jpg,D:\wzb\codex\data\全国旅游数据整合_2026-03-24\平台景点照片\携程Trip\上海\上海市\上海欢乐谷\trip_02.jpg,已下载,
上海海洋水族馆,上海市,上海,携程Trip景点页,上海海洋水族馆 上海市,attraction,Shanghai Ocean Aquarium(上海海洋水族館),Shanghai · China,https://us.trip.com/travel-guide/attraction/shanghai/shanghai-ocean-aquarium-80473/,1,https://ak-d.tripcdn.com/images/0102p1200082jbvtcD451.jpg,D:\wzb\codex\data\全国旅游数据整合_2026-03-24\平台景点照片\携程Trip\上海\上海市\上海海洋水族馆\trip_01.jpg,已下载,
上海海洋水族馆,上海市,上海,携程Trip景点页,上海海洋水族馆 上海市,attraction,Shanghai Ocean Aquarium(上海海洋水族館),Shanghai · China,https://us.trip.com/travel-guide/attraction/shanghai/shanghai-ocean-aquarium-80473/,2,https://ak-d.tripcdn.com/images/1lo7412000isn0jrbD500.jpg,D:\wzb\codex\data\全国旅游数据整合_2026-03-24\平台景点照片\携程Trip\上海\上海市\上海海洋水族馆\trip_02.jpg,已下载,
上海环球金融中心,上海市,上海,携程Trip景点页,上海环球金融中心 上海市,attraction,Shanghai World Financial Center Sightseeing Hall(上海環球金融中心觀光廳),Shanghai · China,https://us.trip.com/travel-guide/attraction/shanghai/shanghai-world-financial-center-sightseeing-hall-69138739/,1,https://ak-d.tripcdn.com/images/0102p1200082jbvtcD451.jpg,D:\wzb\codex\data\全国旅游数据整合_2026-03-24\平台景点照片\携程Trip\上海\上海市\上海环球金融中心\trip_01.jpg,已下载,
上海环球金融中心,上海市,上海,携程Trip景点页,上海环球金融中心 上海市,attraction,Shanghai World Financial Center Sightseeing Hall(上海環球金融中心觀光廳),Shanghai · China,https://us.trip.com/travel-guide/attraction/shanghai/shanghai-world-financial-center-sightseeing-hall-69138739/,2,https://ak-d.tripcdn.com/images/1lo7412000isn0jrbD500.jpg,D:\wzb\codex\data\全国旅游数据整合_2026-03-24\平台景点照片\携程Trip\上海\上海市\上海环球金融中心\trip_02.jpg,已下载,
上海科技馆,上海市,上海,携程Trip景点页,上海科技馆 上海市,attraction,Shanghai Science and Technology Museum(上海科技館),Shanghai · China,https://us.trip.com/travel-guide/attraction/shanghai/shanghai-science-and-technology-museum-80261/,1,https://ak-d.tripcdn.com/images/0102p1200082jbvtcD451.jpg,D:\wzb\codex\data\全国旅游数据整合_2026-03-24\平台景点照片\携程Trip\上海\上海市\上海科技馆\trip_01.jpg,已下载,
上海科技馆,上海市,上海,携程Trip景点页,上海科技馆 上海市,attraction,Shanghai Science and Technology Museum(上海科技館),Shanghai · China,https://us.trip.com/travel-guide/attraction/shanghai/shanghai-science-and-technology-museum-80261/,2,https://ak-d.tripcdn.com/images/1lo7412000isn0jrbD500.jpg,D:\wzb\codex\data\全国旅游数据整合_2026-03-24\平台景点照片\携程Trip\上海\上海市\上海科技馆\trip_02.jpg,已下载,
上海自然博物馆,上海市,上海,携程Trip景点页,上海自然博物馆 上海市,attraction,Shanghai Natural History Museum(上海自然博物館),Shanghai · China,https://us.trip.com/travel-guide/attraction/shanghai/shanghai-natural-history-museum-76790/,1,https://ak-d.tripcdn.com/images/0102p1200082jbvtcD451.jpg,D:\wzb\codex\data\全国旅游数据整合_2026-03-24\平台景点照片\携程Trip\上海\上海市\上海自然博物馆\trip_01.jpg,已下载,
上海自然博物馆,上海市,上海,携程Trip景点页,上海自然博物馆 上海市,attraction,Shanghai Natural History Museum(上海自然博物館),Shanghai · China,https://us.trip.com/travel-guide/attraction/shanghai/shanghai-natural-history-museum-76790/,2,https://ak-d.tripcdn.com/images/1lo7412000isn0jrbD500.jpg,D:\wzb\codex\data\全国旅游数据整合_2026-03-24\平台景点照片\携程Trip\上海\上海市\上海自然博物馆\trip_02.jpg,已下载,
上海辰山植物园,上海市,上海,携程Trip景点页,上海辰山植物园 上海市,attraction,Chenshan Botanical Garden(上海辰山植物園),Shanghai · China,https://us.trip.com/travel-guide/attraction/shanghai/chenshan-botanical-garden-90596/,1,https://ak-d.tripcdn.com/images/0102p1200082jbvtcD451.jpg,D:\wzb\codex\data\全国旅游数据整合_2026-03-24\平台景点照片\携程Trip\上海\上海市\上海辰山植物园\trip_01.jpg,已下载,
上海辰山植物园,上海市,上海,携程Trip景点页,上海辰山植物园 上海市,attraction,Chenshan Botanical Garden(上海辰山植物園),Shanghai · China,https://us.trip.com/travel-guide/attraction/shanghai/chenshan-botanical-garden-90596/,2,https://ak-d.tripcdn.com/images/1lo7412000isn0jrbD500.jpg,D:\wzb\codex\data\全国旅游数据整合_2026-03-24\平台景点照片\携程Trip\上海\上海市\上海辰山植物园\trip_02.jpg,已下载,
上海迪士尼乐园,上海市,上海,携程Trip景点页,上海迪士尼乐园 上海市,attraction,Shanghai Disney Resort(上海迪士尼樂園),Shanghai · China,https://us.trip.com/travel-guide/attraction/shanghai/shanghai-disney-resort-13412802/,1,https://ak-d.tripcdn.com/images/0102p1200082jbvtcD451.jpg,D:\wzb\codex\data\全国旅游数据整合_2026-03-24\平台景点照片\携程Trip\上海\上海市\上海迪士尼乐园\trip_01.jpg,已下载,
上海迪士尼乐园,上海市,上海,携程Trip景点页,上海迪士尼乐园 上海市,attraction,Shanghai Disney Resort(上海迪士尼樂園),Shanghai · China,https://us.trip.com/travel-guide/attraction/shanghai/shanghai-disney-resort-13412802/,2,https://ak-d.tripcdn.com/images/1lo7412000isn0jrbD500.jpg,D:\wzb\codex\data\全国旅游数据整合_2026-03-24\平台景点照片\携程Trip\上海\上海市\上海迪士尼乐园\trip_02.jpg,已下载,
上海野生动物园,上海市,上海,携程Trip景点页,上海野生动物园 上海市,attraction,Shanghai Wild Animal Park(上海野生動物園),Shanghai · China,https://us.trip.com/travel-guide/attraction/shanghai/shanghai-wild-animal-park-75624/,1,https://ak-d.tripcdn.com/images/0102p1200082jbvtcD451.jpg,D:\wzb\codex\data\全国旅游数据整合_2026-03-24\平台景点照片\携程Trip\上海\上海市\上海野生动物园\trip_01.jpg,已下载,
上海野生动物园,上海市,上海,携程Trip景点页,上海野生动物园 上海市,attraction,Shanghai Wild Animal Park(上海野生動物園),Shanghai · China,https://us.trip.com/travel-guide/attraction/shanghai/shanghai-wild-animal-park-75624/,2,https://ak-d.tripcdn.com/images/1lo7412000isn0jrbD500.jpg,D:\wzb\codex\data\全国旅游数据整合_2026-03-24\平台景点照片\携程Trip\上海\上海市\上海野生动物园\trip_02.jpg,已下载,
上海长风海洋世界,上海市,上海,携程Trip景点页,上海长风海洋世界 上海市,attraction,Shanghai Chang Feng Ocean World(上海長風海洋世界),Shanghai · China,https://us.trip.com/travel-guide/attraction/shanghai/shanghai-chang-feng-ocean-world-79193/,1,https://ak-d.tripcdn.com/images/0102p1200082jbvtcD451.jpg,D:\wzb\codex\data\全国旅游数据整合_2026-03-24\平台景点照片\携程Trip\上海\上海市\上海长风海洋世界\trip_01.jpg,已下载,
上海长风海洋世界,上海市,上海,携程Trip景点页,上海长风海洋世界 上海市,attraction,Shanghai Chang Feng Ocean World(上海長風海洋世界),Shanghai · China,https://us.trip.com/travel-guide/attraction/shanghai/shanghai-chang-feng-ocean-world-79193/,2,https://ak-d.tripcdn.com/images/1lo7412000isn0jrbD500.jpg,D:\wzb\codex\data\全国旅游数据整合_2026-03-24\平台景点照片\携程Trip\上海\上海市\上海长风海洋世界\trip_02.jpg,已下载,
上饶集中营,上饶市,江西,携程Trip景点页,上饶集中营 上饶市,attraction,Site of shangrao concentration camp(上饒集中營名勝區),Shangrao · Jiangxi · China,https://us.trip.com/travel-guide/attraction/shangrao/site-of-shangrao-concentration-camp-93523/,1,https://ak-d.tripcdn.com/images/100v0z000000nsk5eBAA6.jpg,D:\wzb\codex\data\全国旅游数据整合_2026-03-24\平台景点照片\携程Trip\江西\上饶市\上饶集中营\trip_01.jpg,已下载,
上饶集中营,上饶市,江西,携程Trip景点页,上饶集中营 上饶市,attraction,Site of shangrao concentration camp(上饒集中營名勝區),Shangrao · Jiangxi · China,https://us.trip.com/travel-guide/attraction/shangrao/site-of-shangrao-concentration-camp-93523/,2,https://ak-d.tripcdn.com/images/1lo5m12000rp3e3ws0093.jpg,D:\wzb\codex\data\全国旅游数据整合_2026-03-24\平台景点照片\携程Trip\江西\上饶市\上饶集中营\trip_02.jpg,已下载,
世界公园,北京市,北京,携程Trip景点页,世界公园 北京市,attraction,Beijing World Park(世界公園),Beijing · China,https://us.trip.com/travel-guide/attraction/beijing/beijing-world-park-76641/,1,https://ak-d.tripcdn.com/images/010671200087d4o7zEA88.jpg,D:\wzb\codex\data\全国旅游数据整合_2026-03-24\平台景点照片\携程Trip\北京\北京市\世界公园\trip_01.jpg,已下载,
世界公园,北京市,北京,携程Trip景点页,世界公园 北京市,attraction,Beijing World Park(世界公園),Beijing · China,https://us.trip.com/travel-guide/attraction/beijing/beijing-world-park-76641/,2,https://ak-d.tripcdn.com/images/0102y12000hxkc5n61AF4.jpg,D:\wzb\codex\data\全国旅游数据整合_2026-03-24\平台景点照片\携程Trip\北京\北京市\世界公园\trip_02.jpg,已下载,
东北虎林园,哈尔滨市,黑龙江,携程Trip景点页,东北虎林园 哈尔滨市,attraction,Siberia Tiger Park(東北虎林園),Harbin · Heilongjiang · China,https://us.trip.com/travel-guide/attraction/harbin/siberia-tiger-park-77066/,1,https://ak-d.tripcdn.com/images/1lo0i12000jh0ef7sF29A.jpg,D:\wzb\codex\data\全国旅游数据整合_2026-03-24\平台景点照片\携程Trip\黑龙江\哈尔滨市\东北虎林园\trip_01.jpg,已下载,
东北虎林园,哈尔滨市,黑龙江,携程Trip景点页,东北虎林园 哈尔滨市,attraction,Siberia Tiger Park(東北虎林園),Harbin · Heilongjiang · China,https://us.trip.com/travel-guide/attraction/harbin/siberia-tiger-park-77066/,2,https://ak-d.tripcdn.com/images/0103m12000g2p5gaeDB3A.jpg,D:\wzb\codex\data\全国旅游数据整合_2026-03-24\平台景点照片\携程Trip\黑龙江\哈尔滨市\东北虎林园\trip_02.jpg,已下载,
东方明珠,上海市,上海,携程Trip景点页,东方明珠 上海市,attraction,Oriental Pearl Radio & Television Tower(東方明珠),Shanghai · China,https://us.trip.com/travel-guide/attraction/shanghai/oriental-pearl-radio-and-television-tower-75627/,1,https://ak-d.tripcdn.com/images/0102p1200082jbvtcD451.jpg,D:\wzb\codex\data\全国旅游数据整合_2026-03-24\平台景点照片\携程Trip\上海\上海市\东方明珠\trip_01.jpg,已下载,
东方明珠,上海市,上海,携程Trip景点页,东方明珠 上海市,attraction,Oriental Pearl Radio & Television Tower(東方明珠),Shanghai · China,https://us.trip.com/travel-guide/attraction/shanghai/oriental-pearl-radio-and-television-tower-75627/,2,https://ak-d.tripcdn.com/images/1lo7412000isn0jrbD500.jpg,D:\wzb\codex\data\全国旅游数据整合_2026-03-24\平台景点照片\携程Trip\上海\上海市\东方明珠\trip_02.jpg,已下载,
东林寺,九江市,江西,携程Trip景点页,东林寺 九江市,attraction,Donglin Temple(東林寺),Jiujiang · Jiangxi · China,https://us.trip.com/travel-guide/attraction/jiujiang/donglin-temple-82188/,1,https://ak-d.tripcdn.com/images/10021f000001gxelv1DD4.jpg,D:\wzb\codex\data\全国旅游数据整合_2026-03-24\平台景点照片\携程Trip\江西\九江市\东林寺\trip_01.jpg,已下载,
东林寺,九江市,江西,携程Trip景点页,东林寺 九江市,attraction,Donglin Temple(東林寺),Jiujiang · Jiangxi · China,https://us.trip.com/travel-guide/attraction/jiujiang/donglin-temple-82188/,2,https://ak-d.tripcdn.com/images/0102j12000h0n6gb04936.jpg,D:\wzb\codex\data\全国旅游数据整合_2026-03-24\平台景点照片\携程Trip\江西\九江市\东林寺\trip_02.jpg,已下载,
东江湖,郴州市,湖南,携程Trip景点页,东江湖 郴州市,attraction,遇見東江湖,Chenzhou · Hunan · China,https://us.trip.com/travel-guide/attraction/chenzhou/city-150241832/,1,https://ak-d.tripcdn.com/images/0100512000jhzssxyA0F5.jpg,D:\wzb\codex\data\全国旅游数据整合_2026-03-24\平台景点照片\携程Trip\湖南\郴州市\东江湖\trip_01.jpg,已下载,
东江湖,郴州市,湖南,携程Trip景点页,东江湖 郴州市,attraction,遇見東江湖,Chenzhou · Hunan · China,https://us.trip.com/travel-guide/attraction/chenzhou/city-150241832/,2,https://ak-d.tripcdn.com/images/0104j12000j0jitjm941D.jpg,D:\wzb\codex\data\全国旅游数据整合_2026-03-24\平台景点照片\携程Trip\湖南\郴州市\东江湖\trip_02.jpg,已下载,
东湖,武汉市,湖北,携程Trip景点页,东湖 武汉市,attraction,武漢東湖國際會議中心,Wuhan · Hubei · China,https://us.trip.com/travel-guide/attraction/wuhan/city-150119665/,1,https://ak-d.tripcdn.com/images/0104q1200087dqmasDFD3.jpg,D:\wzb\codex\data\全国旅游数据整合_2026-03-24\平台景点照片\携程Trip\湖北\武汉市\东湖\trip_01.jpg,已下载,
东湖,武汉市,湖北,携程Trip景点页,东湖 武汉市,attraction,武漢東湖國際會議中心,Wuhan · Hubei · China,https://us.trip.com/travel-guide/attraction/wuhan/city-150119665/,2,https://ak-d.tripcdn.com/images/0103w12000hyg3apk3EBF.jpg,D:\wzb\codex\data\全国旅游数据整合_2026-03-24\平台景点照片\携程Trip\湖北\武汉市\东湖\trip_02.jpg,已下载,
东莞可园,东莞市,广东,携程Trip景点页,东莞可园 东莞市,attraction,東莞可園,Dongguan · Guangdong · China,https://us.trip.com/travel-guide/attraction/dongguan/city-153498980/,1,https://ak-d.tripcdn.com/images/1lo1b12000lkwgnsr5B70.jpg,D:\wzb\codex\data\全国旅游数据整合_2026-03-24\平台景点照片\携程Trip\广东\东莞市\东莞可园\trip_01.jpg,已下载,
东莞可园,东莞市,广东,携程Trip景点页,东莞可园 东莞市,attraction,東莞可園,Dongguan · Guangdong · China,https://us.trip.com/travel-guide/attraction/dongguan/city-153498980/,2,https://ak-d.tripcdn.com/images/0102212000f6tvovl4925.jpg,D:\wzb\codex\data\全国旅游数据整合_2026-03-24\平台景点照片\携程Trip\广东\东莞市\东莞可园\trip_02.jpg,已下载,
中国科技馆,北京市,北京,携程Trip景点页,中国科技馆 北京市,attraction,China Science and Technology Museum(中國科學技術館),Beijing · China,https://us.trip.com/travel-guide/attraction/beijing/china-science-and-technology-museum-90785/,1,https://ak-d.tripcdn.com/images/010671200087d4o7zEA88.jpg,D:\wzb\codex\data\全国旅游数据整合_2026-03-24\平台景点照片\携程Trip\北京\北京市\中国科技馆\trip_01.jpg,已下载,
中国科技馆,北京市,北京,携程Trip景点页,中国科技馆 北京市,attraction,China Science and Technology Museum(中國科學技術館),Beijing · China,https://us.trip.com/travel-guide/attraction/beijing/china-science-and-technology-museum-90785/,2,https://ak-d.tripcdn.com/images/0102y12000hxkc5n61AF4.jpg,D:\wzb\codex\data\全国旅游数据整合_2026-03-24\平台景点照片\携程Trip\北京\北京市\中国科技馆\trip_02.jpg,已下载,
中国雪乡,牡丹江市,黑龙江,携程Trip景点页,中国雪乡 牡丹江市,attraction,China's Snow Town(中國雪鄉),Hailin · Mudanjiang · Heilongjiang · China,https://us.trip.com/travel-guide/attraction/hailin/china-s-snow-town-10558869/,1,https://ak-d.tripcdn.com/images/1lo0412000gzknqhl5A40.jpg,D:\wzb\codex\data\全国旅游数据整合_2026-03-24\平台景点照片\携程Trip\黑龙江\牡丹江市\中国雪乡\trip_01.jpg,已下载,
中国雪乡,牡丹江市,黑龙江,携程Trip景点页,中国雪乡 牡丹江市,attraction,China's Snow Town(中國雪鄉),Hailin · Mudanjiang · Heilongjiang · China,https://us.trip.com/travel-guide/attraction/hailin/china-s-snow-town-10558869/,2,https://ak-d.tripcdn.com/images/0100312000ln7wiwf6AD5.jpg,D:\wzb\codex\data\全国旅游数据整合_2026-03-24\平台景点照片\携程Trip\黑龙江\牡丹江市\中国雪乡\trip_02.jpg,已下载,
中央大街,哈尔滨市,黑龙江,携程Trip景点页,中央大街 哈尔滨市,attraction,財庫裏水滙（哈爾濱中央大街店）,Harbin · Heilongjiang · China,https://us.trip.com/travel-guide/attraction/harbin/city-149324252/,1,https://ak-d.tripcdn.com/images/1lo0i12000jh0ef7sF29A.jpg,D:\wzb\codex\data\全国旅游数据整合_2026-03-24\平台景点照片\携程Trip\黑龙江\哈尔滨市\中央大街\trip_01.jpg,已下载,
中央大街,哈尔滨市,黑龙江,携程Trip景点页,中央大街 哈尔滨市,attraction,財庫裏水滙（哈爾濱中央大街店）,Harbin · Heilongjiang · China,https://us.trip.com/travel-guide/attraction/harbin/city-149324252/,2,https://ak-d.tripcdn.com/images/0103m12000g2p5gaeDB3A.jpg,D:\wzb\codex\data\全国旅游数据整合_2026-03-24\平台景点照片\携程Trip\黑龙江\哈尔滨市\中央大街\trip_02.jpg,已下载,
中山孙中山故居,中山市,广东,携程Trip景点页,中山孙中山故居 中山市,attraction,The Museum of The Former Residence of Dr. Sun Yat-Sen(孫中山故居紀念館),Zhongshan · Guangdong · China,https://us.trip.com/travel-guide/attraction/zhongshan/the-museum-of-the-former-residence-of-dr-sun-yat-sen-81347/,1,https://ak-d.tripcdn.com/images/tg/847/784/623/89f5b1550d0643479ccb0770d843f78c.jpg,D:\wzb\codex\data\全国旅游数据整合_2026-03-24\平台景点照片\携程Trip\广东\中山市\中山孙中山故居\trip_01.jpg,已下载,
中山孙中山故居,中山市,广东,携程Trip景点页,中山孙中山故居 中山市,attraction,The Museum of The Former Residence of Dr. Sun Yat-Sen(孫中山故居紀念館),Zhongshan · Guangdong · China,https://us.trip.com/travel-guide/attraction/zhongshan/the-museum-of-the-former-residence-of-dr-sun-yat-sen-81347/,2,https://ak-d.tripcdn.com/images/1lo4f12000riyg90959B8.jpg,D:\wzb\codex\data\全国旅游数据整合_2026-03-24\平台景点照片\携程Trip\广东\中山市\中山孙中山故居\trip_02.jpg,已下载,
中山陵,南京市,江苏,携程Trip景点页,中山陵 南京市,attraction,Dr. Sun Yat-sen's Mausoleum(中山陵),Nanjing · Jiangsu · China,https://us.trip.com/travel-guide/attraction/nanjing/dr-sun-yat-sen-s-mausoleum-75697/,1,https://ak-d.tripcdn.com/images/0104s120009bgdrb55311.jpg,D:\wzb\codex\data\全国旅游数据整合_2026-03-24\平台景点照片\携程Trip\江苏\南京市\中山陵\trip_01.jpg,已下载,
中山陵,南京市,江苏,携程Trip景点页,中山陵 南京市,attraction,Dr. Sun Yat-sen's Mausoleum(中山陵),Nanjing · Jiangsu · China,https://us.trip.com/travel-guide/attraction/nanjing/dr-sun-yat-sen-s-mausoleum-75697/,2,https://ak-d.tripcdn.com/images/0100q12000ki8r6ic25B0.jpg,D:\wzb\codex\data\全国旅游数据整合_2026-03-24\平台景点照片\携程Trip\江苏\南京市\中山陵\trip_02.jpg,已下载,
丹东凤凰山,丹东市,辽宁,携程Trip景点页,丹东凤凰山 丹东市,attraction,Phoenix Mountain of China(丹東鳳凰山),Fengcheng · Dandong · Liaoning · China,https://us.trip.com/travel-guide/attraction/fengcheng/phoenix-mountain-of-china-79171/,1,https://ak-d.tripcdn.com/images/0100812000jyw05yn4C7C.jpg,D:\wzb\codex\data\全国旅游数据整合_2026-03-24\平台景点照片\携程Trip\辽宁\丹东市\丹东凤凰山\trip_01.jpg,已下载,
丹东凤凰山,丹东市,辽宁,携程Trip景点页,丹东凤凰山 丹东市,attraction,Phoenix Mountain of China(丹東鳳凰山),Fengcheng · Dandong · Liaoning · China,https://us.trip.com/travel-guide/attraction/fengcheng/phoenix-mountain-of-china-79171/,2,https://ak-d.tripcdn.com/images/01A0s120008rhz0jrEFA8.jpg,D:\wzb\codex\data\全国旅游数据整合_2026-03-24\平台景点照片\携程Trip\辽宁\丹东市\丹东凤凰山\trip_02.jpg,已下载,
丹霞山,韶关市,广东,携程Trip景点页,丹霞山 韶关市,attraction,Danxiashan World Geopark(丹霞山),Renhua · Shaoguan · Guangdong · China,https://us.trip.com/travel-guide/attraction/renhua/danxiashan-world-geopark-10773677/,1,https://ak-d.tripcdn.com/images/0104l1200048mguv521D1.jpg,D:\wzb\codex\data\全国旅游数据整合_2026-03-24\平台景点照片\携程Trip\广东\韶关市\丹霞山\trip_01.jpg,已下载,
丹霞山,韶关市,广东,携程Trip景点页,丹霞山 韶关市,attraction,Danxiashan World Geopark(丹霞山),Renhua · Shaoguan · Guangdong · China,https://us.trip.com/travel-guide/attraction/renhua/danxiashan-world-geopark-10773677/,2,https://ak-d.tripcdn.com/images/0104e12000a0ath23D69C.jpg,D:\wzb\codex\data\全国旅游数据整合_2026-03-24\平台景点照片\携程Trip\广东\韶关市\丹霞山\trip_02.jpg,已下载,
丽水云和梯田,丽水市,浙江,携程Trip景点页,丽水云和梯田 丽水市,attraction,雲和梯田世外桃園,Yunhe · Lishui · Zhejiang · China,https://us.trip.com/travel-guide/attraction/yunhe/city-145702712/,1,https://ak-d.tripcdn.com/images/0104212000j0c438c543A.jpg,D:\wzb\codex\data\全国旅游数据整合_2026-03-24\平台景点照片\携程Trip\浙江\丽水市\丽水云和梯田\trip_01.jpg,已下载,
丽水云和梯田,丽水市,浙江,携程Trip景点页,丽水云和梯田 丽水市,attraction,雲和梯田世外桃園,Yunhe · Lishui · Zhejiang · China,https://us.trip.com/travel-guide/attraction/yunhe/city-145702712/,2,https://ak-d.tripcdn.com/images/0102w12000ff6ekby587C.jpg,D:\wzb\codex\data\全国旅游数据整合_2026-03-24\平台景点照片\携程Trip\浙江\丽水市\丽水云和梯田\trip_02.jpg,已下载,
丽江古城,丽江市,云南,携程Trip景点页,丽江古城 丽江市,attraction,Old Town of Lijiang(麗江古城),Lijiang · Yunnan · China,https://us.trip.com/travel-guide/attraction/lijiang/old-town-of-lijiang-75924/,1,https://ak-d.tripcdn.com/images/10080h00000091sqyC8C0.jpg,D:\wzb\codex\data\全国旅游数据整合_2026-03-24\平台景点照片\携程Trip\云南\丽江市\丽江古城\trip_01.jpg,已下载,
丽江古城,丽江市,云南,携程Trip景点页,丽江古城 丽江市,attraction,Old Town of Lijiang(麗江古城),Lijiang · Yunnan · China,https://us.trip.com/travel-guide/attraction/lijiang/old-town-of-lijiang-75924/,2,https://ak-d.tripcdn.com/images/1lo1w12000rsr4cfiF11D.jpg,D:\wzb\codex\data\全国旅游数据整合_2026-03-24\平台景点照片\携程Trip\云南\丽江市\丽江古城\trip_02.jpg,已下载,
乌镇,嘉兴市,浙江,携程Trip景点页,乌镇 嘉兴市,attraction,Wuzhen West Gate Scenic Area,Tongxiang · Jiaxing · Zhejiang · China,https://us.trip.com/travel-guide/attraction/tongxiang/wuzhen-west-gate-scenic-area-100724/,1,https://ak-d.tripcdn.com/images/100b0z000000nerlzADF0.jpg,D:\wzb\codex\data\全国旅游数据整合_2026-03-24\平台景点照片\携程Trip\浙江\嘉兴市\乌镇\trip_01.jpg,已下载,
乌镇,嘉兴市,浙江,携程Trip景点页,乌镇 嘉兴市,attraction,Wuzhen West Gate Scenic Area,Tongxiang · Jiaxing · Zhejiang · China,https://us.trip.com/travel-guide/attraction/tongxiang/wuzhen-west-gate-scenic-area-100724/,2,https://ak-d.tripcdn.com/images/1lo4k12000hs4mjbwDBEB.jpg,D:\wzb\codex\data\全国旅游数据整合_2026-03-24\平台景点照片\携程Trip\浙江\嘉兴市\乌镇\trip_02.jpg,已下载,
乐山大佛,乐山市,四川,携程Trip景点页,乐山大佛 乐山市,attraction,Leshan Giant Buddha(樂山大佛),Leshan · Sichuan · China,https://us.trip.com/travel-guide/attraction/leshan/leshan-giant-buddha-76386/,1,https://ak-d.tripcdn.com/images/010511200087crk19504B.jpg,D:\wzb\codex\data\全国旅游数据整合_2026-03-24\平台景点照片\携程Trip\四川\乐山市\乐山大佛\trip_01.jpg,已下载,
乐山大佛,乐山市,四川,携程Trip景点页,乐山大佛 乐山市,attraction,Leshan Giant Buddha(樂山大佛),Leshan · Sichuan · China,https://us.trip.com/travel-guide/attraction/leshan/leshan-giant-buddha-76386/,2,https://ak-d.tripcdn.com/images/0100112000aa36bm74B38.jpg,D:\wzb\codex\data\全国旅游数据整合_2026-03-24\平台景点照片\携程Trip\四川\乐山市\乐山大佛\trip_02.jpg,已下载,
乔家大院,晋中市,山西,携程Trip景点页,乔家大院 晋中市,attraction,The Qiao Family Courtyard,Qi County · Jinzhong · Shanxi · China,https://us.trip.com/travel-guide/attraction/qi-county/the-qiao-family-courtyard-89514/,1,https://ak-d.tripcdn.com/images/0106t12000a434k2hB478.jpg,D:\wzb\codex\data\全国旅游数据整合_2026-03-24\平台景点照片\携程Trip\山西\晋中市\乔家大院\trip_01.jpg,已下载,
乔家大院,晋中市,山西,携程Trip景点页,乔家大院 晋中市,attraction,The Qiao Family Courtyard,Qi County · Jinzhong · Shanxi · China,https://us.trip.com/travel-guide/attraction/qi-county/the-qiao-family-courtyard-89514/,2,https://ak-d.tripcdn.com/images/0102z12000f6pnna58EEF.jpg,D:\wzb\codex\data\全国旅游数据整合_2026-03-24\平台景点照片\携程Trip\山西\晋中市\乔家大院\trip_02.jpg,已下载,
九一八历史博物馆,沈阳市,辽宁,携程Trip景点页,九一八历史博物馆 沈阳市,attraction,"The ""9.18"" Historical Museum(“九•一八”厤史博物館)",Shenyang · Liaoning · China,https://us.trip.com/travel-guide/attraction/shenyang/the-918-historical-museum-77703/,1,https://ak-d.tripcdn.com/images/1lo3b12000holfj0z96D1.jpg,D:\wzb\codex\data\全国旅游数据整合_2026-03-24\平台景点照片\携程Trip\辽宁\沈阳市\九一八历史博物馆\trip_01.jpg,已下载,
九一八历史博物馆,沈阳市,辽宁,携程Trip景点页,九一八历史博物馆 沈阳市,attraction,"The ""9.18"" Historical Museum(“九•一八”厤史博物館)",Shenyang · Liaoning · China,https://us.trip.com/travel-guide/attraction/shenyang/the-918-historical-museum-77703/,2,https://ak-d.tripcdn.com/images/0100i12000jn8cd9nE3D8.jpg,D:\wzb\codex\data\全国旅游数据整合_2026-03-24\平台景点照片\携程Trip\辽宁\沈阳市\九一八历史博物馆\trip_02.jpg,已下载,
九华山,池州市,安徽,携程Trip景点页,九华山 池州市,attraction,九華山風景區-仙姑洞,Chizhou · Anhui · China,https://us.trip.com/travel-guide/attraction/chizhou/city-145670335/,1,https://ak-d.tripcdn.com/images/0105f1200087dvhgu60B0.jpg,D:\wzb\codex\data\全国旅游数据整合_2026-03-24\平台景点照片\携程Trip\安徽\池州市\九华山\trip_01.jpg,已下载,
九华山,池州市,安徽,携程Trip景点页,九华山 池州市,attraction,九華山風景區-仙姑洞,Chizhou · Anhui · China,https://us.trip.com/travel-guide/attraction/chizhou/city-145670335/,2,https://ak-d.tripcdn.com/images/1A0c12000000ryio74B57.jpg,D:\wzb\codex\data\全国旅游数据整合_2026-03-24\平台景点照片\携程Trip\安徽\池州市\九华山\trip_02.jpg,已下载,
九寨沟,阿坝州,四川,携程Trip景点页,九寨沟 阿坝州,attraction,九寨溝-熱西寨,Jiuzhaigou · Aba Prefecture · Sichuan · China,https://us.trip.com/travel-guide/attraction/jiuzhaigou/city-145471057/,1,https://ak-d.tripcdn.com/images/10071d000001f1xw9D9DE.png,D:\wzb\codex\data\全国旅游数据整合_2026-03-24\平台景点照片\携程Trip\四川\阿坝州\九寨沟\trip_01.png,已下载,
九寨沟,阿坝州,四川,携程Trip景点页,九寨沟 阿坝州,attraction,九寨溝-熱西寨,Jiuzhaigou · Aba Prefecture · Sichuan · China,https://us.trip.com/travel-guide/attraction/jiuzhaigou/city-145471057/,2,https://ak-d.tripcdn.com/images/0106y120008rtu57302FF.jpg,D:\wzb\codex\data\全国旅游数据整合_2026-03-24\平台景点照片\携程Trip\四川\阿坝州\九寨沟\trip_02.jpg,已下载,
乾陵,咸阳市,陕西,携程Trip景点页,乾陵 咸阳市,attraction,Qianling Mausoleum(乾陵),Qian County · Xianyang · Shaanxi · China,https://us.trip.com/travel-guide/attraction/qian-county/qianling-mausoleum-84602/,1,https://ak-d.tripcdn.com/images/0104d12000o7lffdo9DF3.jpg,D:\wzb\codex\data\全国旅游数据整合_2026-03-24\平台景点照片\携程Trip\陕西\咸阳市\乾陵\trip_01.jpg,已下载,
乾陵,咸阳市,陕西,携程Trip景点页,乾陵 咸阳市,attraction,Qianling Mausoleum(乾陵),Qian County · Xianyang · Shaanxi · China,https://us.trip.com/travel-guide/attraction/qian-county/qianling-mausoleum-84602/,2,https://ak-d.tripcdn.com/images/010021200087cva5o911A.jpg,D:\wzb\codex\data\全国旅游数据整合_2026-03-24\平台景点照片\携程Trip\陕西\咸阳市\乾陵\trip_02.jpg,已下载,
云冈石窟,大同市,山西,携程Trip景点页,云冈石窟 大同市,attraction,Yungang Grottoes(雲岡石窟),Datong · Shanxi · China,https://us.trip.com/travel-guide/attraction/datong/yungang-grottoes-78473/,1,https://ak-d.tripcdn.com/images/10060t000000ibeyfE231.jpg,D:\wzb\codex\data\全国旅游数据整合_2026-03-24\平台景点照片\携程Trip\山西\大同市\云冈石窟\trip_01.jpg,已下载,
云冈石窟,大同市,山西,携程Trip景点页,云冈石窟 大同市,attraction,Yungang Grottoes(雲岡石窟),Datong · Shanxi · China,https://us.trip.com/travel-guide/attraction/datong/yungang-grottoes-78473/,2,https://ak-d.tripcdn.com/images/0100k12000m3nh11f0849.jpg,D:\wzb\codex\data\全国旅游数据整合_2026-03-24\平台景点照片\携程Trip\山西\大同市\云冈石窟\trip_02.jpg,已下载,
云南民族村,昆明市,云南,携程Trip景点页,云南民族村 昆明市,attraction,Yunnan Nationalities Village(雲南民族村),Kunming · Yunnan · China,https://us.trip.com/travel-guide/attraction/kunming/yunnan-nationalities-village-75906/,1,https://ak-d.tripcdn.com/images/0101712000l9f17290372.jpg,D:\wzb\codex\data\全国旅游数据整合_2026-03-24\平台景点照片\携程Trip\云南\昆明市\云南民族村\trip_01.jpg,已下载,
云南民族村,昆明市,云南,携程Trip景点页,云南民族村 昆明市,attraction,Yunnan Nationalities Village(雲南民族村),Kunming · Yunnan · China,https://us.trip.com/travel-guide/attraction/kunming/yunnan-nationalities-village-75906/,2,https://ak-d.tripcdn.com/images/1lo0312000q7pam3l4961.jpg,D:\wzb\codex\data\全国旅游数据整合_2026-03-24\平台景点照片\携程Trip\云南\昆明市\云南民族村\trip_02.jpg,已下载,
云台山,焦作市,河南,携程Trip景点页,云台山 焦作市,attraction,Yuntai Mountain Scenic Area,Xiuwu · Jiaozuo · Henan · China,https://us.trip.com/travel-guide/attraction/xiuwu/yuntai-mountain-scenic-area-87010/,1,https://ak-d.tripcdn.com/images/1lo0f12000nyhebyaB378.jpg,D:\wzb\codex\data\全国旅游数据整合_2026-03-24\平台景点照片\携程Trip\河南\焦作市\云台山\trip_01.jpg,已下载,
云台山,焦作市,河南,携程Trip景点页,云台山 焦作市,attraction,Yuntai Mountain Scenic Area,Xiuwu · Jiaozuo · Henan · China,https://us.trip.com/travel-guide/attraction/xiuwu/yuntai-mountain-scenic-area-87010/,2,https://ak-d.tripcdn.com/images/1lo2712000cqdcbtfC4E2.jpg,D:\wzb\codex\data\全国旅游数据整合_2026-03-24\平台景点照片\携程Trip\河南\焦作市\云台山\trip_02.jpg,已下载,
五台山,忻州市,山西,携程Trip景点页,五台山 忻州市,attraction,五台山居士林,Wutai County · Xinzhou · Shanxi · China,https://us.trip.com/travel-guide/attraction/wutai-county/city-143730293/,1,https://ak-d.tripcdn.com/images/0106612000f7613rpE81C.jpg,D:\wzb\codex\data\全国旅游数据整合_2026-03-24\平台景点照片\携程Trip\山西\忻州市\五台山\trip_01.jpg,已下载,
五台山,忻州市,山西,携程Trip景点页,五台山 忻州市,attraction,五台山居士林,Wutai County · Xinzhou · Shanxi · China,https://us.trip.com/travel-guide/attraction/wutai-county/city-143730293/,2,https://ak-d.tripcdn.com/images/tg/788/292/318/0eef530f35cc4275ab891cb025b19ff3.jpg,D:\wzb\codex\data\全国旅游数据整合_2026-03-24\平台景点照片\携程Trip\山西\忻州市\五台山\trip_02.jpg,已下载,
五大连池,黑河市,黑龙江,携程Trip景点页,五大连池 黑河市,attraction,五大連池白龍湖,Wudalianchi City · Heihe · Heilongjiang · China,https://us.trip.com/travel-guide/attraction/wudalianchi-city/city-153128346/,1,https://ak-d.tripcdn.com/images/0106912000n1qzjbfFAFD.jpg,D:\wzb\codex\data\全国旅游数据整合_2026-03-24\平台景点照片\携程Trip\黑龙江\黑河市\五大连池\trip_01.jpg,已下载,
五大连池,黑河市,黑龙江,携程Trip景点页,五大连池 黑河市,attraction,五大連池白龍湖,Wudalianchi City · Heihe · Heilongjiang · China,https://us.trip.com/travel-guide/attraction/wudalianchi-city/city-153128346/,2,https://ak-d.tripcdn.com/images/0105f12000f9qdwid0F63.jpg,D:\wzb\codex\data\全国旅游数据整合_2026-03-24\平台景点照片\携程Trip\黑龙江\黑河市\五大连池\trip_02.jpg,已下载,
井冈山,吉安市,江西,携程Trip景点页,井冈山 吉安市,attraction,井岡山大學北區田徑場,Ji'an · Jiangxi · China,https://us.trip.com/travel-guide/attraction/ji-an/city-145341208/,1,https://ak-d.tripcdn.com/images/0101i120009ucfrey9F71.jpg,D:\wzb\codex\data\全国旅游数据整合_2026-03-24\平台景点照片\携程Trip\江西\吉安市\井冈山\trip_01.jpg,已下载,
井冈山,吉安市,江西,携程Trip景点页,井冈山 吉安市,attraction,井岡山大學北區田徑場,Ji'an · Jiangxi · China,https://us.trip.com/travel-guide/attraction/ji-an/city-145341208/,2,https://ak-d.tripcdn.com/images/01010120009gwrn2cFCEF.jpg,D:\wzb\codex\data\全国旅游数据整合_2026-03-24\平台景点照片\携程Trip\江西\吉安市\井冈山\trip_02.jpg,已下载,
亚布力滑雪场,哈尔滨市,黑龙江,携程Trip景点页,亚布力滑雪场 哈尔滨市,attraction,Yabuli Sun Mountain Ski Resort(亞佈力陽光度假村滑雪場),Shangzhi · Harbin · Heilongjiang · China,https://us.trip.com/travel-guide/attraction/shangzhi/yabuli-sun-mountain-ski-resort-10758942/,1,https://ak-d.tripcdn.com/images/0103o120009rcl7m92490.jpg,D:\wzb\codex\data\全国旅游数据整合_2026-03-24\平台景点照片\携程Trip\黑龙江\哈尔滨市\亚布力滑雪场\trip_01.jpg,已下载,
亚布力滑雪场,哈尔滨市,黑龙江,携程Trip景点页,亚布力滑雪场 哈尔滨市,attraction,Yabuli Sun Mountain Ski Resort(亞佈力陽光度假村滑雪場),Shangzhi · Harbin · Heilongjiang · China,https://us.trip.com/travel-guide/attraction/shangzhi/yabuli-sun-mountain-ski-resort-10758942/,2,https://ak-d.tripcdn.com/images/0103212000a4p63h7958F.jpg,D:\wzb\codex\data\全国旅游数据整合_2026-03-24\平台景点照片\携程Trip\黑龙江\哈尔滨市\亚布力滑雪场\trip_02.jpg,已下载,
亳州花戏楼,亳州市,安徽,携程Trip景点页,亳州花戏楼 亳州市,attraction,花戲樓-牌坊,Bozhou · Anhui · China,https://us.trip.com/travel-guide/attraction/bozhou/city-145286673/,1,https://ak-d.tripcdn.com/images/0106o12000m51fzh4B55C.jpg,D:\wzb\codex\data\全国旅游数据整合_2026-03-24\平台景点照片\携程Trip\安徽\亳州市\亳州花戏楼\trip_01.jpg,已下载,
亳州花戏楼,亳州市,安徽,携程Trip景点页,亳州花戏楼 亳州市,attraction,花戲樓-牌坊,Bozhou · Anhui · China,https://us.trip.com/travel-guide/attraction/bozhou/city-145286673/,2,https://ak-d.tripcdn.com/images/0101p12000nu46zvp7F86.jpg,D:\wzb\codex\data\全国旅游数据整合_2026-03-24\平台景点照片\携程Trip\安徽\亳州市\亳州花戏楼\trip_02.jpg,已下载,
仙女湖,新余市,江西,携程Trip景点页,仙女湖 新余市,attraction,仙女湖茶博園,Xinyu · Jiangxi · China,https://us.trip.com/travel-guide/attraction/xinyu/city-145350734/,1,https://ak-d.tripcdn.com/images/1lo5q12000jngzvpy4B91.jpg,D:\wzb\codex\data\全国旅游数据整合_2026-03-24\平台景点照片\携程Trip\江西\新余市\仙女湖\trip_01.jpg,已下载,
仙女湖,新余市,江西,携程Trip景点页,仙女湖 新余市,attraction,仙女湖茶博園,Xinyu · Jiangxi · China,https://us.trip.com/travel-guide/attraction/xinyu/city-145350734/,2,https://ak-d.tripcdn.com/images/0104i12000nvknsh26A81.png,D:\wzb\codex\data\全国旅游数据整合_2026-03-24\平台景点照片\携程Trip\江西\新余市\仙女湖\trip_02.png,已下载,
仙桃梦里水乡,仙桃市,湖北,携程Trip景点页,仙桃梦里水乡 仙桃市,attraction,湖北仙桃夢裡水鄉文化旅遊景區-玫瑰島,Xiantao · Hubei · China,https://us.trip.com/travel-guide/attraction/xiantao/city-145433177/,1,https://ak-d.tripcdn.com/images/0104q1200087dqmasDFD3.jpg,D:\wzb\codex\data\全国旅游数据整合_2026-03-24\平台景点照片\携程Trip\湖北\仙桃市\仙桃梦里水乡\trip_01.jpg,已下载,
仙桃梦里水乡,仙桃市,湖北,携程Trip景点页,仙桃梦里水乡 仙桃市,attraction,湖北仙桃夢裡水鄉文化旅遊景區-玫瑰島,Xiantao · Hubei · China,https://us.trip.com/travel-guide/attraction/xiantao/city-145433177/,2,https://ak-d.tripcdn.com/images/0102s12000jgo2twg871C.jpg,D:\wzb\codex\data\全国旅游数据整合_2026-03-24\平台景点照片\携程Trip\湖北\仙桃市\仙桃梦里水乡\trip_02.jpg,已下载,
伊春五营国家森林公园,伊春市,黑龙江,携程Trip景点页,伊春五营国家森林公园 伊春市,attraction,五營國家森林公園-五疊泉,Fenglin County · Yichun · Heilongjiang · China,https://us.trip.com/travel-guide/attraction/fenglin-county/city-145153022/,1,https://ak-d.tripcdn.com/images/10041f000001gp8jnFF8F.jpg,D:\wzb\codex\data\全国旅游数据整合_2026-03-24\平台景点照片\携程Trip\黑龙江\伊春市\伊春五营国家森林公园\trip_01.jpg,已下载,
伊春五营国家森林公园,伊春市,黑龙江,携程Trip景点页,伊春五营国家森林公园 伊春市,attraction,五營國家森林公園-五疊泉,Fenglin County · Yichun · Heilongjiang · China,https://us.trip.com/travel-guide/attraction/fenglin-county/city-145153022/,2,https://ak-d.tripcdn.com/images/1lo4f12000dw5ecy32617.jpg,D:\wzb\codex\data\全国旅游数据整合_2026-03-24\平台景点照片\携程Trip\黑龙江\伊春市\伊春五营国家森林公园\trip_02.jpg,已下载,
伪满皇宫博物院,长春市,吉林,携程Trip景点页,伪满皇宫博物院 长春市,attraction,Palace Museum of The Manchurian Regime(僞滿皇宮博物院),Changchun · Jilin · China,https://us.trip.com/travel-guide/attraction/changchun/palace-museum-of-the-manchurian-regime-78221/,1,https://ak-d.tripcdn.com/images/01065120005zkw9he9249.jpg,D:\wzb\codex\data\全国旅游数据整合_2026-03-24\平台景点照片\携程Trip\吉林\长春市\伪满皇宫博物院\trip_01.jpg,已下载,
伪满皇宫博物院,长春市,吉林,携程Trip景点页,伪满皇宫博物院 长春市,attraction,Palace Museum of The Manchurian Regime(僞滿皇宮博物院),Changchun · Jilin · China,https://us.trip.com/travel-guide/attraction/changchun/palace-museum-of-the-manchurian-regime-78221/,2,https://ak-d.tripcdn.com/images/0102a12000b94s4dl26EC.jpg,D:\wzb\codex\data\全国旅游数据整合_2026-03-24\平台景点照片\携程Trip\吉林\长春市\伪满皇宫博物院\trip_02.jpg,已下载,
佳木斯同江三江口,佳木斯市,黑龙江,携程Trip景点页,佳木斯同江三江口 佳木斯市,attraction,三江口國家濕地公園,Tongjiang · Jiamusi · Heilongjiang · China,https://us.trip.com/travel-guide/attraction/tongjiang/city-150262968/,1,https://ak-d.tripcdn.com/images/0102212000jp9eyo5389D.jpg,D:\wzb\codex\data\全国旅游数据整合_2026-03-24\平台景点照片\携程Trip\黑龙江\佳木斯市\佳木斯同江三江口\trip_01.jpg,已下载,
佳木斯同江三江口,佳木斯市,黑龙江,携程Trip景点页,佳木斯同江三江口 佳木斯市,attraction,三江口國家濕地公園,Tongjiang · Jiamusi · Heilongjiang · China,https://us.trip.com/travel-guide/attraction/tongjiang/city-150262968/,2,https://ak-d.tripcdn.com/images/0100612000rikvu1l52BA.jpg,D:\wzb\codex\data\全国旅游数据整合_2026-03-24\平台景点照片\携程Trip\黑龙江\佳木斯市\佳木斯同江三江口\trip_02.jpg,已下载,
元阳梯田,红河州,云南,携程Trip景点页,元阳梯田 云南,attraction,Yuanyang Hani Terrace(元陽哈尼梯田),Yuanyang · Honghe · Yunnan · China,https://us.trip.com/travel-guide/attraction/yuanyang/yuanyang-hani-terrace-10758250/,1,https://ak-d.tripcdn.com/images/0100d12000j0if0cw6146.jpg,D:\wzb\codex\data\全国旅游数据整合_2026-03-24\平台景点照片\携程Trip\云南\红河州\元阳梯田\trip_01.jpg,已下载,
元阳梯田,红河州,云南,携程Trip景点页,元阳梯田 云南,attraction,Yuanyang Hani Terrace(元陽哈尼梯田),Yuanyang · Honghe · Yunnan · China,https://us.trip.com/travel-guide/attraction/yuanyang/yuanyang-hani-terrace-10758250/,2,https://ak-d.tripcdn.com/images/0106l12000f6qbxfr2AB3.jpg,D:\wzb\codex\data\全国旅游数据整合_2026-03-24\平台景点照片\携程Trip\云南\红河州\元阳梯田\trip_02.jpg,已下载,
八达岭长城,北京市,北京,携程Trip景点页,八达岭长城 北京市,attraction,Badaling Great Wall(八達嶺長城),Beijing · China,https://us.trip.com/travel-guide/attraction/beijing/badaling-great-wall-75596/,1,https://ak-d.tripcdn.com/images/010671200087d4o7zEA88.jpg,D:\wzb\codex\data\全国旅游数据整合_2026-03-24\平台景点照片\携程Trip\北京\北京市\八达岭长城\trip_01.jpg,已下载,
八达岭长城,北京市,北京,携程Trip景点页,八达岭长城 北京市,attraction,Badaling Great Wall(八達嶺長城),Beijing · China,https://us.trip.com/travel-guide/attraction/beijing/badaling-great-wall-75596/,2,https://ak-d.tripcdn.com/images/0102y12000hxkc5n61AF4.jpg,D:\wzb\codex\data\全国旅游数据整合_2026-03-24\平台景点照片\携程Trip\北京\北京市\八达岭长城\trip_02.jpg,已下载,
八里沟,新乡市,河南,携程Trip景点页,八里沟 新乡市,attraction,八里溝玉皇宮,Huixian · Xinxiang · Henan · China,https://us.trip.com/travel-guide/attraction/huixian/city-145376094/,1,https://ak-d.tripcdn.com/images/1lo0f12000nyhebyaB378.jpg,D:\wzb\codex\data\全国旅游数据整合_2026-03-24\平台景点照片\携程Trip\河南\新乡市\八里沟\trip_01.jpg,已下载,
八里沟,新乡市,河南,携程Trip景点页,八里沟 新乡市,attraction,八里溝玉皇宮,Huixian · Xinxiang · Henan · China,https://us.trip.com/travel-guide/attraction/huixian/city-145376094/,2,https://ak-d.tripcdn.com/images/1lo2712000cqdcbtfC4E2.jpg,D:\wzb\codex\data\全国旅游数据整合_2026-03-24\平台景点照片\携程Trip\河南\新乡市\八里沟\trip_02.jpg,已下载,
八里河,阜阳市,安徽,携程Trip景点页,八里河 阜阳市,attraction,八里河基督教堂,Yingshang · Fuyang · Anhui · China,https://us.trip.com/travel-guide/attraction/yingshang/city-154096823/,1,https://ak-d.tripcdn.com/images/0106c120009lgluuo57FF.jpg,D:\wzb\codex\data\全国旅游数据整合_2026-03-24\平台景点照片\携程Trip\安徽\阜阳市\八里河\trip_01.jpg,已下载,
八里河,阜阳市,安徽,携程Trip景点页,八里河 阜阳市,attraction,八里河基督教堂,Yingshang · Fuyang · Anhui · China,https://us.trip.com/travel-guide/attraction/yingshang/city-154096823/,2,https://ak-d.tripcdn.com/images/0102b12000j71telsA2A3.jpg,D:\wzb\codex\data\全国旅游数据整合_2026-03-24\平台景点照片\携程Trip\安徽\阜阳市\八里河\trip_02.jpg,已下载,
六鼎山,延边州,吉林,携程Trip景点页,六鼎山 吉林,attraction,六鼎山吉祥花海,Dunhua · Yanbian · Jilin · China,https://us.trip.com/travel-guide/attraction/dunhua/city-145231424/,1,https://ak-d.tripcdn.com/images/01A3c12000915x6fq1021.jpg,D:\wzb\codex\data\全国旅游数据整合_2026-03-24\平台景点照片\携程Trip\吉林\延边州\六鼎山\trip_01.jpg,已下载,
六鼎山,延边州,吉林,携程Trip景点页,六鼎山 吉林,attraction,六鼎山吉祥花海,Dunhua · Yanbian · Jilin · China,https://us.trip.com/travel-guide/attraction/dunhua/city-145231424/,2,https://ak-d.tripcdn.com/images/1A0b13000000u1as6F65B.jpg,D:\wzb\codex\data\全国旅游数据整合_2026-03-24\平台景点照片\携程Trip\吉林\延边州\六鼎山\trip_02.jpg,已下载,
关林,洛阳市,河南,携程Trip景点页,关林 洛阳市,attraction,Guanlin Temple(關林廟),Luoyang · Henan · China,https://us.trip.com/travel-guide/attraction/luoyang/guanlin-temple-101970/,1,https://ak-d.tripcdn.com/images/0104p12000rpdckmaD19D.jpg,D:\wzb\codex\data\全国旅游数据整合_2026-03-24\平台景点照片\携程Trip\河南\洛阳市\关林\trip_01.jpg,已下载,
关林,洛阳市,河南,携程Trip景点页,关林 洛阳市,attraction,Guanlin Temple(關林廟),Luoyang · Henan · China,https://us.trip.com/travel-guide/attraction/luoyang/guanlin-temple-101970/,2,https://ak-d.tripcdn.com/images/0101a120005ybuydo5E5D.jpg,D:\wzb\codex\data\全国旅游数据整合_2026-03-24\平台景点照片\携程Trip\河南\洛阳市\关林\trip_02.jpg,已下载,
净月潭,长春市,吉林,携程Trip景点页,净月潭 长春市,attraction,Jingyue Lake(凈月潭),Changchun · Jilin · China,https://us.trip.com/travel-guide/attraction/changchun/jingyue-lake-10558683/,1,https://ak-d.tripcdn.com/images/01065120005zkw9he9249.jpg,D:\wzb\codex\data\全国旅游数据整合_2026-03-24\平台景点照片\携程Trip\吉林\长春市\净月潭\trip_01.jpg,已下载,
净月潭,长春市,吉林,携程Trip景点页,净月潭 长春市,attraction,Jingyue Lake(凈月潭),Changchun · Jilin · China,https://us.trip.com/travel-guide/attraction/changchun/jingyue-lake-10558683/,2,https://ak-d.tripcdn.com/images/0102a12000b94s4dl26EC.jpg,D:\wzb\codex\data\全国旅游数据整合_2026-03-24\平台景点照片\携程Trip\吉林\长春市\净月潭\trip_02.jpg,已下载,
凤凰古城,湘西州,湖南,携程Trip景点页,凤凰古城 湘西州,attraction,鳳凰古城-武侯祠,Fenghuang County · Xiangxi Prefecture · Hunan · China,https://us.trip.com/travel-guide/attraction/fenghuang-county/city-153139112/,1,https://ak-d.tripcdn.com/images/1A0q1700000118gee3001.jpg,D:\wzb\codex\data\全国旅游数据整合_2026-03-24\平台景点照片\携程Trip\湖南\湘西州\凤凰古城\trip_01.jpg,已下载,
凤凰古城,湘西州,湖南,携程Trip景点页,凤凰古城 湘西州,attraction,鳳凰古城-武侯祠,Fenghuang County · Xiangxi Prefecture · Hunan · China,https://us.trip.com/travel-guide/attraction/fenghuang-county/city-153139112/,2,https://ak-d.tripcdn.com/images/1lo3412000b63oot033F9.jpg,D:\wzb\codex\data\全国旅游数据整合_2026-03-24\平台景点照片\携程Trip\湖南\湘西州\凤凰古城\trip_02.jpg,已下载,
分界洲岛,陵水县,海南,携程Trip景点页,分界洲岛 陵水县,attraction,Boundary Island(分界洲島),Lingshui · Hainan · China,https://us.trip.com/travel-guide/attraction/lingshui/boundary-island-10758497/,1,https://ak-d.tripcdn.com/images/1lo0212000r8tntmcA4D2.jpg,D:\wzb\codex\data\全国旅游数据整合_2026-03-24\平台景点照片\携程Trip\海南\陵水县\分界洲岛\trip_01.jpg,已下载,
分界洲岛,陵水县,海南,携程Trip景点页,分界洲岛 陵水县,attraction,Boundary Island(分界洲島),Lingshui · Hainan · China,https://us.trip.com/travel-guide/attraction/lingshui/boundary-island-10758497/,2,https://ak-d.tripcdn.com/images/1lo4w12000eoy7uz74218.jpg,D:\wzb\codex\data\全国旅游数据整合_2026-03-24\平台景点照片\携程Trip\海南\陵水县\分界洲岛\trip_02.jpg,已下载,
刘公岛,威海市,山东,携程Trip景点页,刘公岛 威海市,attraction,Liugong Island(劉公島景區),Weihai · Shandong · China,https://us.trip.com/travel-guide/attraction/weihai/liugong-island-78291/,1,https://ak-d.tripcdn.com/images/0101y12000rqbe42iFC27.jpg,D:\wzb\codex\data\全国旅游数据整合_2026-03-24\平台景点照片\携程Trip\山东\威海市\刘公岛\trip_01.jpg,已下载,
刘公岛,威海市,山东,携程Trip景点页,刘公岛 威海市,attraction,Liugong Island(劉公島景區),Weihai · Shandong · China,https://us.trip.com/travel-guide/attraction/weihai/liugong-island-78291/,2,https://ak-d.tripcdn.com/images/1lo2g12000b7cuag05369.jpg,D:\wzb\codex\data\全国旅游数据整合_2026-03-24\平台景点照片\携程Trip\山东\威海市\刘公岛\trip_02.jpg,已下载,
剑门关,广元市,四川,携程Trip景点页,剑门关 广元市,attraction,Jianmen Pass(劍門關),Jiange · Guangyuan · Sichuan · China,https://us.trip.com/travel-guide/attraction/jiange/jianmen-pass-80657/,1,https://ak-d.tripcdn.com/images/0100912000f6pt5n632AE.jpg,D:\wzb\codex\data\全国旅游数据整合_2026-03-24\平台景点照片\携程Trip\四川\广元市\剑门关\trip_01.jpg,已下载,
剑门关,广元市,四川,携程Trip景点页,剑门关 广元市,attraction,Jianmen Pass(劍門關),Jiange · Guangyuan · Sichuan · China,https://us.trip.com/travel-guide/attraction/jiange/jianmen-pass-80657/,2,https://ak-d.tripcdn.com/images/10080z000000nlm9i0F7A.jpg,D:\wzb\codex\data\全国旅游数据整合_2026-03-24\平台景点照片\携程Trip\四川\广元市\剑门关\trip_02.jpg,已下载,
北京动物园,北京市,北京,携程Trip景点页,北京动物园 北京市,attraction,Beijing Zoo(北京動物園),Beijing · China,https://us.trip.com/travel-guide/attraction/beijing/beijing-zoo-76612/,1,https://ak-d.tripcdn.com/images/010671200087d4o7zEA88.jpg,D:\wzb\codex\data\全国旅游数据整合_2026-03-24\平台景点照片\携程Trip\北京\北京市\北京动物园\trip_01.jpg,已下载,
北京动物园,北京市,北京,携程Trip景点页,北京动物园 北京市,attraction,Beijing Zoo(北京動物園),Beijing · China,https://us.trip.com/travel-guide/attraction/beijing/beijing-zoo-76612/,2,https://ak-d.tripcdn.com/images/0102y12000hxkc5n61AF4.jpg,D:\wzb\codex\data\全国旅游数据整合_2026-03-24\平台景点照片\携程Trip\北京\北京市\北京动物园\trip_02.jpg,已下载,
北京植物园,北京市,北京,携程Trip景点页,北京植物园 北京市,attraction,China National Botanical Garden(國家植物園(原北京植物園)),Beijing · China,https://us.trip.com/travel-guide/attraction/beijing/china-national-botanical-garden-76632/,1,https://ak-d.tripcdn.com/images/010671200087d4o7zEA88.jpg,D:\wzb\codex\data\全国旅游数据整合_2026-03-24\平台景点照片\携程Trip\北京\北京市\北京植物园\trip_01.jpg,已下载,
北京植物园,北京市,北京,携程Trip景点页,北京植物园 北京市,attraction,China National Botanical Garden(國家植物園(原北京植物園)),Beijing · China,https://us.trip.com/travel-guide/attraction/beijing/china-national-botanical-garden-76632/,2,https://ak-d.tripcdn.com/images/0102y12000hxkc5n61AF4.jpg,D:\wzb\codex\data\全国旅游数据整合_2026-03-24\平台景点照片\携程Trip\北京\北京市\北京植物园\trip_02.jpg,已下载,
北京欢乐谷,北京市,北京,携程Trip景点页,北京欢乐谷 北京市,attraction,Beijing Happy Valley(北京歡樂谷),Beijing · China,https://us.trip.com/travel-guide/attraction/beijing/beijing-happy-valley-86171/,1,https://ak-d.tripcdn.com/images/010671200087d4o7zEA88.jpg,D:\wzb\codex\data\全国旅游数据整合_2026-03-24\平台景点照片\携程Trip\北京\北京市\北京欢乐谷\trip_01.jpg,已下载,
北京欢乐谷,北京市,北京,携程Trip景点页,北京欢乐谷 北京市,attraction,Beijing Happy Valley(北京歡樂谷),Beijing · China,https://us.trip.com/travel-guide/attraction/beijing/beijing-happy-valley-86171/,2,https://ak-d.tripcdn.com/images/0102y12000hxkc5n61AF4.jpg,D:\wzb\codex\data\全国旅游数据整合_2026-03-24\平台景点照片\携程Trip\北京\北京市\北京欢乐谷\trip_02.jpg,已下载,
北京野生动物园,北京市,北京,携程Trip景点页,北京野生动物园 北京市,attraction,Beijing Wildlife Park(北京野生動物園),Beijing · China,https://us.trip.com/travel-guide/attraction/beijing/beijing-wildlife-park-10559348/,1,https://ak-d.tripcdn.com/images/010671200087d4o7zEA88.jpg,D:\wzb\codex\data\全国旅游数据整合_2026-03-24\平台景点照片\携程Trip\北京\北京市\北京野生动物园\trip_01.jpg,已下载,
北京野生动物园,北京市,北京,携程Trip景点页,北京野生动物园 北京市,attraction,Beijing Wildlife Park(北京野生動物園),Beijing · China,https://us.trip.com/travel-guide/attraction/beijing/beijing-wildlife-park-10559348/,2,https://ak-d.tripcdn.com/images/0102y12000hxkc5n61AF4.jpg,D:\wzb\codex\data\全国旅游数据整合_2026-03-24\平台景点照片\携程Trip\北京\北京市\北京野生动物园\trip_02.jpg,已下载,
北大壶滑雪场,吉林市,吉林,携程Trip景点页,北大壶滑雪场 吉林市,attraction,Beidahu Ski Resort(北大壺滑雪場),Yongji · Jilin City · Jilin · China,https://us.trip.com/travel-guide/attraction/yongji/beidahu-ski-resort-10758211/,1,https://ak-d.tripcdn.com/images/1lo3o12000ds0o56d63E1.jpg,D:\wzb\codex\data\全国旅游数据整合_2026-03-24\平台景点照片\携程Trip\吉林\吉林市\北大壶滑雪场\trip_01.jpg,已下载,
北大壶滑雪场,吉林市,吉林,携程Trip景点页,北大壶滑雪场 吉林市,attraction,Beidahu Ski Resort(北大壺滑雪場),Yongji · Jilin City · Jilin · China,https://us.trip.com/travel-guide/attraction/yongji/beidahu-ski-resort-10758211/,2,https://ak-d.tripcdn.com/images/1lo3d12000q5v17mo5303.jpg,D:\wzb\codex\data\全国旅游数据整合_2026-03-24\平台景点照片\携程Trip\吉林\吉林市\北大壶滑雪场\trip_02.jpg,已下载,
北戴河,秦皇岛市,河北,携程Trip景点页,北戴河 秦皇岛市,attraction,海濱度假村,Qinhuangdao · Hebei · China,https://us.trip.com/travel-guide/attraction/qinhuangdao/city-144103973/,1,https://ak-d.tripcdn.com/images/100r1f000001gonz01F00.jpg,D:\wzb\codex\data\全国旅游数据整合_2026-03-24\平台景点照片\携程Trip\河北\秦皇岛市\北戴河\trip_01.jpg,已下载,
北戴河,秦皇岛市,河北,携程Trip景点页,北戴河 秦皇岛市,attraction,海濱度假村,Qinhuangdao · Hebei · China,https://us.trip.com/travel-guide/attraction/qinhuangdao/city-144103973/,2,https://ak-d.tripcdn.com/images/0105612000h0gphqx90BB.jpg,D:\wzb\codex\data\全国旅游数据整合_2026-03-24\平台景点照片\携程Trip\河北\秦皇岛市\北戴河\trip_02.jpg,已下载,
北海公园,北京市,北京,携程Trip景点页,北海公园 北京市,attraction,Beihai Park(北海公園),Beijing · China,https://us.trip.com/travel-guide/attraction/beijing/beihai-park-75598/,1,https://ak-d.tripcdn.com/images/010671200087d4o7zEA88.jpg,D:\wzb\codex\data\全国旅游数据整合_2026-03-24\平台景点照片\携程Trip\北京\北京市\北海公园\trip_01.jpg,已下载,
北海公园,北京市,北京,携程Trip景点页,北海公园 北京市,attraction,Beihai Park(北海公園),Beijing · China,https://us.trip.com/travel-guide/attraction/beijing/beihai-park-75598/,2,https://ak-d.tripcdn.com/images/0102y12000hxkc5n61AF4.jpg,D:\wzb\codex\data\全国旅游数据整合_2026-03-24\平台景点照片\携程Trip\北京\北京市\北海公园\trip_02.jpg,已下载,
北海银滩,北海市,广西,携程Trip景点页,北海银滩 北海市,attraction,Yintan Ocean Park(北海銀灘海洋公園),Beihai · Guangxi · China,https://us.trip.com/travel-guide/attraction/beihai/yintan-ocean-park-148928372/,1,https://ak-d.tripcdn.com/images/1lo3712000eedo57r8609.jpg,D:\wzb\codex\data\全国旅游数据整合_2026-03-24\平台景点照片\携程Trip\广西\北海市\北海银滩\trip_01.jpg,已下载,
北海银滩,北海市,广西,携程Trip景点页,北海银滩 北海市,attraction,Yintan Ocean Park(北海銀灘海洋公園),Beihai · Guangxi · China,https://us.trip.com/travel-guide/attraction/beihai/yintan-ocean-park-148928372/,2,https://ak-d.tripcdn.com/images/0101j120009bgie6rA770.jpg,D:\wzb\codex\data\全国旅游数据整合_2026-03-24\平台景点照片\携程Trip\广西\北海市\北海银滩\trip_02.jpg,已下载,
千佛山,济南市,山东,携程Trip景点页,千佛山 济南市,attraction,Qianfo Mountain Scenic Area(韆佛山),Jinan · Shandong · China,https://us.trip.com/travel-guide/attraction/jinan/qianfo-mountain-scenic-area-76530/,1,https://ak-d.tripcdn.com/images/0103212000l65p69jC65D.jpg,D:\wzb\codex\data\全国旅游数据整合_2026-03-24\平台景点照片\携程Trip\山东\济南市\千佛山\trip_01.jpg,已下载,
千佛山,济南市,山东,携程Trip景点页,千佛山 济南市,attraction,Qianfo Mountain Scenic Area(韆佛山),Jinan · Shandong · China,https://us.trip.com/travel-guide/attraction/jinan/qianfo-mountain-scenic-area-76530/,2,https://ak-d.tripcdn.com/images/0100212000j0703e463A8.jpg,D:\wzb\codex\data\全国旅游数据整合_2026-03-24\平台景点照片\携程Trip\山东\济南市\千佛山\trip_02.jpg,已下载,
千山,鞍山市,辽宁,携程Trip景点页,千山 鞍山市,attraction,Qianshan Mountain(韆山),Anshan · Liaoning · China,https://us.trip.com/travel-guide/attraction/anshan/qianshan-mountain-79869/,1,https://ak-d.tripcdn.com/images/0101012000kl06l5h6574.jpg,D:\wzb\codex\data\全国旅游数据整合_2026-03-24\平台景点照片\携程Trip\辽宁\鞍山市\千山\trip_01.jpg,已下载,
千山,鞍山市,辽宁,携程Trip景点页,千山 鞍山市,attraction,Qianshan Mountain(韆山),Anshan · Liaoning · China,https://us.trip.com/travel-guide/attraction/anshan/qianshan-mountain-79869/,2,https://ak-d.tripcdn.com/images/01033120009e1fc7lAE30.jpg,D:\wzb\codex\data\全国旅游数据整合_2026-03-24\平台景点照片\携程Trip\辽宁\鞍山市\千山\trip_02.jpg,已下载,
千岛湖,杭州市,浙江,携程Trip景点页,千岛湖 杭州市,attraction,Qiandao Lake(韆島湖景區),Chun'an · Hangzhou · Zhejiang · China,https://us.trip.com/travel-guide/attraction/chun-an/qiandao-lake-97470/,1,https://ak-d.tripcdn.com/images/1lo5o12000rhj6nmu05F8.jpg,D:\wzb\codex\data\全国旅游数据整合_2026-03-24\平台景点照片\携程Trip\浙江\杭州市\千岛湖\trip_01.jpg,已下载,
千岛湖,杭州市,浙江,携程Trip景点页,千岛湖 杭州市,attraction,Qiandao Lake(韆島湖景區),Chun'an · Hangzhou · Zhejiang · China,https://us.trip.com/travel-guide/attraction/chun-an/qiandao-lake-97470/,2,https://ak-d.tripcdn.com/images/1lo2d12000hufa9p795CC.jpg,D:\wzb\codex\data\全国旅游数据整合_2026-03-24\平台景点照片\携程Trip\浙江\杭州市\千岛湖\trip_02.jpg,已下载,
华山,渭南市,陕西,携程Trip景点页,华山 渭南市,attraction,Huashan West Peak Cableway,Huayin · Weinan · Shaanxi · China,https://us.trip.com/travel-guide/attraction/huayin/huashan-west-peak-cableway-10548255/,1,https://ak-d.tripcdn.com/images/0106x12000ra20bqwE935.jpg,D:\wzb\codex\data\全国旅游数据整合_2026-03-24\平台景点照片\携程Trip\陕西\渭南市\华山\trip_01.jpg,已下载,
华山,渭南市,陕西,携程Trip景点页,华山 渭南市,attraction,Huashan West Peak Cableway,Huayin · Weinan · Shaanxi · China,https://us.trip.com/travel-guide/attraction/huayin/huashan-west-peak-cableway-10548255/,2,https://ak-d.tripcdn.com/images/0106t1200087e1l745781.jpg,D:\wzb\codex\data\全国旅游数据整合_2026-03-24\平台景点照片\携程Trip\陕西\渭南市\华山\trip_02.jpg,已下载,
华清宫,西安市,陕西,携程Trip景点页,华清宫 西安市,attraction,Huaqing Palace(華清宮),Xi'an · Shaanxi · China,https://us.trip.com/travel-guide/attraction/xi-an/huaqing-palace-75681/,1,https://ak-d.tripcdn.com/images/0104012000f6rbl4996B9.jpg,D:\wzb\codex\data\全国旅游数据整合_2026-03-24\平台景点照片\携程Trip\陕西\西安市\华清宫\trip_01.jpg,已下载,
华清宫,西安市,陕西,携程Trip景点页,华清宫 西安市,attraction,Huaqing Palace(華清宮),Xi'an · Shaanxi · China,https://us.trip.com/travel-guide/attraction/xi-an/huaqing-palace-75681/,2,https://ak-d.tripcdn.com/images/0103k120006t7ckgl8C33.jpg,D:\wzb\codex\data\全国旅游数据整合_2026-03-24\平台景点照片\携程Trip\陕西\西安市\华清宫\trip_02.jpg,已下载,
南京博物院,南京市,江苏,携程Trip景点页,南京博物院 南京市,attraction,Nanjing Museum(南京博物院),Nanjing · Jiangsu · China,https://us.trip.com/travel-guide/attraction/nanjing/nanjing-museum-80549/,1,https://ak-d.tripcdn.com/images/0104s120009bgdrb55311.jpg,D:\wzb\codex\data\全国旅游数据整合_2026-03-24\平台景点照片\携程Trip\江苏\南京市\南京博物院\trip_01.jpg,已下载,
南京博物院,南京市,江苏,携程Trip景点页,南京博物院 南京市,attraction,Nanjing Museum(南京博物院),Nanjing · Jiangsu · China,https://us.trip.com/travel-guide/attraction/nanjing/nanjing-museum-80549/,2,https://ak-d.tripcdn.com/images/0100q12000ki8r6ic25B0.jpg,D:\wzb\codex\data\全国旅游数据整合_2026-03-24\平台景点照片\携程Trip\江苏\南京市\南京博物院\trip_02.jpg,已下载,
南宁青秀山,南宁市,广西,携程Trip景点页,南宁青秀山 南宁市,attraction,Qingxiu Mountain(青秀山),Nanning · Guangxi · China,https://us.trip.com/travel-guide/attraction/nanning/qingxiu-mountain-77467/,1,https://ak-d.tripcdn.com/images/100k1f000001guig348B5.jpg,D:\wzb\codex\data\全国旅游数据整合_2026-03-24\平台景点照片\携程Trip\广西\南宁市\南宁青秀山\trip_01.jpg,已下载,
南宁青秀山,南宁市,广西,携程Trip景点页,南宁青秀山 南宁市,attraction,Qingxiu Mountain(青秀山),Nanning · Guangxi · China,https://us.trip.com/travel-guide/attraction/nanning/qingxiu-mountain-77467/,2,https://ak-d.tripcdn.com/images/01A6r120008mb2hy80B84.jpg,D:\wzb\codex\data\全国旅游数据整合_2026-03-24\平台景点照片\携程Trip\广西\南宁市\南宁青秀山\trip_02.jpg,已下载,
南山文化旅游区,三亚市,海南,携程Trip景点页,南山文化旅游区 三亚市,attraction,Sanya Nanshan Cultural Tourism Zone(三亞南山文化旅遊區),Sanya · Hainan · China,https://us.trip.com/travel-guide/attraction/sanya/sanya-nanshan-cultural-tourism-zone-75993/,1,https://ak-d.tripcdn.com/images/350w1a0000019y9wb8250.jpg,D:\wzb\codex\data\全国旅游数据整合_2026-03-24\平台景点照片\携程Trip\海南\三亚市\南山文化旅游区\trip_01.jpg,已下载,
南山文化旅游区,三亚市,海南,携程Trip景点页,南山文化旅游区 三亚市,attraction,Sanya Nanshan Cultural Tourism Zone(三亞南山文化旅遊區),Sanya · Hainan · China,https://us.trip.com/travel-guide/attraction/sanya/sanya-nanshan-cultural-tourism-zone-75993/,2,https://ak-d.tripcdn.com/images/1lo2w12000bkakwfv4046.jpg,D:\wzb\codex\data\全国旅游数据整合_2026-03-24\平台景点照片\携程Trip\海南\三亚市\南山文化旅游区\trip_02.jpg,已下载,
南岳衡山,衡阳市,湖南,携程Trip景点页,南岳衡山 衡阳市,attraction,南嶽衡山文薈,Hengyang · Hunan · China,https://us.trip.com/travel-guide/attraction/hengyang/city-150402460/,1,https://ak-d.tripcdn.com/images/0103u12000jgwsut3E652.jpg,D:\wzb\codex\data\全国旅游数据整合_2026-03-24\平台景点照片\携程Trip\湖南\衡阳市\南岳衡山\trip_01.jpg,已下载,
南岳衡山,衡阳市,湖南,携程Trip景点页,南岳衡山 衡阳市,attraction,南嶽衡山文薈,Hengyang · Hunan · China,https://us.trip.com/travel-guide/attraction/hengyang/city-150402460/,2,https://ak-d.tripcdn.com/images/1lo6j12000jgxqqcn3088.jpg,D:\wzb\codex\data\全国旅游数据整合_2026-03-24\平台景点照片\携程Trip\湖南\衡阳市\南岳衡山\trip_02.jpg,已下载,
南平和平古镇,南平市,福建,携程Trip景点页,南平和平古镇 南平市,attraction,和平古鎮-天后宮,Shaowu · Nanping · Fujian · China,https://us.trip.com/travel-guide/attraction/shaowu/city-145639594/,1,https://ak-d.tripcdn.com/images/0100f12000lbe0fum6DB4.jpg,D:\wzb\codex\data\全国旅游数据整合_2026-03-24\平台景点照片\携程Trip\福建\南平市\南平和平古镇\trip_01.jpg,已下载,
南平和平古镇,南平市,福建,携程Trip景点页,南平和平古镇 南平市,attraction,和平古鎮-天后宮,Shaowu · Nanping · Fujian · China,https://us.trip.com/travel-guide/attraction/shaowu/city-145639594/,2,https://ak-d.tripcdn.com/images/350j15000000yjzhv10A5.jpg,D:\wzb\codex\data\全国旅游数据整合_2026-03-24\平台景点照片\携程Trip\福建\南平市\南平和平古镇\trip_02.jpg,已下载,
南昌八一起义纪念馆,南昌市,江西,携程Trip景点页,南昌八一起义纪念馆 南昌市,attraction,Nanchang August 1st Memorial Hall(南昌八一起義紀念館),Nanchang · Jiangxi · China,https://us.trip.com/travel-guide/attraction/nanchang/nanchang-august-1st-memorial-hall-77635/,1,https://ak-d.tripcdn.com/images/100g1f000001gqwviAF2C.jpg,D:\wzb\codex\data\全国旅游数据整合_2026-03-24\平台景点照片\携程Trip\江西\南昌市\南昌八一起义纪念馆\trip_01.jpg,已下载,
南昌八一起义纪念馆,南昌市,江西,携程Trip景点页,南昌八一起义纪念馆 南昌市,attraction,Nanchang August 1st Memorial Hall(南昌八一起義紀念館),Nanchang · Jiangxi · China,https://us.trip.com/travel-guide/attraction/nanchang/nanchang-august-1st-memorial-hall-77635/,2,https://ak-d.tripcdn.com/images/0101012000hyluy019DA5.jpg,D:\wzb\codex\data\全国旅游数据整合_2026-03-24\平台景点照片\携程Trip\江西\南昌市\南昌八一起义纪念馆\trip_02.jpg,已下载,
南浔古镇,湖州市,浙江,携程Trip景点页,南浔古镇 湖州市,attraction,Nanxun Ancient Town(南潯古鎮),Huzhou · Zhejiang · China,https://us.trip.com/travel-guide/attraction/huzhou/nanxun-ancient-town-97451/,1,https://ak-d.tripcdn.com/images/100b0z000000nerlzADF0.jpg,D:\wzb\codex\data\全国旅游数据整合_2026-03-24\平台景点照片\携程Trip\浙江\湖州市\南浔古镇\trip_01.jpg,已下载,
南浔古镇,湖州市,浙江,携程Trip景点页,南浔古镇 湖州市,attraction,Nanxun Ancient Town(南潯古鎮),Huzhou · Zhejiang · China,https://us.trip.com/travel-guide/attraction/huzhou/nanxun-ancient-town-97451/,2,https://ak-d.tripcdn.com/images/1lo4k12000hs4mjbwDBEB.jpg,D:\wzb\codex\data\全国旅游数据整合_2026-03-24\平台景点照片\携程Trip\浙江\湖州市\南浔古镇\trip_02.jpg,已下载,
南通狼山,南通市,江苏,携程Trip景点页,南通狼山 南通市,attraction,Langshan Scenic Spot(南通狼山風景名勝區),Nantong · Jiangsu · China,https://us.trip.com/travel-guide/attraction/nantong/langshan-scenic-spot-96090/,1,https://ak-d.tripcdn.com/images/350815000000y6pfp68C8.png,D:\wzb\codex\data\全国旅游数据整合_2026-03-24\平台景点照片\携程Trip\江苏\南通市\南通狼山\trip_01.png,已下载,
南通狼山,南通市,江苏,携程Trip景点页,南通狼山 南通市,attraction,Langshan Scenic Spot(南通狼山風景名勝區),Nantong · Jiangsu · China,https://us.trip.com/travel-guide/attraction/nantong/langshan-scenic-spot-96090/,2,https://ak-d.tripcdn.com/images/0HJ2u12000pxqip3b2A6B.jpg,D:\wzb\codex\data\全国旅游数据整合_2026-03-24\平台景点照片\携程Trip\江苏\南通市\南通狼山\trip_02.jpg,已下载,
南锣鼓巷,北京市,北京,携程Trip景点页,南锣鼓巷 北京市,attraction,Nanluogu Xiang(南鑼鼓巷),Beijing · China,https://us.trip.com/travel-guide/attraction/beijing/nanluogu-xiang-87891/,1,https://ak-d.tripcdn.com/images/010671200087d4o7zEA88.jpg,D:\wzb\codex\data\全国旅游数据整合_2026-03-24\平台景点照片\携程Trip\北京\北京市\南锣鼓巷\trip_01.jpg,已下载,
南锣鼓巷,北京市,北京,携程Trip景点页,南锣鼓巷 北京市,attraction,Nanluogu Xiang(南鑼鼓巷),Beijing · China,https://us.trip.com/travel-guide/attraction/beijing/nanluogu-xiang-87891/,2,https://ak-d.tripcdn.com/images/0102y12000hxkc5n61AF4.jpg,D:\wzb\codex\data\全国旅游数据整合_2026-03-24\平台景点照片\携程Trip\北京\北京市\南锣鼓巷\trip_02.jpg,已下载,
厦门园林植物园,厦门市,福建,携程Trip景点页,厦门园林植物园 厦门市,attraction,Xiamen Botanical Garden(廈門園林植物園),Xiamen · Fujian · China,https://us.trip.com/travel-guide/attraction/xiamen/xiamen-botanical-garden-77353/,1,https://ak-d.tripcdn.com/images/0101t12000825yd946670.jpg,D:\wzb\codex\data\全国旅游数据整合_2026-03-24\平台景点照片\携程Trip\福建\厦门市\厦门园林植物园\trip_01.jpg,已下载,
厦门园林植物园,厦门市,福建,携程Trip景点页,厦门园林植物园 厦门市,attraction,Xiamen Botanical Garden(廈門園林植物園),Xiamen · Fujian · China,https://us.trip.com/travel-guide/attraction/xiamen/xiamen-botanical-garden-77353/,2,https://ak-d.tripcdn.com/images/0100212000j04vu6b4D7C.jpg,D:\wzb\codex\data\全国旅游数据整合_2026-03-24\平台景点照片\携程Trip\福建\厦门市\厦门园林植物园\trip_02.jpg,已下载,
厦门曾厝垵,厦门市,福建,携程Trip景点页,厦门曾厝垵 厦门市,attraction,Zeng Cuo An Village,Xiamen · Fujian · China,https://us.trip.com/travel-guide/attraction/xiamen/zeng-cuo-an-village-91537/,1,https://ak-d.tripcdn.com/images/0101t12000825yd946670.jpg,D:\wzb\codex\data\全国旅游数据整合_2026-03-24\平台景点照片\携程Trip\福建\厦门市\厦门曾厝垵\trip_01.jpg,已下载,
厦门曾厝垵,厦门市,福建,携程Trip景点页,厦门曾厝垵 厦门市,attraction,Zeng Cuo An Village,Xiamen · Fujian · China,https://us.trip.com/travel-guide/attraction/xiamen/zeng-cuo-an-village-91537/,2,https://ak-d.tripcdn.com/images/0100212000j04vu6b4D7C.jpg,D:\wzb\codex\data\全国旅游数据整合_2026-03-24\平台景点照片\携程Trip\福建\厦门市\厦门曾厝垵\trip_02.jpg,已下载,
双鸭山七星峰,双鸭山市,黑龙江,携程Trip景点页,双鸭山七星峰 双鸭山市,attraction,Qixingfeng Geopark,Jixian · Shuangyashan · Heilongjiang · China,https://us.trip.com/travel-guide/attraction/jixian/qixingfeng-geopark-148563714/,1,https://ak-d.tripcdn.com/images/1me3012000b7hkpsbC586.jpg,D:\wzb\codex\data\全国旅游数据整合_2026-03-24\平台景点照片\携程Trip\黑龙江\双鸭山市\双鸭山七星峰\trip_01.jpg,已下载,
双鸭山七星峰,双鸭山市,黑龙江,携程Trip景点页,双鸭山七星峰 双鸭山市,attraction,Qixingfeng Geopark,Jixian · Shuangyashan · Heilongjiang · China,https://us.trip.com/travel-guide/attraction/jixian/qixingfeng-geopark-148563714/,2,https://ak-d.tripcdn.com/images/0102x120009413plo5AB1.jpg,D:\wzb\codex\data\全国旅游数据整合_2026-03-24\平台景点照片\携程Trip\黑龙江\双鸭山市\双鸭山七星峰\trip_02.jpg,已下载,
古北水镇,北京市,北京,携程Trip景点页,古北水镇 北京市,attraction,BEIJING W TOWN(古北水鎮),Beijing · China,https://us.trip.com/travel-guide/attraction/beijing/beijing-w-town-13378901/,1,https://ak-d.tripcdn.com/images/010671200087d4o7zEA88.jpg,D:\wzb\codex\data\全国旅游数据整合_2026-03-24\平台景点照片\携程Trip\北京\北京市\古北水镇\trip_01.jpg,已下载,
古北水镇,北京市,北京,携程Trip景点页,古北水镇 北京市,attraction,BEIJING W TOWN(古北水鎮),Beijing · China,https://us.trip.com/travel-guide/attraction/beijing/beijing-w-town-13378901/,2,https://ak-d.tripcdn.com/images/0102y12000hxkc5n61AF4.jpg,D:\wzb\codex\data\全国旅游数据整合_2026-03-24\平台景点照片\携程Trip\北京\北京市\古北水镇\trip_02.jpg,已下载,
古徽州文化旅游区,黄山市,安徽,携程Trip景点页,古徽州文化旅游区 黄山市,attraction,潛口民宅-古徽州文化旅遊區,Huangshan City · Anhui · China,https://us.trip.com/travel-guide/attraction/huangshan-city/city-154140498/,1,https://ak-d.tripcdn.com/images/0101p1200087cum179214.jpg,D:\wzb\codex\data\全国旅游数据整合_2026-03-24\平台景点照片\携程Trip\安徽\黄山市\古徽州文化旅游区\trip_01.jpg,已下载,
古徽州文化旅游区,黄山市,安徽,携程Trip景点页,古徽州文化旅游区 黄山市,attraction,潛口民宅-古徽州文化旅遊區,Huangshan City · Anhui · China,https://us.trip.com/travel-guide/attraction/huangshan-city/city-154140498/,2,https://ak-d.tripcdn.com/images/1lo2812000rooc9uu04DB.jpg,D:\wzb\codex\data\全国旅游数据整合_2026-03-24\平台景点照片\携程Trip\安徽\黄山市\古徽州文化旅游区\trip_02.jpg,已下载,
台儿庄古城,枣庄市,山东,携程Trip景点页,台儿庄古城 枣庄市,attraction,Taierzhuang Ancient Town(台兒莊古城),Zaozhuang · Shandong · China,https://us.trip.com/travel-guide/attraction/zaozhuang/taierzhuang-ancient-town-93212/,1,https://ak-d.tripcdn.com/images/0104612000pthqfc61FCE.jpg,D:\wzb\codex\data\全国旅游数据整合_2026-03-24\平台景点照片\携程Trip\山东\枣庄市\台儿庄古城\trip_01.jpg,已下载,
台儿庄古城,枣庄市,山东,携程Trip景点页,台儿庄古城 枣庄市,attraction,Taierzhuang Ancient Town(台兒莊古城),Zaozhuang · Shandong · China,https://us.trip.com/travel-guide/attraction/zaozhuang/taierzhuang-ancient-town-93212/,2,https://ak-d.tripcdn.com/images/100w0z000000mtexh795C.jpg,D:\wzb\codex\data\全国旅游数据整合_2026-03-24\平台景点照片\携程Trip\山东\枣庄市\台儿庄古城\trip_02.jpg,已下载,
台州神仙居,台州市,浙江,携程Trip景点页,台州神仙居 台州市,attraction,Shenxianju(神仙居),Xianju · Taizhou · Zhejiang · China,https://us.trip.com/travel-guide/attraction/xianju/shenxianju-79275/,1,https://ak-d.tripcdn.com/images/100q1f000001grm54F063.jpg,D:\wzb\codex\data\全国旅游数据整合_2026-03-24\平台景点照片\携程Trip\浙江\台州市\台州神仙居\trip_01.jpg,已下载,
台州神仙居,台州市,浙江,携程Trip景点页,台州神仙居 台州市,attraction,Shenxianju(神仙居),Xianju · Taizhou · Zhejiang · China,https://us.trip.com/travel-guide/attraction/xianju/shenxianju-79275/,2,https://ak-d.tripcdn.com/images/0100a12000ir8wfddC507.jpg,D:\wzb\codex\data\全国旅游数据整合_2026-03-24\平台景点照片\携程Trip\浙江\台州市\台州神仙居\trip_02.jpg,已下载,
吉林北山,吉林市,吉林,携程Trip景点页,吉林北山 吉林市,attraction,北山碑林,Jilin City · Jilin · China,https://us.trip.com/travel-guide/attraction/jilin-city/city-148562950/,1,https://ak-d.tripcdn.com/images/1lo3o12000ds0o56d63E1.jpg,D:\wzb\codex\data\全国旅游数据整合_2026-03-24\平台景点照片\携程Trip\吉林\吉林市\吉林北山\trip_01.jpg,已下载,
吉林北山,吉林市,吉林,携程Trip景点页,吉林北山 吉林市,attraction,北山碑林,Jilin City · Jilin · China,https://us.trip.com/travel-guide/attraction/jilin-city/city-148562950/,2,https://ak-d.tripcdn.com/images/0103z120008k2k6nsF793.jpg,D:\wzb\codex\data\全国旅游数据整合_2026-03-24\平台景点照片\携程Trip\吉林\吉林市\吉林北山\trip_02.jpg,已下载,
同里古镇,苏州市,江苏,携程Trip景点页,同里古镇 苏州市,attraction,Tongli Ancient Town(同裡古鎮),Suzhou · Jiangsu · China,https://us.trip.com/travel-guide/attraction/suzhou/tongli-ancient-town-92227/,1,https://ak-d.tripcdn.com/images/1lo1r12000ddckfh27420.jpg,D:\wzb\codex\data\全国旅游数据整合_2026-03-24\平台景点照片\携程Trip\江苏\苏州市\同里古镇\trip_01.jpg,已下载,
同里古镇,苏州市,江苏,携程Trip景点页,同里古镇 苏州市,attraction,Tongli Ancient Town(同裡古鎮),Suzhou · Jiangsu · China,https://us.trip.com/travel-guide/attraction/suzhou/tongli-ancient-town-92227/,2,https://ak-d.tripcdn.com/images/100u10000000o4oy9180D.jpg,D:\wzb\codex\data\全国旅游数据整合_2026-03-24\平台景点照片\携程Trip\江苏\苏州市\同里古镇\trip_02.jpg,已下载,
向海自然保护区,白城市,吉林,携程Trip景点页,向海自然保护区 白城市,attraction,向海國家級自然保護區-百鳥園,Tongyu · Baicheng · Jilin · China,https://us.trip.com/travel-guide/attraction/tongyu/city-39075294/,1,https://ak-d.tripcdn.com/images/0103g12000a1p93toAD0D.jpg,D:\wzb\codex\data\全国旅游数据整合_2026-03-24\平台景点照片\携程Trip\吉林\白城市\向海自然保护区\trip_01.jpg,已下载,
向海自然保护区,白城市,吉林,携程Trip景点页,向海自然保护区 白城市,attraction,向海國家級自然保護區-百鳥園,Tongyu · Baicheng · Jilin · China,https://us.trip.com/travel-guide/attraction/tongyu/city-39075294/,2,https://ak-d.tripcdn.com/images/01025120009dfirsjFC7F.jpg,D:\wzb\codex\data\全国旅游数据整合_2026-03-24\平台景点照片\携程Trip\吉林\白城市\向海自然保护区\trip_02.jpg,已下载,
吴桥杂技大世界,沧州市,河北,携程Trip景点页,吴桥杂技大世界 沧州市,attraction,Wuqiao Acrobatics World(吳橋雜技大世界),Wuqiao · Cangzhou · Hebei · China,https://us.trip.com/travel-guide/attraction/wuqiao/wuqiao-acrobatics-world-88934/,1,https://ak-d.tripcdn.com/images/0103x12000f6qkwmk047B.jpg,D:\wzb\codex\data\全国旅游数据整合_2026-03-24\平台景点照片\携程Trip\河北\沧州市\吴桥杂技大世界\trip_01.jpg,已下载,
吴桥杂技大世界,沧州市,河北,携程Trip景点页,吴桥杂技大世界 沧州市,attraction,Wuqiao Acrobatics World(吳橋雜技大世界),Wuqiao · Cangzhou · Hebei · China,https://us.trip.com/travel-guide/attraction/wuqiao/wuqiao-acrobatics-world-88934/,2,https://ak-d.tripcdn.com/images/100a0x000000lihinF617.jpg,D:\wzb\codex\data\全国旅游数据整合_2026-03-24\平台景点照片\携程Trip\河北\沧州市\吴桥杂技大世界\trip_02.jpg,已下载,
呀诺达雨林,三亚市,海南,携程Trip景点页,呀诺达雨林 海南,attraction,Yanoda Tropical Rainforest(呀諾達熱帶雨林),Baoting · Hainan · China,https://us.trip.com/travel-guide/attraction/baoting/yanoda-tropical-rainforest-85542/,1,https://ak-d.tripcdn.com/images/1lo4w12000eoy7uz74218.jpg,D:\wzb\codex\data\全国旅游数据整合_2026-03-24\平台景点照片\携程Trip\海南\三亚市\呀诺达雨林\trip_01.jpg,已下载,
呀诺达雨林,三亚市,海南,携程Trip景点页,呀诺达雨林 海南,attraction,Yanoda Tropical Rainforest(呀諾達熱帶雨林),Baoting · Hainan · China,https://us.trip.com/travel-guide/attraction/baoting/yanoda-tropical-rainforest-85542/,2,https://ak-d.tripcdn.com/images/0100l12000jmr3jy197F7.jpg,D:\wzb\codex\data\全国旅游数据整合_2026-03-24\平台景点照片\携程Trip\海南\三亚市\呀诺达雨林\trip_02.jpg,已下载,
周庄古镇,苏州市,江苏,携程Trip景点页,周庄古镇 苏州市,attraction,Zhouzhuang(週莊),Kunshan · Suzhou · Jiangsu · China,https://us.trip.com/travel-guide/attraction/kunshan/zhouzhuang-91408/,1,https://ak-d.tripcdn.com/images/1lo1r12000ddckfh27420.jpg,D:\wzb\codex\data\全国旅游数据整合_2026-03-24\平台景点照片\携程Trip\江苏\苏州市\周庄古镇\trip_01.jpg,已下载,
周庄古镇,苏州市,江苏,携程Trip景点页,周庄古镇 苏州市,attraction,Zhouzhuang(週莊),Kunshan · Suzhou · Jiangsu · China,https://us.trip.com/travel-guide/attraction/kunshan/zhouzhuang-91408/,2,https://ak-d.tripcdn.com/images/1lo2w12000ddcktyh12ED.jpg,D:\wzb\codex\data\全国旅游数据整合_2026-03-24\平台景点照片\携程Trip\江苏\苏州市\周庄古镇\trip_02.jpg,已下载,
和顺古镇,保山市,云南,携程Trip景点页,和顺古镇 保山市,attraction,和順古鎮景區-文昌宮,Tengchong · Baoshan · Yunnan · China,https://us.trip.com/travel-guide/attraction/tengchong/city-149951299/,1,https://ak-d.tripcdn.com/images/0106w12000j5bc6pk588F.jpg,D:\wzb\codex\data\全国旅游数据整合_2026-03-24\平台景点照片\携程Trip\云南\保山市\和顺古镇\trip_01.jpg,已下载,
和顺古镇,保山市,云南,携程Trip景点页,和顺古镇 保山市,attraction,和順古鎮景區-文昌宮,Tengchong · Baoshan · Yunnan · China,https://us.trip.com/travel-guide/attraction/tengchong/city-149951299/,2,https://ak-d.tripcdn.com/images/0105t12000f52xa0e2D48.jpg,D:\wzb\codex\data\全国旅游数据整合_2026-03-24\平台景点照片\携程Trip\云南\保山市\和顺古镇\trip_02.jpg,已下载,
咸宁九宫山,咸宁市,湖北,携程Trip景点页,咸宁九宫山 咸宁市,attraction,九宮山迎客松,Tongshan · Xianning · Hubei · China,https://us.trip.com/travel-guide/attraction/tongshan/city-152832149/,1,https://ak-d.tripcdn.com/images/0100212000jbafgcx9528.jpg,D:\wzb\codex\data\全国旅游数据整合_2026-03-24\平台景点照片\携程Trip\湖北\咸宁市\咸宁九宫山\trip_01.jpg,已下载,
咸宁九宫山,咸宁市,湖北,携程Trip景点页,咸宁九宫山 咸宁市,attraction,九宮山迎客松,Tongshan · Xianning · Hubei · China,https://us.trip.com/travel-guide/attraction/tongshan/city-152832149/,2,https://ak-d.tripcdn.com/images/10071h000001i1lehC484.jpg,D:\wzb\codex\data\全国旅游数据整合_2026-03-24\平台景点照片\携程Trip\湖北\咸宁市\咸宁九宫山\trip_02.jpg,已下载,
哈尔滨冰雪大世界,哈尔滨市,黑龙江,携程Trip景点页,哈尔滨冰雪大世界 哈尔滨市,attraction,China Harbin Ice And Snow World(哈爾濱冰雪大世界),Harbin · Heilongjiang · China,https://us.trip.com/travel-guide/attraction/harbin/china-harbin-ice-and-snow-world-80633/,1,https://ak-d.tripcdn.com/images/1lo0i12000jh0ef7sF29A.jpg,D:\wzb\codex\data\全国旅游数据整合_2026-03-24\平台景点照片\携程Trip\黑龙江\哈尔滨市\哈尔滨冰雪大世界\trip_01.jpg,已下载,
哈尔滨冰雪大世界,哈尔滨市,黑龙江,携程Trip景点页,哈尔滨冰雪大世界 哈尔滨市,attraction,China Harbin Ice And Snow World(哈爾濱冰雪大世界),Harbin · Heilongjiang · China,https://us.trip.com/travel-guide/attraction/harbin/china-harbin-ice-and-snow-world-80633/,2,https://ak-d.tripcdn.com/images/0103m12000g2p5gaeDB3A.jpg,D:\wzb\codex\data\全国旅游数据整合_2026-03-24\平台景点照片\携程Trip\黑龙江\哈尔滨市\哈尔滨冰雪大世界\trip_02.jpg,已下载,
唐山南湖,唐山市,河北,携程Trip景点页,唐山南湖 唐山市,attraction,唐山南湖·開灤旅遊景區-山盟海誓,Tangshan · Hebei · China,https://us.trip.com/travel-guide/attraction/tangshan/city-145454151/,1,https://ak-d.tripcdn.com/images/1lo1j12000fywvb28CE8D.jpg,D:\wzb\codex\data\全国旅游数据整合_2026-03-24\平台景点照片\携程Trip\河北\唐山市\唐山南湖\trip_01.jpg,已下载,
唐山南湖,唐山市,河北,携程Trip景点页,唐山南湖 唐山市,attraction,唐山南湖·開灤旅遊景區-山盟海誓,Tangshan · Hebei · China,https://us.trip.com/travel-guide/attraction/tangshan/city-145454151/,2,https://ak-d.tripcdn.com/images/100a0w000000kpaqe01A1.jpg,D:\wzb\codex\data\全国旅游数据整合_2026-03-24\平台景点照片\携程Trip\河北\唐山市\唐山南湖\trip_02.jpg,已下载,
嘉兴南湖,嘉兴市,浙江,携程Trip景点页,嘉兴南湖 嘉兴市,attraction,嘉興南湖學院-網球場,Jiaxing · Zhejiang · China,https://us.trip.com/travel-guide/attraction/jiaxing/city-148678888/,1,https://ak-d.tripcdn.com/images/1lo4k12000hs4mjbwDBEB.jpg,D:\wzb\codex\data\全国旅游数据整合_2026-03-24\平台景点照片\携程Trip\浙江\嘉兴市\嘉兴南湖\trip_01.jpg,已下载,
嘉兴南湖,嘉兴市,浙江,携程Trip景点页,嘉兴南湖 嘉兴市,attraction,嘉興南湖學院-網球場,Jiaxing · Zhejiang · China,https://us.trip.com/travel-guide/attraction/jiaxing/city-148678888/,2,https://ak-d.tripcdn.com/images/100b0z000000nerlzADF0.jpg,D:\wzb\codex\data\全国旅游数据整合_2026-03-24\平台景点照片\携程Trip\浙江\嘉兴市\嘉兴南湖\trip_02.jpg,已下载,
四姑娘山,阿坝州,四川,携程Trip景点页,四姑娘山 阿坝州,attraction,四姑娘山三峯,Xiaojin · Aba Prefecture · Sichuan · China,https://us.trip.com/travel-guide/attraction/xiaojin/city-134025680/,1,https://ak-d.tripcdn.com/images/010731200085d3leiD694.jpg,D:\wzb\codex\data\全国旅游数据整合_2026-03-24\平台景点照片\携程Trip\四川\阿坝州\四姑娘山\trip_01.jpg,已下载,
四姑娘山,阿坝州,四川,携程Trip景点页,四姑娘山 阿坝州,attraction,四姑娘山三峯,Xiaojin · Aba Prefecture · Sichuan · China,https://us.trip.com/travel-guide/attraction/xiaojin/city-134025680/,2,https://ak-d.tripcdn.com/images/01005120009azuzm8A01C.jpg,D:\wzb\codex\data\全国旅游数据整合_2026-03-24\平台景点照片\携程Trip\四川\阿坝州\四姑娘山\trip_02.jpg,已下载,
四平战役纪念馆,四平市,吉林,携程Trip景点页,四平战役纪念馆 四平市,attraction,Sipingzhanyi Memorial Hall(四平戰役紀念館),Siping · Jilin · China,https://us.trip.com/travel-guide/attraction/siping/sipingzhanyi-memorial-hall-87382/,1,https://ak-d.tripcdn.com/images/0106z12000b8eh78x20A9.jpg,D:\wzb\codex\data\全国旅游数据整合_2026-03-24\平台景点照片\携程Trip\吉林\四平市\四平战役纪念馆\trip_01.jpg,已下载,
四平战役纪念馆,四平市,吉林,携程Trip景点页,四平战役纪念馆 四平市,attraction,Sipingzhanyi Memorial Hall(四平戰役紀念館),Siping · Jilin · China,https://us.trip.com/travel-guide/attraction/siping/sipingzhanyi-memorial-hall-87382/,2,https://ak-d.tripcdn.com/images/0103412000f6sedl5CB62.jpg,D:\wzb\codex\data\全国旅游数据整合_2026-03-24\平台景点照片\携程Trip\吉林\四平市\四平战役纪念馆\trip_02.jpg,已下载,
回民街,西安市,陕西,携程Trip景点页,回民街 西安市,attraction,Xi'an Muslim Quarter(迴民街),Xi'an · Shaanxi · China,https://us.trip.com/travel-guide/attraction/xi-an/xi-an-muslim-quarter-10559031/,1,https://ak-d.tripcdn.com/images/0104012000f6rbl4996B9.jpg,D:\wzb\codex\data\全国旅游数据整合_2026-03-24\平台景点照片\携程Trip\陕西\西安市\回民街\trip_01.jpg,已下载,
回民街,西安市,陕西,携程Trip景点页,回民街 西安市,attraction,Xi'an Muslim Quarter(迴民街),Xi'an · Shaanxi · China,https://us.trip.com/travel-guide/attraction/xi-an/xi-an-muslim-quarter-10559031/,2,https://ak-d.tripcdn.com/images/0103k120006t7ckgl8C33.jpg,D:\wzb\codex\data\全国旅游数据整合_2026-03-24\平台景点照片\携程Trip\陕西\西安市\回民街\trip_02.jpg,已下载,
国家博物馆,北京市,北京,携程Trip景点页,国家博物馆 北京市,attraction,National Museum of China(中國國家博物館),Beijing · China,https://us.trip.com/travel-guide/attraction/beijing/national-museum-of-china-87207/,1,https://ak-d.tripcdn.com/images/010671200087d4o7zEA88.jpg,D:\wzb\codex\data\全国旅游数据整合_2026-03-24\平台景点照片\携程Trip\北京\北京市\国家博物馆\trip_01.jpg,已下载,
国家博物馆,北京市,北京,携程Trip景点页,国家博物馆 北京市,attraction,National Museum of China(中國國家博物館),Beijing · China,https://us.trip.com/travel-guide/attraction/beijing/national-museum-of-china-87207/,2,https://ak-d.tripcdn.com/images/0102y12000hxkc5n61AF4.jpg,D:\wzb\codex\data\全国旅游数据整合_2026-03-24\平台景点照片\携程Trip\北京\北京市\国家博物馆\trip_02.jpg,已下载,
圆明园遗址公园,北京市,北京,携程Trip景点页,圆明园遗址公园 北京市,attraction,圓明園遺址公園-西北景區,Beijing · China,https://us.trip.com/travel-guide/attraction/beijing/city-145283444/,1,https://ak-d.tripcdn.com/images/010671200087d4o7zEA88.jpg,D:\wzb\codex\data\全国旅游数据整合_2026-03-24\平台景点照片\携程Trip\北京\北京市\圆明园遗址公园\trip_01.jpg,已下载,
圆明园遗址公园,北京市,北京,携程Trip景点页,圆明园遗址公园 北京市,attraction,圓明園遺址公園-西北景區,Beijing · China,https://us.trip.com/travel-guide/attraction/beijing/city-145283444/,2,https://ak-d.tripcdn.com/images/0102y12000hxkc5n61AF4.jpg,D:\wzb\codex\data\全国旅游数据整合_2026-03-24\平台景点照片\携程Trip\北京\北京市\圆明园遗址公园\trip_02.jpg,已下载,
圣索菲亚教堂,哈尔滨市,黑龙江,携程Trip景点页,圣索菲亚教堂 哈尔滨市,attraction,Saint Sophia Cathedral(聖索菲亞教堂),Harbin · Heilongjiang · China,https://us.trip.com/travel-guide/attraction/harbin/saint-sophia-cathedral-77064/,1,https://ak-d.tripcdn.com/images/1lo0i12000jh0ef7sF29A.jpg,D:\wzb\codex\data\全国旅游数据整合_2026-03-24\平台景点照片\携程Trip\黑龙江\哈尔滨市\圣索菲亚教堂\trip_01.jpg,已下载,
圣索菲亚教堂,哈尔滨市,黑龙江,携程Trip景点页,圣索菲亚教堂 哈尔滨市,attraction,Saint Sophia Cathedral(聖索菲亞教堂),Harbin · Heilongjiang · China,https://us.trip.com/travel-guide/attraction/harbin/saint-sophia-cathedral-77064/,2,https://ak-d.tripcdn.com/images/0103m12000g2p5gaeDB3A.jpg,D:\wzb\codex\data\全国旅游数据整合_2026-03-24\平台景点照片\携程Trip\黑龙江\哈尔滨市\圣索菲亚教堂\trip_02.jpg,已下载,
壶口瀑布,临汾市,山西,携程Trip景点页,壶口瀑布 临汾市,attraction,The Hukou Waterfall Scenic Area(臨汾壺口瀑佈),Ji County · Linfen · Shanxi · China,https://us.trip.com/travel-guide/attraction/ji-county/the-hukou-waterfall-scenic-area-78482/,1,https://ak-d.tripcdn.com/images/100a0z000000njsgxB840.jpg,D:\wzb\codex\data\全国旅游数据整合_2026-03-24\平台景点照片\携程Trip\山西\临汾市\壶口瀑布\trip_01.jpg,已下载,
壶口瀑布,临汾市,山西,携程Trip景点页,壶口瀑布 临汾市,attraction,The Hukou Waterfall Scenic Area(臨汾壺口瀑佈),Ji County · Linfen · Shanxi · China,https://us.trip.com/travel-guide/attraction/ji-county/the-hukou-waterfall-scenic-area-78482/,2,https://ak-d.tripcdn.com/images/100b1800000148ptx003D.jpg,D:\wzb\codex\data\全国旅游数据整合_2026-03-24\平台景点照片\携程Trip\山西\临汾市\壶口瀑布\trip_02.jpg,已下载,
壶口瀑布,延安市,陕西,携程Trip景点页,壶口瀑布 延安市,attraction,Hukou Waterfall tourist area of the Yellow River,Yichuan · Yan'an · Shaanxi · China,https://us.trip.com/travel-guide/attraction/yichuan/hukou-waterfall-tourist-area-of-the-yellow-river-79235/,1,https://ak-d.tripcdn.com/images/100a0z000000njsgxB840.jpg,D:\wzb\codex\data\全国旅游数据整合_2026-03-24\平台景点照片\携程Trip\陕西\延安市\壶口瀑布\trip_01.jpg,已下载,
壶口瀑布,延安市,陕西,携程Trip景点页,壶口瀑布 延安市,attraction,Hukou Waterfall tourist area of the Yellow River,Yichuan · Yan'an · Shaanxi · China,https://us.trip.com/travel-guide/attraction/yichuan/hukou-waterfall-tourist-area-of-the-yellow-river-79235/,2,https://ak-d.tripcdn.com/images/0105z12000ohbbqf3184F.jpg,D:\wzb\codex\data\全国旅游数据整合_2026-03-24\平台景点照片\携程Trip\陕西\延安市\壶口瀑布\trip_02.jpg,已下载,
外滩,上海市,上海,携程Trip景点页,外滩 上海市,attraction,The Bund(外灘),Shanghai · China,https://us.trip.com/travel-guide/attraction/shanghai/the-bund-75611/,1,https://ak-d.tripcdn.com/images/0102p1200082jbvtcD451.jpg,D:\wzb\codex\data\全国旅游数据整合_2026-03-24\平台景点照片\携程Trip\上海\上海市\外滩\trip_01.jpg,已下载,
外滩,上海市,上海,携程Trip景点页,外滩 上海市,attraction,The Bund(外灘),Shanghai · China,https://us.trip.com/travel-guide/attraction/shanghai/the-bund-75611/,2,https://ak-d.tripcdn.com/images/1lo7412000isn0jrbD500.jpg,D:\wzb\codex\data\全国旅游数据整合_2026-03-24\平台景点照片\携程Trip\上海\上海市\外滩\trip_02.jpg,已下载,
大兴安岭漠河北极村,大兴安岭地区,黑龙江,携程Trip景点页,大兴安岭漠河北极村 大兴安岭地区,attraction,北極村沈家大院,Mohe · Daxing'anling · Heilongjiang · China,https://us.trip.com/travel-guide/attraction/mohe/city-150319414/,1,https://ak-d.tripcdn.com/images/0100h12000f6se7skAB64.jpg,D:\wzb\codex\data\全国旅游数据整合_2026-03-24\平台景点照片\携程Trip\黑龙江\大兴安岭地区\大兴安岭漠河北极村\trip_01.jpg,已下载,
大兴安岭漠河北极村,大兴安岭地区,黑龙江,携程Trip景点页,大兴安岭漠河北极村 大兴安岭地区,attraction,北極村沈家大院,Mohe · Daxing'anling · Heilongjiang · China,https://us.trip.com/travel-guide/attraction/mohe/city-150319414/,2,https://ak-d.tripcdn.com/images/0100212000mhxo63rD8A7.jpg,D:\wzb\codex\data\全国旅游数据整合_2026-03-24\平台景点照片\携程Trip\黑龙江\大兴安岭地区\大兴安岭漠河北极村\trip_02.jpg,已下载,
大同火山群,大同市,山西,携程Trip景点页,大同火山群 大同市,attraction,大同火山羣-金山,Datong · Shanxi · China,https://us.trip.com/travel-guide/attraction/datong/city-145282557/,1,https://ak-d.tripcdn.com/images/10060t000000ibeyfE231.jpg,D:\wzb\codex\data\全国旅游数据整合_2026-03-24\平台景点照片\携程Trip\山西\大同市\大同火山群\trip_01.jpg,已下载,
大同火山群,大同市,山西,携程Trip景点页,大同火山群 大同市,attraction,大同火山羣-金山,Datong · Shanxi · China,https://us.trip.com/travel-guide/attraction/datong/city-145282557/,2,https://ak-d.tripcdn.com/images/0100k12000m3nh11f0849.jpg,D:\wzb\codex\data\全国旅游数据整合_2026-03-24\平台景点照片\携程Trip\山西\大同市\大同火山群\trip_02.jpg,已下载,
大唐芙蓉园,西安市,陕西,携程Trip景点页,大唐芙蓉园 西安市,attraction,Tang Paradise(大唐芙蓉園),Xi'an · Shaanxi · China,https://us.trip.com/travel-guide/attraction/xi-an/tang-paradise-81938/,1,https://ak-d.tripcdn.com/images/0104012000f6rbl4996B9.jpg,D:\wzb\codex\data\全国旅游数据整合_2026-03-24\平台景点照片\携程Trip\陕西\西安市\大唐芙蓉园\trip_01.jpg,已下载,
大唐芙蓉园,西安市,陕西,携程Trip景点页,大唐芙蓉园 西安市,attraction,Tang Paradise(大唐芙蓉園),Xi'an · Shaanxi · China,https://us.trip.com/travel-guide/attraction/xi-an/tang-paradise-81938/,2,https://ak-d.tripcdn.com/images/0103k120006t7ckgl8C33.jpg,D:\wzb\codex\data\全国旅游数据整合_2026-03-24\平台景点照片\携程Trip\陕西\西安市\大唐芙蓉园\trip_02.jpg,已下载,
大庆铁人纪念馆,大庆市,黑龙江,携程Trip景点页,大庆铁人纪念馆 大庆市,attraction,Iron Man Wang Jinxi Memorial Hall,Daqing · Heilongjiang · China,https://us.trip.com/travel-guide/attraction/daqing/iron-man-wang-jinxi-memorial-hall-80426/,1,https://ak-d.tripcdn.com/images/0104c120008e23vlrE90F.jpg,D:\wzb\codex\data\全国旅游数据整合_2026-03-24\平台景点照片\携程Trip\黑龙江\大庆市\大庆铁人纪念馆\trip_01.jpg,已下载,
大庆铁人纪念馆,大庆市,黑龙江,携程Trip景点页,大庆铁人纪念馆 大庆市,attraction,Iron Man Wang Jinxi Memorial Hall,Daqing · Heilongjiang · China,https://us.trip.com/travel-guide/attraction/daqing/iron-man-wang-jinxi-memorial-hall-80426/,2,https://ak-d.tripcdn.com/images/0101x12000ifxkbxj4BE3.jpg,D:\wzb\codex\data\全国旅游数据整合_2026-03-24\平台景点照片\携程Trip\黑龙江\大庆市\大庆铁人纪念馆\trip_02.jpg,已下载,
大明湖,济南市,山东,携程Trip景点页,大明湖 济南市,attraction,大明湖碑,Jinan · Shandong · China,https://us.trip.com/travel-guide/attraction/jinan/city-149274013/,1,https://ak-d.tripcdn.com/images/0103212000l65p69jC65D.jpg,D:\wzb\codex\data\全国旅游数据整合_2026-03-24\平台景点照片\携程Trip\山东\济南市\大明湖\trip_01.jpg,已下载,
大明湖,济南市,山东,携程Trip景点页,大明湖 济南市,attraction,大明湖碑,Jinan · Shandong · China,https://us.trip.com/travel-guide/attraction/jinan/city-149274013/,2,https://ak-d.tripcdn.com/images/0100212000j0703e463A8.jpg,D:\wzb\codex\data\全国旅游数据整合_2026-03-24\平台景点照片\携程Trip\山东\济南市\大明湖\trip_02.jpg,已下载,
大理古城,大理州,云南,携程Trip景点页,大理古城 大理州,attraction,大理古城-大殿,Dali City · Dali Prefecture · Yunnan · China,https://us.trip.com/travel-guide/attraction/dali-city/city-145353676/,1,https://ak-d.tripcdn.com/images/1A0t1f000001g47by6723.jpg,D:\wzb\codex\data\全国旅游数据整合_2026-03-24\平台景点照片\携程Trip\云南\大理州\大理古城\trip_01.jpg,已下载,
大理古城,大理州,云南,携程Trip景点页,大理古城 大理州,attraction,大理古城-大殿,Dali City · Dali Prefecture · Yunnan · China,https://us.trip.com/travel-guide/attraction/dali-city/city-145353676/,2,https://ak-d.tripcdn.com/images/1lo6n12000l3438lkEE08.jpg,D:\wzb\codex\data\全国旅游数据整合_2026-03-24\平台景点照片\携程Trip\云南\大理州\大理古城\trip_02.jpg,已下载,
大觉山,抚州市,江西,携程Trip景点页,大觉山 抚州市,attraction,Dajue Mountain(大覺山),Zixi · Fuzhou · Jiangxi · China,https://us.trip.com/travel-guide/attraction/zixi/dajue-mountain-101781/,1,https://ak-d.tripcdn.com/images/3504160000010eiys2862.jpg,D:\wzb\codex\data\全国旅游数据整合_2026-03-24\平台景点照片\携程Trip\江西\抚州市\大觉山\trip_01.jpg,已下载,
大觉山,抚州市,江西,携程Trip景点页,大觉山 抚州市,attraction,Dajue Mountain(大覺山),Zixi · Fuzhou · Jiangxi · China,https://us.trip.com/travel-guide/attraction/zixi/dajue-mountain-101781/,2,https://ak-d.tripcdn.com/images/350j15000000yjzhv10A5.jpg,D:\wzb\codex\data\全国旅游数据整合_2026-03-24\平台景点照片\携程Trip\江西\抚州市\大觉山\trip_02.jpg,已下载,
大连星海广场,大连市,辽宁,携程Trip景点页,大连星海广场 大连市,attraction,海上游大連（星海廣場碼頭店）,Dalian · Liaoning · China,https://us.trip.com/travel-guide/attraction/dalian/city-146191303/,1,https://ak-d.tripcdn.com/images/0105o12000kx48p8iCCF6.jpg,D:\wzb\codex\data\全国旅游数据整合_2026-03-24\平台景点照片\携程Trip\辽宁\大连市\大连星海广场\trip_01.jpg,已下载,
大连星海广场,大连市,辽宁,携程Trip景点页,大连星海广场 大连市,attraction,海上游大連（星海廣場碼頭店）,Dalian · Liaoning · China,https://us.trip.com/travel-guide/attraction/dalian/city-146191303/,2,https://ak-d.tripcdn.com/images/100u0x000000l37rbD547.jpg,D:\wzb\codex\data\全国旅游数据整合_2026-03-24\平台景点照片\携程Trip\辽宁\大连市\大连星海广场\trip_02.jpg,已下载,
大连森林动物园,大连市,辽宁,携程Trip景点页,大连森林动物园 大连市,attraction,Dalian Forest Zoo(大連森林動物園),Dalian · Liaoning · China,https://us.trip.com/travel-guide/attraction/dalian/dalian-forest-zoo-75633/,1,https://ak-d.tripcdn.com/images/0105o12000kx48p8iCCF6.jpg,D:\wzb\codex\data\全国旅游数据整合_2026-03-24\平台景点照片\携程Trip\辽宁\大连市\大连森林动物园\trip_01.jpg,已下载,
大连森林动物园,大连市,辽宁,携程Trip景点页,大连森林动物园 大连市,attraction,Dalian Forest Zoo(大連森林動物園),Dalian · Liaoning · China,https://us.trip.com/travel-guide/attraction/dalian/dalian-forest-zoo-75633/,2,https://ak-d.tripcdn.com/images/100u0x000000l37rbD547.jpg,D:\wzb\codex\data\全国旅游数据整合_2026-03-24\平台景点照片\携程Trip\辽宁\大连市\大连森林动物园\trip_02.jpg,已下载,
大连老虎滩海洋公园,大连市,辽宁,携程Trip景点页,大连老虎滩海洋公园 大连市,attraction,大連老虎灘海洋公園-白鯨,Dalian · Liaoning · China,https://us.trip.com/travel-guide/attraction/dalian/city-152791717/,1,https://ak-d.tripcdn.com/images/0105o12000kx48p8iCCF6.jpg,D:\wzb\codex\data\全国旅游数据整合_2026-03-24\平台景点照片\携程Trip\辽宁\大连市\大连老虎滩海洋公园\trip_01.jpg,已下载,
大连老虎滩海洋公园,大连市,辽宁,携程Trip景点页,大连老虎滩海洋公园 大连市,attraction,大連老虎灘海洋公園-白鯨,Dalian · Liaoning · China,https://us.trip.com/travel-guide/attraction/dalian/city-152791717/,2,https://ak-d.tripcdn.com/images/100u0x000000l37rbD547.jpg,D:\wzb\codex\data\全国旅游数据整合_2026-03-24\平台景点照片\携程Trip\辽宁\大连市\大连老虎滩海洋公园\trip_02.jpg,已下载,
大雁塔,西安市,陕西,携程Trip景点页,大雁塔 西安市,attraction,Big Wild Goose Pagoda(大雁塔),Xi'an · Shaanxi · China,https://us.trip.com/travel-guide/attraction/xi-an/big-wild-goose-pagoda-75680/,1,https://ak-d.tripcdn.com/images/0104012000f6rbl4996B9.jpg,D:\wzb\codex\data\全国旅游数据整合_2026-03-24\平台景点照片\携程Trip\陕西\西安市\大雁塔\trip_01.jpg,已下载,
大雁塔,西安市,陕西,携程Trip景点页,大雁塔 西安市,attraction,Big Wild Goose Pagoda(大雁塔),Xi'an · Shaanxi · China,https://us.trip.com/travel-guide/attraction/xi-an/big-wild-goose-pagoda-75680/,2,https://ak-d.tripcdn.com/images/0103k120006t7ckgl8C33.jpg,D:\wzb\codex\data\全国旅游数据整合_2026-03-24\平台景点照片\携程Trip\陕西\西安市\大雁塔\trip_02.jpg,已下载,
天下第一泉,济南市,山东,携程Trip景点页,天下第一泉 济南市,attraction,The Best Spring In The World(天下第一泉風景區),Jinan · Shandong · China,https://us.trip.com/travel-guide/attraction/jinan/the-best-spring-in-the-world-13492957/,1,https://ak-d.tripcdn.com/images/0103212000l65p69jC65D.jpg,D:\wzb\codex\data\全国旅游数据整合_2026-03-24\平台景点照片\携程Trip\山东\济南市\天下第一泉\trip_01.jpg,已下载,
天下第一泉,济南市,山东,携程Trip景点页,天下第一泉 济南市,attraction,The Best Spring In The World(天下第一泉風景區),Jinan · Shandong · China,https://us.trip.com/travel-guide/attraction/jinan/the-best-spring-in-the-world-13492957/,2,https://ak-d.tripcdn.com/images/0100212000j0703e463A8.jpg,D:\wzb\codex\data\全国旅游数据整合_2026-03-24\平台景点照片\携程Trip\山东\济南市\天下第一泉\trip_02.jpg,已下载,
天台山,台州市,浙江,携程Trip景点页,天台山 台州市,attraction,天台山天湖景區,Tiantai County · Taizhou · Zhejiang · China,https://us.trip.com/travel-guide/attraction/tiantai-county/city-86605/,1,https://ak-d.tripcdn.com/images/0104d12000fi4x31g2440.jpg,D:\wzb\codex\data\全国旅游数据整合_2026-03-24\平台景点照片\携程Trip\浙江\台州市\天台山\trip_01.jpg,已下载,
天台山,台州市,浙江,携程Trip景点页,天台山 台州市,attraction,天台山天湖景區,Tiantai County · Taizhou · Zhejiang · China,https://us.trip.com/travel-guide/attraction/tiantai-county/city-86605/,2,https://ak-d.tripcdn.com/images/0101a12000ms5p8uwA9F0.jpg,D:\wzb\codex\data\全国旅游数据整合_2026-03-24\平台景点照片\携程Trip\浙江\台州市\天台山\trip_02.jpg,已下载,
天坛公园,北京市,北京,携程Trip景点页,天坛公园 北京市,attraction,Temple of Heaven(天罎公園),Beijing · China,https://us.trip.com/travel-guide/attraction/beijing/temple-of-heaven-75599/,1,https://ak-d.tripcdn.com/images/010671200087d4o7zEA88.jpg,D:\wzb\codex\data\全国旅游数据整合_2026-03-24\平台景点照片\携程Trip\北京\北京市\天坛公园\trip_01.jpg,已下载,
天坛公园,北京市,北京,携程Trip景点页,天坛公园 北京市,attraction,Temple of Heaven(天罎公園),Beijing · China,https://us.trip.com/travel-guide/attraction/beijing/temple-of-heaven-75599/,2,https://ak-d.tripcdn.com/images/0102y12000hxkc5n61AF4.jpg,D:\wzb\codex\data\全国旅游数据整合_2026-03-24\平台景点照片\携程Trip\北京\北京市\天坛公园\trip_02.jpg,已下载,
天堂寨,六安市,安徽,携程Trip景点页,天堂寨 六安市,attraction,Tian Tang Zhai(天堂寨),Jinzhai · Lu'an · Anhui · China,https://us.trip.com/travel-guide/attraction/jinzhai/tian-tang-zhai-79656/,1,https://ak-d.tripcdn.com/images/0106e12000j71z8nc9F1C.jpg,D:\wzb\codex\data\全国旅游数据整合_2026-03-24\平台景点照片\携程Trip\安徽\六安市\天堂寨\trip_01.jpg,已下载,
天堂寨,六安市,安徽,携程Trip景点页,天堂寨 六安市,attraction,Tian Tang Zhai(天堂寨),Jinzhai · Lu'an · Anhui · China,https://us.trip.com/travel-guide/attraction/jinzhai/tian-tang-zhai-79656/,2,https://ak-d.tripcdn.com/images/1lo2k12000jwhcsmxE85A.jpg,D:\wzb\codex\data\全国旅游数据整合_2026-03-24\平台景点照片\携程Trip\安徽\六安市\天堂寨\trip_02.jpg,已下载,
天柱山,安庆市,安徽,携程Trip景点页,天柱山 安庆市,attraction,潛山市天柱山天柱寺,Qianshan · Anqing · Anhui · China,https://us.trip.com/travel-guide/attraction/qianshan/city-145435293/,1,https://ak-d.tripcdn.com/images/010261200092uvjaw20F6.jpg,D:\wzb\codex\data\全国旅游数据整合_2026-03-24\平台景点照片\携程Trip\安徽\安庆市\天柱山\trip_01.jpg,已下载,
天柱山,安庆市,安徽,携程Trip景点页,天柱山 安庆市,attraction,潛山市天柱山天柱寺,Qianshan · Anqing · Anhui · China,https://us.trip.com/travel-guide/attraction/qianshan/city-145435293/,2,https://ak-d.tripcdn.com/images/01A40120008msgjvp76C2.jpg,D:\wzb\codex\data\全国旅游数据整合_2026-03-24\平台景点照片\携程Trip\安徽\安庆市\天柱山\trip_02.jpg,已下载,
天涯海角,三亚市,海南,携程Trip景点页,天涯海角 三亚市,attraction,Tianya Haijiao(天涯海角),Sanya · Hainan · China,https://us.trip.com/travel-guide/attraction/sanya/tianya-haijiao-10524171/,1,https://ak-d.tripcdn.com/images/350w1a0000019y9wb8250.jpg,D:\wzb\codex\data\全国旅游数据整合_2026-03-24\平台景点照片\携程Trip\海南\三亚市\天涯海角\trip_01.jpg,已下载,
天涯海角,三亚市,海南,携程Trip景点页,天涯海角 三亚市,attraction,Tianya Haijiao(天涯海角),Sanya · Hainan · China,https://us.trip.com/travel-guide/attraction/sanya/tianya-haijiao-10524171/,2,https://ak-d.tripcdn.com/images/1lo2w12000bkakwfv4046.jpg,D:\wzb\codex\data\全国旅游数据整合_2026-03-24\平台景点照片\携程Trip\海南\三亚市\天涯海角\trip_02.jpg,已下载,
天目湖,常州市,江苏,携程Trip景点页,天目湖 常州市,attraction,Tianmu Lake Resort,Liyang · Changzhou · Jiangsu · China,https://us.trip.com/travel-guide/attraction/liyang/tianmu-lake-resort-10530646/,1,https://ak-d.tripcdn.com/images/1lo2g12000riatkhfE640.jpg,D:\wzb\codex\data\全国旅游数据整合_2026-03-24\平台景点照片\携程Trip\江苏\常州市\天目湖\trip_01.jpg,已下载,
天目湖,常州市,江苏,携程Trip景点页,天目湖 常州市,attraction,Tianmu Lake Resort,Liyang · Changzhou · Jiangsu · China,https://us.trip.com/travel-guide/attraction/liyang/tianmu-lake-resort-10530646/,2,https://ak-d.tripcdn.com/images/1lo2p12000izevw7b92B8.jpg,D:\wzb\codex\data\全国旅游数据整合_2026-03-24\平台景点照片\携程Trip\江苏\常州市\天目湖\trip_02.jpg,已下载,
天门山,张家界市,湖南,携程Trip景点页,天门山 张家界市,attraction,Tianmen Mountain National Forest Park(天門山國家森林公園),Zhangjiajie · Hunan · China,https://us.trip.com/travel-guide/attraction/zhangjiajie/tianmen-mountain-national-forest-park-10558650/,1,https://ak-d.tripcdn.com/images/0106q12000f6turu2F806.jpg,D:\wzb\codex\data\全国旅游数据整合_2026-03-24\平台景点照片\携程Trip\湖南\张家界市\天门山\trip_01.jpg,已下载,
天门山,张家界市,湖南,携程Trip景点页,天门山 张家界市,attraction,Tianmen Mountain National Forest Park(天門山國家森林公園),Zhangjiajie · Hunan · China,https://us.trip.com/travel-guide/attraction/zhangjiajie/tianmen-mountain-national-forest-park-10558650/,2,https://ak-d.tripcdn.com/images/0103x12000lgqckyt5EE5.jpg,D:\wzb\codex\data\全国旅游数据整合_2026-03-24\平台景点照片\携程Trip\湖南\张家界市\天门山\trip_02.jpg,已下载,
天门陆羽故里,天门市,湖北,携程Trip景点页,陆羽故园 天门 天门市,attraction,Luyu Park,Tianmen · Hubei · China,https://us.trip.com/travel-guide/attraction/tianmen/luyu-park-101714/,1,https://ak-d.tripcdn.com/images/100t0q000000gbff04836.jpg,D:\wzb\codex\data\全国旅游数据整合_2026-03-24\平台景点照片\携程Trip\湖北\天门市\天门陆羽故里\trip_01.jpg,已下载,
天门陆羽故里,天门市,湖北,携程Trip景点页,陆羽故园 天门 天门市,attraction,Luyu Park,Tianmen · Hubei · China,https://us.trip.com/travel-guide/attraction/tianmen/luyu-park-101714/,2,https://ak-d.tripcdn.com/images/100i1f000001gqn4j3DE8.jpg,D:\wzb\codex\data\全国旅游数据整合_2026-03-24\平台景点照片\携程Trip\湖北\天门市\天门陆羽故里\trip_02.jpg,已下载,
太原汾河公园,太原市,山西,携程Trip景点页,太原汾河公园 太原市,attraction,太原汾河公園-棲園,Taiyuan · Shanxi · China,https://us.trip.com/travel-guide/attraction/taiyuan/city-148576827/,1,https://ak-d.tripcdn.com/images/0106t12000a434k2hB478.jpg,D:\wzb\codex\data\全国旅游数据整合_2026-03-24\平台景点照片\携程Trip\山西\太原市\太原汾河公园\trip_01.jpg,已下载,
太原汾河公园,太原市,山西,携程Trip景点页,太原汾河公园 太原市,attraction,太原汾河公園-棲園,Taiyuan · Shanxi · China,https://us.trip.com/travel-guide/attraction/taiyuan/city-148576827/,2,https://ak-d.tripcdn.com/images/100u1f000001gq9bh9986.jpg,D:\wzb\codex\data\全国旅游数据整合_2026-03-24\平台景点照片\携程Trip\山西\太原市\太原汾河公园\trip_02.jpg,已下载,
太姥山,宁德市,福建,携程Trip景点页,太姥山 宁德市,attraction,Taimu Mountain(太姥山),Fuding · Ningde · Fujian · China,https://us.trip.com/travel-guide/attraction/fuding/taimu-mountain-79471/,1,https://ak-d.tripcdn.com/images/010171200087d7st5FE6C.jpg,D:\wzb\codex\data\全国旅游数据整合_2026-03-24\平台景点照片\携程Trip\福建\宁德市\太姥山\trip_01.jpg,已下载,
太姥山,宁德市,福建,携程Trip景点页,太姥山 宁德市,attraction,Taimu Mountain(太姥山),Fuding · Ningde · Fujian · China,https://us.trip.com/travel-guide/attraction/fuding/taimu-mountain-79471/,2,https://ak-d.tripcdn.com/images/0105a1200092m0cm92F94.jpg,D:\wzb\codex\data\全国旅游数据整合_2026-03-24\平台景点照片\携程Trip\福建\宁德市\太姥山\trip_02.jpg,已下载,
太极洞,宣城市,安徽,携程Trip景点页,太极洞 宣城市,attraction,太極洞洞口,Guangde · Xuancheng · Anhui · China,https://us.trip.com/travel-guide/attraction/guangde/city-149641805/,1,https://ak-d.tripcdn.com/images/1lo2g12000riatkhfE640.jpg,D:\wzb\codex\data\全国旅游数据整合_2026-03-24\平台景点照片\携程Trip\安徽\宣城市\太极洞\trip_01.jpg,已下载,
太极洞,宣城市,安徽,携程Trip景点页,太极洞 宣城市,attraction,太極洞洞口,Guangde · Xuancheng · Anhui · China,https://us.trip.com/travel-guide/attraction/guangde/city-149641805/,2,https://ak-d.tripcdn.com/images/1lo2p12000izevw7b92B8.jpg,D:\wzb\codex\data\全国旅游数据整合_2026-03-24\平台景点照片\携程Trip\安徽\宣城市\太极洞\trip_02.jpg,已下载,
太白山,宝鸡市,陕西,携程Trip景点页,太白山 宝鸡市,attraction,太白山公園,Mei County · Baoji · Shaanxi · China,https://us.trip.com/travel-guide/attraction/mei-county/city-145169969/,1,https://ak-d.tripcdn.com/images/010021200087cva5o911A.jpg,D:\wzb\codex\data\全国旅游数据整合_2026-03-24\平台景点照片\携程Trip\陕西\宝鸡市\太白山\trip_01.jpg,已下载,
太白山,宝鸡市,陕西,携程Trip景点页,太白山 宝鸡市,attraction,太白山公園,Mei County · Baoji · Shaanxi · China,https://us.trip.com/travel-guide/attraction/mei-county/city-145169969/,2,https://ak-d.tripcdn.com/images/0102i12000ff77888A4E8.jpg,D:\wzb\codex\data\全国旅游数据整合_2026-03-24\平台景点照片\携程Trip\陕西\宝鸡市\太白山\trip_02.jpg,已下载,
太行大峡谷,安阳市,河南,携程Trip景点页,太行大峡谷 安阳市,attraction,太行大峽谷石碑,Linzhou · Anyang · Henan · China,https://us.trip.com/travel-guide/attraction/linzhou/city-145263605/,1,https://ak-d.tripcdn.com/images/1007180000014mplqC239.jpg,D:\wzb\codex\data\全国旅游数据整合_2026-03-24\平台景点照片\携程Trip\河南\安阳市\太行大峡谷\trip_01.jpg,已下载,
太行大峡谷,安阳市,河南,携程Trip景点页,太行大峡谷 安阳市,attraction,太行大峽谷石碑,Linzhou · Anyang · Henan · China,https://us.trip.com/travel-guide/attraction/linzhou/city-145263605/,2,https://ak-d.tripcdn.com/images/0100i12000jgmc8kvFBF0.jpg,D:\wzb\codex\data\全国旅游数据整合_2026-03-24\平台景点照片\携程Trip\河南\安阳市\太行大峡谷\trip_02.jpg,已下载,
太行山大峡谷,长治市,山西,携程Trip景点页,太行山大峡谷 长治市,attraction,太行山八泉峽大峽谷高空漂流,Huguan · Changzhi · Shanxi · China,https://us.trip.com/travel-guide/attraction/huguan/city-129756503/,1,https://ak-d.tripcdn.com/images/1007180000014mplqC239.jpg,D:\wzb\codex\data\全国旅游数据整合_2026-03-24\平台景点照片\携程Trip\山西\长治市\太行山大峡谷\trip_01.jpg,已下载,
太行山大峡谷,长治市,山西,携程Trip景点页,太行山大峡谷 长治市,attraction,太行山八泉峽大峽谷高空漂流,Huguan · Changzhi · Shanxi · China,https://us.trip.com/travel-guide/attraction/huguan/city-129756503/,2,https://ak-d.tripcdn.com/images/0100i12000jgmc8kvFBF0.jpg,D:\wzb\codex\data\全国旅游数据整合_2026-03-24\平台景点照片\携程Trip\山西\长治市\太行山大峡谷\trip_02.jpg,已下载,
太阳岛,哈尔滨市,黑龙江,携程Trip景点页,太阳岛 哈尔滨市,attraction,Harbin Sun Island Scenic Spot,Harbin · Heilongjiang · China,https://us.trip.com/travel-guide/attraction/harbin/harbin-sun-island-scenic-spot-77060/,1,https://ak-d.tripcdn.com/images/1lo0i12000jh0ef7sF29A.jpg,D:\wzb\codex\data\全国旅游数据整合_2026-03-24\平台景点照片\携程Trip\黑龙江\哈尔滨市\太阳岛\trip_01.jpg,已下载,
太阳岛,哈尔滨市,黑龙江,携程Trip景点页,太阳岛 哈尔滨市,attraction,Harbin Sun Island Scenic Spot,Harbin · Heilongjiang · China,https://us.trip.com/travel-guide/attraction/harbin/harbin-sun-island-scenic-spot-77060/,2,https://ak-d.tripcdn.com/images/0103m12000g2p5gaeDB3A.jpg,D:\wzb\codex\data\全国旅游数据整合_2026-03-24\平台景点照片\携程Trip\黑龙江\哈尔滨市\太阳岛\trip_02.jpg,已下载,
夫子庙秦淮风光带,南京市,江苏,携程Trip景点页,夫子庙秦淮风光带 南京市,attraction,Fuzimiao (Confucius Temple) Qinhuai Scenic Area(夫子廟秦淮風光帶),Nanjing · Jiangsu · China,https://us.trip.com/travel-guide/attraction/nanjing/fuzimiao-qinhuai-scenic-area-10558743/,1,https://ak-d.tripcdn.com/images/0104s120009bgdrb55311.jpg,D:\wzb\codex\data\全国旅游数据整合_2026-03-24\平台景点照片\携程Trip\江苏\南京市\夫子庙秦淮风光带\trip_01.jpg,已下载,
夫子庙秦淮风光带,南京市,江苏,携程Trip景点页,夫子庙秦淮风光带 南京市,attraction,Fuzimiao (Confucius Temple) Qinhuai Scenic Area(夫子廟秦淮風光帶),Nanjing · Jiangsu · China,https://us.trip.com/travel-guide/attraction/nanjing/fuzimiao-qinhuai-scenic-area-10558743/,2,https://ak-d.tripcdn.com/images/0100q12000ki8r6ic25B0.jpg,D:\wzb\codex\data\全国旅游数据整合_2026-03-24\平台景点照片\携程Trip\江苏\南京市\夫子庙秦淮风光带\trip_02.jpg,已下载,
威海华夏城,威海市,山东,携程Trip景点页,威海华夏城 威海市,attraction,Weihai Huaxia City Scenic Spot(威海華夏城),Weihai · Shandong · China,https://us.trip.com/travel-guide/attraction/weihai/weihai-huaxia-city-scenic-spot-93131/,1,https://ak-d.tripcdn.com/images/0101y12000rqbe42iFC27.jpg,D:\wzb\codex\data\全国旅游数据整合_2026-03-24\平台景点照片\携程Trip\山东\威海市\威海华夏城\trip_01.jpg,已下载,
威海华夏城,威海市,山东,携程Trip景点页,威海华夏城 威海市,attraction,Weihai Huaxia City Scenic Spot(威海華夏城),Weihai · Shandong · China,https://us.trip.com/travel-guide/attraction/weihai/weihai-huaxia-city-scenic-spot-93131/,2,https://ak-d.tripcdn.com/images/1lo2g12000b7cuag05369.jpg,D:\wzb\codex\data\全国旅游数据整合_2026-03-24\平台景点照片\携程Trip\山东\威海市\威海华夏城\trip_02.jpg,已下载,
娲皇宫,邯郸市,河北,携程Trip景点页,娲皇宫 邯郸市,attraction,Wahuang Palace(媧皇宮),She County · Handan · Hebei · China,https://us.trip.com/travel-guide/attraction/she-county/wahuang-palace-79550/,1,https://ak-d.tripcdn.com/images/0106k1200087dxwqv6915.jpg,D:\wzb\codex\data\全国旅游数据整合_2026-03-24\平台景点照片\携程Trip\河北\邯郸市\娲皇宫\trip_01.jpg,已下载,
娲皇宫,邯郸市,河北,携程Trip景点页,娲皇宫 邯郸市,attraction,Wahuang Palace(媧皇宮),She County · Handan · Hebei · China,https://us.trip.com/travel-guide/attraction/she-county/wahuang-palace-79550/,2,https://ak-d.tripcdn.com/images/1lo1d12000imawtoyB40E.jpg,D:\wzb\codex\data\全国旅游数据整合_2026-03-24\平台景点照片\携程Trip\河北\邯郸市\娲皇宫\trip_02.jpg,已下载,
婺源,上饶市,江西,携程Trip景点页,婺源 上饶市,attraction,Wuyuan Huangling,Wuyuan · Shangrao · Jiangxi · China,https://us.trip.com/travel-guide/attraction/wuyuan/wuyuan-huangling-10547759/,1,https://ak-d.tripcdn.com/images/1lo0o12000raxzsqt3CF6.jpg,D:\wzb\codex\data\全国旅游数据整合_2026-03-24\平台景点照片\携程Trip\江西\上饶市\婺源\trip_01.jpg,已下载,
婺源,上饶市,江西,携程Trip景点页,婺源 上饶市,attraction,Wuyuan Huangling,Wuyuan · Shangrao · Jiangxi · China,https://us.trip.com/travel-guide/attraction/wuyuan/wuyuan-huangling-10547759/,2,https://ak-d.tripcdn.com/images/0100a120008ew2wwr7315.jpg,D:\wzb\codex\data\全国旅游数据整合_2026-03-24\平台景点照片\携程Trip\江西\上饶市\婺源\trip_02.jpg,已下载,
孝感双峰山,孝感市,湖北,携程Trip景点页,孝感双峰山 孝感市,attraction,雙峯山國家森林公園-孝園,Xiaochang · Xiaogan · Hubei · China,https://us.trip.com/travel-guide/attraction/xiaochang/city-145374932/,1,https://ak-d.tripcdn.com/images/0104q1200087dqmasDFD3.jpg,D:\wzb\codex\data\全国旅游数据整合_2026-03-24\平台景点照片\携程Trip\湖北\孝感市\孝感双峰山\trip_01.jpg,已下载,
孝感双峰山,孝感市,湖北,携程Trip景点页,孝感双峰山 孝感市,attraction,雙峯山國家森林公園-孝園,Xiaochang · Xiaogan · Hubei · China,https://us.trip.com/travel-guide/attraction/xiaochang/city-145374932/,2,https://ak-d.tripcdn.com/images/0102s12000jgo2twg871C.jpg,D:\wzb\codex\data\全国旅游数据整合_2026-03-24\平台景点照片\携程Trip\湖北\孝感市\孝感双峰山\trip_02.jpg,已下载,
宁德鸳鸯溪,宁德市,福建,携程Trip景点页,宁德鸳鸯溪 宁德市,attraction,鴛鴦溪帳篷基地,Pingnan · Ningde · Fujian · China,https://us.trip.com/travel-guide/attraction/pingnan/city-145162895/,1,https://ak-d.tripcdn.com/images/010401200088teu8q6C77.jpg,D:\wzb\codex\data\全国旅游数据整合_2026-03-24\平台景点照片\携程Trip\福建\宁德市\宁德鸳鸯溪\trip_01.jpg,已下载,
宁德鸳鸯溪,宁德市,福建,携程Trip景点页,宁德鸳鸯溪 宁德市,attraction,鴛鴦溪帳篷基地,Pingnan · Ningde · Fujian · China,https://us.trip.com/travel-guide/attraction/pingnan/city-145162895/,2,https://ak-d.tripcdn.com/images/0102i12000mj5m4hj7025.jpg,D:\wzb\codex\data\全国旅游数据整合_2026-03-24\平台景点照片\携程Trip\福建\宁德市\宁德鸳鸯溪\trip_02.jpg,已下载,
宁波天一阁,宁波市,浙江,携程Trip景点页,宁波天一阁 宁波市,attraction,天一閣-戲台,Ningbo · Zhejiang · China,https://us.trip.com/travel-guide/attraction/ningbo/city-151335403/,1,https://ak-d.tripcdn.com/images/1lo4e12000j5ijxnhE969.jpg,D:\wzb\codex\data\全国旅游数据整合_2026-03-24\平台景点照片\携程Trip\浙江\宁波市\宁波天一阁\trip_01.jpg,已下载,
宁波天一阁,宁波市,浙江,携程Trip景点页,宁波天一阁 宁波市,attraction,天一閣-戲台,Ningbo · Zhejiang · China,https://us.trip.com/travel-guide/attraction/ningbo/city-151335403/,2,https://ak-d.tripcdn.com/images/0100412000lgnkwcu7CA2.jpg,D:\wzb\codex\data\全国旅游数据整合_2026-03-24\平台景点照片\携程Trip\浙江\宁波市\宁波天一阁\trip_02.jpg,已下载,
安庆振风塔,安庆市,安徽,携程Trip景点页,安庆振风塔 安庆市,attraction,Anqing Zhenfeng Tower(安慶振風塔),Wuhan · Hubei · China,https://us.trip.com/travel-guide/attraction/wuhan/anqing-zhenfeng-tower-145275530/,1,https://ak-d.tripcdn.com/images/0104q1200087dqmasDFD3.jpg,D:\wzb\codex\data\全国旅游数据整合_2026-03-24\平台景点照片\携程Trip\安徽\安庆市\安庆振风塔\trip_01.jpg,已下载,
安庆振风塔,安庆市,安徽,携程Trip景点页,安庆振风塔 安庆市,attraction,Anqing Zhenfeng Tower(安慶振風塔),Wuhan · Hubei · China,https://us.trip.com/travel-guide/attraction/wuhan/anqing-zhenfeng-tower-145275530/,2,https://ak-d.tripcdn.com/images/0103w12000hyg3apk3EBF.jpg,D:\wzb\codex\data\全国旅游数据整合_2026-03-24\平台景点照片\携程Trip\安徽\安庆市\安庆振风塔\trip_02.jpg,已下载,
安源路矿工人运动纪念馆,萍乡市,江西,携程Trip景点页,安源路矿工人运动纪念馆 萍乡市,attraction,安源路礦工人運動紀念館-八角亭,Pingxiang · Jiangxi · China,https://us.trip.com/travel-guide/attraction/pingxiang/city-145469848/,1,https://ak-d.tripcdn.com/images/3503160000010rlwtCC36.jpg,D:\wzb\codex\data\全国旅游数据整合_2026-03-24\平台景点照片\携程Trip\江西\萍乡市\安源路矿工人运动纪念馆\trip_01.jpg,已下载,
安源路矿工人运动纪念馆,萍乡市,江西,携程Trip景点页,安源路矿工人运动纪念馆 萍乡市,attraction,安源路礦工人運動紀念館-八角亭,Pingxiang · Jiangxi · China,https://us.trip.com/travel-guide/attraction/pingxiang/city-145469848/,2,https://ak-d.tripcdn.com/images/0105a120009i0vvbxBE4F.jpg,D:\wzb\codex\data\全国旅游数据整合_2026-03-24\平台景点照片\携程Trip\江西\萍乡市\安源路矿工人运动纪念馆\trip_02.jpg,已下载,
宽窄巷子,成都市,四川,携程Trip景点页,宽窄巷子 成都市,attraction,Kuanzhai Alleys(寬窄巷子),Chengdu · Sichuan · China,https://us.trip.com/travel-guide/attraction/chengdu/kuanzhai-alleys-10559156/,1,https://ak-d.tripcdn.com/images/1A0e14000000wmh4a9B1D.jpg,D:\wzb\codex\data\全国旅游数据整合_2026-03-24\平台景点照片\携程Trip\四川\成都市\宽窄巷子\trip_01.jpg,已下载,
宽窄巷子,成都市,四川,携程Trip景点页,宽窄巷子 成都市,attraction,Kuanzhai Alleys(寬窄巷子),Chengdu · Sichuan · China,https://us.trip.com/travel-guide/attraction/chengdu/kuanzhai-alleys-10559156/,2,https://ak-d.tripcdn.com/images/0103n12000f6trha712AE.jpg,D:\wzb\codex\data\全国旅游数据整合_2026-03-24\平台景点照片\携程Trip\四川\成都市\宽窄巷子\trip_02.jpg,已下载,
寿县古城,淮南市,安徽,携程Trip景点页,寿县古城 淮南市,attraction,Shouxian Ancient City(壽縣古城),Shou County · Huainan · Anhui · China,https://us.trip.com/travel-guide/attraction/shou-county/shouxian-ancient-city-88108/,1,https://ak-d.tripcdn.com/images/0102b12000j71telsA2A3.jpg,D:\wzb\codex\data\全国旅游数据整合_2026-03-24\平台景点照片\携程Trip\安徽\淮南市\寿县古城\trip_01.jpg,已下载,
寿县古城,淮南市,安徽,携程Trip景点页,寿县古城 淮南市,attraction,Shouxian Ancient City(壽縣古城),Shou County · Huainan · Anhui · China,https://us.trip.com/travel-guide/attraction/shou-county/shouxian-ancient-city-88108/,2,https://ak-d.tripcdn.com/images/0105c1200098u0l1jA3E5.jpg,D:\wzb\codex\data\全国旅游数据整合_2026-03-24\平台景点照片\携程Trip\安徽\淮南市\寿县古城\trip_02.jpg,已下载,
小浪底,洛阳市,河南,携程Trip景点页,小浪底 洛阳市,attraction,洛陽小浪底金龜湖景區,Luoyang · Henan · China,https://us.trip.com/travel-guide/attraction/luoyang/city-145588466/,1,https://ak-d.tripcdn.com/images/0104p12000rpdckmaD19D.jpg,D:\wzb\codex\data\全国旅游数据整合_2026-03-24\平台景点照片\携程Trip\河南\洛阳市\小浪底\trip_01.jpg,已下载,
小浪底,洛阳市,河南,携程Trip景点页,小浪底 洛阳市,attraction,洛陽小浪底金龜湖景區,Luoyang · Henan · China,https://us.trip.com/travel-guide/attraction/luoyang/city-145588466/,2,https://ak-d.tripcdn.com/images/0101a120005ybuydo5E5D.jpg,D:\wzb\codex\data\全国旅游数据整合_2026-03-24\平台景点照片\携程Trip\河南\洛阳市\小浪底\trip_02.jpg,已下载,
少林寺,郑州市,河南,携程Trip景点页,少林寺 郑州市,attraction,Songshan Shaolin Scenic(少林寺),Dengfeng · Zhengzhou · Henan · China,https://us.trip.com/travel-guide/attraction/dengfeng/songshan-shaolin-scenic-10558642/,1,https://ak-d.tripcdn.com/images/0104p12000rpdckmaD19D.jpg,D:\wzb\codex\data\全国旅游数据整合_2026-03-24\平台景点照片\携程Trip\河南\郑州市\少林寺\trip_01.jpg,已下载,
少林寺,郑州市,河南,携程Trip景点页,少林寺 郑州市,attraction,Songshan Shaolin Scenic(少林寺),Dengfeng · Zhengzhou · Henan · China,https://us.trip.com/travel-guide/attraction/dengfeng/songshan-shaolin-scenic-10558642/,2,https://ak-d.tripcdn.com/images/010191200087d7pid1736.jpg,D:\wzb\codex\data\全国旅游数据整合_2026-03-24\平台景点照片\携程Trip\河南\郑州市\少林寺\trip_02.jpg,已下载,
山海关,秦皇岛市,河北,携程Trip景点页,山海关 秦皇岛市,attraction,秦皇島市山海關北水關,Qinhuangdao · Hebei · China,https://us.trip.com/travel-guide/attraction/qinhuangdao/city-153128140/,1,https://ak-d.tripcdn.com/images/100r1f000001gonz01F00.jpg,D:\wzb\codex\data\全国旅游数据整合_2026-03-24\平台景点照片\携程Trip\河北\秦皇岛市\山海关\trip_01.jpg,已下载,
山海关,秦皇岛市,河北,携程Trip景点页,山海关 秦皇岛市,attraction,秦皇島市山海關北水關,Qinhuangdao · Hebei · China,https://us.trip.com/travel-guide/attraction/qinhuangdao/city-153128140/,2,https://ak-d.tripcdn.com/images/0105612000h0gphqx90BB.jpg,D:\wzb\codex\data\全国旅游数据整合_2026-03-24\平台景点照片\携程Trip\河北\秦皇岛市\山海关\trip_02.jpg,已下载,
岳阳君山岛,岳阳市,湖南,携程Trip景点页,岳阳君山岛 岳阳市,attraction,君山島景區-碑廊,Yueyang · Hunan · China,https://us.trip.com/travel-guide/attraction/yueyang/city-140786160/,1,https://ak-d.tripcdn.com/images/0105e12000nu6s6efECF4.jpg,D:\wzb\codex\data\全国旅游数据整合_2026-03-24\平台景点照片\携程Trip\湖南\岳阳市\岳阳君山岛\trip_01.jpg,已下载,
岳阳君山岛,岳阳市,湖南,携程Trip景点页,岳阳君山岛 岳阳市,attraction,君山島景區-碑廊,Yueyang · Hunan · China,https://us.trip.com/travel-guide/attraction/yueyang/city-140786160/,2,https://ak-d.tripcdn.com/images/0106g12000d0uamxe553E.jpg,D:\wzb\codex\data\全国旅游数据整合_2026-03-24\平台景点照片\携程Trip\湖南\岳阳市\岳阳君山岛\trip_02.jpg,已下载,
岳阳楼,岳阳市,湖南,携程Trip景点页,岳阳楼 岳阳市,attraction,Yue Yang Tower(嶽陽樓景區),Yueyang · Hunan · China,https://us.trip.com/travel-guide/attraction/yueyang/yue-yang-tower-78417/,1,https://ak-d.tripcdn.com/images/0105e12000nu6s6efECF4.jpg,D:\wzb\codex\data\全国旅游数据整合_2026-03-24\平台景点照片\携程Trip\湖南\岳阳市\岳阳楼\trip_01.jpg,已下载,
岳阳楼,岳阳市,湖南,携程Trip景点页,岳阳楼 岳阳市,attraction,Yue Yang Tower(嶽陽樓景區),Yueyang · Hunan · China,https://us.trip.com/travel-guide/attraction/yueyang/yue-yang-tower-78417/,2,https://ak-d.tripcdn.com/images/0106g12000d0uamxe553E.jpg,D:\wzb\codex\data\全国旅游数据整合_2026-03-24\平台景点照片\携程Trip\湖南\岳阳市\岳阳楼\trip_02.jpg,已下载,
岳麓山,长沙市,湖南,携程Trip景点页,岳麓山 长沙市,attraction,Mount Yuelu(嶽麓山),Changsha · Hunan · China,https://us.trip.com/travel-guide/attraction/changsha/mount-yuelu-77605/,1,https://ak-d.tripcdn.com/images/0103o120005pr19sjA7F7.jpg,D:\wzb\codex\data\全国旅游数据整合_2026-03-24\平台景点照片\携程Trip\湖南\长沙市\岳麓山\trip_01.jpg,已下载,
岳麓山,长沙市,湖南,携程Trip景点页,岳麓山 长沙市,attraction,Mount Yuelu(嶽麓山),Changsha · Hunan · China,https://us.trip.com/travel-guide/attraction/changsha/mount-yuelu-77605/,2,https://ak-d.tripcdn.com/images/0102w12000hxmbahsCCAE.jpg,D:\wzb\codex\data\全国旅游数据整合_2026-03-24\平台景点照片\携程Trip\湖南\长沙市\岳麓山\trip_02.jpg,已下载,
峨眉山,乐山市,四川,携程Trip景点页,峨眉山 乐山市,attraction,Mount Emei(峨眉山),Emeishan City · Leshan · Sichuan · China,https://us.trip.com/travel-guide/attraction/emeishan-city/mount-emei-91796/,1,https://ak-d.tripcdn.com/images/010511200087crk19504B.jpg,D:\wzb\codex\data\全国旅游数据整合_2026-03-24\平台景点照片\携程Trip\四川\乐山市\峨眉山\trip_01.jpg,已下载,
峨眉山,乐山市,四川,携程Trip景点页,峨眉山 乐山市,attraction,Mount Emei(峨眉山),Emeishan City · Leshan · Sichuan · China,https://us.trip.com/travel-guide/attraction/emeishan-city/mount-emei-91796/,2,https://ak-d.tripcdn.com/images/1lo1e12000m1xq72xA4B8.jpg,D:\wzb\codex\data\全国旅游数据整合_2026-03-24\平台景点照片\携程Trip\四川\乐山市\峨眉山\trip_02.jpg,已下载,
崀山,邵阳市,湖南,携程Trip景点页,崀山 邵阳市,attraction,崀山,Xinning · Shaoyang · Hunan · China,https://us.trip.com/travel-guide/attraction/xinning/city-150378243/,1,https://ak-d.tripcdn.com/images/100f0w000000k5gtwA233.jpg,D:\wzb\codex\data\全国旅游数据整合_2026-03-24\平台景点照片\携程Trip\湖南\邵阳市\崀山\trip_01.jpg,已下载,
崀山,邵阳市,湖南,携程Trip景点页,崀山 邵阳市,attraction,崀山,Xinning · Shaoyang · Hunan · China,https://us.trip.com/travel-guide/attraction/xinning/city-150378243/,2,https://ak-d.tripcdn.com/images/1lo4s12000dbo9756321C.jpg,D:\wzb\codex\data\全国旅游数据整合_2026-03-24\平台景点照片\携程Trip\湖南\邵阳市\崀山\trip_02.jpg,已下载,
崂山,青岛市,山东,携程Trip景点页,崂山 青岛市,attraction,Laoshan Scenic Spot,Qingdao · Shandong · China,https://us.trip.com/travel-guide/attraction/qingdao/laoshan-scenic-spot-85745/,1,https://ak-d.tripcdn.com/images/0104n12000loeq6o9FDA8.jpg,D:\wzb\codex\data\全国旅游数据整合_2026-03-24\平台景点照片\携程Trip\山东\青岛市\崂山\trip_01.jpg,已下载,
崂山,青岛市,山东,携程Trip景点页,崂山 青岛市,attraction,Laoshan Scenic Spot,Qingdao · Shandong · China,https://us.trip.com/travel-guide/attraction/qingdao/laoshan-scenic-spot-85745/,2,https://ak-d.tripcdn.com/images/01021120008upk8mn9E3E.jpg,D:\wzb\codex\data\全国旅游数据整合_2026-03-24\平台景点照片\携程Trip\山东\青岛市\崂山\trip_02.jpg,已下载,
崇圣寺三塔,大理州,云南,携程Trip景点页,崇圣寺三塔 大理州,attraction,The Chongsheng Temple And The Three-Pagoda Culture Tourist Area(崇聖寺三塔文化旅遊區),Dali City · Dali Prefecture · Yunnan · China,https://us.trip.com/travel-guide/attraction/dali-city/the-chongsheng-temple-and-the-three-pagoda-culture-tourist-area-75915/,1,https://ak-d.tripcdn.com/images/1A0t1f000001g47by6723.jpg,D:\wzb\codex\data\全国旅游数据整合_2026-03-24\平台景点照片\携程Trip\云南\大理州\崇圣寺三塔\trip_01.jpg,已下载,
崇圣寺三塔,大理州,云南,携程Trip景点页,崇圣寺三塔 大理州,attraction,The Chongsheng Temple And The Three-Pagoda Culture Tourist Area(崇聖寺三塔文化旅遊區),Dali City · Dali Prefecture · Yunnan · China,https://us.trip.com/travel-guide/attraction/dali-city/the-chongsheng-temple-and-the-three-pagoda-culture-tourist-area-75915/,2,https://ak-d.tripcdn.com/images/1lo6n12000l3438lkEE08.jpg,D:\wzb\codex\data\全国旅游数据整合_2026-03-24\平台景点照片\携程Trip\云南\大理州\崇圣寺三塔\trip_02.jpg,已下载,
嵖岈山,驻马店市,河南,携程Trip景点页,嵖岈山 驻马店市,attraction,古泉山房,Zhumadian · Henan · China,https://us.trip.com/travel-guide/attraction/zhumadian/city-154086396/,1,https://ak-d.tripcdn.com/images/1lo0f12000izpfdioAAD2.jpg,D:\wzb\codex\data\全国旅游数据整合_2026-03-24\平台景点照片\携程Trip\河南\驻马店市\嵖岈山\trip_01.jpg,已下载,
嵖岈山,驻马店市,河南,携程Trip景点页,嵖岈山 驻马店市,attraction,古泉山房,Zhumadian · Henan · China,https://us.trip.com/travel-guide/attraction/zhumadian/city-154086396/,2,https://ak-d.tripcdn.com/images/100j1c000001dt3f7C76D.jpg,D:\wzb\codex\data\全国旅游数据整合_2026-03-24\平台景点照片\携程Trip\河南\驻马店市\嵖岈山\trip_02.jpg,已下载,
巢湖,合肥市,安徽,携程Trip景点页,巢湖 合肥市,attraction,合肥小洱海,Chaohu · Hefei · Anhui · China,https://us.trip.com/travel-guide/attraction/chaohu/city-150475517/,1,https://ak-d.tripcdn.com/images/1lo3x12000rglrvuiADA8.jpg,D:\wzb\codex\data\全国旅游数据整合_2026-03-24\平台景点照片\携程Trip\安徽\合肥市\巢湖\trip_01.jpg,已下载,
巢湖,合肥市,安徽,携程Trip景点页,巢湖 合肥市,attraction,合肥小洱海,Chaohu · Hefei · Anhui · China,https://us.trip.com/travel-guide/attraction/chaohu/city-150475517/,2,https://ak-d.tripcdn.com/images/0103s12000i0lcg8tD6B7.jpg,D:\wzb\codex\data\全国旅游数据整合_2026-03-24\平台景点照片\携程Trip\安徽\合肥市\巢湖\trip_02.jpg,已下载,
常家庄园,晋中市,山西,携程Trip景点页,常家庄园 晋中市,attraction,The Mansion of the Changs(常家莊園),Jinzhong · Shanxi · China,https://us.trip.com/travel-guide/attraction/jinzhong/the-mansion-of-the-changs-89568/,1,https://ak-d.tripcdn.com/images/0106t12000a434k2hB478.jpg,D:\wzb\codex\data\全国旅游数据整合_2026-03-24\平台景点照片\携程Trip\山西\晋中市\常家庄园\trip_01.jpg,已下载,
常家庄园,晋中市,山西,携程Trip景点页,常家庄园 晋中市,attraction,The Mansion of the Changs(常家莊園),Jinzhong · Shanxi · China,https://us.trip.com/travel-guide/attraction/jinzhong/the-mansion-of-the-changs-89568/,2,https://ak-d.tripcdn.com/images/100u1f000001gq9bh9986.jpg,D:\wzb\codex\data\全国旅游数据整合_2026-03-24\平台景点照片\携程Trip\山西\晋中市\常家庄园\trip_02.jpg,已下载,
常州中华恐龙园,常州市,江苏,携程Trip景点页,常州中华恐龙园 常州市,attraction,常州中華恐龍園店,Changzhou · Jiangsu · China,https://us.trip.com/travel-guide/attraction/changzhou/city-150206312/,1,https://ak-d.tripcdn.com/images/1lo6w12000pnbb95j6A56.jpg,D:\wzb\codex\data\全国旅游数据整合_2026-03-24\平台景点照片\携程Trip\江苏\常州市\常州中华恐龙园\trip_01.jpg,已下载,
常州中华恐龙园,常州市,江苏,携程Trip景点页,常州中华恐龙园 常州市,attraction,常州中華恐龍園店,Changzhou · Jiangsu · China,https://us.trip.com/travel-guide/attraction/changzhou/city-150206312/,2,https://ak-d.tripcdn.com/images/1A0g13000000tf0316A4E.jpg,D:\wzb\codex\data\全国旅游数据整合_2026-03-24\平台景点照片\携程Trip\江苏\常州市\常州中华恐龙园\trip_02.jpg,已下载,
平遥古城,晋中市,山西,携程Trip景点页,平遥古城 晋中市,attraction,Pingyao Ancient City(平遙古城),Pingyao County · Jinzhong · Shanxi · China,https://us.trip.com/travel-guide/attraction/pingyao-county/pingyao-ancient-city-94760/,1,https://ak-d.tripcdn.com/images/10030z000000nhyjb0865.jpg,D:\wzb\codex\data\全国旅游数据整合_2026-03-24\平台景点照片\携程Trip\山西\晋中市\平遥古城\trip_01.jpg,已下载,
平遥古城,晋中市,山西,携程Trip景点页,平遥古城 晋中市,attraction,Pingyao Ancient City(平遙古城),Pingyao County · Jinzhong · Shanxi · China,https://us.trip.com/travel-guide/attraction/pingyao-county/pingyao-ancient-city-94760/,2,https://ak-d.tripcdn.com/images/350b0v000000jnhps027E.jpg,D:\wzb\codex\data\全国旅游数据整合_2026-03-24\平台景点照片\携程Trip\山西\晋中市\平遥古城\trip_02.jpg,已下载,
广州塔,广州市,广东,携程Trip景点页,广州塔 广州市,attraction,Canton Tower(廣州塔),Guangzhou · Guangdong · China,https://us.trip.com/travel-guide/attraction/guangzhou/canton-tower-90706/,1,https://ak-d.tripcdn.com/images/1lo1b12000lkwgnsr5B70.jpg,D:\wzb\codex\data\全国旅游数据整合_2026-03-24\平台景点照片\携程Trip\广东\广州市\广州塔\trip_01.jpg,已下载,
广州塔,广州市,广东,携程Trip景点页,广州塔 广州市,attraction,Canton Tower(廣州塔),Guangzhou · Guangdong · China,https://us.trip.com/travel-guide/attraction/guangzhou/canton-tower-90706/,2,https://ak-d.tripcdn.com/images/0102212000f6tvovl4925.jpg,D:\wzb\codex\data\全国旅游数据整合_2026-03-24\平台景点照片\携程Trip\广东\广州市\广州塔\trip_02.jpg,已下载,
广州长隆旅游度假区,广州市,广东,携程Trip景点页,广州长隆旅游度假区 广州市,attraction,廣州番禺長隆野生動物世界-乘車遊覽區,Guangzhou · Guangdong · China,https://us.trip.com/travel-guide/attraction/guangzhou/city-143734390/,1,https://ak-d.tripcdn.com/images/1lo1b12000lkwgnsr5B70.jpg,D:\wzb\codex\data\全国旅游数据整合_2026-03-24\平台景点照片\携程Trip\广东\广州市\广州长隆旅游度假区\trip_01.jpg,已下载,
广州长隆旅游度假区,广州市,广东,携程Trip景点页,广州长隆旅游度假区 广州市,attraction,廣州番禺長隆野生動物世界-乘車遊覽區,Guangzhou · Guangdong · China,https://us.trip.com/travel-guide/attraction/guangzhou/city-143734390/,2,https://ak-d.tripcdn.com/images/0102212000f6tvovl4925.jpg,D:\wzb\codex\data\全国旅游数据整合_2026-03-24\平台景点照片\携程Trip\广东\广州市\广州长隆旅游度假区\trip_02.jpg,已下载,
广府古城,邯郸市,河北,携程Trip景点页,广府古城 邯郸市,attraction,Guangfu Ancient Town(廣府古城),Handan · Hebei · China,https://us.trip.com/travel-guide/attraction/handan/guangfu-ancient-town-87853/,1,https://ak-d.tripcdn.com/images/0106x12000j11tkza2B8C.jpg,D:\wzb\codex\data\全国旅游数据整合_2026-03-24\平台景点照片\携程Trip\河北\邯郸市\广府古城\trip_01.jpg,已下载,
广府古城,邯郸市,河北,携程Trip景点页,广府古城 邯郸市,attraction,Guangfu Ancient Town(廣府古城),Handan · Hebei · China,https://us.trip.com/travel-guide/attraction/handan/guangfu-ancient-town-87853/,2,https://ak-d.tripcdn.com/images/0101b12000islk5buC6BA.jpg,D:\wzb\codex\data\全国旅游数据整合_2026-03-24\平台景点照片\携程Trip\河北\邯郸市\广府古城\trip_02.jpg,已下载,
庐山,九江市,江西,携程Trip景点页,庐山 九江市,attraction,廬山松,Lushan City · Jiujiang · Jiangxi · China,https://us.trip.com/travel-guide/attraction/lushan-city/city-145292861/,1,https://ak-d.tripcdn.com/images/10021f000001gxelv1DD4.jpg,D:\wzb\codex\data\全国旅游数据整合_2026-03-24\平台景点照片\携程Trip\江西\九江市\庐山\trip_01.jpg,已下载,
庐山,九江市,江西,携程Trip景点页,庐山 九江市,attraction,廬山松,Lushan City · Jiujiang · Jiangxi · China,https://us.trip.com/travel-guide/attraction/lushan-city/city-145292861/,2,https://ak-d.tripcdn.com/images/0102j12000h0n6gb04936.jpg,D:\wzb\codex\data\全国旅游数据整合_2026-03-24\平台景点照片\携程Trip\江西\九江市\庐山\trip_02.jpg,已下载,
廊坊天下第一城,廊坊市,河北,携程Trip景点页,天下第一城,attraction,The No.1 Seawall on Earth(天下第一城塘),Ningbo · Zhejiang · China,https://us.trip.com/travel-guide/attraction/ningbo/the-no1-seawall-on-earth-144147300/,1,https://ak-d.tripcdn.com/images/1lo4e12000j5ijxnhE969.jpg,D:\wzb\codex\data\全国旅游数据整合_2026-03-24\平台景点照片\携程Trip\河北\廊坊市\廊坊天下第一城\trip_01.jpg,已下载,
廊坊天下第一城,廊坊市,河北,携程Trip景点页,天下第一城,attraction,The No.1 Seawall on Earth(天下第一城塘),Ningbo · Zhejiang · China,https://us.trip.com/travel-guide/attraction/ningbo/the-no1-seawall-on-earth-144147300/,2,https://ak-d.tripcdn.com/images/0100412000lgnkwcu7CA2.jpg,D:\wzb\codex\data\全国旅游数据整合_2026-03-24\平台景点照片\携程Trip\河北\廊坊市\廊坊天下第一城\trip_02.jpg,已下载,
延安革命纪念馆,延安市,陕西,携程Trip景点页,延安革命纪念馆 延安市,attraction,Yan'an Revolution Memorial Hall(延安革命紀念館),Yan'an · Shaanxi · China,https://us.trip.com/travel-guide/attraction/yan-an/yan-an-revolution-memorial-hall-79228/,1,https://ak-d.tripcdn.com/images/350a1700000136icz49CF.jpg,D:\wzb\codex\data\全国旅游数据整合_2026-03-24\平台景点照片\携程Trip\陕西\延安市\延安革命纪念馆\trip_01.jpg,已下载,
延安革命纪念馆,延安市,陕西,携程Trip景点页,延安革命纪念馆 延安市,attraction,Yan'an Revolution Memorial Hall(延安革命紀念館),Yan'an · Shaanxi · China,https://us.trip.com/travel-guide/attraction/yan-an/yan-an-revolution-memorial-hall-79228/,2,https://ak-d.tripcdn.com/images/10070z000000nwnpp8AB8.jpg,D:\wzb\codex\data\全国旅游数据整合_2026-03-24\平台景点照片\携程Trip\陕西\延安市\延安革命纪念馆\trip_02.jpg,已下载,
延边朝鲜族民俗园,延边州,吉林,携程Trip景点页,延边朝鲜族民俗园 吉林,attraction,Korean Folk Village(中國朝鮮族民俗園),Yanji · Yanbian · Jilin · China,https://us.trip.com/travel-guide/attraction/yanji/korean-folk-village-32434550/,1,https://ak-d.tripcdn.com/images/0104z120009ucrmqt66DF.jpg,D:\wzb\codex\data\全国旅游数据整合_2026-03-24\平台景点照片\携程Trip\吉林\延边州\延边朝鲜族民俗园\trip_01.jpg,已下载,
延边朝鲜族民俗园,延边州,吉林,携程Trip景点页,延边朝鲜族民俗园 吉林,attraction,Korean Folk Village(中國朝鮮族民俗園),Yanji · Yanbian · Jilin · China,https://us.trip.com/travel-guide/attraction/yanji/korean-folk-village-32434550/,2,https://ak-d.tripcdn.com/images/0105v120008d99mgt54EC.jpg,D:\wzb\codex\data\全国旅游数据整合_2026-03-24\平台景点照片\携程Trip\吉林\延边州\延边朝鲜族民俗园\trip_02.jpg,已下载,
建水古城,红河州,云南,携程Trip景点页,建水古城 云南,attraction,Jianshui Ancient City(建水古城),Jianshui · Honghe · Yunnan · China,https://us.trip.com/travel-guide/attraction/jianshui/jianshui-ancient-city-79720/,1,https://ak-d.tripcdn.com/images/100c0z000000mn1tgF1A9.jpg,D:\wzb\codex\data\全国旅游数据整合_2026-03-24\平台景点照片\携程Trip\云南\红河州\建水古城\trip_01.jpg,已下载,
建水古城,红河州,云南,携程Trip景点页,建水古城 云南,attraction,Jianshui Ancient City(建水古城),Jianshui · Honghe · Yunnan · China,https://us.trip.com/travel-guide/attraction/jianshui/jianshui-ancient-city-79720/,2,https://ak-d.tripcdn.com/images/1lo2j12000eglyv48406D.jpg,D:\wzb\codex\data\全国旅游数据整合_2026-03-24\平台景点照片\携程Trip\云南\红河州\建水古城\trip_02.jpg,已下载,
开封府,开封市,河南,携程Trip景点页,开封府 开封市,attraction,Kaifeng Fu (Kaifeng Palace)(開封府),Kaifeng · Henan · China,https://us.trip.com/travel-guide/attraction/kaifeng/kaifeng-fu-10758474/,1,https://ak-d.tripcdn.com/images/100s0z000000nrpwy7C2A.jpg,D:\wzb\codex\data\全国旅游数据整合_2026-03-24\平台景点照片\携程Trip\河南\开封市\开封府\trip_01.jpg,已下载,
开封府,开封市,河南,携程Trip景点页,开封府 开封市,attraction,Kaifeng Fu (Kaifeng Palace)(開封府),Kaifeng · Henan · China,https://us.trip.com/travel-guide/attraction/kaifeng/kaifeng-fu-10758474/,2,https://ak-d.tripcdn.com/images/1lo0h12000k39ugdd5AD7.jpg,D:\wzb\codex\data\全国旅游数据整合_2026-03-24\平台景点照片\携程Trip\河南\开封市\开封府\trip_02.jpg,已下载,
开平碉楼,江门市,广东,携程Trip景点页,开平碉楼 江门市,attraction,開平碉樓與村落-開平花水寨,Kaiping · Jiangmen · Guangdong · China,https://us.trip.com/travel-guide/attraction/kaiping/city-143304296/,1,https://ak-d.tripcdn.com/images/0100n12000nlucqp18C5B.jpg,D:\wzb\codex\data\全国旅游数据整合_2026-03-24\平台景点照片\携程Trip\广东\江门市\开平碉楼\trip_01.jpg,已下载,
开平碉楼,江门市,广东,携程Trip景点页,开平碉楼 江门市,attraction,開平碉樓與村落-開平花水寨,Kaiping · Jiangmen · Guangdong · China,https://us.trip.com/travel-guide/attraction/kaiping/city-143304296/,2,https://ak-d.tripcdn.com/images/01055120008h51rjx4786.jpg,D:\wzb\codex\data\全国旅游数据整合_2026-03-24\平台景点照片\携程Trip\广东\江门市\开平碉楼\trip_02.jpg,已下载,
张家口大境门,张家口市,河北,携程Trip景点页,张家口大境门 张家口市,attraction,大境門景區-關岳廟,Zhangjiakou · Hebei · China,https://us.trip.com/travel-guide/attraction/zhangjiakou/city-148719801/,1,https://ak-d.tripcdn.com/images/010721200095xugi8FBF3.jpg,D:\wzb\codex\data\全国旅游数据整合_2026-03-24\平台景点照片\携程Trip\河北\张家口市\张家口大境门\trip_01.jpg,已下载,
张家口大境门,张家口市,河北,携程Trip景点页,张家口大境门 张家口市,attraction,大境門景區-關岳廟,Zhangjiakou · Hebei · China,https://us.trip.com/travel-guide/attraction/zhangjiakou/city-148719801/,2,https://ak-d.tripcdn.com/images/1lo5112000lrtktpuCDB0.jpg,D:\wzb\codex\data\全国旅游数据整合_2026-03-24\平台景点照片\携程Trip\河北\张家口市\张家口大境门\trip_02.jpg,已下载,
张家界武陵源,张家界市,湖南,携程Trip景点页,张家界武陵源 张家界市,attraction,Zhangjiajie National Forest Park(張家界國家森林公園),Zhangjiajie · Hunan · China,https://us.trip.com/travel-guide/attraction/zhangjiajie/zhangjiajie-national-forest-park-10559092/,1,https://ak-d.tripcdn.com/images/0106q12000f6turu2F806.jpg,D:\wzb\codex\data\全国旅游数据整合_2026-03-24\平台景点照片\携程Trip\湖南\张家界市\张家界武陵源\trip_01.jpg,已下载,
张家界武陵源,张家界市,湖南,携程Trip景点页,张家界武陵源 张家界市,attraction,Zhangjiajie National Forest Park(張家界國家森林公園),Zhangjiajie · Hunan · China,https://us.trip.com/travel-guide/attraction/zhangjiajie/zhangjiajie-national-forest-park-10559092/,2,https://ak-d.tripcdn.com/images/0103x12000lgqckyt5EE5.jpg,D:\wzb\codex\data\全国旅游数据整合_2026-03-24\平台景点照片\携程Trip\湖南\张家界市\张家界武陵源\trip_02.jpg,已下载,
徐州云龙湖,徐州市,江苏,携程Trip景点页,徐州云龙湖 徐州市,attraction,徐州雲龍湖風景區-觀景亭,Xuzhou · Jiangsu · China,https://us.trip.com/travel-guide/attraction/xuzhou/city-145466647/,1,https://ak-d.tripcdn.com/images/100w0z000000mtexh795C.jpg,D:\wzb\codex\data\全国旅游数据整合_2026-03-24\平台景点照片\携程Trip\江苏\徐州市\徐州云龙湖\trip_01.jpg,已下载,
徐州云龙湖,徐州市,江苏,携程Trip景点页,徐州云龙湖 徐州市,attraction,徐州雲龍湖風景區-觀景亭,Xuzhou · Jiangsu · China,https://us.trip.com/travel-guide/attraction/xuzhou/city-145466647/,2,https://ak-d.tripcdn.com/images/0100y12000i04x6du83BF.jpg,D:\wzb\codex\data\全国旅游数据整合_2026-03-24\平台景点照片\携程Trip\江苏\徐州市\徐州云龙湖\trip_02.jpg,已下载,
德天瀑布,崇左市,广西,携程Trip景点页,德天瀑布 崇左市,attraction,Detian Transnational Waterfall Scenic Spot(德天跨國大瀑佈),Daxin · Chongzuo · Guangxi · China,https://us.trip.com/travel-guide/attraction/daxin/detian-transnational-waterfall-scenic-spot-77487/,1,https://ak-d.tripcdn.com/images/0105h12000now8gvl237F.jpg,D:\wzb\codex\data\全国旅游数据整合_2026-03-24\平台景点照片\携程Trip\广西\崇左市\德天瀑布\trip_01.jpg,已下载,
德天瀑布,崇左市,广西,携程Trip景点页,德天瀑布 崇左市,attraction,Detian Transnational Waterfall Scenic Spot(德天跨國大瀑佈),Daxin · Chongzuo · Guangxi · China,https://us.trip.com/travel-guide/attraction/daxin/detian-transnational-waterfall-scenic-spot-77487/,2,https://ak-d.tripcdn.com/images/0100212000iztlo9f0873.jpg,D:\wzb\codex\data\全国旅游数据整合_2026-03-24\平台景点照片\携程Trip\广西\崇左市\德天瀑布\trip_02.jpg,已下载,
德夯大峡谷,湘西州,湖南,携程Trip景点页,德夯大峡谷 湘西州,attraction,Dehang Canyon(德夯大峽谷),Jishou · Xiangxi Prefecture · Hunan · China,https://us.trip.com/travel-guide/attraction/jishou/dehang-canyon-79563/,1,https://ak-d.tripcdn.com/images/1A0q1700000118gee3001.jpg,D:\wzb\codex\data\全国旅游数据整合_2026-03-24\平台景点照片\携程Trip\湖南\湘西州\德夯大峡谷\trip_01.jpg,已下载,
德夯大峡谷,湘西州,湖南,携程Trip景点页,德夯大峡谷 湘西州,attraction,Dehang Canyon(德夯大峽谷),Jishou · Xiangxi Prefecture · Hunan · China,https://us.trip.com/travel-guide/attraction/jishou/dehang-canyon-79563/,2,https://ak-d.tripcdn.com/images/1lo1912000dkbbp6i55E0.jpg,D:\wzb\codex\data\全国旅游数据整合_2026-03-24\平台景点照片\携程Trip\湖南\湘西州\德夯大峡谷\trip_02.jpg,已下载,
德州太阳谷,德州市,山东,携程Trip景点页,德州太阳谷 德州市,attraction,德州市太陽谷高爾夫球練習場,Dezhou · Shandong · China,https://us.trip.com/travel-guide/attraction/dezhou/city-80177882/,1,https://ak-d.tripcdn.com/images/0104412000axba6il8702.jpg,D:\wzb\codex\data\全国旅游数据整合_2026-03-24\平台景点照片\携程Trip\山东\德州市\德州太阳谷\trip_01.jpg,已下载,
德州太阳谷,德州市,山东,携程Trip景点页,德州太阳谷 德州市,attraction,德州市太陽谷高爾夫球練習場,Dezhou · Shandong · China,https://us.trip.com/travel-guide/attraction/dezhou/city-80177882/,2,https://ak-d.tripcdn.com/images/0103x12000f6qkwmk047B.jpg,D:\wzb\codex\data\全国旅游数据整合_2026-03-24\平台景点照片\携程Trip\山东\德州市\德州太阳谷\trip_02.jpg,已下载,
恩施大峡谷,恩施州,湖北,携程Trip景点页,恩施大峡谷 恩施州,attraction,Enshi Grand Canyon Scenic Area(恩施大峽谷),Enshi City · Enshi Prefecture · Hubei · China,https://us.trip.com/travel-guide/attraction/enshi-city/enshi-grand-canyon-scenic-area-83835/,1,https://ak-d.tripcdn.com/images/01022120008xunyvk31A1.jpg,D:\wzb\codex\data\全国旅游数据整合_2026-03-24\平台景点照片\携程Trip\湖北\恩施州\恩施大峡谷\trip_01.jpg,已下载,
恩施大峡谷,恩施州,湖北,携程Trip景点页,恩施大峡谷 恩施州,attraction,Enshi Grand Canyon Scenic Area(恩施大峽谷),Enshi City · Enshi Prefecture · Hubei · China,https://us.trip.com/travel-guide/attraction/enshi-city/enshi-grand-canyon-scenic-area-83835/,2,https://ak-d.tripcdn.com/images/0101n12000f6qwoa8296A.jpg,D:\wzb\codex\data\全国旅游数据整合_2026-03-24\平台景点照片\携程Trip\湖北\恩施州\恩施大峡谷\trip_02.jpg,已下载,
恭王府,北京市,北京,携程Trip景点页,恭王府 北京市,attraction,Prince Kung's Palace Museum(恭王府),Beijing · China,https://us.trip.com/travel-guide/attraction/beijing/prince-kung-s-palace-museum-76613/,1,https://ak-d.tripcdn.com/images/010671200087d4o7zEA88.jpg,D:\wzb\codex\data\全国旅游数据整合_2026-03-24\平台景点照片\携程Trip\北京\北京市\恭王府\trip_01.jpg,已下载,
恭王府,北京市,北京,携程Trip景点页,恭王府 北京市,attraction,Prince Kung's Palace Museum(恭王府),Beijing · China,https://us.trip.com/travel-guide/attraction/beijing/prince-kung-s-palace-museum-76613/,2,https://ak-d.tripcdn.com/images/0102y12000hxkc5n61AF4.jpg,D:\wzb\codex\data\全国旅游数据整合_2026-03-24\平台景点照片\携程Trip\北京\北京市\恭王府\trip_02.jpg,已下载,
悬空寺,大同市,山西,携程Trip景点页,悬空寺 大同市,attraction,Xuankong Temple(懸空寺),Hunyuan · Datong · Shanxi · China,https://us.trip.com/travel-guide/attraction/hunyuan/xuankong-temple-79850/,1,https://ak-d.tripcdn.com/images/100h1a00000193gr3836B.jpg,D:\wzb\codex\data\全国旅游数据整合_2026-03-24\平台景点照片\携程Trip\山西\大同市\悬空寺\trip_01.jpg,已下载,
悬空寺,大同市,山西,携程Trip景点页,悬空寺 大同市,attraction,Xuankong Temple(懸空寺),Hunyuan · Datong · Shanxi · China,https://us.trip.com/travel-guide/attraction/hunyuan/xuankong-temple-79850/,2,https://ak-d.tripcdn.com/images/100q10000000pcgdl8B65.jpg,D:\wzb\codex\data\全国旅游数据整合_2026-03-24\平台景点照片\携程Trip\山西\大同市\悬空寺\trip_02.jpg,已下载,
惠州西湖,惠州市,广东,携程Trip景点页,惠州西湖 惠州市,attraction,Huizhou West Lake(惠州西湖),Huizhou · Guangdong · China,https://us.trip.com/travel-guide/attraction/huizhou/huizhou-west-lake-81232/,1,https://ak-d.tripcdn.com/images/0101y12000rr5jtfmB4FE.jpg,D:\wzb\codex\data\全国旅游数据整合_2026-03-24\平台景点照片\携程Trip\广东\惠州市\惠州西湖\trip_01.jpg,已下载,
惠州西湖,惠州市,广东,携程Trip景点页,惠州西湖 惠州市,attraction,Huizhou West Lake(惠州西湖),Huizhou · Guangdong · China,https://us.trip.com/travel-guide/attraction/huizhou/huizhou-west-lake-81232/,2,https://ak-d.tripcdn.com/images/0100912000rmee6f58CAD.jpg,D:\wzb\codex\data\全国旅游数据整合_2026-03-24\平台景点照片\携程Trip\广东\惠州市\惠州西湖\trip_02.jpg,已下载,
慕田峪长城,北京市,北京,携程Trip景点页,慕田峪长城 北京市,attraction,Mutianyu Great Wall Cableway and Slideway(慕田峪長城索道滑道),Beijing · China,https://us.trip.com/travel-guide/attraction/beijing/mutianyu-great-wall-cableway-and-slideway-134063452/,1,https://ak-d.tripcdn.com/images/010671200087d4o7zEA88.jpg,D:\wzb\codex\data\全国旅游数据整合_2026-03-24\平台景点照片\携程Trip\北京\北京市\慕田峪长城\trip_01.jpg,已下载,
慕田峪长城,北京市,北京,携程Trip景点页,慕田峪长城 北京市,attraction,Mutianyu Great Wall Cableway and Slideway(慕田峪長城索道滑道),Beijing · China,https://us.trip.com/travel-guide/attraction/beijing/mutianyu-great-wall-cableway-and-slideway-134063452/,2,https://ak-d.tripcdn.com/images/0102y12000hxkc5n61AF4.jpg,D:\wzb\codex\data\全国旅游数据整合_2026-03-24\平台景点照片\携程Trip\北京\北京市\慕田峪长城\trip_02.jpg,已下载,
成都大熊猫繁育基地,成都市,四川,携程Trip景点页,成都大熊猫繁育基地 成都市,attraction,Chengdu Research Base of Giant Panda Breeding(成都大熊貓繁育研究基地),Chengdu · Sichuan · China,https://us.trip.com/travel-guide/attraction/chengdu/chengdu-research-base-of-giant-panda-breeding-76342/,1,https://ak-d.tripcdn.com/images/1A0e14000000wmh4a9B1D.jpg,D:\wzb\codex\data\全国旅游数据整合_2026-03-24\平台景点照片\携程Trip\四川\成都市\成都大熊猫繁育基地\trip_01.jpg,已下载,
成都大熊猫繁育基地,成都市,四川,携程Trip景点页,成都大熊猫繁育基地 成都市,attraction,Chengdu Research Base of Giant Panda Breeding(成都大熊貓繁育研究基地),Chengdu · Sichuan · China,https://us.trip.com/travel-guide/attraction/chengdu/chengdu-research-base-of-giant-panda-breeding-76342/,2,https://ak-d.tripcdn.com/images/0103n12000f6trha712AE.jpg,D:\wzb\codex\data\全国旅游数据整合_2026-03-24\平台景点照片\携程Trip\四川\成都市\成都大熊猫繁育基地\trip_02.jpg,已下载,
扎龙自然保护区,齐齐哈尔市,黑龙江,携程Trip景点页,扎龙自然保护区 齐齐哈尔市,attraction,Mengheyuan Park,Qiqihar · Heilongjiang · China,https://us.trip.com/travel-guide/attraction/qiqihar/mengheyuan-park-144115661/,1,https://ak-d.tripcdn.com/images/0102m12000j0d9ym9B455.jpg,D:\wzb\codex\data\全国旅游数据整合_2026-03-24\平台景点照片\携程Trip\黑龙江\齐齐哈尔市\扎龙自然保护区\trip_01.jpg,已下载,
扎龙自然保护区,齐齐哈尔市,黑龙江,携程Trip景点页,扎龙自然保护区 齐齐哈尔市,attraction,Mengheyuan Park,Qiqihar · Heilongjiang · China,https://us.trip.com/travel-guide/attraction/qiqihar/mengheyuan-park-144115661/,2,https://ak-d.tripcdn.com/images/0103c12000ikz5p1i251B.jpg,D:\wzb\codex\data\全国旅游数据整合_2026-03-24\平台景点照片\携程Trip\黑龙江\齐齐哈尔市\扎龙自然保护区\trip_02.jpg,已下载,
承德避暑山庄,承德市,河北,携程Trip景点页,承德避暑山庄 承德市,attraction,承德避暑山莊-一片雲,Chengde · Hebei · China,https://us.trip.com/travel-guide/attraction/chengde/city-56807605/,1,https://ak-d.tripcdn.com/images/100g0n000000e4g1o0F98.jpg,D:\wzb\codex\data\全国旅游数据整合_2026-03-24\平台景点照片\携程Trip\河北\承德市\承德避暑山庄\trip_01.jpg,已下载,
承德避暑山庄,承德市,河北,携程Trip景点页,承德避暑山庄 承德市,attraction,承德避暑山莊-一片雲,Chengde · Hebei · China,https://us.trip.com/travel-guide/attraction/chengde/city-56807605/,2,https://ak-d.tripcdn.com/images/0107012000h14v1vxF977.jpg,D:\wzb\codex\data\全国旅游数据整合_2026-03-24\平台景点照片\携程Trip\河北\承德市\承德避暑山庄\trip_02.jpg,已下载,
抚仙湖,玉溪市,云南,携程Trip景点页,抚仙湖 玉溪市,attraction,撫仙湖願望谷二號房車營地,Yuxi · Yunnan · China,https://us.trip.com/travel-guide/attraction/yuxi/city-148672576/,1,https://ak-d.tripcdn.com/images/0101712000l9f17290372.jpg,D:\wzb\codex\data\全国旅游数据整合_2026-03-24\平台景点照片\携程Trip\云南\玉溪市\抚仙湖\trip_01.jpg,已下载,
抚仙湖,玉溪市,云南,携程Trip景点页,抚仙湖 玉溪市,attraction,撫仙湖願望谷二號房車營地,Yuxi · Yunnan · China,https://us.trip.com/travel-guide/attraction/yuxi/city-148672576/,2,https://ak-d.tripcdn.com/images/0107312000hnrd27w482C.jpg,D:\wzb\codex\data\全国旅游数据整合_2026-03-24\平台景点照片\携程Trip\云南\玉溪市\抚仙湖\trip_02.jpg,已下载,
抚顺赫图阿拉城,抚顺市,辽宁,携程Trip景点页,抚顺赫图阿拉城 抚顺市,attraction,赫圖阿拉城-北城牆,Xinbin · Fushun · Liaoning · China,https://us.trip.com/travel-guide/attraction/xinbin/city-145211277/,1,https://ak-d.tripcdn.com/images/100k1f000001gug4i26EA.jpg,D:\wzb\codex\data\全国旅游数据整合_2026-03-24\平台景点照片\携程Trip\辽宁\抚顺市\抚顺赫图阿拉城\trip_01.jpg,已下载,
抚顺赫图阿拉城,抚顺市,辽宁,携程Trip景点页,抚顺赫图阿拉城 抚顺市,attraction,赫圖阿拉城-北城牆,Xinbin · Fushun · Liaoning · China,https://us.trip.com/travel-guide/attraction/xinbin/city-145211277/,2,https://ak-d.tripcdn.com/images/0103912000jpuxfvh5446.jpg,D:\wzb\codex\data\全国旅游数据整合_2026-03-24\平台景点照片\携程Trip\辽宁\抚顺市\抚顺赫图阿拉城\trip_02.jpg,已下载,
故宫博物院,北京市,北京,携程Trip景点页,故宫博物院 北京市,attraction,The Palace Museum(故宮博物院),Beijing · China,https://us.trip.com/travel-guide/attraction/beijing/the-palace-museum-75595/,1,https://ak-d.tripcdn.com/images/010671200087d4o7zEA88.jpg,D:\wzb\codex\data\全国旅游数据整合_2026-03-24\平台景点照片\携程Trip\北京\北京市\故宫博物院\trip_01.jpg,已下载,
故宫博物院,北京市,北京,携程Trip景点页,故宫博物院 北京市,attraction,The Palace Museum(故宮博物院),Beijing · China,https://us.trip.com/travel-guide/attraction/beijing/the-palace-museum-75595/,2,https://ak-d.tripcdn.com/images/0102y12000hxkc5n61AF4.jpg,D:\wzb\codex\data\全国旅游数据整合_2026-03-24\平台景点照片\携程Trip\北京\北京市\故宫博物院\trip_02.jpg,已下载,
文昌东郊椰林,文昌市,海南,携程Trip景点页,文昌东郊椰林 文昌市,attraction,East Suburb Coconut Forest Scenic Area,Wenchang · Hainan · China,https://us.trip.com/travel-guide/attraction/wenchang/east-suburb-coconut-forest-scenic-area-75953/,1,https://ak-d.tripcdn.com/images/350w11000000qtg598D0E.jpg,D:\wzb\codex\data\全国旅游数据整合_2026-03-24\平台景点照片\携程Trip\海南\文昌市\文昌东郊椰林\trip_01.jpg,已下载,
文昌东郊椰林,文昌市,海南,携程Trip景点页,文昌东郊椰林 文昌市,attraction,East Suburb Coconut Forest Scenic Area,Wenchang · Hainan · China,https://us.trip.com/travel-guide/attraction/wenchang/east-suburb-coconut-forest-scenic-area-75953/,2,https://ak-d.tripcdn.com/images/1lo4o12000qcy5sun1870.jpg,D:\wzb\codex\data\全国旅游数据整合_2026-03-24\平台景点照片\携程Trip\海南\文昌市\文昌东郊椰林\trip_02.jpg,已下载,
方特欢乐世界,芜湖市,安徽,携程Trip景点页,方特欢乐世界,attraction,Zhengzhou Fantawild Adventure(鄭州方特歡樂世界),Zhongmu · Zhengzhou · Henan · China,https://us.trip.com/travel-guide/attraction/zhongmu/zhengzhou-fantawild-adventure-97241/,1,https://ak-d.tripcdn.com/images/1lo6712000b9w9wqt3763.jpg,D:\wzb\codex\data\全国旅游数据整合_2026-03-24\平台景点照片\携程Trip\安徽\芜湖市\方特欢乐世界\trip_01.jpg,已下载,
方特欢乐世界,芜湖市,安徽,携程Trip景点页,方特欢乐世界,attraction,Zhengzhou Fantawild Adventure(鄭州方特歡樂世界),Zhongmu · Zhengzhou · Henan · China,https://us.trip.com/travel-guide/attraction/zhongmu/zhengzhou-fantawild-adventure-97241/,2,https://ak-d.tripcdn.com/images/0100112000ma956mv9CFD.jpg,D:\wzb\codex\data\全国旅游数据整合_2026-03-24\平台景点照片\携程Trip\安徽\芜湖市\方特欢乐世界\trip_02.jpg,已下载,
无锡影视基地,无锡市,江苏,携程Trip景点页,无锡影视基地 无锡市,attraction,中視傳媒無錫影視基地影視拍攝區,Wuxi · Jiangsu · China,https://us.trip.com/travel-guide/attraction/wuxi/city-145368594/,1,https://ak-d.tripcdn.com/images/1A0g13000000tf0316A4E.jpg,D:\wzb\codex\data\全国旅游数据整合_2026-03-24\平台景点照片\携程Trip\江苏\无锡市\无锡影视基地\trip_01.jpg,已下载,
无锡影视基地,无锡市,江苏,携程Trip景点页,无锡影视基地 无锡市,attraction,中視傳媒無錫影視基地影視拍攝區,Wuxi · Jiangsu · China,https://us.trip.com/travel-guide/attraction/wuxi/city-145368594/,2,https://ak-d.tripcdn.com/images/0100812000f6po93v9182.jpg,D:\wzb\codex\data\全国旅游数据整合_2026-03-24\平台景点照片\携程Trip\江苏\无锡市\无锡影视基地\trip_02.jpg,已下载,
日照海滨国家森林公园,日照市,山东,携程Trip景点页,日照海滨国家森林公园 日照市,attraction,Rizhao Coastal National Forest Park(日照海濱國家森林公園),Rizhao · Shandong · China,https://us.trip.com/travel-guide/attraction/rizhao/rizhao-coastal-national-forest-park-85775/,1,https://ak-d.tripcdn.com/images/1lo3g12000hslhb3k657F.jpg,D:\wzb\codex\data\全国旅游数据整合_2026-03-24\平台景点照片\携程Trip\山东\日照市\日照海滨国家森林公园\trip_01.jpg,已下载,
日照海滨国家森林公园,日照市,山东,携程Trip景点页,日照海滨国家森林公园 日照市,attraction,Rizhao Coastal National Forest Park(日照海濱國家森林公園),Rizhao · Shandong · China,https://us.trip.com/travel-guide/attraction/rizhao/rizhao-coastal-national-forest-park-85775/,2,https://ak-d.tripcdn.com/images/1lo2d12000ilwrpc5026D.png,D:\wzb\codex\data\全国旅游数据整合_2026-03-24\平台景点照片\携程Trip\山东\日照市\日照海滨国家森林公园\trip_02.png,已下载,
昆明世博园,昆明市,云南,携程Trip景点页,昆明世博园 昆明市,attraction,World Horti-Expo Garden(崑明世界園藝博覽園),Kunming · Yunnan · China,https://us.trip.com/travel-guide/attraction/kunming/world-horti-expo-garden-76757/,1,https://ak-d.tripcdn.com/images/0101712000l9f17290372.jpg,D:\wzb\codex\data\全国旅游数据整合_2026-03-24\平台景点照片\携程Trip\云南\昆明市\昆明世博园\trip_01.jpg,已下载,
昆明世博园,昆明市,云南,携程Trip景点页,昆明世博园 昆明市,attraction,World Horti-Expo Garden(崑明世界園藝博覽園),Kunming · Yunnan · China,https://us.trip.com/travel-guide/attraction/kunming/world-horti-expo-garden-76757/,2,https://ak-d.tripcdn.com/images/1lo0312000q7pam3l4961.jpg,D:\wzb\codex\data\全国旅游数据整合_2026-03-24\平台景点照片\携程Trip\云南\昆明市\昆明世博园\trip_02.jpg,已下载,
明月山,宜春市,江西,携程Trip景点页,明月山 宜春市,attraction,Mount Mingyue(宜春明月山旅遊區),Yichun · Jiangxi · China,https://us.trip.com/travel-guide/attraction/yichun/mount-mingyue-10758280/,1,https://ak-d.tripcdn.com/images/3503160000010rlwtCC36.jpg,D:\wzb\codex\data\全国旅游数据整合_2026-03-24\平台景点照片\携程Trip\江西\宜春市\明月山\trip_01.jpg,已下载,
明月山,宜春市,江西,携程Trip景点页,明月山 宜春市,attraction,Mount Mingyue(宜春明月山旅遊區),Yichun · Jiangxi · China,https://us.trip.com/travel-guide/attraction/yichun/mount-mingyue-10758280/,2,https://ak-d.tripcdn.com/images/0105a120009i0vvbxBE4F.jpg,D:\wzb\codex\data\全国旅游数据整合_2026-03-24\平台景点照片\携程Trip\江西\宜春市\明月山\trip_02.jpg,已下载,
明皇陵,滁州市,安徽,携程Trip景点页,明皇陵 滁州市,attraction,Fengyang Royal Mausoleum of the Ming Dynasty(明皇陵),Fengyang · Chuzhou · Anhui · China,https://us.trip.com/travel-guide/attraction/fengyang/fengyang-royal-mausoleum-of-the-ming-dynasty-79694/,1,https://ak-d.tripcdn.com/images/0105712000jgno97n14D9.jpg,D:\wzb\codex\data\全国旅游数据整合_2026-03-24\平台景点照片\携程Trip\安徽\滁州市\明皇陵\trip_01.jpg,已下载,
明皇陵,滁州市,安徽,携程Trip景点页,明皇陵 滁州市,attraction,Fengyang Royal Mausoleum of the Ming Dynasty(明皇陵),Fengyang · Chuzhou · Anhui · China,https://us.trip.com/travel-guide/attraction/fengyang/fengyang-royal-mausoleum-of-the-ming-dynasty-79694/,2,https://ak-d.tripcdn.com/images/100m1f000001gzndcD53B.jpg,D:\wzb\codex\data\全国旅游数据整合_2026-03-24\平台景点照片\携程Trip\安徽\滁州市\明皇陵\trip_02.jpg,已下载,
晋祠,太原市,山西,携程Trip景点页,晋祠 太原市,attraction,晉祠博物館-太原堂,Taiyuan · Shanxi · China,https://us.trip.com/travel-guide/attraction/taiyuan/city-145383598/,1,https://ak-d.tripcdn.com/images/0106t12000a434k2hB478.jpg,D:\wzb\codex\data\全国旅游数据整合_2026-03-24\平台景点照片\携程Trip\山西\太原市\晋祠\trip_01.jpg,已下载,
晋祠,太原市,山西,携程Trip景点页,晋祠 太原市,attraction,晉祠博物館-太原堂,Taiyuan · Shanxi · China,https://us.trip.com/travel-guide/attraction/taiyuan/city-145383598/,2,https://ak-d.tripcdn.com/images/100u1f000001gq9bh9986.jpg,D:\wzb\codex\data\全国旅游数据整合_2026-03-24\平台景点照片\携程Trip\山西\太原市\晋祠\trip_02.jpg,已下载,
普达措国家公园,迪庆州,云南,携程Trip景点页,普达措国家公园 云南,attraction,Potatso National Park(普達措國家公園),Shangri-La · Diqing · Yunnan · China,https://us.trip.com/travel-guide/attraction/shangri-la/potatso-national-park-85835/,1,https://ak-d.tripcdn.com/images/10020y000000m22ji5824.jpg,D:\wzb\codex\data\全国旅游数据整合_2026-03-24\平台景点照片\携程Trip\云南\迪庆州\普达措国家公园\trip_01.jpg,已下载,
普达措国家公园,迪庆州,云南,携程Trip景点页,普达措国家公园 云南,attraction,Potatso National Park(普達措國家公園),Shangri-La · Diqing · Yunnan · China,https://us.trip.com/travel-guide/attraction/shangri-la/potatso-national-park-85835/,2,https://ak-d.tripcdn.com/images/100d10000000omz6gF119.jpg,D:\wzb\codex\data\全国旅游数据整合_2026-03-24\平台景点照片\携程Trip\云南\迪庆州\普达措国家公园\trip_02.jpg,已下载,
普陀山,舟山市,浙江,携程Trip景点页,普陀山 舟山市,attraction,Putuo Mountain Scenic Area(普陀山風景區),Zhoushan · Zhejiang · China,https://us.trip.com/travel-guide/attraction/zhoushan/putuo-mountain-scenic-area-93331/,1,https://ak-d.tripcdn.com/images/1lo1x12000hs5hpa23BD0.jpg,D:\wzb\codex\data\全国旅游数据整合_2026-03-24\平台景点照片\携程Trip\浙江\舟山市\普陀山\trip_01.jpg,已下载,
普陀山,舟山市,浙江,携程Trip景点页,普陀山 舟山市,attraction,Putuo Mountain Scenic Area(普陀山風景區),Zhoushan · Zhejiang · China,https://us.trip.com/travel-guide/attraction/zhoushan/putuo-mountain-scenic-area-93331/,2,https://ak-d.tripcdn.com/images/0102p1200091q6hfnCB02.jpg,D:\wzb\codex\data\全国旅游数据整合_2026-03-24\平台景点照片\携程Trip\浙江\舟山市\普陀山\trip_02.jpg,已下载,
景德镇古窑,景德镇市,江西,携程Trip景点页,景德镇古窑 景德镇市,attraction,景德鎮古窯民俗博覽區-古井,Jingdezhen · Jiangxi · China,https://us.trip.com/travel-guide/attraction/jingdezhen/city-145493618/,1,https://ak-d.tripcdn.com/images/1lo3312000ppiwtg53E1A.jpg,D:\wzb\codex\data\全国旅游数据整合_2026-03-24\平台景点照片\携程Trip\江西\景德镇市\景德镇古窑\trip_01.jpg,已下载,
景德镇古窑,景德镇市,江西,携程Trip景点页,景德镇古窑 景德镇市,attraction,景德鎮古窯民俗博覽區-古井,Jingdezhen · Jiangxi · China,https://us.trip.com/travel-guide/attraction/jingdezhen/city-145493618/,2,https://ak-d.tripcdn.com/images/0101p12000rqbk2ws59B9.jpg,D:\wzb\codex\data\全国旅游数据整合_2026-03-24\平台景点照片\携程Trip\江西\景德镇市\景德镇古窑\trip_02.jpg,已下载,
景德镇陶瓷博物馆,景德镇市,江西,携程Trip景点页,景德镇陶瓷博物馆 景德镇市,attraction,Jingdezhen China Ceramics Museum(景德鎮中國陶瓷博物館),Jingdezhen · Jiangxi · China,https://us.trip.com/travel-guide/attraction/jingdezhen/jingdezhen-china-ceramics-museum-86625/,1,https://ak-d.tripcdn.com/images/1lo3312000ppiwtg53E1A.jpg,D:\wzb\codex\data\全国旅游数据整合_2026-03-24\平台景点照片\携程Trip\江西\景德镇市\景德镇陶瓷博物馆\trip_01.jpg,已下载,
景德镇陶瓷博物馆,景德镇市,江西,携程Trip景点页,景德镇陶瓷博物馆 景德镇市,attraction,Jingdezhen China Ceramics Museum(景德鎮中國陶瓷博物館),Jingdezhen · Jiangxi · China,https://us.trip.com/travel-guide/attraction/jingdezhen/jingdezhen-china-ceramics-museum-86625/,2,https://ak-d.tripcdn.com/images/0101p12000rqbk2ws59B9.jpg,D:\wzb\codex\data\全国旅游数据整合_2026-03-24\平台景点照片\携程Trip\江西\景德镇市\景德镇陶瓷博物馆\trip_02.jpg,已下载,
曲阜三孔,济宁市,山东,携程Trip景点页,曲阜三孔 济宁市,attraction,曲阜三孔景區-佛堂樓,Qufu · Jining · Shandong · China,https://us.trip.com/travel-guide/attraction/qufu/city-149972122/,1,https://ak-d.tripcdn.com/images/0101l120008ybqg3b01A2.jpg,D:\wzb\codex\data\全国旅游数据整合_2026-03-24\平台景点照片\携程Trip\山东\济宁市\曲阜三孔\trip_01.jpg,已下载,
曲阜三孔,济宁市,山东,携程Trip景点页,曲阜三孔 济宁市,attraction,曲阜三孔景區-佛堂樓,Qufu · Jining · Shandong · China,https://us.trip.com/travel-guide/attraction/qufu/city-149972122/,2,https://ak-d.tripcdn.com/images/350f1e000001eub998222.jpg,D:\wzb\codex\data\全国旅游数据整合_2026-03-24\平台景点照片\携程Trip\山东\济宁市\曲阜三孔\trip_02.jpg,已下载,
朝阳凤凰山,朝阳市,辽宁,携程Trip景点页,朝阳凤凰山 朝阳市,attraction,Chaoyang Phoenix Mountain(朝陽鳳凰山),Chaoyang · Liaoning · China,https://us.trip.com/travel-guide/attraction/chaoyang/chaoyang-phoenix-mountain-86653/,1,https://ak-d.tripcdn.com/images/0104c12000f6t3xdl0D79.jpg,D:\wzb\codex\data\全国旅游数据整合_2026-03-24\平台景点照片\携程Trip\辽宁\朝阳市\朝阳凤凰山\trip_01.jpg,已下载,
朝阳凤凰山,朝阳市,辽宁,携程Trip景点页,朝阳凤凰山 朝阳市,attraction,Chaoyang Phoenix Mountain(朝陽鳳凰山),Chaoyang · Liaoning · China,https://us.trip.com/travel-guide/attraction/chaoyang/chaoyang-phoenix-mountain-86653/,2,https://ak-d.tripcdn.com/images/0100b12000lxm92tk526F.jpg,D:\wzb\codex\data\全国旅游数据整合_2026-03-24\平台景点照片\携程Trip\辽宁\朝阳市\朝阳凤凰山\trip_02.jpg,已下载,
木兰文化生态旅游区,武汉市,湖北,携程Trip景点页,木兰文化生态旅游区 武汉市,attraction,武漢黃陂木蘭文化生態旅遊區-準提閣,Wuhan · Hubei · China,https://us.trip.com/travel-guide/attraction/wuhan/city-143738954/,1,https://ak-d.tripcdn.com/images/0104q1200087dqmasDFD3.jpg,D:\wzb\codex\data\全国旅游数据整合_2026-03-24\平台景点照片\携程Trip\湖北\武汉市\木兰文化生态旅游区\trip_01.jpg,已下载,
木兰文化生态旅游区,武汉市,湖北,携程Trip景点页,木兰文化生态旅游区 武汉市,attraction,武漢黃陂木蘭文化生態旅遊區-準提閣,Wuhan · Hubei · China,https://us.trip.com/travel-guide/attraction/wuhan/city-143738954/,2,https://ak-d.tripcdn.com/images/0103w12000hyg3apk3EBF.jpg,D:\wzb\codex\data\全国旅游数据整合_2026-03-24\平台景点照片\携程Trip\湖北\武汉市\木兰文化生态旅游区\trip_02.jpg,已下载,
本溪水洞,本溪市,辽宁,携程Trip景点页,本溪水洞 本溪市,attraction,Benxi Water Cave(本溪水洞),Benxi County · Benxi · Liaoning · China,https://us.trip.com/travel-guide/attraction/benxi-county/benxi-water-cave-79882/,1,https://ak-d.tripcdn.com/images/1lo6412000gk76ta7E6BB.jpg,D:\wzb\codex\data\全国旅游数据整合_2026-03-24\平台景点照片\携程Trip\辽宁\本溪市\本溪水洞\trip_01.jpg,已下载,
本溪水洞,本溪市,辽宁,携程Trip景点页,本溪水洞 本溪市,attraction,Benxi Water Cave(本溪水洞),Benxi County · Benxi · Liaoning · China,https://us.trip.com/travel-guide/attraction/benxi-county/benxi-water-cave-79882/,2,https://ak-d.tripcdn.com/images/0103b12000jj4blda678B.jpg,D:\wzb\codex\data\全国旅游数据整合_2026-03-24\平台景点照片\携程Trip\辽宁\本溪市\本溪水洞\trip_02.jpg,已下载,
朱家角古镇,上海市,上海,携程Trip景点页,朱家角古镇 上海市,attraction,Zhujiajiao Ancient Town(硃家角古鎮景區),Shanghai · China,https://us.trip.com/travel-guide/attraction/shanghai/zhujiajiao-ancient-town-79170/,1,https://ak-d.tripcdn.com/images/0102p1200082jbvtcD451.jpg,D:\wzb\codex\data\全国旅游数据整合_2026-03-24\平台景点照片\携程Trip\上海\上海市\朱家角古镇\trip_01.jpg,已下载,
朱家角古镇,上海市,上海,携程Trip景点页,朱家角古镇 上海市,attraction,Zhujiajiao Ancient Town(硃家角古鎮景區),Shanghai · China,https://us.trip.com/travel-guide/attraction/shanghai/zhujiajiao-ancient-town-79170/,2,https://ak-d.tripcdn.com/images/1lo7412000isn0jrbD500.jpg,D:\wzb\codex\data\全国旅游数据整合_2026-03-24\平台景点照片\携程Trip\上海\上海市\朱家角古镇\trip_02.jpg,已下载,
杜甫草堂,成都市,四川,携程Trip景点页,杜甫草堂 成都市,attraction,Chengdu Du Fu Thatched Cottage Museum(杜甫草堂),Chengdu · Sichuan · China,https://us.trip.com/travel-guide/attraction/chengdu/chengdu-du-fu-thatched-cottage-museum-76340/,1,https://ak-d.tripcdn.com/images/1A0e14000000wmh4a9B1D.jpg,D:\wzb\codex\data\全国旅游数据整合_2026-03-24\平台景点照片\携程Trip\四川\成都市\杜甫草堂\trip_01.jpg,已下载,
杜甫草堂,成都市,四川,携程Trip景点页,杜甫草堂 成都市,attraction,Chengdu Du Fu Thatched Cottage Museum(杜甫草堂),Chengdu · Sichuan · China,https://us.trip.com/travel-guide/attraction/chengdu/chengdu-du-fu-thatched-cottage-museum-76340/,2,https://ak-d.tripcdn.com/images/0103n12000f6trha712AE.jpg,D:\wzb\codex\data\全国旅游数据整合_2026-03-24\平台景点照片\携程Trip\四川\成都市\杜甫草堂\trip_02.jpg,已下载,
来宾金秀圣堂山,来宾市,广西,携程Trip景点页,来宾金秀圣堂山 来宾市,attraction,聖堂山自然動植物區,Jinxiu · Laibin · Guangxi · China,https://us.trip.com/travel-guide/attraction/jinxiu/city-145133549/,1,https://ak-d.tripcdn.com/images/1lo5x12000hhf3sjp36E0.jpg,D:\wzb\codex\data\全国旅游数据整合_2026-03-24\平台景点照片\携程Trip\广西\来宾市\来宾金秀圣堂山\trip_01.jpg,已下载,
来宾金秀圣堂山,来宾市,广西,携程Trip景点页,来宾金秀圣堂山 来宾市,attraction,聖堂山自然動植物區,Jinxiu · Laibin · Guangxi · China,https://us.trip.com/travel-guide/attraction/jinxiu/city-145133549/,2,https://ak-d.tripcdn.com/images/10071f000001h6ybs9851.jpg,D:\wzb\codex\data\全国旅游数据整合_2026-03-24\平台景点照片\携程Trip\广西\来宾市\来宾金秀圣堂山\trip_02.jpg,已下载,
杭州宋城,杭州市,浙江,携程Trip景点页,杭州宋城 杭州市,attraction,Hangzhou Songcheng Park(杭州宋城),Hangzhou · Zhejiang · China,https://us.trip.com/travel-guide/attraction/hangzhou/hangzhou-songcheng-park-10558619/,1,https://ak-d.tripcdn.com/images/0105412000fcw2ugxC7B4.jpg,D:\wzb\codex\data\全国旅游数据整合_2026-03-24\平台景点照片\携程Trip\浙江\杭州市\杭州宋城\trip_01.jpg,已下载,
杭州宋城,杭州市,浙江,携程Trip景点页,杭州宋城 杭州市,attraction,Hangzhou Songcheng Park(杭州宋城),Hangzhou · Zhejiang · China,https://us.trip.com/travel-guide/attraction/hangzhou/hangzhou-songcheng-park-10558619/,2,https://ak-d.tripcdn.com/images/0104t12000k12ya40394B.jpg,D:\wzb\codex\data\全国旅游数据整合_2026-03-24\平台景点照片\携程Trip\浙江\杭州市\杭州宋城\trip_02.jpg,已下载,
杭州西湖,杭州市,浙江,携程Trip景点页,杭州西湖 杭州市,attraction,Hangzhou Xuyan,Hangzhou · Zhejiang · China,https://us.trip.com/travel-guide/attraction/hangzhou/hangzhou-xuyan-148489648/,1,https://ak-d.tripcdn.com/images/0105412000fcw2ugxC7B4.jpg,D:\wzb\codex\data\全国旅游数据整合_2026-03-24\平台景点照片\携程Trip\浙江\杭州市\杭州西湖\trip_01.jpg,已下载,
杭州西湖,杭州市,浙江,携程Trip景点页,杭州西湖 杭州市,attraction,Hangzhou Xuyan,Hangzhou · Zhejiang · China,https://us.trip.com/travel-guide/attraction/hangzhou/hangzhou-xuyan-148489648/,2,https://ak-d.tripcdn.com/images/0104t12000k12ya40394B.jpg,D:\wzb\codex\data\全国旅游数据整合_2026-03-24\平台景点照片\携程Trip\浙江\杭州市\杭州西湖\trip_02.jpg,已下载,
杭州西溪湿地,杭州市,浙江,携程Trip景点页,杭州西溪湿地 杭州市,attraction,Xixi National Wetland Park,Hangzhou · Zhejiang · China,https://us.trip.com/travel-guide/attraction/hangzhou/xixi-national-wetland-park-81715/,1,https://ak-d.tripcdn.com/images/0105412000fcw2ugxC7B4.jpg,D:\wzb\codex\data\全国旅游数据整合_2026-03-24\平台景点照片\携程Trip\浙江\杭州市\杭州西溪湿地\trip_01.jpg,已下载,
杭州西溪湿地,杭州市,浙江,携程Trip景点页,杭州西溪湿地 杭州市,attraction,Xixi National Wetland Park,Hangzhou · Zhejiang · China,https://us.trip.com/travel-guide/attraction/hangzhou/xixi-national-wetland-park-81715/,2,https://ak-d.tripcdn.com/images/0104t12000k12ya40394B.jpg,D:\wzb\codex\data\全国旅游数据整合_2026-03-24\平台景点照片\携程Trip\浙江\杭州市\杭州西溪湿地\trip_02.jpg,已下载,
松花湖,吉林市,吉林,携程Trip景点页,松花湖 吉林市,attraction,Songhua Lake Ski Resort,Jilin City · Jilin · China,https://us.trip.com/travel-guide/attraction/jilin-city/songhua-lake-ski-resort-79914/,1,https://ak-d.tripcdn.com/images/1lo3o12000ds0o56d63E1.jpg,D:\wzb\codex\data\全国旅游数据整合_2026-03-24\平台景点照片\携程Trip\吉林\吉林市\松花湖\trip_01.jpg,已下载,
松花湖,吉林市,吉林,携程Trip景点页,松花湖 吉林市,attraction,Songhua Lake Ski Resort,Jilin City · Jilin · China,https://us.trip.com/travel-guide/attraction/jilin-city/songhua-lake-ski-resort-79914/,2,https://ak-d.tripcdn.com/images/0103z120008k2k6nsF793.jpg,D:\wzb\codex\data\全国旅游数据整合_2026-03-24\平台景点照片\携程Trip\吉林\吉林市\松花湖\trip_02.jpg,已下载,
查干湖,松原市,吉林,携程Trip景点页,查干湖 松原市,attraction,查幹湖石,Qianguo · Songyuan · Jilin · China,https://us.trip.com/travel-guide/attraction/qianguo/city-145537276/,1,https://ak-d.tripcdn.com/images/0103a12000jsgbeo44FF6.jpg,D:\wzb\codex\data\全国旅游数据整合_2026-03-24\平台景点照片\携程Trip\吉林\松原市\查干湖\trip_01.jpg,已下载,
查干湖,松原市,吉林,携程Trip景点页,查干湖 松原市,attraction,查幹湖石,Qianguo · Songyuan · Jilin · China,https://us.trip.com/travel-guide/attraction/qianguo/city-145537276/,2,https://ak-d.tripcdn.com/images/0101a12000b05p82eBC0D.jpg,D:\wzb\codex\data\全国旅游数据整合_2026-03-24\平台景点照片\携程Trip\吉林\松原市\查干湖\trip_02.jpg,已下载,
柳叶湖,常德市,湖南,携程Trip景点页,柳叶湖 常德市,attraction,柳葉湖清真寺,Changde · Hunan · China,https://us.trip.com/travel-guide/attraction/changde/city-145587087/,1,https://ak-d.tripcdn.com/images/0104712000nu6qbot50E0.jpg,D:\wzb\codex\data\全国旅游数据整合_2026-03-24\平台景点照片\携程Trip\湖南\常德市\柳叶湖\trip_01.jpg,已下载,
柳叶湖,常德市,湖南,携程Trip景点页,柳叶湖 常德市,attraction,柳葉湖清真寺,Changde · Hunan · China,https://us.trip.com/travel-guide/attraction/changde/city-145587087/,2,https://ak-d.tripcdn.com/images/0105x12000a7kdcr7578B.jpg,D:\wzb\codex\data\全国旅游数据整合_2026-03-24\平台景点照片\携程Trip\湖南\常德市\柳叶湖\trip_02.jpg,已下载,
柳州龙潭公园,柳州市,广西,携程Trip景点页,柳州龙潭公园 柳州市,attraction,龍潭公園水上游船,Liuzhou · Guangxi · China,https://us.trip.com/travel-guide/attraction/liuzhou/city-143726309/,1,https://ak-d.tripcdn.com/images/0104y120008qj2ccd61D7.jpg,D:\wzb\codex\data\全国旅游数据整合_2026-03-24\平台景点照片\携程Trip\广西\柳州市\柳州龙潭公园\trip_01.jpg,已下载,
柳州龙潭公园,柳州市,广西,携程Trip景点页,柳州龙潭公园 柳州市,attraction,龍潭公園水上游船,Liuzhou · Guangxi · China,https://us.trip.com/travel-guide/attraction/liuzhou/city-143726309/,2,https://ak-d.tripcdn.com/images/0106u12000fi9goa9D241.jpg,D:\wzb\codex\data\全国旅游数据整合_2026-03-24\平台景点照片\携程Trip\广西\柳州市\柳州龙潭公园\trip_02.jpg,已下载,
桂林两江四湖,桂林市,广西,携程Trip景点页,桂林两江四湖 桂林市,attraction,Two Rivers and Four Lakes(桂林兩江四湖景區),Guilin · Guangxi · China,https://us.trip.com/travel-guide/attraction/guilin/two-rivers-and-four-lakes-76822/,1,https://ak-d.tripcdn.com/images/0102v12000g2oavbuAB86.jpg,D:\wzb\codex\data\全国旅游数据整合_2026-03-24\平台景点照片\携程Trip\广西\桂林市\桂林两江四湖\trip_01.jpg,已下载,
桂林两江四湖,桂林市,广西,携程Trip景点页,桂林两江四湖 桂林市,attraction,Two Rivers and Four Lakes(桂林兩江四湖景區),Guilin · Guangxi · China,https://us.trip.com/travel-guide/attraction/guilin/two-rivers-and-four-lakes-76822/,2,https://ak-d.tripcdn.com/images/1lo1112000r3lb1mgE95A.jpg,D:\wzb\codex\data\全国旅游数据整合_2026-03-24\平台景点照片\携程Trip\广西\桂林市\桂林两江四湖\trip_02.jpg,已下载,
桂林漓江,桂林市,广西,携程Trip景点页,桂林漓江 桂林市,attraction,Li River Four-star cruise ship,Guilin · Guangxi · China,https://us.trip.com/travel-guide/attraction/guilin/li-river-four-star-cruise-ship-15004503/,1,https://ak-d.tripcdn.com/images/0102v12000g2oavbuAB86.jpg,D:\wzb\codex\data\全国旅游数据整合_2026-03-24\平台景点照片\携程Trip\广西\桂林市\桂林漓江\trip_01.jpg,已下载,
桂林漓江,桂林市,广西,携程Trip景点页,桂林漓江 桂林市,attraction,Li River Four-star cruise ship,Guilin · Guangxi · China,https://us.trip.com/travel-guide/attraction/guilin/li-river-four-star-cruise-ship-15004503/,2,https://ak-d.tripcdn.com/images/1lo1112000r3lb1mgE95A.jpg,D:\wzb\codex\data\全国旅游数据整合_2026-03-24\平台景点照片\携程Trip\广西\桂林市\桂林漓江\trip_02.jpg,已下载,
桂林象鼻山,桂林市,广西,携程Trip景点页,桂林象鼻山 桂林市,attraction,Elephant Hill Scenic Area,Guilin · Guangxi · China,https://us.trip.com/travel-guide/attraction/guilin/elephant-hill-scenic-area-90682/,1,https://ak-d.tripcdn.com/images/0102v12000g2oavbuAB86.jpg,D:\wzb\codex\data\全国旅游数据整合_2026-03-24\平台景点照片\携程Trip\广西\桂林市\桂林象鼻山\trip_01.jpg,已下载,
桂林象鼻山,桂林市,广西,携程Trip景点页,桂林象鼻山 桂林市,attraction,Elephant Hill Scenic Area,Guilin · Guangxi · China,https://us.trip.com/travel-guide/attraction/guilin/elephant-hill-scenic-area-90682/,2,https://ak-d.tripcdn.com/images/1lo1112000r3lb1mgE95A.jpg,D:\wzb\codex\data\全国旅游数据整合_2026-03-24\平台景点照片\携程Trip\广西\桂林市\桂林象鼻山\trip_02.jpg,已下载,
桃花源,常德市,湖南,携程Trip景点页,桃花源 常德市,attraction,松果高爾夫（常德桃花源練習場店）,Changde · Hunan · China,https://us.trip.com/travel-guide/attraction/changde/city-154153729/,1,https://ak-d.tripcdn.com/images/0104712000nu6qbot50E0.jpg,D:\wzb\codex\data\全国旅游数据整合_2026-03-24\平台景点照片\携程Trip\湖南\常德市\桃花源\trip_01.jpg,已下载,
桃花源,常德市,湖南,携程Trip景点页,桃花源 常德市,attraction,松果高爾夫（常德桃花源練習場店）,Changde · Hunan · China,https://us.trip.com/travel-guide/attraction/changde/city-154153729/,2,https://ak-d.tripcdn.com/images/0105x12000a7kdcr7578B.jpg,D:\wzb\codex\data\全国旅游数据整合_2026-03-24\平台景点照片\携程Trip\湖南\常德市\桃花源\trip_02.jpg,已下载,
梅州客天下,梅州市,广东,携程Trip景点页,梅州客天下 梅州市,attraction,客天下·梅花山森林公園,Meizhou · Guangdong · China,https://us.trip.com/travel-guide/attraction/meizhou/city-145128357/,1,https://ak-d.tripcdn.com/images/100r0r000000hbfym672E.jpg,D:\wzb\codex\data\全国旅游数据整合_2026-03-24\平台景点照片\携程Trip\广东\梅州市\梅州客天下\trip_01.jpg,已下载,
梅州客天下,梅州市,广东,携程Trip景点页,梅州客天下 梅州市,attraction,客天下·梅花山森林公園,Meizhou · Guangdong · China,https://us.trip.com/travel-guide/attraction/meizhou/city-145128357/,2,https://ak-d.tripcdn.com/images/1lo2b12000h144aax5416.jpg,D:\wzb\codex\data\全国旅游数据整合_2026-03-24\平台景点照片\携程Trip\广东\梅州市\梅州客天下\trip_02.jpg,已下载,
梅里雪山,迪庆州,云南,携程Trip景点页,梅里雪山 云南,attraction,梅里雪山霧濃頂孤獨樹,Deqin · Diqing · Yunnan · China,https://us.trip.com/travel-guide/attraction/deqin/city-150168274/,1,https://ak-d.tripcdn.com/images/100h0q000000gcpilC360.jpg,D:\wzb\codex\data\全国旅游数据整合_2026-03-24\平台景点照片\携程Trip\云南\迪庆州\梅里雪山\trip_01.jpg,已下载,
梅里雪山,迪庆州,云南,携程Trip景点页,梅里雪山 云南,attraction,梅里雪山霧濃頂孤獨樹,Deqin · Diqing · Yunnan · China,https://us.trip.com/travel-guide/attraction/deqin/city-150168274/,2,https://ak-d.tripcdn.com/images/fd/tg/g3/M00/08/9D/CggYG1YBI8WAaJUIABGqegIoubs482.jpg,D:\wzb\codex\data\全国旅游数据整合_2026-03-24\平台景点照片\携程Trip\云南\迪庆州\梅里雪山\trip_02.jpg,已下载,
梧州骑楼城,梧州市,广西,携程Trip景点页,梧州骑楼城 梧州市,attraction,騎樓城-粵東會館,Wuzhou · Guangxi · China,https://us.trip.com/travel-guide/attraction/wuzhou/city-143748326/,1,https://ak-d.tripcdn.com/images/0102i12000mkaguy97735.jpg,D:\wzb\codex\data\全国旅游数据整合_2026-03-24\平台景点照片\携程Trip\广西\梧州市\梧州骑楼城\trip_01.jpg,已下载,
梧州骑楼城,梧州市,广西,携程Trip景点页,梧州骑楼城 梧州市,attraction,騎樓城-粵東會館,Wuzhou · Guangxi · China,https://us.trip.com/travel-guide/attraction/wuzhou/city-143748326/,2,https://ak-d.tripcdn.com/images/0105712000gf40wtn12A5.jpg,D:\wzb\codex\data\全国旅游数据整合_2026-03-24\平台景点照片\携程Trip\广西\梧州市\梧州骑楼城\trip_02.jpg,已下载,
槟榔谷,保亭县,海南,携程Trip景点页,槟榔谷 海南,attraction,Bing Lang Gu(海南檳榔谷黎苗文化旅遊區),Baoting · Hainan · China,https://us.trip.com/travel-guide/attraction/baoting/bing-lang-gu-90751/,1,https://ak-d.tripcdn.com/images/1lo4w12000eoy7uz74218.jpg,D:\wzb\codex\data\全国旅游数据整合_2026-03-24\平台景点照片\携程Trip\海南\保亭县\槟榔谷\trip_01.jpg,已下载,
槟榔谷,保亭县,海南,携程Trip景点页,槟榔谷 海南,attraction,Bing Lang Gu(海南檳榔谷黎苗文化旅遊區),Baoting · Hainan · China,https://us.trip.com/travel-guide/attraction/baoting/bing-lang-gu-90751/,2,https://ak-d.tripcdn.com/images/0100l12000jmr3jy197F7.jpg,D:\wzb\codex\data\全国旅游数据整合_2026-03-24\平台景点照片\携程Trip\海南\保亭县\槟榔谷\trip_02.jpg,已下载,
横店影视城,金华市,浙江,携程Trip景点页,横店影视城 金华市,attraction,Hengdian World Studios(橫店影視城),Dongyang · Jinhua · Zhejiang · China,https://us.trip.com/travel-guide/attraction/dongyang/hengdian-world-studios-10758622/,1,https://ak-d.tripcdn.com/images/1lo2l12000insjud8CC6B.jpg,D:\wzb\codex\data\全国旅游数据整合_2026-03-24\平台景点照片\携程Trip\浙江\金华市\横店影视城\trip_01.jpg,已下载,
横店影视城,金华市,浙江,携程Trip景点页,横店影视城 金华市,attraction,Hengdian World Studios(橫店影視城),Dongyang · Jinhua · Zhejiang · China,https://us.trip.com/travel-guide/attraction/dongyang/hengdian-world-studios-10758622/,2,https://ak-d.tripcdn.com/images/100p0z000000ndg1w3EDE.jpg,D:\wzb\codex\data\全国旅游数据整合_2026-03-24\平台景点照片\携程Trip\浙江\金华市\横店影视城\trip_02.jpg,已下载,
橘子洲,长沙市,湖南,携程Trip景点页,橘子洲 长沙市,attraction,Orange Island(橘子洲頭),Changsha · Hunan · China,https://us.trip.com/travel-guide/attraction/changsha/orange-island-77604/,1,https://ak-d.tripcdn.com/images/0103o120005pr19sjA7F7.jpg,D:\wzb\codex\data\全国旅游数据整合_2026-03-24\平台景点照片\携程Trip\湖南\长沙市\橘子洲\trip_01.jpg,已下载,
橘子洲,长沙市,湖南,携程Trip景点页,橘子洲 长沙市,attraction,Orange Island(橘子洲頭),Changsha · Hunan · China,https://us.trip.com/travel-guide/attraction/changsha/orange-island-77604/,2,https://ak-d.tripcdn.com/images/0102w12000hxmbahsCCAE.jpg,D:\wzb\codex\data\全国旅游数据整合_2026-03-24\平台景点照片\携程Trip\湖南\长沙市\橘子洲\trip_02.jpg,已下载,
正定隆兴寺,石家庄市,河北,携程Trip景点页,正定隆兴寺 石家庄市,attraction,隆興寺-大悲閣,Zhengding · Shijiazhuang · Hebei · China,https://us.trip.com/travel-guide/attraction/zhengding/city-98279790/,1,https://ak-d.tripcdn.com/images/0104o12000i106u2sCC8F.jpg,D:\wzb\codex\data\全国旅游数据整合_2026-03-24\平台景点照片\携程Trip\河北\石家庄市\正定隆兴寺\trip_01.jpg,已下载,
正定隆兴寺,石家庄市,河北,携程Trip景点页,正定隆兴寺 石家庄市,attraction,隆興寺-大悲閣,Zhengding · Shijiazhuang · Hebei · China,https://us.trip.com/travel-guide/attraction/zhengding/city-98279790/,2,https://ak-d.tripcdn.com/images/0103412000f7kz4em2BF3.jpg,D:\wzb\codex\data\全国旅游数据整合_2026-03-24\平台景点照片\携程Trip\河北\石家庄市\正定隆兴寺\trip_02.jpg,已下载,
武侯祠,成都市,四川,携程Trip景点页,武侯祠 成都市,attraction,Chengdu Wuhou Shrine Museum(成都武侯祠博物館),Chengdu · Sichuan · China,https://us.trip.com/travel-guide/attraction/chengdu/chengdu-wuhou-shrine-museum-76341/,1,https://ak-d.tripcdn.com/images/1A0e14000000wmh4a9B1D.jpg,D:\wzb\codex\data\全国旅游数据整合_2026-03-24\平台景点照片\携程Trip\四川\成都市\武侯祠\trip_01.jpg,已下载,
武侯祠,成都市,四川,携程Trip景点页,武侯祠 成都市,attraction,Chengdu Wuhou Shrine Museum(成都武侯祠博物館),Chengdu · Sichuan · China,https://us.trip.com/travel-guide/attraction/chengdu/chengdu-wuhou-shrine-museum-76341/,2,https://ak-d.tripcdn.com/images/0103n12000f6trha712AE.jpg,D:\wzb\codex\data\全国旅游数据整合_2026-03-24\平台景点照片\携程Trip\四川\成都市\武侯祠\trip_02.jpg,已下载,
武功山,萍乡市,江西,携程Trip景点页,武功山 萍乡市,attraction,Pingxiang Wugong Mountain Scenic Area(萍鄉武功山風景區),Luxi · Pingxiang · Jiangxi · China,https://us.trip.com/travel-guide/attraction/luxi/pingxiang-wugong-mountain-scenic-area-101782/,1,https://ak-d.tripcdn.com/images/3503160000010rlwtCC36.jpg,D:\wzb\codex\data\全国旅游数据整合_2026-03-24\平台景点照片\携程Trip\江西\萍乡市\武功山\trip_01.jpg,已下载,
武功山,萍乡市,江西,携程Trip景点页,武功山 萍乡市,attraction,Pingxiang Wugong Mountain Scenic Area(萍鄉武功山風景區),Luxi · Pingxiang · Jiangxi · China,https://us.trip.com/travel-guide/attraction/luxi/pingxiang-wugong-mountain-scenic-area-101782/,2,https://ak-d.tripcdn.com/images/0105a120009i0vvbxBE4F.jpg,D:\wzb\codex\data\全国旅游数据整合_2026-03-24\平台景点照片\携程Trip\江西\萍乡市\武功山\trip_02.jpg,已下载,
武夷山,南平市,福建,携程Trip景点页,武夷山 南平市,attraction,武夷山非遺·體驗中心,Wuyishan · Nanping · Fujian · China,https://us.trip.com/travel-guide/attraction/wuyishan/city-149817333/,1,https://ak-d.tripcdn.com/images/0100f12000lbe0fum6DB4.jpg,D:\wzb\codex\data\全国旅游数据整合_2026-03-24\平台景点照片\携程Trip\福建\南平市\武夷山\trip_01.jpg,已下载,
武夷山,南平市,福建,携程Trip景点页,武夷山 南平市,attraction,武夷山非遺·體驗中心,Wuyishan · Nanping · Fujian · China,https://us.trip.com/travel-guide/attraction/wuyishan/city-149817333/,2,https://ak-d.tripcdn.com/images/350v170000013jv3dF28B.jpg,D:\wzb\codex\data\全国旅游数据整合_2026-03-24\平台景点照片\携程Trip\福建\南平市\武夷山\trip_02.jpg,已下载,
武当山,十堰市,湖北,携程Trip景点页,武当山 十堰市,attraction,十堰市武當文化中心,Shiyan · Hubei · China,https://us.trip.com/travel-guide/attraction/shiyan/city-145316977/,1,https://ak-d.tripcdn.com/images/0102r12000a6z45fs7CB1.jpg,D:\wzb\codex\data\全国旅游数据整合_2026-03-24\平台景点照片\携程Trip\湖北\十堰市\武当山\trip_01.jpg,已下载,
武当山,十堰市,湖北,携程Trip景点页,武当山 十堰市,attraction,十堰市武當文化中心,Shiyan · Hubei · China,https://us.trip.com/travel-guide/attraction/shiyan/city-145316977/,2,https://ak-d.tripcdn.com/images/0102d12000ikunvpqD648.jpg,D:\wzb\codex\data\全国旅游数据整合_2026-03-24\平台景点照片\携程Trip\湖北\十堰市\武当山\trip_02.jpg,已下载,
殷墟,安阳市,河南,携程Trip景点页,殷墟 安阳市,attraction,殷墟宮殿宗廟遺址殷墟婦好墓,Anyang · Henan · China,https://us.trip.com/travel-guide/attraction/anyang/city-149961628/,1,https://ak-d.tripcdn.com/images/0106512000f6sbrt57DE7.jpg,D:\wzb\codex\data\全国旅游数据整合_2026-03-24\平台景点照片\携程Trip\河南\安阳市\殷墟\trip_01.jpg,已下载,
殷墟,安阳市,河南,携程Trip景点页,殷墟 安阳市,attraction,殷墟宮殿宗廟遺址殷墟婦好墓,Anyang · Henan · China,https://us.trip.com/travel-guide/attraction/anyang/city-149961628/,2,https://ak-d.tripcdn.com/images/0101e12000h16tsp7FF75.jpg,D:\wzb\codex\data\全国旅游数据整合_2026-03-24\平台景点照片\携程Trip\河南\安阳市\殷墟\trip_02.jpg,已下载,
汉阳陵,咸阳市,陕西,携程Trip景点页,汉阳陵 咸阳市,attraction,Han Yangling National Archaeological Site Park,Jingyang · Xianyang · Shaanxi · China,https://us.trip.com/travel-guide/attraction/jingyang/han-yangling-national-archaeological-site-park-101096/,1,https://ak-d.tripcdn.com/images/0104012000f6rbl4996B9.jpg,D:\wzb\codex\data\全国旅游数据整合_2026-03-24\平台景点照片\携程Trip\陕西\咸阳市\汉阳陵\trip_01.jpg,已下载,
汉阳陵,咸阳市,陕西,携程Trip景点页,汉阳陵 咸阳市,attraction,Han Yangling National Archaeological Site Park,Jingyang · Xianyang · Shaanxi · China,https://us.trip.com/travel-guide/attraction/jingyang/han-yangling-national-archaeological-site-park-101096/,2,https://ak-d.tripcdn.com/images/1lo1s12000r9rt4237686.jpg,D:\wzb\codex\data\全国旅游数据整合_2026-03-24\平台景点照片\携程Trip\陕西\咸阳市\汉阳陵\trip_02.jpg,已下载,
沂蒙山,临沂市,山东,携程Trip景点页,沂蒙山 临沂市,attraction,沂蒙廣場,Linyi · Shandong · China,https://us.trip.com/travel-guide/attraction/linyi/city-145668165/,1,https://ak-d.tripcdn.com/images/0100912000f6q40pp77DD.jpg,D:\wzb\codex\data\全国旅游数据整合_2026-03-24\平台景点照片\携程Trip\山东\临沂市\沂蒙山\trip_01.jpg,已下载,
沂蒙山,临沂市,山东,携程Trip景点页,沂蒙山 临沂市,attraction,沂蒙廣場,Linyi · Shandong · China,https://us.trip.com/travel-guide/attraction/linyi/city-145668165/,2,https://ak-d.tripcdn.com/images/01037120009ctkh597E68.jpg,D:\wzb\codex\data\全国旅游数据整合_2026-03-24\平台景点照片\携程Trip\山东\临沂市\沂蒙山\trip_02.jpg,已下载,
沈阳世博园,沈阳市,辽宁,携程Trip景点页,沈阳世博园 沈阳市,attraction,Shenyang Expo Garden(瀋陽植物園),Shenyang · Liaoning · China,https://us.trip.com/travel-guide/attraction/shenyang/shenyang-expo-garden-77737/,1,https://ak-d.tripcdn.com/images/1lo3b12000holfj0z96D1.jpg,D:\wzb\codex\data\全国旅游数据整合_2026-03-24\平台景点照片\携程Trip\辽宁\沈阳市\沈阳世博园\trip_01.jpg,已下载,
沈阳世博园,沈阳市,辽宁,携程Trip景点页,沈阳世博园 沈阳市,attraction,Shenyang Expo Garden(瀋陽植物園),Shenyang · Liaoning · China,https://us.trip.com/travel-guide/attraction/shenyang/shenyang-expo-garden-77737/,2,https://ak-d.tripcdn.com/images/0100i12000jn8cd9nE3D8.jpg,D:\wzb\codex\data\全国旅游数据整合_2026-03-24\平台景点照片\携程Trip\辽宁\沈阳市\沈阳世博园\trip_02.jpg,已下载,
沈阳故宫,沈阳市,辽宁,携程Trip景点页,沈阳故宫 沈阳市,attraction,Shenyang Imperial Palace(瀋陽故宮),Shenyang · Liaoning · China,https://us.trip.com/travel-guide/attraction/shenyang/shenyang-imperial-palace-77696/,1,https://ak-d.tripcdn.com/images/1lo3b12000holfj0z96D1.jpg,D:\wzb\codex\data\全国旅游数据整合_2026-03-24\平台景点照片\携程Trip\辽宁\沈阳市\沈阳故宫\trip_01.jpg,已下载,
沈阳故宫,沈阳市,辽宁,携程Trip景点页,沈阳故宫 沈阳市,attraction,Shenyang Imperial Palace(瀋陽故宮),Shenyang · Liaoning · China,https://us.trip.com/travel-guide/attraction/shenyang/shenyang-imperial-palace-77696/,2,https://ak-d.tripcdn.com/images/0100i12000jn8cd9nE3D8.jpg,D:\wzb\codex\data\全国旅游数据整合_2026-03-24\平台景点照片\携程Trip\辽宁\沈阳市\沈阳故宫\trip_02.jpg,已下载,
沙家浜,苏州市,江苏,携程Trip景点页,沙家浜 苏州市,attraction,沙家浜,Suzhou · Jiangsu · China,https://us.trip.com/travel-guide/attraction/suzhou/city-150397187/,1,https://ak-d.tripcdn.com/images/1lo1r12000ddckfh27420.jpg,D:\wzb\codex\data\全国旅游数据整合_2026-03-24\平台景点照片\携程Trip\江苏\苏州市\沙家浜\trip_01.jpg,已下载,
沙家浜,苏州市,江苏,携程Trip景点页,沙家浜 苏州市,attraction,沙家浜,Suzhou · Jiangsu · China,https://us.trip.com/travel-guide/attraction/suzhou/city-150397187/,2,https://ak-d.tripcdn.com/images/100u10000000o4oy9180D.jpg,D:\wzb\codex\data\全国旅游数据整合_2026-03-24\平台景点照片\携程Trip\江苏\苏州市\沙家浜\trip_02.jpg,已下载,
沙面岛,广州市,广东,携程Trip景点页,沙面岛 广州市,attraction,Sha Mian(沙面),Guangzhou · Guangdong · China,https://us.trip.com/travel-guide/attraction/guangzhou/sha-mian-78476/,1,https://ak-d.tripcdn.com/images/1lo1b12000lkwgnsr5B70.jpg,D:\wzb\codex\data\全国旅游数据整合_2026-03-24\平台景点照片\携程Trip\广东\广州市\沙面岛\trip_01.jpg,已下载,
沙面岛,广州市,广东,携程Trip景点页,沙面岛 广州市,attraction,Sha Mian(沙面),Guangzhou · Guangdong · China,https://us.trip.com/travel-guide/attraction/guangzhou/sha-mian-78476/,2,https://ak-d.tripcdn.com/images/0102212000f6tvovl4925.jpg,D:\wzb\codex\data\全国旅游数据整合_2026-03-24\平台景点照片\携程Trip\广东\广州市\沙面岛\trip_02.jpg,已下载,
河池巴马长寿村,河池市,广西,携程Trip景点页,河池巴马长寿村 河池市,attraction,長壽村-木橋,Bama · Hechi · Guangxi · China,https://us.trip.com/travel-guide/attraction/bama/city-145597078/,1,https://ak-d.tripcdn.com/images/0105a12000l88oxmh0F38.jpg,D:\wzb\codex\data\全国旅游数据整合_2026-03-24\平台景点照片\携程Trip\广西\河池市\河池巴马长寿村\trip_01.jpg,已下载,
河池巴马长寿村,河池市,广西,携程Trip景点页,河池巴马长寿村 河池市,attraction,長壽村-木橋,Bama · Hechi · Guangxi · China,https://us.trip.com/travel-guide/attraction/bama/city-145597078/,2,https://ak-d.tripcdn.com/images/0104m12000l7ambjo4C3E.jpg,D:\wzb\codex\data\全国旅游数据整合_2026-03-24\平台景点照片\携程Trip\广西\河池市\河池巴马长寿村\trip_02.jpg,已下载,
泉州开元寺,泉州市,福建,携程Trip景点页,泉州开元寺 泉州市,attraction,Quanzhou Kaiyuan Temple(泉州開元寺),Quanzhou · Fujian · China,https://us.trip.com/travel-guide/attraction/quanzhou/quanzhou-kaiyuan-temple-77506/,1,https://ak-d.tripcdn.com/images/1lo4t12000lhu4q655E5A.jpg,D:\wzb\codex\data\全国旅游数据整合_2026-03-24\平台景点照片\携程Trip\福建\泉州市\泉州开元寺\trip_01.jpg,已下载,
泉州开元寺,泉州市,福建,携程Trip景点页,泉州开元寺 泉州市,attraction,Quanzhou Kaiyuan Temple(泉州開元寺),Quanzhou · Fujian · China,https://us.trip.com/travel-guide/attraction/quanzhou/quanzhou-kaiyuan-temple-77506/,2,https://ak-d.tripcdn.com/images/1lo0612000hs46q1n246F.jpg,D:\wzb\codex\data\全国旅游数据整合_2026-03-24\平台景点照片\携程Trip\福建\泉州市\泉州开元寺\trip_02.jpg,已下载,
泉州清境桃源,泉州市,福建,携程Trip景点页,泉州清境桃源 泉州市,attraction,清境桃源-天竺禪寺,Nan'an · Quanzhou · Fujian · China,https://us.trip.com/travel-guide/attraction/nan-an/city-150339802/,1,https://ak-d.tripcdn.com/images/1lo4t12000lhu4q655E5A.jpg,D:\wzb\codex\data\全国旅游数据整合_2026-03-24\平台景点照片\携程Trip\福建\泉州市\泉州清境桃源\trip_01.jpg,已下载,
泉州清境桃源,泉州市,福建,携程Trip景点页,泉州清境桃源 泉州市,attraction,清境桃源-天竺禪寺,Nan'an · Quanzhou · Fujian · China,https://us.trip.com/travel-guide/attraction/nan-an/city-150339802/,2,https://ak-d.tripcdn.com/images/1lo0612000hs46q1n246F.jpg,D:\wzb\codex\data\全国旅游数据整合_2026-03-24\平台景点照片\携程Trip\福建\泉州市\泉州清境桃源\trip_02.jpg,已下载,
法门寺,宝鸡市,陕西,携程Trip景点页,法门寺 宝鸡市,attraction,法門寺寺院,Fufeng County · Baoji · Shaanxi · China,https://us.trip.com/travel-guide/attraction/fufeng-county/city-149644293/,1,https://ak-d.tripcdn.com/images/0104d12000o7lffdo9DF3.jpg,D:\wzb\codex\data\全国旅游数据整合_2026-03-24\平台景点照片\携程Trip\陕西\宝鸡市\法门寺\trip_01.jpg,已下载,
法门寺,宝鸡市,陕西,携程Trip景点页,法门寺 宝鸡市,attraction,法門寺寺院,Fufeng County · Baoji · Shaanxi · China,https://us.trip.com/travel-guide/attraction/fufeng-county/city-149644293/,2,https://ak-d.tripcdn.com/images/0102i12000ff77888A4E8.jpg,D:\wzb\codex\data\全国旅游数据整合_2026-03-24\平台景点照片\携程Trip\陕西\宝鸡市\法门寺\trip_02.jpg,已下载,
泰山,泰安市,山东,携程Trip景点页,泰山 泰安市,attraction,Mount Taishan(泰山風景區),Tai'an · Shandong · China,https://us.trip.com/travel-guide/attraction/tai-an/mount-taishan-97645/,1,https://ak-d.tripcdn.com/images/100c0z000000nnlzdA153.jpg,D:\wzb\codex\data\全国旅游数据整合_2026-03-24\平台景点照片\携程Trip\山东\泰安市\泰山\trip_01.jpg,已下载,
泰山,泰安市,山东,携程Trip景点页,泰山 泰安市,attraction,Mount Taishan(泰山風景區),Tai'an · Shandong · China,https://us.trip.com/travel-guide/attraction/tai-an/mount-taishan-97645/,2,https://ak-d.tripcdn.com/images/0100512000kkhbumm5C2B.jpg,D:\wzb\codex\data\全国旅游数据整合_2026-03-24\平台景点照片\携程Trip\山东\泰安市\泰山\trip_02.jpg,已下载,
泸沽湖,凉山州,四川,携程Trip景点页,泸沽湖 凉山州,attraction,瀘沽湖風景名勝區-坐豬槽船遊湖,Yanyuan · Liangshan Prefecture · Sichuan · China,https://us.trip.com/travel-guide/attraction/yanyuan/city-148758441/,1,https://ak-d.tripcdn.com/images/100t1f000001gqbm5EF3C.jpg,D:\wzb\codex\data\全国旅游数据整合_2026-03-24\平台景点照片\携程Trip\四川\凉山州\泸沽湖\trip_01.jpg,已下载,
泸沽湖,凉山州,四川,携程Trip景点页,泸沽湖 凉山州,attraction,瀘沽湖風景名勝區-坐豬槽船遊湖,Yanyuan · Liangshan Prefecture · Sichuan · China,https://us.trip.com/travel-guide/attraction/yanyuan/city-148758441/,2,https://ak-d.tripcdn.com/images/0107412000ak8p83031AD.jpg,D:\wzb\codex\data\全国旅游数据整合_2026-03-24\平台景点照片\携程Trip\四川\凉山州\泸沽湖\trip_02.jpg,已下载,
泸沽湖(云南部分),丽江市,云南,携程Trip景点页,泸沽湖 丽江市,attraction,Lugu Lake Scenic Area(瀘沽湖),Ninglang · Lijiang · Yunnan · China,https://us.trip.com/travel-guide/attraction/ninglang/lugu-lake-scenic-area-76332/,1,https://ak-d.tripcdn.com/images/0107412000ak8p83031AD.jpg,D:\wzb\codex\data\全国旅游数据整合_2026-03-24\平台景点照片\携程Trip\云南\丽江市\泸沽湖(云南部分)\trip_01.jpg,已下载,
泸沽湖(云南部分),丽江市,云南,携程Trip景点页,泸沽湖 丽江市,attraction,Lugu Lake Scenic Area(瀘沽湖),Ninglang · Lijiang · Yunnan · China,https://us.trip.com/travel-guide/attraction/ninglang/lugu-lake-scenic-area-76332/,2,https://ak-d.tripcdn.com/images/0106i12000pzm6oy26B02.jpg,D:\wzb\codex\data\全国旅游数据整合_2026-03-24\平台景点照片\携程Trip\云南\丽江市\泸沽湖(云南部分)\trip_02.jpg,已下载,
洪洞大槐树,临汾市,山西,携程Trip景点页,洪洞大槐树 临汾市,attraction,洪洞大槐樹尋根祭祖園-蓮花塘,Hongtong · Linfen · Shanxi · China,https://us.trip.com/travel-guide/attraction/hongtong/city-145384753/,1,https://ak-d.tripcdn.com/images/1lo5j12000d2vh7o91CD4.jpg,D:\wzb\codex\data\全国旅游数据整合_2026-03-24\平台景点照片\携程Trip\山西\临汾市\洪洞大槐树\trip_01.jpg,已下载,
洪洞大槐树,临汾市,山西,携程Trip景点页,洪洞大槐树 临汾市,attraction,洪洞大槐樹尋根祭祖園-蓮花塘,Hongtong · Linfen · Shanxi · China,https://us.trip.com/travel-guide/attraction/hongtong/city-145384753/,2,https://ak-d.tripcdn.com/images/0100g12000m9bm52l0276.jpg,D:\wzb\codex\data\全国旅游数据整合_2026-03-24\平台景点照片\携程Trip\山西\临汾市\洪洞大槐树\trip_02.jpg,已下载,
海口火山口,海口市,海南,携程Trip景点页,海口火山口 海口市,attraction,風爐嶺火山口,Haikou · Hainan · China,https://us.trip.com/travel-guide/attraction/haikou/city-145521757/,1,https://ak-d.tripcdn.com/images/100q1f000001grja42820.jpg,D:\wzb\codex\data\全国旅游数据整合_2026-03-24\平台景点照片\携程Trip\海南\海口市\海口火山口\trip_01.jpg,已下载,
海口火山口,海口市,海南,携程Trip景点页,海口火山口 海口市,attraction,風爐嶺火山口,Haikou · Hainan · China,https://us.trip.com/travel-guide/attraction/haikou/city-145521757/,2,https://ak-d.tripcdn.com/images/0106c12000aqf5zh0A17C.jpg,D:\wzb\codex\data\全国旅游数据整合_2026-03-24\平台景点照片\携程Trip\海南\海口市\海口火山口\trip_02.jpg,已下载,
海口骑楼老街,海口市,海南,携程Trip景点页,海口骑楼老街 海口市,attraction,海口騎樓老街-廣德堂,Haikou · Hainan · China,https://us.trip.com/travel-guide/attraction/haikou/city-145146622/,1,https://ak-d.tripcdn.com/images/100q1f000001grja42820.jpg,D:\wzb\codex\data\全国旅游数据整合_2026-03-24\平台景点照片\携程Trip\海南\海口市\海口骑楼老街\trip_01.jpg,已下载,
海口骑楼老街,海口市,海南,携程Trip景点页,海口骑楼老街 海口市,attraction,海口騎樓老街-廣德堂,Haikou · Hainan · China,https://us.trip.com/travel-guide/attraction/haikou/city-145146622/,2,https://ak-d.tripcdn.com/images/0106c12000aqf5zh0A17C.jpg,D:\wzb\codex\data\全国旅游数据整合_2026-03-24\平台景点照片\携程Trip\海南\海口市\海口骑楼老街\trip_02.jpg,已下载,
海螺沟,甘孜州,四川,携程Trip景点页,海螺沟 甘孜州,attraction,Hailuogou(海螺溝),Luding · Ganzi Prefecture · Sichuan · China,https://us.trip.com/travel-guide/attraction/luding/hailuogou-145441124/,1,https://ak-d.tripcdn.com/images/0100o12000j195bfa18DB.jpg,D:\wzb\codex\data\全国旅游数据整合_2026-03-24\平台景点照片\携程Trip\四川\甘孜州\海螺沟\trip_01.jpg,已下载,
海螺沟,甘孜州,四川,携程Trip景点页,海螺沟 甘孜州,attraction,Hailuogou(海螺溝),Luding · Ganzi Prefecture · Sichuan · China,https://us.trip.com/travel-guide/attraction/luding/hailuogou-145441124/,2,https://ak-d.tripcdn.com/images/1lo7112000gtabnm863D7.jpg,D:\wzb\codex\data\全国旅游数据整合_2026-03-24\平台景点照片\携程Trip\四川\甘孜州\海螺沟\trip_02.jpg,已下载,
涠洲岛,北海市,广西,携程Trip景点页,涠洲岛 北海市,attraction,Beihai Weizhou Island Cruise(北海潿洲島遊船),Beihai · Guangxi · China,https://us.trip.com/travel-guide/attraction/beihai/beihai-weizhou-island-cruise-130877231/,1,https://ak-d.tripcdn.com/images/1lo3712000eedo57r8609.jpg,D:\wzb\codex\data\全国旅游数据整合_2026-03-24\平台景点照片\携程Trip\广西\北海市\涠洲岛\trip_01.jpg,已下载,
涠洲岛,北海市,广西,携程Trip景点页,涠洲岛 北海市,attraction,Beihai Weizhou Island Cruise(北海潿洲島遊船),Beihai · Guangxi · China,https://us.trip.com/travel-guide/attraction/beihai/beihai-weizhou-island-cruise-130877231/,2,https://ak-d.tripcdn.com/images/0101j120009bgie6rA770.jpg,D:\wzb\codex\data\全国旅游数据整合_2026-03-24\平台景点照片\携程Trip\广西\北海市\涠洲岛\trip_02.jpg,已下载,
淄博周村古商城,淄博市,山东,携程Trip景点页,淄博周村古商城 淄博市,attraction,Zhoucun Ancient Town(週村古商城),Zibo · Shandong · China,https://us.trip.com/travel-guide/attraction/zibo/zhoucun-ancient-town-86776/,1,https://ak-d.tripcdn.com/images/1lo4c12000rt0dwrkBA31.jpg,D:\wzb\codex\data\全国旅游数据整合_2026-03-24\平台景点照片\携程Trip\山东\淄博市\淄博周村古商城\trip_01.jpg,已下载,
淄博周村古商城,淄博市,山东,携程Trip景点页,淄博周村古商城 淄博市,attraction,Zhoucun Ancient Town(週村古商城),Zibo · Shandong · China,https://us.trip.com/travel-guide/attraction/zibo/zhoucun-ancient-town-86776/,2,https://ak-d.tripcdn.com/images/35061a0000018zw8iED8E.jpg,D:\wzb\codex\data\全国旅游数据整合_2026-03-24\平台景点照片\携程Trip\山东\淄博市\淄博周村古商城\trip_02.jpg,已下载,
深圳世界之窗,深圳市,广东,携程Trip景点页,深圳世界之窗 深圳市,attraction,Window of the World(深圳世界之窗),Shenzhen · Guangdong · China,https://us.trip.com/travel-guide/attraction/shenzhen/window-of-the-world-75869/,1,https://ak-d.tripcdn.com/images/1lo6112000qps0lzg87B7.jpg,D:\wzb\codex\data\全国旅游数据整合_2026-03-24\平台景点照片\携程Trip\广东\深圳市\深圳世界之窗\trip_01.jpg,已下载,
深圳世界之窗,深圳市,广东,携程Trip景点页,深圳世界之窗 深圳市,attraction,Window of the World(深圳世界之窗),Shenzhen · Guangdong · China,https://us.trip.com/travel-guide/attraction/shenzhen/window-of-the-world-75869/,2,https://ak-d.tripcdn.com/images/0103p12000rg62rb9203A.jpg,D:\wzb\codex\data\全国旅游数据整合_2026-03-24\平台景点照片\携程Trip\广东\深圳市\深圳世界之窗\trip_02.jpg,已下载,
深圳东部华侨城,深圳市,广东,携程Trip景点页,深圳东部华侨城 深圳市,attraction,東部華僑城大劇院,Shenzhen · Guangdong · China,https://us.trip.com/travel-guide/attraction/shenzhen/city-148717028/,1,https://ak-d.tripcdn.com/images/1lo6112000qps0lzg87B7.jpg,D:\wzb\codex\data\全国旅游数据整合_2026-03-24\平台景点照片\携程Trip\广东\深圳市\深圳东部华侨城\trip_01.jpg,已下载,
深圳东部华侨城,深圳市,广东,携程Trip景点页,深圳东部华侨城 深圳市,attraction,東部華僑城大劇院,Shenzhen · Guangdong · China,https://us.trip.com/travel-guide/attraction/shenzhen/city-148717028/,2,https://ak-d.tripcdn.com/images/0103p12000rg62rb9203A.jpg,D:\wzb\codex\data\全国旅游数据整合_2026-03-24\平台景点照片\携程Trip\广东\深圳市\深圳东部华侨城\trip_02.jpg,已下载,
深圳华侨城,深圳市,广东,携程Trip景点页,深圳华侨城 深圳市,attraction,仁義詠春拳館（深圳華僑城分館）,Shenzhen · Guangdong · China,https://us.trip.com/travel-guide/attraction/shenzhen/city-151304843/,1,https://ak-d.tripcdn.com/images/1lo6112000qps0lzg87B7.jpg,D:\wzb\codex\data\全国旅游数据整合_2026-03-24\平台景点照片\携程Trip\广东\深圳市\深圳华侨城\trip_01.jpg,已下载,
深圳华侨城,深圳市,广东,携程Trip景点页,深圳华侨城 深圳市,attraction,仁義詠春拳館（深圳華僑城分館）,Shenzhen · Guangdong · China,https://us.trip.com/travel-guide/attraction/shenzhen/city-151304843/,2,https://ak-d.tripcdn.com/images/0103p12000rg62rb9203A.jpg,D:\wzb\codex\data\全国旅游数据整合_2026-03-24\平台景点照片\携程Trip\广东\深圳市\深圳华侨城\trip_02.jpg,已下载,
清东陵,唐山市,河北,携程Trip景点页,清东陵 唐山市,attraction,Qingdongling(清東陵),Zunhua · Tangshan · Hebei · China,https://us.trip.com/travel-guide/attraction/zunhua/qingdongling-81494/,1,https://ak-d.tripcdn.com/images/1lo2912000e4l0fmmA579.jpg,D:\wzb\codex\data\全国旅游数据整合_2026-03-24\平台景点照片\携程Trip\河北\唐山市\清东陵\trip_01.jpg,已下载,
清东陵,唐山市,河北,携程Trip景点页,清东陵 唐山市,attraction,Qingdongling(清東陵),Zunhua · Tangshan · Hebei · China,https://us.trip.com/travel-guide/attraction/zunhua/qingdongling-81494/,2,https://ak-d.tripcdn.com/images/10051f000001gst8iEB5B.jpg,D:\wzb\codex\data\全国旅游数据整合_2026-03-24\平台景点照片\携程Trip\河北\唐山市\清东陵\trip_02.jpg,已下载,
清明上河园,开封市,河南,携程Trip景点页,清明上河园 开封市,attraction,Millennium City Park(清明上河園),Kaifeng · Henan · China,https://us.trip.com/travel-guide/attraction/kaifeng/millennium-city-park-10758165/,1,https://ak-d.tripcdn.com/images/100s0z000000nrpwy7C2A.jpg,D:\wzb\codex\data\全国旅游数据整合_2026-03-24\平台景点照片\携程Trip\河南\开封市\清明上河园\trip_01.jpg,已下载,
清明上河园,开封市,河南,携程Trip景点页,清明上河园 开封市,attraction,Millennium City Park(清明上河園),Kaifeng · Henan · China,https://us.trip.com/travel-guide/attraction/kaifeng/millennium-city-park-10758165/,2,https://ak-d.tripcdn.com/images/1lo0h12000k39ugdd5AD7.jpg,D:\wzb\codex\data\全国旅游数据整合_2026-03-24\平台景点照片\携程Trip\河南\开封市\清明上河园\trip_02.jpg,已下载,
清江画廊,宜昌市,湖北,携程Trip景点页,清江画廊 宜昌市,attraction,Qingjiang Gallery(清江畵廊),Changyang · Yichang · Hubei · China,https://us.trip.com/travel-guide/attraction/changyang/qingjiang-gallery-83949/,1,https://ak-d.tripcdn.com/images/0102u120009gg6n09F68F.jpg,D:\wzb\codex\data\全国旅游数据整合_2026-03-24\平台景点照片\携程Trip\湖北\宜昌市\清江画廊\trip_01.jpg,已下载,
清江画廊,宜昌市,湖北,携程Trip景点页,清江画廊 宜昌市,attraction,Qingjiang Gallery(清江畵廊),Changyang · Yichang · Hubei · China,https://us.trip.com/travel-guide/attraction/changyang/qingjiang-gallery-83949/,2,https://ak-d.tripcdn.com/images/0100x12000aao20wz0054.jpg,D:\wzb\codex\data\全国旅游数据整合_2026-03-24\平台景点照片\携程Trip\湖北\宜昌市\清江画廊\trip_02.jpg,已下载,
清源山,泉州市,福建,携程Trip景点页,清源山 泉州市,attraction,Qingyuan Mountain(清源山),Quanzhou · Fujian · China,https://us.trip.com/travel-guide/attraction/quanzhou/qingyuan-mountain-77521/,1,https://ak-d.tripcdn.com/images/1lo4t12000lhu4q655E5A.jpg,D:\wzb\codex\data\全国旅游数据整合_2026-03-24\平台景点照片\携程Trip\福建\泉州市\清源山\trip_01.jpg,已下载,
清源山,泉州市,福建,携程Trip景点页,清源山 泉州市,attraction,Qingyuan Mountain(清源山),Quanzhou · Fujian · China,https://us.trip.com/travel-guide/attraction/quanzhou/qingyuan-mountain-77521/,2,https://ak-d.tripcdn.com/images/1lo0612000hs46q1n246F.jpg,D:\wzb\codex\data\全国旅游数据整合_2026-03-24\平台景点照片\携程Trip\福建\泉州市\清源山\trip_02.jpg,已下载,
清西陵,保定市,河北,携程Trip景点页,清西陵 保定市,attraction,Western Qing Tombs(清西陵),Yi County · Baoding · Hebei · China,https://us.trip.com/travel-guide/attraction/yi-county/western-qing-tombs-79300/,1,https://ak-d.tripcdn.com/images/0101q120009il2njr0577.jpg,D:\wzb\codex\data\全国旅游数据整合_2026-03-24\平台景点照片\携程Trip\河北\保定市\清西陵\trip_01.jpg,已下载,
清西陵,保定市,河北,携程Trip景点页,清西陵 保定市,attraction,Western Qing Tombs(清西陵),Yi County · Baoding · Hebei · China,https://us.trip.com/travel-guide/attraction/yi-county/western-qing-tombs-79300/,2,https://ak-d.tripcdn.com/images/0100n12000m7cwz62E9E8.jpg,D:\wzb\codex\data\全国旅游数据整合_2026-03-24\平台景点照片\携程Trip\河北\保定市\清西陵\trip_02.jpg,已下载,
温州楠溪江,温州市,浙江,携程Trip景点页,温州楠溪江 温州市,attraction,溫州楠溪江鴻居溫泉酒店·南陳溫泉,Yongjia · Wenzhou · Zhejiang · China,https://us.trip.com/travel-guide/attraction/yongjia/city-151723070/,1,https://ak-d.tripcdn.com/images/0100a12000ir8wfddC507.jpg,D:\wzb\codex\data\全国旅游数据整合_2026-03-24\平台景点照片\携程Trip\浙江\温州市\温州楠溪江\trip_01.jpg,已下载,
温州楠溪江,温州市,浙江,携程Trip景点页,温州楠溪江 温州市,attraction,溫州楠溪江鴻居溫泉酒店·南陳溫泉,Yongjia · Wenzhou · Zhejiang · China,https://us.trip.com/travel-guide/attraction/yongjia/city-151723070/,2,https://ak-d.tripcdn.com/images/1lo1z12000jiz74heDFB0.jpg,D:\wzb\codex\data\全国旅游数据整合_2026-03-24\平台景点照片\携程Trip\浙江\温州市\温州楠溪江\trip_02.jpg,已下载,
湄洲岛,莆田市,福建,携程Trip景点页,湄洲岛 莆田市,attraction,Meizhou Island(湄洲島),Putian · Fujian · China,https://us.trip.com/travel-guide/attraction/putian/meizhou-island-91704/,1,https://ak-d.tripcdn.com/images/0106x12000h867oop13E4.jpg,D:\wzb\codex\data\全国旅游数据整合_2026-03-24\平台景点照片\携程Trip\福建\莆田市\湄洲岛\trip_01.jpg,已下载,
湄洲岛,莆田市,福建,携程Trip景点页,湄洲岛 莆田市,attraction,Meizhou Island(湄洲島),Putian · Fujian · China,https://us.trip.com/travel-guide/attraction/putian/meizhou-island-91704/,2,https://ak-d.tripcdn.com/images/100q0z000000nghjx5A3D.jpg,D:\wzb\codex\data\全国旅游数据整合_2026-03-24\平台景点照片\携程Trip\福建\莆田市\湄洲岛\trip_02.jpg,已下载,
湖南省博物馆,长沙市,湖南,携程Trip景点页,湖南省博物馆 长沙市,attraction,Hunan Provincial Museum(湖南省博物館),Changsha · Hunan · China,https://us.trip.com/travel-guide/attraction/changsha/hunan-provincial-museum-77595/,1,https://ak-d.tripcdn.com/images/0103o120005pr19sjA7F7.jpg,D:\wzb\codex\data\全国旅游数据整合_2026-03-24\平台景点照片\携程Trip\湖南\长沙市\湖南省博物馆\trip_01.jpg,已下载,
湖南省博物馆,长沙市,湖南,携程Trip景点页,湖南省博物馆 长沙市,attraction,Hunan Provincial Museum(湖南省博物館),Changsha · Hunan · China,https://us.trip.com/travel-guide/attraction/changsha/hunan-provincial-museum-77595/,2,https://ak-d.tripcdn.com/images/0102w12000hxmbahsCCAE.jpg,D:\wzb\codex\data\全国旅游数据整合_2026-03-24\平台景点照片\携程Trip\湖南\长沙市\湖南省博物馆\trip_02.jpg,已下载,
湛江湖光岩,湛江市,广东,携程Trip景点页,湛江湖光岩 湛江市,attraction,湖光巖風景區-楞嚴寺,Zhanjiang · Guangdong · China,https://us.trip.com/travel-guide/attraction/zhanjiang/city-145539939/,1,https://ak-d.tripcdn.com/images/0100b12000j13y18b76F5.jpg,D:\wzb\codex\data\全国旅游数据整合_2026-03-24\平台景点照片\携程Trip\广东\湛江市\湛江湖光岩\trip_01.jpg,已下载,
湛江湖光岩,湛江市,广东,携程Trip景点页,湛江湖光岩 湛江市,attraction,湖光巖風景區-楞嚴寺,Zhanjiang · Guangdong · China,https://us.trip.com/travel-guide/attraction/zhanjiang/city-145539939/,2,https://ak-d.tripcdn.com/images/0HJ1412000qfv2l8z816F.jpg,D:\wzb\codex\data\全国旅游数据整合_2026-03-24\平台景点照片\携程Trip\广东\湛江市\湛江湖光岩\trip_02.jpg,已下载,
滇池,昆明市,云南,携程Trip景点页,滇池 昆明市,attraction,昆明滇池後海,Kunming · Yunnan · China,https://us.trip.com/travel-guide/attraction/kunming/city-149635714/,1,https://ak-d.tripcdn.com/images/0101712000l9f17290372.jpg,D:\wzb\codex\data\全国旅游数据整合_2026-03-24\平台景点照片\携程Trip\云南\昆明市\滇池\trip_01.jpg,已下载,
滇池,昆明市,云南,携程Trip景点页,滇池 昆明市,attraction,昆明滇池後海,Kunming · Yunnan · China,https://us.trip.com/travel-guide/attraction/kunming/city-149635714/,2,https://ak-d.tripcdn.com/images/1lo0312000q7pam3l4961.jpg,D:\wzb\codex\data\全国旅游数据整合_2026-03-24\平台景点照片\携程Trip\云南\昆明市\滇池\trip_02.jpg,已下载,
滕王阁,南昌市,江西,携程Trip景点页,滕王阁 南昌市,attraction,Tengwang Pavilion Tourist Area(滕王閣旅遊區),Nanchang · Jiangxi · China,https://us.trip.com/travel-guide/attraction/nanchang/tengwang-pavilion-tourist-area-77653/,1,https://ak-d.tripcdn.com/images/100g1f000001gqwviAF2C.jpg,D:\wzb\codex\data\全国旅游数据整合_2026-03-24\平台景点照片\携程Trip\江西\南昌市\滕王阁\trip_01.jpg,已下载,
滕王阁,南昌市,江西,携程Trip景点页,滕王阁 南昌市,attraction,Tengwang Pavilion Tourist Area(滕王閣旅遊區),Nanchang · Jiangxi · China,https://us.trip.com/travel-guide/attraction/nanchang/tengwang-pavilion-tourist-area-77653/,2,https://ak-d.tripcdn.com/images/0101012000hyluy019DA5.jpg,D:\wzb\codex\data\全国旅游数据整合_2026-03-24\平台景点照片\携程Trip\江西\南昌市\滕王阁\trip_02.jpg,已下载,
漳州东山岛,漳州市,福建,携程Trip景点页,漳州东山岛 漳州市,attraction,東山島-蔡氏家廟,Dongshan County · Zhangzhou · Fujian · China,https://us.trip.com/travel-guide/attraction/dongshan-county/city-143733450/,1,https://ak-d.tripcdn.com/images/0103512000o8eau6u42F7.jpg,D:\wzb\codex\data\全国旅游数据整合_2026-03-24\平台景点照片\携程Trip\福建\漳州市\漳州东山岛\trip_01.jpg,已下载,
漳州东山岛,漳州市,福建,携程Trip景点页,漳州东山岛 漳州市,attraction,東山島-蔡氏家廟,Dongshan County · Zhangzhou · Fujian · China,https://us.trip.com/travel-guide/attraction/dongshan-county/city-143733450/,2,https://ak-d.tripcdn.com/images/0105a120008e8magy0BF0.jpg,D:\wzb\codex\data\全国旅游数据整合_2026-03-24\平台景点照片\携程Trip\福建\漳州市\漳州东山岛\trip_02.jpg,已下载,
潍坊青州古城,潍坊市,山东,携程Trip景点页,潍坊青州古城 潍坊市,attraction,Ancient Town of Qingzhou(青州古城),Qingzhou · Weifang · Shandong · China,https://us.trip.com/travel-guide/attraction/qingzhou/ancient-town-of-qingzhou-39059314/,1,https://ak-d.tripcdn.com/images/0103512000nltyoho6D7A.jpg,D:\wzb\codex\data\全国旅游数据整合_2026-03-24\平台景点照片\携程Trip\山东\潍坊市\潍坊青州古城\trip_01.jpg,已下载,
潍坊青州古城,潍坊市,山东,携程Trip景点页,潍坊青州古城 潍坊市,attraction,Ancient Town of Qingzhou(青州古城),Qingzhou · Weifang · Shandong · China,https://us.trip.com/travel-guide/attraction/qingzhou/ancient-town-of-qingzhou-39059314/,2,https://ak-d.tripcdn.com/images/100p0z000000nj86o0A6E.jpg,D:\wzb\codex\data\全国旅游数据整合_2026-03-24\平台景点照片\携程Trip\山东\潍坊市\潍坊青州古城\trip_02.jpg,已下载,
潜江曹禺公园,潜江市,湖北,携程Trip景点页,潜江曹禺公园 潜江市,attraction,湖北潛江曹禺公園-盆景園,Qianjiang · Hubei · China,https://us.trip.com/travel-guide/attraction/qianjiang/city-143747111/,1,https://ak-d.tripcdn.com/images/0101b12000hzihy5d49C4.jpg,D:\wzb\codex\data\全国旅游数据整合_2026-03-24\平台景点照片\携程Trip\湖北\潜江市\潜江曹禺公园\trip_01.jpg,已下载,
潜江曹禺公园,潜江市,湖北,携程Trip景点页,潜江曹禺公园 潜江市,attraction,湖北潛江曹禺公園-盆景園,Qianjiang · Hubei · China,https://us.trip.com/travel-guide/attraction/qianjiang/city-143747111/,2,https://ak-d.tripcdn.com/images/350f170000012z8xc4476.jpg,D:\wzb\codex\data\全国旅游数据整合_2026-03-24\平台景点照片\携程Trip\湖北\潜江市\潜江曹禺公园\trip_02.jpg,已下载,
潮州广济桥,潮州市,广东,携程Trip景点页,潮州广济桥 潮州市,attraction,Guangji Bridge(廣濟橋),Chaozhou · Guangdong · China,https://us.trip.com/travel-guide/attraction/chaozhou/guangji-bridge-85862/,1,https://ak-d.tripcdn.com/images/0103c12000f6rcogm9470.jpg,D:\wzb\codex\data\全国旅游数据整合_2026-03-24\平台景点照片\携程Trip\广东\潮州市\潮州广济桥\trip_01.jpg,已下载,
潮州广济桥,潮州市,广东,携程Trip景点页,潮州广济桥 潮州市,attraction,Guangji Bridge(廣濟橋),Chaozhou · Guangdong · China,https://us.trip.com/travel-guide/attraction/chaozhou/guangji-bridge-85862/,2,https://ak-d.tripcdn.com/images/0102l12000rqt1jsr8EC3.jpg,D:\wzb\codex\data\全国旅游数据整合_2026-03-24\平台景点照片\携程Trip\广东\潮州市\潮州广济桥\trip_02.jpg,已下载,
瀛湖,安康市,陕西,携程Trip景点页,瀛湖 安康市,attraction,瀛湖瀛園,Ankang · Shaanxi · China,https://us.trip.com/travel-guide/attraction/ankang/city-152879047/,1,https://ak-d.tripcdn.com/images/0100912000iud8nas5D0B.jpg,D:\wzb\codex\data\全国旅游数据整合_2026-03-24\平台景点照片\携程Trip\陕西\安康市\瀛湖\trip_01.jpg,已下载,
瀛湖,安康市,陕西,携程Trip景点页,瀛湖 安康市,attraction,瀛湖瀛園,Ankang · Shaanxi · China,https://us.trip.com/travel-guide/attraction/ankang/city-152879047/,2,https://ak-d.tripcdn.com/images/01053120009hii0udB8EA.jpg,D:\wzb\codex\data\全国旅游数据整合_2026-03-24\平台景点照片\携程Trip\陕西\安康市\瀛湖\trip_02.jpg,已下载,
灵山大佛,无锡市,江苏,携程Trip景点页,灵山大佛 无锡市,attraction,Lingshan Giant Buddha(靈山大佛),Wuxi · Jiangsu · China,https://us.trip.com/travel-guide/attraction/wuxi/lingshan-giant-buddha-75721/,1,https://ak-d.tripcdn.com/images/1A0g13000000tf0316A4E.jpg,D:\wzb\codex\data\全国旅游数据整合_2026-03-24\平台景点照片\携程Trip\江苏\无锡市\灵山大佛\trip_01.jpg,已下载,
灵山大佛,无锡市,江苏,携程Trip景点页,灵山大佛 无锡市,attraction,Lingshan Giant Buddha(靈山大佛),Wuxi · Jiangsu · China,https://us.trip.com/travel-guide/attraction/wuxi/lingshan-giant-buddha-75721/,2,https://ak-d.tripcdn.com/images/0100812000f6po93v9182.jpg,D:\wzb\codex\data\全国旅游数据整合_2026-03-24\平台景点照片\携程Trip\江苏\无锡市\灵山大佛\trip_02.jpg,已下载,
炎帝陵,株洲市,湖南,携程Trip景点页,炎帝陵 株洲市,attraction,Emperor Yan Mausoleum(炎帝陵),Yanling · Zhuzhou · Hunan · China,https://us.trip.com/travel-guide/attraction/yanling/emperor-yan-mausoleum-82660/,1,https://ak-d.tripcdn.com/images/350d15000000y5ci2A9C0.jpg,D:\wzb\codex\data\全国旅游数据整合_2026-03-24\平台景点照片\携程Trip\湖南\株洲市\炎帝陵\trip_01.jpg,已下载,
炎帝陵,株洲市,湖南,携程Trip景点页,炎帝陵 株洲市,attraction,Emperor Yan Mausoleum(炎帝陵),Yanling · Zhuzhou · Hunan · China,https://us.trip.com/travel-guide/attraction/yanling/emperor-yan-mausoleum-82660/,2,https://ak-d.tripcdn.com/images/10021f000001gxdsoB71C.jpg,D:\wzb\codex\data\全国旅游数据整合_2026-03-24\平台景点照片\携程Trip\湖南\株洲市\炎帝陵\trip_02.jpg,已下载,
烟台山,烟台市,山东,携程Trip景点页,烟台山 烟台市,attraction,Yantai Mountain(煙台山),Fuzhou · Fujian · China,https://us.trip.com/travel-guide/attraction/fuzhou/yantai-mountain-148619846/,1,https://ak-d.tripcdn.com/images/0103q12000aoh72b2D3E9.jpg,D:\wzb\codex\data\全国旅游数据整合_2026-03-24\平台景点照片\携程Trip\山东\烟台市\烟台山\trip_01.jpg,已下载,
烟台山,烟台市,山东,携程Trip景点页,烟台山 烟台市,attraction,Yantai Mountain(煙台山),Fuzhou · Fujian · China,https://us.trip.com/travel-guide/attraction/fuzhou/yantai-mountain-148619846/,2,https://ak-d.tripcdn.com/images/1lo4512000my3bj6m3796.png,D:\wzb\codex\data\全国旅游数据整合_2026-03-24\平台景点照片\携程Trip\山东\烟台市\烟台山\trip_02.png,已下载,
玉林云天文化城,玉林市,广西,携程Trip景点页,玉林云天文化城 玉林市,attraction,Yuntian Cultural City(雲天文化城),Yulin · Guangxi · China,https://us.trip.com/travel-guide/attraction/yulin/yuntian-cultural-city-10795369/,1,https://ak-d.tripcdn.com/images/10040d0000006wv4427F6.jpg,D:\wzb\codex\data\全国旅游数据整合_2026-03-24\平台景点照片\携程Trip\广西\玉林市\玉林云天文化城\trip_01.jpg,已下载,
玉林云天文化城,玉林市,广西,携程Trip景点页,玉林云天文化城 玉林市,attraction,Yuntian Cultural City(雲天文化城),Yulin · Guangxi · China,https://us.trip.com/travel-guide/attraction/yulin/yuntian-cultural-city-10795369/,2,https://ak-d.tripcdn.com/images/35030u000000j5tby4A05.jpg,D:\wzb\codex\data\全国旅游数据整合_2026-03-24\平台景点照片\携程Trip\广西\玉林市\玉林云天文化城\trip_02.jpg,已下载,
玉龙雪山,丽江市,云南,携程Trip景点页,玉龙雪山 丽江市,attraction,Yulong Snow Mountain(玉龍雪山),Yulong · Lijiang · Yunnan · China,https://us.trip.com/travel-guide/attraction/yulong/yulong-snow-mountain-75919/,1,https://ak-d.tripcdn.com/images/10080h00000091sqyC8C0.jpg,D:\wzb\codex\data\全国旅游数据整合_2026-03-24\平台景点照片\携程Trip\云南\丽江市\玉龙雪山\trip_01.jpg,已下载,
玉龙雪山,丽江市,云南,携程Trip景点页,玉龙雪山 丽江市,attraction,Yulong Snow Mountain(玉龍雪山),Yulong · Lijiang · Yunnan · China,https://us.trip.com/travel-guide/attraction/yulong/yulong-snow-mountain-75919/,2,https://ak-d.tripcdn.com/images/0101a120007u6uxdt7118.jpg,D:\wzb\codex\data\全国旅游数据整合_2026-03-24\平台景点照片\携程Trip\云南\丽江市\玉龙雪山\trip_02.jpg,已下载,
王家大院,晋中市,山西,携程Trip景点页,王家大院 晋中市,attraction,王家大院-王家祠堂,Lingshi · Jinzhong · Shanxi · China,https://us.trip.com/travel-guide/attraction/lingshi/city-149961085/,1,https://ak-d.tripcdn.com/images/100l1c000001drra62E15.jpg,D:\wzb\codex\data\全国旅游数据整合_2026-03-24\平台景点照片\携程Trip\山西\晋中市\王家大院\trip_01.jpg,已下载,
王家大院,晋中市,山西,携程Trip景点页,王家大院 晋中市,attraction,王家大院-王家祠堂,Lingshi · Jinzhong · Shanxi · China,https://us.trip.com/travel-guide/attraction/lingshi/city-149961085/,2,https://ak-d.tripcdn.com/images/0102z12000f6pnna58EEF.jpg,D:\wzb\codex\data\全国旅游数据整合_2026-03-24\平台景点照片\携程Trip\山西\晋中市\王家大院\trip_02.jpg,已下载,
珠海长隆海洋王国,珠海市,广东,携程Trip景点页,珠海长隆海洋王国 珠海市,attraction,Zhuhai Chimelong Ocean Kingdom(珠海長隆海洋王國),Zhuhai · Guangdong · China,https://us.trip.com/travel-guide/attraction/zhuhai/zhuhai-chimelong-ocean-kingdom-10762535/,1,https://ak-d.tripcdn.com/images/tg/847/784/623/89f5b1550d0643479ccb0770d843f78c.jpg,D:\wzb\codex\data\全国旅游数据整合_2026-03-24\平台景点照片\携程Trip\广东\珠海市\珠海长隆海洋王国\trip_01.jpg,已下载,
珠海长隆海洋王国,珠海市,广东,携程Trip景点页,珠海长隆海洋王国 珠海市,attraction,Zhuhai Chimelong Ocean Kingdom(珠海長隆海洋王國),Zhuhai · Guangdong · China,https://us.trip.com/travel-guide/attraction/zhuhai/zhuhai-chimelong-ocean-kingdom-10762535/,2,https://ak-d.tripcdn.com/images/350p1f000001fwyjg872F.jpg,D:\wzb\codex\data\全国旅游数据整合_2026-03-24\平台景点照片\携程Trip\广东\珠海市\珠海长隆海洋王国\trip_02.jpg,已下载,
琅琊山,滁州市,安徽,携程Trip景点页,琅琊山 滁州市,attraction,滁州市琅琊山豐樂庭景區,Chuzhou · Anhui · China,https://us.trip.com/travel-guide/attraction/chuzhou/city-143752983/,1,https://ak-d.tripcdn.com/images/10020z000000nqow9CD6F.jpg,D:\wzb\codex\data\全国旅游数据整合_2026-03-24\平台景点照片\携程Trip\安徽\滁州市\琅琊山\trip_01.jpg,已下载,
琅琊山,滁州市,安徽,携程Trip景点页,琅琊山 滁州市,attraction,滁州市琅琊山豐樂庭景區,Chuzhou · Anhui · China,https://us.trip.com/travel-guide/attraction/chuzhou/city-143752983/,2,https://ak-d.tripcdn.com/images/0104s120009bgdrb55311.jpg,D:\wzb\codex\data\全国旅游数据整合_2026-03-24\平台景点照片\携程Trip\安徽\滁州市\琅琊山\trip_02.jpg,已下载,
琼海博鳌亚洲论坛,琼海市,海南,携程Trip景点页,琼海博鳌亚洲论坛 琼海市,attraction,博鰲亞洲論壇永久會址景區-雲亭,Qionghai · Hainan · China,https://us.trip.com/travel-guide/attraction/qionghai/city-145468193/,1,https://ak-d.tripcdn.com/images/1lo6h12000c3zk2b70D54.jpg,D:\wzb\codex\data\全国旅游数据整合_2026-03-24\平台景点照片\携程Trip\海南\琼海市\琼海博鳌亚洲论坛\trip_01.jpg,已下载,
琼海博鳌亚洲论坛,琼海市,海南,携程Trip景点页,琼海博鳌亚洲论坛 琼海市,attraction,博鰲亞洲論壇永久會址景區-雲亭,Qionghai · Hainan · China,https://us.trip.com/travel-guide/attraction/qionghai/city-145468193/,2,https://ak-d.tripcdn.com/images/350j1f000001fvfhgAD3B.jpg,D:\wzb\codex\data\全国旅游数据整合_2026-03-24\平台景点照片\携程Trip\海南\琼海市\琼海博鳌亚洲论坛\trip_02.jpg,已下载,
瑞金共和国摇篮,赣州市,江西,携程Trip景点页,瑞金共和国摇篮 赣州市,attraction,PRC Cradle Tourism Area(瑞金共和國搖籃旅遊區),Ruijin · Ganzhou · Jiangxi · China,https://us.trip.com/travel-guide/attraction/ruijin/prc-cradle-tourism-area-79741/,1,https://ak-d.tripcdn.com/images/100m0q000000gkjr702EA.jpg,D:\wzb\codex\data\全国旅游数据整合_2026-03-24\平台景点照片\携程Trip\江西\赣州市\瑞金共和国摇篮\trip_01.jpg,已下载,
瑞金共和国摇篮,赣州市,江西,携程Trip景点页,瑞金共和国摇篮 赣州市,attraction,PRC Cradle Tourism Area(瑞金共和國搖籃旅遊區),Ruijin · Ganzhou · Jiangxi · China,https://us.trip.com/travel-guide/attraction/ruijin/prc-cradle-tourism-area-79741/,2,https://ak-d.tripcdn.com/images/100o1f000001gp4pv32B0.jpg,D:\wzb\codex\data\全国旅游数据整合_2026-03-24\平台景点照片\携程Trip\江西\赣州市\瑞金共和国摇篮\trip_02.jpg,已下载,
田子坊,上海市,上海,携程Trip景点页,田子坊 上海市,attraction,Tianzifang(田子坊),Shanghai · China,https://us.trip.com/travel-guide/attraction/shanghai/tianzifang-10524091/,1,https://ak-d.tripcdn.com/images/0102p1200082jbvtcD451.jpg,D:\wzb\codex\data\全国旅游数据整合_2026-03-24\平台景点照片\携程Trip\上海\上海市\田子坊\trip_01.jpg,已下载,
田子坊,上海市,上海,携程Trip景点页,田子坊 上海市,attraction,Tianzifang(田子坊),Shanghai · China,https://us.trip.com/travel-guide/attraction/shanghai/tianzifang-10524091/,2,https://ak-d.tripcdn.com/images/1lo7412000isn0jrbD500.jpg,D:\wzb\codex\data\全国旅游数据整合_2026-03-24\平台景点照片\携程Trip\上海\上海市\田子坊\trip_02.jpg,已下载,
瘦西湖,扬州市,江苏,携程Trip景点页,瘦西湖 扬州市,attraction,Slender West Lake(瘦西湖),Yangzhou · Jiangsu · China,https://us.trip.com/travel-guide/attraction/yangzhou/slender-west-lake-75733/,1,https://ak-d.tripcdn.com/images/100chk124drqf7c1sB82E.jpg,D:\wzb\codex\data\全国旅游数据整合_2026-03-24\平台景点照片\携程Trip\江苏\扬州市\瘦西湖\trip_01.jpg,已下载,
瘦西湖,扬州市,江苏,携程Trip景点页,瘦西湖 扬州市,attraction,Slender West Lake(瘦西湖),Yangzhou · Jiangsu · China,https://us.trip.com/travel-guide/attraction/yangzhou/slender-west-lake-75733/,2,https://ak-d.tripcdn.com/images/0100512000r8f273eFFEA.jpg,D:\wzb\codex\data\全国旅游数据整合_2026-03-24\平台景点照片\携程Trip\江苏\扬州市\瘦西湖\trip_02.jpg,已下载,
白云山,广州市,广东,携程Trip景点页,白云山 广州市,attraction,Baiyun Mountain(白雲山),Guangzhou · Guangdong · China,https://us.trip.com/travel-guide/attraction/guangzhou/baiyun-mountain-76874/,1,https://ak-d.tripcdn.com/images/1lo1b12000lkwgnsr5B70.jpg,D:\wzb\codex\data\全国旅游数据整合_2026-03-24\平台景点照片\携程Trip\广东\广州市\白云山\trip_01.jpg,已下载,
白云山,广州市,广东,携程Trip景点页,白云山 广州市,attraction,Baiyun Mountain(白雲山),Guangzhou · Guangdong · China,https://us.trip.com/travel-guide/attraction/guangzhou/baiyun-mountain-76874/,2,https://ak-d.tripcdn.com/images/0102212000f6tvovl4925.jpg,D:\wzb\codex\data\全国旅游数据整合_2026-03-24\平台景点照片\携程Trip\广东\广州市\白云山\trip_02.jpg,已下载,
白云山,洛阳市,河南,携程Trip景点页,白云山 洛阳市,attraction,Bai Yun Mountain(洛陽白雲山風景區),Song County · Luoyang · Henan · China,https://us.trip.com/travel-guide/attraction/song-county/bai-yun-mountain-77784/,1,https://ak-d.tripcdn.com/images/1lo2112000h54ono1460C.jpg,D:\wzb\codex\data\全国旅游数据整合_2026-03-24\平台景点照片\携程Trip\河南\洛阳市\白云山\trip_01.jpg,已下载,
白云山,洛阳市,河南,携程Trip景点页,白云山 洛阳市,attraction,Bai Yun Mountain(洛陽白雲山風景區),Song County · Luoyang · Henan · China,https://us.trip.com/travel-guide/attraction/song-county/bai-yun-mountain-77784/,2,https://ak-d.tripcdn.com/images/1A0q14000000x0w2l1130.jpg,D:\wzb\codex\data\全国旅游数据整合_2026-03-24\平台景点照片\携程Trip\河南\洛阳市\白云山\trip_02.jpg,已下载,
白山长白山大峡谷,白山市,吉林,携程Trip景点页,白山长白山大峡谷 白山市,attraction,Volcano Grand Canyon Ski Resort(長白山火山大峽谷滑雪場),Antu · Yanbian · Jilin · China,https://us.trip.com/travel-guide/attraction/antu/volcano-grand-canyon-ski-resort-149650578/,1,https://ak-d.tripcdn.com/images/0104g120003to7jeq9E4A.jpg,D:\wzb\codex\data\全国旅游数据整合_2026-03-24\平台景点照片\携程Trip\吉林\白山市\白山长白山大峡谷\trip_01.jpg,已下载,
白山长白山大峡谷,白山市,吉林,携程Trip景点页,白山长白山大峡谷 白山市,attraction,Volcano Grand Canyon Ski Resort(長白山火山大峽谷滑雪場),Antu · Yanbian · Jilin · China,https://us.trip.com/travel-guide/attraction/antu/volcano-grand-canyon-ski-resort-149650578/,2,https://ak-d.tripcdn.com/images/1lo3212000bmwpydfB83B.jpg,D:\wzb\codex\data\全国旅游数据整合_2026-03-24\平台景点照片\携程Trip\吉林\白山市\白山长白山大峡谷\trip_02.jpg,已下载,
白水洋,宁德市,福建,携程Trip景点页,白水洋 宁德市,attraction,白水洋古河床,Pingnan · Ningde · Fujian · China,https://us.trip.com/travel-guide/attraction/pingnan/city-145558125/,1,https://ak-d.tripcdn.com/images/010401200088teu8q6C77.jpg,D:\wzb\codex\data\全国旅游数据整合_2026-03-24\平台景点照片\携程Trip\福建\宁德市\白水洋\trip_01.jpg,已下载,
白水洋,宁德市,福建,携程Trip景点页,白水洋 宁德市,attraction,白水洋古河床,Pingnan · Ningde · Fujian · China,https://us.trip.com/travel-guide/attraction/pingnan/city-145558125/,2,https://ak-d.tripcdn.com/images/0102i12000mj5m4hj7025.jpg,D:\wzb\codex\data\全国旅游数据整合_2026-03-24\平台景点照片\携程Trip\福建\宁德市\白水洋\trip_02.jpg,已下载,
白洋淀,保定市,河北,携程Trip景点页,白洋淀 保定市,attraction,白洋澱不夜城彩虹城堡遊樂園,Anxin · Baoding · Hebei · China,https://us.trip.com/travel-guide/attraction/anxin/city-151260106/,1,https://ak-d.tripcdn.com/images/0106912000c264c7qBE75.jpg,D:\wzb\codex\data\全国旅游数据整合_2026-03-24\平台景点照片\携程Trip\河北\保定市\白洋淀\trip_01.jpg,已下载,
白洋淀,保定市,河北,携程Trip景点页,白洋淀 保定市,attraction,白洋澱不夜城彩虹城堡遊樂園,Anxin · Baoding · Hebei · China,https://us.trip.com/travel-guide/attraction/anxin/city-151260106/,2,https://ak-d.tripcdn.com/images/0105812000h15e4fc14BF.jpg,D:\wzb\codex\data\全国旅游数据整合_2026-03-24\平台景点照片\携程Trip\河北\保定市\白洋淀\trip_02.jpg,已下载,
白石山,保定市,河北,携程Trip景点页,白石山 保定市,attraction,白石山花海,Laiyuan · Baoding · Hebei · China,https://us.trip.com/travel-guide/attraction/laiyuan/city-145186767/,1,https://ak-d.tripcdn.com/images/1lo0512000bl8q1tg9A7A.jpg,D:\wzb\codex\data\全国旅游数据整合_2026-03-24\平台景点照片\携程Trip\河北\保定市\白石山\trip_01.jpg,已下载,
白石山,保定市,河北,携程Trip景点页,白石山 保定市,attraction,白石山花海,Laiyuan · Baoding · Hebei · China,https://us.trip.com/travel-guide/attraction/laiyuan/city-145186767/,2,https://ak-d.tripcdn.com/images/0101q120009il2njr0577.jpg,D:\wzb\codex\data\全国旅游数据整合_2026-03-24\平台景点照片\携程Trip\河北\保定市\白石山\trip_02.jpg,已下载,
白马寺,洛阳市,河南,携程Trip景点页,白马寺 洛阳市,attraction,White Horse Temple(白馬寺),Luoyang · Henan · China,https://us.trip.com/travel-guide/attraction/luoyang/white-horse-temple-77567/,1,https://ak-d.tripcdn.com/images/0104p12000rpdckmaD19D.jpg,D:\wzb\codex\data\全国旅游数据整合_2026-03-24\平台景点照片\携程Trip\河南\洛阳市\白马寺\trip_01.jpg,已下载,
白马寺,洛阳市,河南,携程Trip景点页,白马寺 洛阳市,attraction,White Horse Temple(白馬寺),Luoyang · Henan · China,https://us.trip.com/travel-guide/attraction/luoyang/white-horse-temple-77567/,2,https://ak-d.tripcdn.com/images/0101a120005ybuydo5E5D.jpg,D:\wzb\codex\data\全国旅游数据整合_2026-03-24\平台景点照片\携程Trip\河南\洛阳市\白马寺\trip_02.jpg,已下载,
百色起义纪念馆,百色市,广西,携程Trip景点页,百色起义纪念馆 百色市,attraction,百色起義紀念園百色起義紀念館-鄧小平雕像,Baise · Guangxi · China,https://us.trip.com/travel-guide/attraction/baise/city-148571873/,1,https://ak-d.tripcdn.com/images/100s0z000000mw83r8818.jpg,D:\wzb\codex\data\全国旅游数据整合_2026-03-24\平台景点照片\携程Trip\广西\百色市\百色起义纪念馆\trip_01.jpg,已下载,
百色起义纪念馆,百色市,广西,携程Trip景点页,百色起义纪念馆 百色市,attraction,百色起義紀念園百色起義紀念館-鄧小平雕像,Baise · Guangxi · China,https://us.trip.com/travel-guide/attraction/baise/city-148571873/,2,https://ak-d.tripcdn.com/images/0107212000maf4muhE55B.jpg,D:\wzb\codex\data\全国旅游数据整合_2026-03-24\平台景点照片\携程Trip\广西\百色市\百色起义纪念馆\trip_02.jpg,已下载,
皇城相府,晋城市,山西,携程Trip景点页,皇城相府 晋城市,attraction,House of The Huangcheng Chancellor(皇城相府),Yangcheng · Jincheng · Shanxi · China,https://us.trip.com/travel-guide/attraction/yangcheng/house-of-the-huangcheng-chancellor-84031/,1,https://ak-d.tripcdn.com/images/100t0r000000hcr4a7C36.jpg,D:\wzb\codex\data\全国旅游数据整合_2026-03-24\平台景点照片\携程Trip\山西\晋城市\皇城相府\trip_01.jpg,已下载,
皇城相府,晋城市,山西,携程Trip景点页,皇城相府 晋城市,attraction,House of The Huangcheng Chancellor(皇城相府),Yangcheng · Jincheng · Shanxi · China,https://us.trip.com/travel-guide/attraction/yangcheng/house-of-the-huangcheng-chancellor-84031/,2,https://ak-d.tripcdn.com/images/100f0r000000hcdx7F9EC.jpg,D:\wzb\codex\data\全国旅游数据整合_2026-03-24\平台景点照片\携程Trip\山西\晋城市\皇城相府\trip_02.jpg,已下载,
盐城丹顶鹤湿地,盐城市,江苏,携程Trip景点页,盐城丹顶鹤湿地 盐城市,attraction,鹽城丹頂鶴濕地生態旅遊區-博物館,Yancheng · Jiangsu · China,https://us.trip.com/travel-guide/attraction/yancheng/city-145627314/,1,https://ak-d.tripcdn.com/images/1lo1w12000eyphhr51D41.jpg,D:\wzb\codex\data\全国旅游数据整合_2026-03-24\平台景点照片\携程Trip\江苏\盐城市\盐城丹顶鹤湿地\trip_01.jpg,已下载,
盐城丹顶鹤湿地,盐城市,江苏,携程Trip景点页,盐城丹顶鹤湿地 盐城市,attraction,鹽城丹頂鶴濕地生態旅遊區-博物館,Yancheng · Jiangsu · China,https://us.trip.com/travel-guide/attraction/yancheng/city-145627314/,2,https://ak-d.tripcdn.com/images/01015120006bmkcssA7E5.jpg,D:\wzb\codex\data\全国旅游数据整合_2026-03-24\平台景点照片\携程Trip\江苏\盐城市\盐城丹顶鹤湿地\trip_02.jpg,已下载,
石林,昆明市,云南,携程Trip景点页,石林 昆明市,attraction,Stone Forest Scenic Area(石林),Shilin · Kunming · Yunnan · China,https://us.trip.com/travel-guide/attraction/shilin/stone-forest-scenic-area-82204/,1,https://ak-d.tripcdn.com/images/1lo2f12000cx3m7k262A5.jpg,D:\wzb\codex\data\全国旅游数据整合_2026-03-24\平台景点照片\携程Trip\云南\昆明市\石林\trip_01.jpg,已下载,
石林,昆明市,云南,携程Trip景点页,石林 昆明市,attraction,Stone Forest Scenic Area(石林),Shilin · Kunming · Yunnan · China,https://us.trip.com/travel-guide/attraction/shilin/stone-forest-scenic-area-82204/,2,https://ak-d.tripcdn.com/images/1lo3n12000b8ts8l4D537.jpg,D:\wzb\codex\data\全国旅游数据整合_2026-03-24\平台景点照片\携程Trip\云南\昆明市\石林\trip_02.jpg,已下载,
碛口古镇,吕梁市,山西,携程Trip景点页,碛口古镇 吕梁市,attraction,Ancient Qikou Town(磧口古鎮),Lin County · Lvliang · Shanxi · China,https://us.trip.com/travel-guide/attraction/lin-county/ancient-qikou-town-84126/,1,https://ak-d.tripcdn.com/images/100c0z000000newqa275B.jpg,D:\wzb\codex\data\全国旅游数据整合_2026-03-24\平台景点照片\携程Trip\山西\吕梁市\碛口古镇\trip_01.jpg,已下载,
碛口古镇,吕梁市,山西,携程Trip景点页,碛口古镇 吕梁市,attraction,Ancient Qikou Town(磧口古鎮),Lin County · Lvliang · Shanxi · China,https://us.trip.com/travel-guide/attraction/lin-county/ancient-qikou-town-84126/,2,https://ak-d.tripcdn.com/images/0105m12000m51kdnx7A1E.jpg,D:\wzb\codex\data\全国旅游数据整合_2026-03-24\平台景点照片\携程Trip\山西\吕梁市\碛口古镇\trip_02.jpg,已下载,
神农架,神农架林区,湖北,携程Trip景点页,神农架 神农架林区,attraction,湖北神農架林區神農架林區,Shennongjia · Hubei · China,https://us.trip.com/travel-guide/attraction/shennongjia/city-150298872/,1,https://ak-d.tripcdn.com/images/0104t120008oitp6aFECC.jpg,D:\wzb\codex\data\全国旅游数据整合_2026-03-24\平台景点照片\携程Trip\湖北\神农架林区\神农架\trip_01.jpg,已下载,
神农架,神农架林区,湖北,携程Trip景点页,神农架 神农架林区,attraction,湖北神農架林區神農架林區,Shennongjia · Hubei · China,https://us.trip.com/travel-guide/attraction/shennongjia/city-150298872/,2,https://ak-d.tripcdn.com/images/01041120008oec2te6950.jpg,D:\wzb\codex\data\全国旅游数据整合_2026-03-24\平台景点照片\携程Trip\湖北\神农架林区\神农架\trip_02.jpg,已下载,
福州三山两塔,福州市,福建,携程Trip景点页,福州三山两塔 福州市,,,,,,,,未命中页面,搜索结果中未找到 attraction 或 destination 页。
福州鼓山,福州市,福建,携程Trip景点页,福州鼓山 福州市,attraction,福州鼓山風景區-涼亭,Fuzhou · Fujian · China,https://us.trip.com/travel-guide/attraction/fuzhou/city-149991669/,1,https://ak-d.tripcdn.com/images/0103q12000aoh72b2D3E9.jpg,D:\wzb\codex\data\全国旅游数据整合_2026-03-24\平台景点照片\携程Trip\福建\福州市\福州鼓山\trip_01.jpg,已下载,
福州鼓山,福州市,福建,携程Trip景点页,福州鼓山 福州市,attraction,福州鼓山風景區-涼亭,Fuzhou · Fujian · China,https://us.trip.com/travel-guide/attraction/fuzhou/city-149991669/,2,https://ak-d.tripcdn.com/images/1lo4512000my3bj6m3796.png,D:\wzb\codex\data\全国旅游数据整合_2026-03-24\平台景点照片\携程Trip\福建\福州市\福州鼓山\trip_02.png,已下载,
福建土楼,龙岩市,福建,携程Trip景点页,福建土楼 龙岩市,attraction,福建土樓·永定景區-僑福樓,Longyan · Fujian · China,https://us.trip.com/travel-guide/attraction/longyan/city-149619394/,1,https://ak-d.tripcdn.com/images/0101y1200086wwijz1B8A.jpg,D:\wzb\codex\data\全国旅游数据整合_2026-03-24\平台景点照片\携程Trip\福建\龙岩市\福建土楼\trip_01.jpg,已下载,
福建土楼,龙岩市,福建,携程Trip景点页,福建土楼 龙岩市,attraction,福建土樓·永定景區-僑福樓,Longyan · Fujian · China,https://us.trip.com/travel-guide/attraction/longyan/city-149619394/,2,https://ak-d.tripcdn.com/images/0101w1200092oimbwED00.jpg,D:\wzb\codex\data\全国旅游数据整合_2026-03-24\平台景点照片\携程Trip\福建\龙岩市\福建土楼\trip_02.jpg,已下载,
秦始皇兵马俑,西安市,陕西,携程Trip景点页,秦始皇兵马俑 西安市,attraction,Emperor Qinshihuang's Mausoleum Site Museum(秦始皇帝陵博物院(兵馬俑)),Xi'an · Shaanxi · China,https://us.trip.com/travel-guide/attraction/xi-an/emperor-qinshihuang-s-mausoleum-site-museum-75682/,1,https://ak-d.tripcdn.com/images/0104012000f6rbl4996B9.jpg,D:\wzb\codex\data\全国旅游数据整合_2026-03-24\平台景点照片\携程Trip\陕西\西安市\秦始皇兵马俑\trip_01.jpg,已下载,
秦始皇兵马俑,西安市,陕西,携程Trip景点页,秦始皇兵马俑 西安市,attraction,Emperor Qinshihuang's Mausoleum Site Museum(秦始皇帝陵博物院(兵馬俑)),Xi'an · Shaanxi · China,https://us.trip.com/travel-guide/attraction/xi-an/emperor-qinshihuang-s-mausoleum-site-museum-75682/,2,https://ak-d.tripcdn.com/images/0103k120006t7ckgl8C33.jpg,D:\wzb\codex\data\全国旅游数据整合_2026-03-24\平台景点照片\携程Trip\陕西\西安市\秦始皇兵马俑\trip_02.jpg,已下载,
稻城亚丁,甘孜州,四川,携程Trip景点页,稻城亚丁 甘孜州,attraction,Daocheng Yading(稻城亞丁),Daocheng County · Ganzi Prefecture · Sichuan · China,https://us.trip.com/travel-guide/attraction/daocheng-county/daocheng-yading-78572/,1,https://ak-d.tripcdn.com/images/100o0g0000007tevr8DED.jpg,D:\wzb\codex\data\全国旅游数据整合_2026-03-24\平台景点照片\携程Trip\四川\甘孜州\稻城亚丁\trip_01.jpg,已下载,
稻城亚丁,甘孜州,四川,携程Trip景点页,稻城亚丁 甘孜州,attraction,Daocheng Yading(稻城亞丁),Daocheng County · Ganzi Prefecture · Sichuan · China,https://us.trip.com/travel-guide/attraction/daocheng-county/daocheng-yading-78572/,2,https://ak-d.tripcdn.com/images/0100612000j78gx2n910F.jpg,D:\wzb\codex\data\全国旅游数据整合_2026-03-24\平台景点照片\携程Trip\四川\甘孜州\稻城亚丁\trip_02.jpg,已下载,
紫鹊界梯田,娄底市,湖南,携程Trip景点页,紫鹊界梯田 娄底市,attraction,Ziquejie Terraces(紫鵲界梯田),Xinhua · Loudi · Hunan · China,https://us.trip.com/travel-guide/attraction/xinhua/ziquejie-terraces-101338/,1,https://ak-d.tripcdn.com/images/0102812000jbosdr6450A.jpg,D:\wzb\codex\data\全国旅游数据整合_2026-03-24\平台景点照片\携程Trip\湖南\娄底市\紫鹊界梯田\trip_01.jpg,已下载,
紫鹊界梯田,娄底市,湖南,携程Trip景点页,紫鹊界梯田 娄底市,attraction,Ziquejie Terraces(紫鵲界梯田),Xinhua · Loudi · Hunan · China,https://us.trip.com/travel-guide/attraction/xinhua/ziquejie-terraces-101338/,2,https://ak-d.tripcdn.com/images/0101d12000evr179hBE9A.jpg,D:\wzb\codex\data\全国旅游数据整合_2026-03-24\平台景点照片\携程Trip\湖南\娄底市\紫鹊界梯田\trip_02.jpg,已下载,
红旗渠,安阳市,河南,携程Trip景点页,红旗渠 安阳市,attraction,紅旗渠廣場-東,Anyang · Henan · China,https://us.trip.com/travel-guide/attraction/anyang/city-146051698/,1,https://ak-d.tripcdn.com/images/0106512000f6sbrt57DE7.jpg,D:\wzb\codex\data\全国旅游数据整合_2026-03-24\平台景点照片\携程Trip\河南\安阳市\红旗渠\trip_01.jpg,已下载,
红旗渠,安阳市,河南,携程Trip景点页,红旗渠 安阳市,attraction,紅旗渠廣場-東,Anyang · Henan · China,https://us.trip.com/travel-guide/attraction/anyang/city-146051698/,2,https://ak-d.tripcdn.com/images/0101e12000h16tsp7FF75.jpg,D:\wzb\codex\data\全国旅游数据整合_2026-03-24\平台景点照片\携程Trip\河南\安阳市\红旗渠\trip_02.jpg,已下载,
红海滩,盘锦市,辽宁,携程Trip景点页,红海滩 盘锦市,attraction,Red Beach National Scenic Corridor,Panjin · Liaoning · China,https://us.trip.com/travel-guide/attraction/panjin/red-beach-national-scenic-corridor-13219406/,1,https://ak-d.tripcdn.com/images/0106e12000riv0cbaAA57.jpg,D:\wzb\codex\data\全国旅游数据整合_2026-03-24\平台景点照片\携程Trip\辽宁\盘锦市\红海滩\trip_01.jpg,已下载,
红海滩,盘锦市,辽宁,携程Trip景点页,红海滩 盘锦市,attraction,Red Beach National Scenic Corridor,Panjin · Liaoning · China,https://us.trip.com/travel-guide/attraction/panjin/red-beach-national-scenic-corridor-13219406/,2,https://ak-d.tripcdn.com/images/1lo2912000hfqkwrdFF41.jpg,D:\wzb\codex\data\全国旅游数据整合_2026-03-24\平台景点照片\携程Trip\辽宁\盘锦市\红海滩\trip_02.jpg,已下载,
终南山,西安市,陕西,携程Trip景点页,终南山 西安市,attraction,Zhongnan Mountain(終南山),Xi'an · Shaanxi · China,https://us.trip.com/travel-guide/attraction/xi-an/zhongnan-mountain-15009120/,1,https://ak-d.tripcdn.com/images/0104012000f6rbl4996B9.jpg,D:\wzb\codex\data\全国旅游数据整合_2026-03-24\平台景点照片\携程Trip\陕西\西安市\终南山\trip_01.jpg,已下载,
终南山,西安市,陕西,携程Trip景点页,终南山 西安市,attraction,Zhongnan Mountain(終南山),Xi'an · Shaanxi · China,https://us.trip.com/travel-guide/attraction/xi-an/zhongnan-mountain-15009120/,2,https://ak-d.tripcdn.com/images/0103k120006t7ckgl8C33.jpg,D:\wzb\codex\data\全国旅游数据整合_2026-03-24\平台景点照片\携程Trip\陕西\西安市\终南山\trip_02.jpg,已下载,
绍兴鲁迅故里,绍兴市,浙江,携程Trip景点页,绍兴鲁迅故里 绍兴市,attraction,紹興魯迅故里銀泰店,Shaoxing · Zhejiang · China,https://us.trip.com/travel-guide/attraction/shaoxing/city-150401559/,1,https://ak-d.tripcdn.com/images/1lo2a12000husbif055FF.jpg,D:\wzb\codex\data\全国旅游数据整合_2026-03-24\平台景点照片\携程Trip\浙江\绍兴市\绍兴鲁迅故里\trip_01.jpg,已下载,
绍兴鲁迅故里,绍兴市,浙江,携程Trip景点页,绍兴鲁迅故里 绍兴市,attraction,紹興魯迅故里銀泰店,Shaoxing · Zhejiang · China,https://us.trip.com/travel-guide/attraction/shaoxing/city-150401559/,2,https://ak-d.tripcdn.com/images/0102g120005xkjgfr412B.jpg,D:\wzb\codex\data\全国旅游数据整合_2026-03-24\平台景点照片\携程Trip\浙江\绍兴市\绍兴鲁迅故里\trip_02.jpg,已下载,
绥化金龟山庄,绥化市,黑龙江,携程Trip景点页,绥化金龟山庄 绥化市,attraction,金龜山庄滑雪場,Suihua · Heilongjiang · China,https://us.trip.com/travel-guide/attraction/suihua/city-150305391/,1,https://ak-d.tripcdn.com/images/0103m12000g2p5gaeDB3A.jpg,D:\wzb\codex\data\全国旅游数据整合_2026-03-24\平台景点照片\携程Trip\黑龙江\绥化市\绥化金龟山庄\trip_01.jpg,已下载,
绥化金龟山庄,绥化市,黑龙江,携程Trip景点页,绥化金龟山庄 绥化市,attraction,金龜山庄滑雪場,Suihua · Heilongjiang · China,https://us.trip.com/travel-guide/attraction/suihua/city-150305391/,2,https://ak-d.tripcdn.com/images/100i12000000skvaoBD2C.jpg,D:\wzb\codex\data\全国旅游数据整合_2026-03-24\平台景点照片\携程Trip\黑龙江\绥化市\绥化金龟山庄\trip_02.jpg,已下载,
绵山,晋中市,山西,携程Trip景点页,绵山 晋中市,attraction,綿山勝境,Jiexiu · Jinzhong · Shanxi · China,https://us.trip.com/travel-guide/attraction/jiexiu/city-145731028/,1,https://ak-d.tripcdn.com/images/100l1c000001drra62E15.jpg,D:\wzb\codex\data\全国旅游数据整合_2026-03-24\平台景点照片\携程Trip\山西\晋中市\绵山\trip_01.jpg,已下载,
绵山,晋中市,山西,携程Trip景点页,绵山 晋中市,attraction,綿山勝境,Jiexiu · Jinzhong · Shanxi · China,https://us.trip.com/travel-guide/attraction/jiexiu/city-145731028/,2,https://ak-d.tripcdn.com/images/0102z12000f6pnna58EEF.jpg,D:\wzb\codex\data\全国旅游数据整合_2026-03-24\平台景点照片\携程Trip\山西\晋中市\绵山\trip_02.jpg,已下载,
罗浮山,惠州市,广东,携程Trip景点页,罗浮山 惠州市,attraction,羅浮山名山名泉,Huizhou · Guangdong · China,https://us.trip.com/travel-guide/attraction/huizhou/city-145195230/,1,https://ak-d.tripcdn.com/images/0101y12000rr5jtfmB4FE.jpg,D:\wzb\codex\data\全国旅游数据整合_2026-03-24\平台景点照片\携程Trip\广东\惠州市\罗浮山\trip_01.jpg,已下载,
罗浮山,惠州市,广东,携程Trip景点页,罗浮山 惠州市,attraction,羅浮山名山名泉,Huizhou · Guangdong · China,https://us.trip.com/travel-guide/attraction/huizhou/city-145195230/,2,https://ak-d.tripcdn.com/images/0100912000rmee6f58CAD.jpg,D:\wzb\codex\data\全国旅游数据整合_2026-03-24\平台景点照片\携程Trip\广东\惠州市\罗浮山\trip_02.jpg,已下载,
老君山,洛阳市,河南,携程Trip景点页,老君山 洛阳市,attraction,Laojun Mountain Scenic Spot(老君山景區),Luanchuan · Luoyang · Henan · China,https://us.trip.com/travel-guide/attraction/luanchuan/laojun-mountain-scenic-spot-77806/,1,https://ak-d.tripcdn.com/images/1lo2112000h54ono1460C.jpg,D:\wzb\codex\data\全国旅游数据整合_2026-03-24\平台景点照片\携程Trip\河南\洛阳市\老君山\trip_01.jpg,已下载,
老君山,洛阳市,河南,携程Trip景点页,老君山 洛阳市,attraction,Laojun Mountain Scenic Spot(老君山景區),Luanchuan · Luoyang · Henan · China,https://us.trip.com/travel-guide/attraction/luanchuan/laojun-mountain-scenic-spot-77806/,2,https://ak-d.tripcdn.com/images/1A0q14000000x0w2l1130.jpg,D:\wzb\codex\data\全国旅游数据整合_2026-03-24\平台景点照片\携程Trip\河南\洛阳市\老君山\trip_02.jpg,已下载,
聊城东昌湖,聊城市,山东,携程Trip景点页,聊城东昌湖 聊城市,attraction,東昌湖-名人島,Liaocheng · Shandong · China,https://us.trip.com/travel-guide/attraction/liaocheng/city-145447206/,1,https://ak-d.tripcdn.com/images/100v1f000001h1cafBE4A.jpg,D:\wzb\codex\data\全国旅游数据整合_2026-03-24\平台景点照片\携程Trip\山东\聊城市\聊城东昌湖\trip_01.jpg,已下载,
聊城东昌湖,聊城市,山东,携程Trip景点页,聊城东昌湖 聊城市,attraction,東昌湖-名人島,Liaocheng · Shandong · China,https://us.trip.com/travel-guide/attraction/liaocheng/city-145447206/,2,https://ak-d.tripcdn.com/images/100r1f000001gop0d99F1.jpg,D:\wzb\codex\data\全国旅游数据整合_2026-03-24\平台景点照片\携程Trip\山东\聊城市\聊城东昌湖\trip_02.jpg,已下载,
肇庆星湖,肇庆市,广东,携程Trip景点页,肇庆星湖 肇庆市,attraction,肇慶星湖國家濕地公園-青蓮湖,Zhaoqing · Guangdong · China,https://us.trip.com/travel-guide/attraction/zhaoqing/city-145444847/,1,https://ak-d.tripcdn.com/images/0103y12000f7kvxqm2E98.jpg,D:\wzb\codex\data\全国旅游数据整合_2026-03-24\平台景点照片\携程Trip\广东\肇庆市\肇庆星湖\trip_01.jpg,已下载,
肇庆星湖,肇庆市,广东,携程Trip景点页,肇庆星湖 肇庆市,attraction,肇慶星湖國家濕地公園-青蓮湖,Zhaoqing · Guangdong · China,https://us.trip.com/travel-guide/attraction/zhaoqing/city-145444847/,2,https://ak-d.tripcdn.com/images/0101712000mlcm8xm061D.jpg,D:\wzb\codex\data\全国旅游数据整合_2026-03-24\平台景点照片\携程Trip\广东\肇庆市\肇庆星湖\trip_02.jpg,已下载,
腾冲热海,保山市,云南,携程Trip景点页,腾冲热海 保山市,attraction,騰沖市熱海風景區-放映廳,Tengchong · Baoshan · Yunnan · China,https://us.trip.com/travel-guide/attraction/tengchong/city-145645835/,1,https://ak-d.tripcdn.com/images/0106w12000j5bc6pk588F.jpg,D:\wzb\codex\data\全国旅游数据整合_2026-03-24\平台景点照片\携程Trip\云南\保山市\腾冲热海\trip_01.jpg,已下载,
腾冲热海,保山市,云南,携程Trip景点页,腾冲热海 保山市,attraction,騰沖市熱海風景區-放映廳,Tengchong · Baoshan · Yunnan · China,https://us.trip.com/travel-guide/attraction/tengchong/city-145645835/,2,https://ak-d.tripcdn.com/images/0105t12000f52xa0e2D48.jpg,D:\wzb\codex\data\全国旅游数据整合_2026-03-24\平台景点照片\携程Trip\云南\保山市\腾冲热海\trip_02.jpg,已下载,
舟山朱家尖,舟山市,浙江,携程Trip景点页,舟山朱家尖 舟山市,attraction,舟山騎行,Zhoushan · Zhejiang · China,https://us.trip.com/travel-guide/attraction/zhoushan/city-22959300/,1,https://ak-d.tripcdn.com/images/1lo1x12000hs5hpa23BD0.jpg,D:\wzb\codex\data\全国旅游数据整合_2026-03-24\平台景点照片\携程Trip\浙江\舟山市\舟山朱家尖\trip_01.jpg,已下载,
舟山朱家尖,舟山市,浙江,携程Trip景点页,舟山朱家尖 舟山市,attraction,舟山騎行,Zhoushan · Zhejiang · China,https://us.trip.com/travel-guide/attraction/zhoushan/city-22959300/,2,https://ak-d.tripcdn.com/images/0102p1200091q6hfnCB02.jpg,D:\wzb\codex\data\全国旅游数据整合_2026-03-24\平台景点照片\携程Trip\浙江\舟山市\舟山朱家尖\trip_02.jpg,已下载,
芒砀山,商丘市,河南,携程Trip景点页,芒砀山 商丘市,attraction,Mount Mangdang Tourist Area(芒碭山),Yongcheng · Shangqiu · Henan · China,https://us.trip.com/travel-guide/attraction/yongcheng/mount-mangdang-tourist-area-89186/,1,https://ak-d.tripcdn.com/images/100w0z000000mtexh795C.jpg,D:\wzb\codex\data\全国旅游数据整合_2026-03-24\平台景点照片\携程Trip\河南\商丘市\芒砀山\trip_01.jpg,已下载,
芒砀山,商丘市,河南,携程Trip景点页,芒砀山 商丘市,attraction,Mount Mangdang Tourist Area(芒碭山),Yongcheng · Shangqiu · Henan · China,https://us.trip.com/travel-guide/attraction/yongcheng/mount-mangdang-tourist-area-89186/,2,https://ak-d.tripcdn.com/images/0100y12000i04x6du83BF.jpg,D:\wzb\codex\data\全国旅游数据整合_2026-03-24\平台景点照片\携程Trip\河南\商丘市\芒砀山\trip_02.jpg,已下载,
芙蓉镇,湘西州,湖南,携程Trip景点页,芙蓉镇 湘西州,attraction,Furong Town(芙蓉鎮),Yongshun · Xiangxi Prefecture · Hunan · China,https://us.trip.com/travel-guide/attraction/yongshun/furong-town-10558754/,1,https://ak-d.tripcdn.com/images/1lo1l12000r80nvwwBC8B.jpg,D:\wzb\codex\data\全国旅游数据整合_2026-03-24\平台景点照片\携程Trip\湖南\湘西州\芙蓉镇\trip_01.jpg,已下载,
芙蓉镇,湘西州,湖南,携程Trip景点页,芙蓉镇 湘西州,attraction,Furong Town(芙蓉鎮),Yongshun · Xiangxi Prefecture · Hunan · China,https://us.trip.com/travel-guide/attraction/yongshun/furong-town-10558754/,2,https://ak-d.tripcdn.com/images/1lo1j12000oll883fAFE6.jpg,D:\wzb\codex\data\全国旅游数据整合_2026-03-24\平台景点照片\携程Trip\湖南\湘西州\芙蓉镇\trip_02.jpg,已下载,
芦芽山,忻州市,山西,携程Trip景点页,芦芽山 忻州市,attraction,Luya Mountain Scenic Area,Ningwu · Xinzhou · Shanxi · China,https://us.trip.com/travel-guide/attraction/ningwu/luya-mountain-scenic-area-89614/,1,https://ak-d.tripcdn.com/images/0102s12000jgnw46s94A2.jpg,D:\wzb\codex\data\全国旅游数据整合_2026-03-24\平台景点照片\携程Trip\山西\忻州市\芦芽山\trip_01.jpg,已下载,
芦芽山,忻州市,山西,携程Trip景点页,芦芽山 忻州市,attraction,Luya Mountain Scenic Area,Ningwu · Xinzhou · Shanxi · China,https://us.trip.com/travel-guide/attraction/ningwu/luya-mountain-scenic-area-89614/,2,https://ak-d.tripcdn.com/images/0101h12000h0kv5qk659E.jpg,D:\wzb\codex\data\全国旅游数据整合_2026-03-24\平台景点照片\携程Trip\山西\忻州市\芦芽山\trip_02.jpg,已下载,
花山谜窟,黄山市,安徽,携程Trip景点页,花山谜窟 黄山市,attraction,Huashan Mysterious Grottoes(花山謎窟),Huangshan City · Anhui · China,https://us.trip.com/travel-guide/attraction/huangshan-city/huashan-mysterious-grottoes-80579/,1,https://ak-d.tripcdn.com/images/0101p1200087cum179214.jpg,D:\wzb\codex\data\全国旅游数据整合_2026-03-24\平台景点照片\携程Trip\安徽\黄山市\花山谜窟\trip_01.jpg,已下载,
花山谜窟,黄山市,安徽,携程Trip景点页,花山谜窟 黄山市,attraction,Huashan Mysterious Grottoes(花山謎窟),Huangshan City · Anhui · China,https://us.trip.com/travel-guide/attraction/huangshan-city/huashan-mysterious-grottoes-80579/,2,https://ak-d.tripcdn.com/images/1lo2812000rooc9uu04DB.jpg,D:\wzb\codex\data\全国旅游数据整合_2026-03-24\平台景点照片\携程Trip\安徽\黄山市\花山谜窟\trip_02.jpg,已下载,
花果山,连云港市,江苏,携程Trip景点页,花果山 连云港市,attraction,Huaguo  Mountain(連雲港花果山風景區),Lianyungang · Jiangsu · China,https://us.trip.com/travel-guide/attraction/lianyungang/huaguo-mountain-78025/,1,https://ak-d.tripcdn.com/images/0104j12000ljeo6rt9F90.jpg,D:\wzb\codex\data\全国旅游数据整合_2026-03-24\平台景点照片\携程Trip\江苏\连云港市\花果山\trip_01.jpg,已下载,
花果山,连云港市,江苏,携程Trip景点页,花果山 连云港市,attraction,Huaguo  Mountain(連雲港花果山風景區),Lianyungang · Jiangsu · China,https://us.trip.com/travel-guide/attraction/lianyungang/huaguo-mountain-78025/,2,https://ak-d.tripcdn.com/images/0106512000imdirhdDC03.jpg,D:\wzb\codex\data\全国旅游数据整合_2026-03-24\平台景点照片\携程Trip\江苏\连云港市\花果山\trip_02.jpg,已下载,
苏州园林,苏州市,江苏,携程Trip景点页,苏州园林 苏州市,attraction,蘇州園林,Xuchang · Henan · China,https://us.trip.com/travel-guide/attraction/xuchang/city-150142649/,1,https://ak-d.tripcdn.com/images/0102j12000kmvz64xF6A8.jpg,D:\wzb\codex\data\全国旅游数据整合_2026-03-24\平台景点照片\携程Trip\江苏\苏州市\苏州园林\trip_01.jpg,已下载,
苏州园林,苏州市,江苏,携程Trip景点页,苏州园林 苏州市,attraction,蘇州園林,Xuchang · Henan · China,https://us.trip.com/travel-guide/attraction/xuchang/city-150142649/,2,https://ak-d.tripcdn.com/images/0101e12000953fb835C0D.jpg,D:\wzb\codex\data\全国旅游数据整合_2026-03-24\平台景点照片\携程Trip\江苏\苏州市\苏州园林\trip_02.jpg,已下载,
苏州虎丘,苏州市,江苏,携程Trip景点页,苏州虎丘 苏州市,attraction,虎丘山風景名勝區-擁翠山莊,Suzhou · Jiangsu · China,https://us.trip.com/travel-guide/attraction/suzhou/city-10519946/,1,https://ak-d.tripcdn.com/images/1lo1r12000ddckfh27420.jpg,D:\wzb\codex\data\全国旅游数据整合_2026-03-24\平台景点照片\携程Trip\江苏\苏州市\苏州虎丘\trip_01.jpg,已下载,
苏州虎丘,苏州市,江苏,携程Trip景点页,苏州虎丘 苏州市,attraction,虎丘山風景名勝區-擁翠山莊,Suzhou · Jiangsu · China,https://us.trip.com/travel-guide/attraction/suzhou/city-10519946/,2,https://ak-d.tripcdn.com/images/100u10000000o4oy9180D.jpg,D:\wzb\codex\data\全国旅游数据整合_2026-03-24\平台景点照片\携程Trip\江苏\苏州市\苏州虎丘\trip_02.jpg,已下载,
茂陵,咸阳市,陕西,携程Trip景点页,茂陵 咸阳市,attraction,咸陽茂陵植物園,Xingping · Xianyang · Shaanxi · China,https://us.trip.com/travel-guide/attraction/xingping/city-145219574/,1,https://ak-d.tripcdn.com/images/1lo1s12000r9rt4237686.jpg,D:\wzb\codex\data\全国旅游数据整合_2026-03-24\平台景点照片\携程Trip\陕西\咸阳市\茂陵\trip_01.jpg,已下载,
茂陵,咸阳市,陕西,携程Trip景点页,茂陵 咸阳市,attraction,咸陽茂陵植物園,Xingping · Xianyang · Shaanxi · China,https://us.trip.com/travel-guide/attraction/xingping/city-145219574/,2,https://ak-d.tripcdn.com/images/0103k120006t7ckgl8C33.jpg,D:\wzb\codex\data\全国旅游数据整合_2026-03-24\平台景点照片\携程Trip\陕西\咸阳市\茂陵\trip_02.jpg,已下载,
茅山,镇江市,江苏,携程Trip景点页,茅山 镇江市,attraction,茅山灣-1號,Jurong · Zhenjiang · Jiangsu · China,https://us.trip.com/travel-guide/attraction/jurong/city-93667856/,1,https://ak-d.tripcdn.com/images/0101712000a7j9rplCF68.jpg,D:\wzb\codex\data\全国旅游数据整合_2026-03-24\平台景点照片\携程Trip\江苏\镇江市\茅山\trip_01.jpg,已下载,
茅山,镇江市,江苏,携程Trip景点页,茅山 镇江市,attraction,茅山灣-1號,Jurong · Zhenjiang · Jiangsu · China,https://us.trip.com/travel-guide/attraction/jurong/city-93667856/,2,https://ak-d.tripcdn.com/images/0100q12000ki8r6ic25B0.jpg,D:\wzb\codex\data\全国旅游数据整合_2026-03-24\平台景点照片\携程Trip\江苏\镇江市\茅山\trip_02.jpg,已下载,
荆州古城,荆州市,湖北,携程Trip景点页,荆州古城 荆州市,attraction,Jingzhou Ancient City(荊州古城厤史文化旅遊區),Jingzhou · Hubei · China,https://us.trip.com/travel-guide/attraction/jingzhou/jingzhou-ancient-city-84257/,1,https://ak-d.tripcdn.com/images/0101b12000hzihy5d49C4.jpg,D:\wzb\codex\data\全国旅游数据整合_2026-03-24\平台景点照片\携程Trip\湖北\荆州市\荆州古城\trip_01.jpg,已下载,
荆州古城,荆州市,湖北,携程Trip景点页,荆州古城 荆州市,attraction,Jingzhou Ancient City(荊州古城厤史文化旅遊區),Jingzhou · Hubei · China,https://us.trip.com/travel-guide/attraction/jingzhou/jingzhou-ancient-city-84257/,2,https://ak-d.tripcdn.com/images/1lo0212000e928e9z52CE.jpg,D:\wzb\codex\data\全国旅游数据整合_2026-03-24\平台景点照片\携程Trip\湖北\荆州市\荆州古城\trip_02.jpg,已下载,
荆门明显陵,荆门市,湖北,携程Trip景点页,荆门明显陵 荆门市,attraction,Xianling Mausoleum,Zhongxiang · Jingmen · Hubei · China,https://us.trip.com/travel-guide/attraction/zhongxiang/xianling-mausoleum-80006/,1,https://ak-d.tripcdn.com/images/10090z000000muy6vDEB4.jpg,D:\wzb\codex\data\全国旅游数据整合_2026-03-24\平台景点照片\携程Trip\湖北\荆门市\荆门明显陵\trip_01.jpg,已下载,
荆门明显陵,荆门市,湖北,携程Trip景点页,荆门明显陵 荆门市,attraction,Xianling Mausoleum,Zhongxiang · Jingmen · Hubei · China,https://us.trip.com/travel-guide/attraction/zhongxiang/xianling-mausoleum-80006/,2,https://ak-d.tripcdn.com/images/0100212000bbdt9jp5CED.jpg,D:\wzb\codex\data\全国旅游数据整合_2026-03-24\平台景点照片\携程Trip\湖北\荆门市\荆门明显陵\trip_02.jpg,已下载,
莆田九鲤湖,莆田市,福建,携程Trip景点页,莆田九鲤湖 莆田市,attraction,九鯉湖-萬景台,Putian · Fujian · China,https://us.trip.com/travel-guide/attraction/putian/city-145152106/,1,https://ak-d.tripcdn.com/images/0106x12000h867oop13E4.jpg,D:\wzb\codex\data\全国旅游数据整合_2026-03-24\平台景点照片\携程Trip\福建\莆田市\莆田九鲤湖\trip_01.jpg,已下载,
莆田九鲤湖,莆田市,福建,携程Trip景点页,莆田九鲤湖 莆田市,attraction,九鯉湖-萬景台,Putian · Fujian · China,https://us.trip.com/travel-guide/attraction/putian/city-145152106/,2,https://ak-d.tripcdn.com/images/100q0z000000nghjx5A3D.jpg,D:\wzb\codex\data\全国旅游数据整合_2026-03-24\平台景点照片\携程Trip\福建\莆田市\莆田九鲤湖\trip_02.jpg,已下载,
莫干山,湖州市,浙江,携程Trip景点页,莫干山 湖州市,attraction,莫干山贏谷度假區,Huzhou · Zhejiang · China,https://us.trip.com/travel-guide/attraction/huzhou/city-149966337/,1,https://ak-d.tripcdn.com/images/100b0z000000nerlzADF0.jpg,D:\wzb\codex\data\全国旅游数据整合_2026-03-24\平台景点照片\携程Trip\浙江\湖州市\莫干山\trip_01.jpg,已下载,
莫干山,湖州市,浙江,携程Trip景点页,莫干山 湖州市,attraction,莫干山贏谷度假區,Huzhou · Zhejiang · China,https://us.trip.com/travel-guide/attraction/huzhou/city-149966337/,2,https://ak-d.tripcdn.com/images/1lo4k12000hs4mjbwDBEB.jpg,D:\wzb\codex\data\全国旅游数据整合_2026-03-24\平台景点照片\携程Trip\浙江\湖州市\莫干山\trip_02.jpg,已下载,
莽山,郴州市,湖南,携程Trip景点页,莽山 郴州市,attraction,Wuzhifeng Scenic Area In Mangshan,Yizhang · Chenzhou · Hunan · China,https://us.trip.com/travel-guide/attraction/yizhang/wuzhifeng-scenic-area-in-mangshan-77603930/,1,https://ak-d.tripcdn.com/images/100u1f000001gqar6437C.jpg,D:\wzb\codex\data\全国旅游数据整合_2026-03-24\平台景点照片\携程Trip\湖南\郴州市\莽山\trip_01.jpg,已下载,
莽山,郴州市,湖南,携程Trip景点页,莽山 郴州市,attraction,Wuzhifeng Scenic Area In Mangshan,Yizhang · Chenzhou · Hunan · China,https://us.trip.com/travel-guide/attraction/yizhang/wuzhifeng-scenic-area-in-mangshan-77603930/,2,https://ak-d.tripcdn.com/images/1lo2o12000f0h8gbf7C51.jpg,D:\wzb\codex\data\全国旅游数据整合_2026-03-24\平台景点照片\携程Trip\湖南\郴州市\莽山\trip_02.jpg,已下载,
营口鲅鱼圈,营口市,辽宁,携程Trip景点页,营口鲅鱼圈 营口市,attraction,營口鮁魚圈區鴻英體育,Yingkou · Liaoning · China,https://us.trip.com/travel-guide/attraction/yingkou/city-146101500/,1,https://ak-d.tripcdn.com/images/0106e12000riv0cbaAA57.jpg,D:\wzb\codex\data\全国旅游数据整合_2026-03-24\平台景点照片\携程Trip\辽宁\营口市\营口鲅鱼圈\trip_01.jpg,已下载,
营口鲅鱼圈,营口市,辽宁,携程Trip景点页,营口鲅鱼圈 营口市,attraction,營口鮁魚圈區鴻英體育,Yingkou · Liaoning · China,https://us.trip.com/travel-guide/attraction/yingkou/city-146101500/,2,https://ak-d.tripcdn.com/images/1lo2912000hfqkwrdFF41.jpg,D:\wzb\codex\data\全国旅游数据整合_2026-03-24\平台景点照片\携程Trip\辽宁\营口市\营口鲅鱼圈\trip_02.jpg,已下载,
葫芦岛兴城古城,葫芦岛市,辽宁,携程Trip景点页,葫芦岛兴城古城 葫芦岛市,attraction,興城古城-周宅,Xingcheng · Huludao · Liaoning · China,https://us.trip.com/travel-guide/attraction/xingcheng/city-152873978/,1,https://ak-d.tripcdn.com/images/0103112000f6ts7tg1E88.jpg,D:\wzb\codex\data\全国旅游数据整合_2026-03-24\平台景点照片\携程Trip\辽宁\葫芦岛市\葫芦岛兴城古城\trip_01.jpg,已下载,
葫芦岛兴城古城,葫芦岛市,辽宁,携程Trip景点页,葫芦岛兴城古城 葫芦岛市,attraction,興城古城-周宅,Xingcheng · Huludao · Liaoning · China,https://us.trip.com/travel-guide/attraction/xingcheng/city-152873978/,2,https://ak-d.tripcdn.com/images/1lo4z12000f9842xy6DAB.jpg,D:\wzb\codex\data\全国旅游数据整合_2026-03-24\平台景点照片\携程Trip\辽宁\葫芦岛市\葫芦岛兴城古城\trip_02.jpg,已下载,
蓬莱阁,烟台市,山东,携程Trip景点页,蓬莱阁 烟台市,attraction,Penglai Pavilion(蓬萊閣),Yantai · Shandong · China,https://us.trip.com/travel-guide/attraction/yantai/penglai-pavilion-78030/,1,https://ak-d.tripcdn.com/images/10081f000001gqhic96E5.jpg,D:\wzb\codex\data\全国旅游数据整合_2026-03-24\平台景点照片\携程Trip\山东\烟台市\蓬莱阁\trip_01.jpg,已下载,
蓬莱阁,烟台市,山东,携程Trip景点页,蓬莱阁 烟台市,attraction,Penglai Pavilion(蓬萊閣),Yantai · Shandong · China,https://us.trip.com/travel-guide/attraction/yantai/penglai-pavilion-78030/,2,https://ak-d.tripcdn.com/images/1lo6012000d3jmf3y1F2E.jpg,D:\wzb\codex\data\全国旅游数据整合_2026-03-24\平台景点照片\携程Trip\山东\烟台市\蓬莱阁\trip_02.jpg,已下载,
虎跳峡,迪庆州,云南,携程Trip景点页,虎跳峡 云南,attraction,Shangri-La Tiger Leaping Gorge,Yulong · Lijiang · Yunnan · China,https://us.trip.com/travel-guide/attraction/yulong/shangri-la-tiger-leaping-gorge-10558694/,1,https://ak-d.tripcdn.com/images/10080h00000091sqyC8C0.jpg,D:\wzb\codex\data\全国旅游数据整合_2026-03-24\平台景点照片\携程Trip\云南\迪庆州\虎跳峡\trip_01.jpg,已下载,
虎跳峡,迪庆州,云南,携程Trip景点页,虎跳峡 云南,attraction,Shangri-La Tiger Leaping Gorge,Yulong · Lijiang · Yunnan · China,https://us.trip.com/travel-guide/attraction/yulong/shangri-la-tiger-leaping-gorge-10558694/,2,https://ak-d.tripcdn.com/images/0101a120007u6uxdt7118.jpg,D:\wzb\codex\data\全国旅游数据整合_2026-03-24\平台景点照片\携程Trip\云南\迪庆州\虎跳峡\trip_02.jpg,已下载,
蜀南竹海,宜宾市,四川,携程Trip景点页,蜀南竹海 宜宾市,attraction,Southen Sichuan Bamboo Sea(蜀南竹海),Changning · Yibin · Sichuan · China,https://us.trip.com/travel-guide/attraction/changning/southen-sichuan-bamboo-sea-80439/,1,https://ak-d.tripcdn.com/images/0100d12000ji0iyoz7CE9.jpg,D:\wzb\codex\data\全国旅游数据整合_2026-03-24\平台景点照片\携程Trip\四川\宜宾市\蜀南竹海\trip_01.jpg,已下载,
蜀南竹海,宜宾市,四川,携程Trip景点页,蜀南竹海 宜宾市,attraction,Southen Sichuan Bamboo Sea(蜀南竹海),Changning · Yibin · Sichuan · China,https://us.trip.com/travel-guide/attraction/changning/southen-sichuan-bamboo-sea-80439/,2,https://ak-d.tripcdn.com/images/0104q12000npoxpwn3576.jpg,D:\wzb\codex\data\全国旅游数据整合_2026-03-24\平台景点照片\携程Trip\四川\宜宾市\蜀南竹海\trip_02.jpg,已下载,
蜈支洲岛,三亚市,海南,携程Trip景点页,蜈支洲岛 三亚市,attraction,Wuzhizhou Island(蜈支洲島),Sanya · Hainan · China,https://us.trip.com/travel-guide/attraction/sanya/wuzhizhou-island-10558614/,1,https://ak-d.tripcdn.com/images/350w1a0000019y9wb8250.jpg,D:\wzb\codex\data\全国旅游数据整合_2026-03-24\平台景点照片\携程Trip\海南\三亚市\蜈支洲岛\trip_01.jpg,已下载,
蜈支洲岛,三亚市,海南,携程Trip景点页,蜈支洲岛 三亚市,attraction,Wuzhizhou Island(蜈支洲島),Sanya · Hainan · China,https://us.trip.com/travel-guide/attraction/sanya/wuzhizhou-island-10558614/,2,https://ak-d.tripcdn.com/images/1lo2w12000bkakwfv4046.jpg,D:\wzb\codex\data\全国旅游数据整合_2026-03-24\平台景点照片\携程Trip\海南\三亚市\蜈支洲岛\trip_02.jpg,已下载,
衡水湖,衡水市,河北,携程Trip景点页,衡水湖 衡水市,attraction,Hengshui Lake Tourist Scenic Spot(衡水湖旅遊景區),Hengshui · Hebei · China,https://us.trip.com/travel-guide/attraction/hengshui/hengshui-lake-tourist-scenicspot-89938/,1,https://ak-d.tripcdn.com/images/1lo5312000evoxh9aB99C.jpg,D:\wzb\codex\data\全国旅游数据整合_2026-03-24\平台景点照片\携程Trip\河北\衡水市\衡水湖\trip_01.jpg,已下载,
衡水湖,衡水市,河北,携程Trip景点页,衡水湖 衡水市,attraction,Hengshui Lake Tourist Scenic Spot(衡水湖旅遊景區),Hengshui · Hebei · China,https://us.trip.com/travel-guide/attraction/hengshui/hengshui-lake-tourist-scenicspot-89938/,2,https://ak-d.tripcdn.com/images/1lo6r12000cq43r2dF408.jpg,D:\wzb\codex\data\全国旅游数据整合_2026-03-24\平台景点照片\携程Trip\河北\衡水市\衡水湖\trip_02.jpg,已下载,
衢州江郎山,衢州市,浙江,携程Trip景点页,衢州江郎山 衢州市,attraction,江郎山風景區-偉人峯,Jiangshan · Quzhou · Zhejiang · China,https://us.trip.com/travel-guide/attraction/jiangshan/city-145708633/,1,https://ak-d.tripcdn.com/images/1lo1012000ixdi4yo046D.jpg,D:\wzb\codex\data\全国旅游数据整合_2026-03-24\平台景点照片\携程Trip\浙江\衢州市\衢州江郎山\trip_01.jpg,已下载,
衢州江郎山,衢州市,浙江,携程Trip景点页,衢州江郎山 衢州市,attraction,江郎山風景區-偉人峯,Jiangshan · Quzhou · Zhejiang · China,https://us.trip.com/travel-guide/attraction/jiangshan/city-145708633/,2,https://ak-d.tripcdn.com/images/1lo6612000o1y47p8ABB8.jpg,D:\wzb\codex\data\全国旅游数据整合_2026-03-24\平台景点照片\携程Trip\浙江\衢州市\衢州江郎山\trip_02.jpg,已下载,
襄阳古隆中,襄阳市,湖北,携程Trip景点页,襄阳古隆中 襄阳市,attraction,Ancient Longzhong(古隆中),Xiangyang · Hubei · China,https://us.trip.com/travel-guide/attraction/xiangyang/ancient-longzhong-82729/,1,https://ak-d.tripcdn.com/images/10070a0000004kbdo5731.jpg,D:\wzb\codex\data\全国旅游数据整合_2026-03-24\平台景点照片\携程Trip\湖北\襄阳市\襄阳古隆中\trip_01.jpg,已下载,
襄阳古隆中,襄阳市,湖北,携程Trip景点页,襄阳古隆中 襄阳市,attraction,Ancient Longzhong(古隆中),Xiangyang · Hubei · China,https://us.trip.com/travel-guide/attraction/xiangyang/ancient-longzhong-82729/,2,https://ak-d.tripcdn.com/images/0100l1200086v5vyl0587.jpg,D:\wzb\codex\data\全国旅游数据整合_2026-03-24\平台景点照片\携程Trip\湖北\襄阳市\襄阳古隆中\trip_02.jpg,已下载,
西双版纳热带植物园,西双版纳州,云南,携程Trip景点页,西双版纳热带植物园 云南,attraction,Xishuangbanna Tropical Botanical Garden(中國科學院西雙版納熱帶植物園),Mengla · Xishuangbanna · Yunnan · China,https://us.trip.com/travel-guide/attraction/mengla/xishuangbanna-tropical-botanical-garden-75910/,1,https://ak-d.tripcdn.com/images/1lo0f12000dsi3p219189.jpg,D:\wzb\codex\data\全国旅游数据整合_2026-03-24\平台景点照片\携程Trip\云南\西双版纳州\西双版纳热带植物园\trip_01.jpg,已下载,
西双版纳热带植物园,西双版纳州,云南,携程Trip景点页,西双版纳热带植物园 云南,attraction,Xishuangbanna Tropical Botanical Garden(中國科學院西雙版納熱帶植物園),Mengla · Xishuangbanna · Yunnan · China,https://us.trip.com/travel-guide/attraction/mengla/xishuangbanna-tropical-botanical-garden-75910/,2,https://ak-d.tripcdn.com/images/1mh2m12000aweey1j5519.jpg,D:\wzb\codex\data\全国旅游数据整合_2026-03-24\平台景点照片\携程Trip\云南\西双版纳州\西双版纳热带植物园\trip_02.jpg,已下载,
西双版纳野象谷,西双版纳州,云南,携程Trip景点页,西双版纳野象谷 云南,attraction,Wild Elephant Valley(野象谷),Jinghong · Xishuangbanna · Yunnan · China,https://us.trip.com/travel-guide/attraction/jinghong/wild-elephant-valley-75911/,1,https://ak-d.tripcdn.com/images/0100212000jo0l186C176.jpg,D:\wzb\codex\data\全国旅游数据整合_2026-03-24\平台景点照片\携程Trip\云南\西双版纳州\西双版纳野象谷\trip_01.jpg,已下载,
西双版纳野象谷,西双版纳州,云南,携程Trip景点页,西双版纳野象谷 云南,attraction,Wild Elephant Valley(野象谷),Jinghong · Xishuangbanna · Yunnan · China,https://us.trip.com/travel-guide/attraction/jinghong/wild-elephant-valley-75911/,2,https://ak-d.tripcdn.com/images/0100512000f6sd36o6B73.jpg,D:\wzb\codex\data\全国旅游数据整合_2026-03-24\平台景点照片\携程Trip\云南\西双版纳州\西双版纳野象谷\trip_02.jpg,已下载,
西塘古镇,嘉兴市,浙江,携程Trip景点页,西塘古镇 嘉兴市,attraction,西塘古鎮景區-聖堂,Jiashan · Jiaxing · Zhejiang · China,https://us.trip.com/travel-guide/attraction/jiashan/city-75784/,1,https://ak-d.tripcdn.com/images/1lo5012000krjeubtA534.jpg,D:\wzb\codex\data\全国旅游数据整合_2026-03-24\平台景点照片\携程Trip\浙江\嘉兴市\西塘古镇\trip_01.jpg,已下载,
西塘古镇,嘉兴市,浙江,携程Trip景点页,西塘古镇 嘉兴市,attraction,西塘古鎮景區-聖堂,Jiashan · Jiaxing · Zhejiang · China,https://us.trip.com/travel-guide/attraction/jiashan/city-75784/,2,https://ak-d.tripcdn.com/images/100a0g00000087bj10080.jpg,D:\wzb\codex\data\全国旅游数据整合_2026-03-24\平台景点照片\携程Trip\浙江\嘉兴市\西塘古镇\trip_02.jpg,已下载,
西安城墙,西安市,陕西,携程Trip景点页,西安城墙 西安市,attraction,Xi'an City Wall(西安城墻),Xi'an · Shaanxi · China,https://us.trip.com/travel-guide/attraction/xi-an/xi-an-city-wall-75686/,1,https://ak-d.tripcdn.com/images/0104012000f6rbl4996B9.jpg,D:\wzb\codex\data\全国旅游数据整合_2026-03-24\平台景点照片\携程Trip\陕西\西安市\西安城墙\trip_01.jpg,已下载,
西安城墙,西安市,陕西,携程Trip景点页,西安城墙 西安市,attraction,Xi'an City Wall(西安城墻),Xi'an · Shaanxi · China,https://us.trip.com/travel-guide/attraction/xi-an/xi-an-city-wall-75686/,2,https://ak-d.tripcdn.com/images/0103k120006t7ckgl8C33.jpg,D:\wzb\codex\data\全国旅游数据整合_2026-03-24\平台景点照片\携程Trip\陕西\西安市\西安城墙\trip_02.jpg,已下载,
西安钟鼓楼,西安市,陕西,携程Trip景点页,西安钟鼓楼 西安市,attraction,Xi'an Drum Tower(西安鼓樓),Xi'an · Shaanxi · China,https://us.trip.com/travel-guide/attraction/xi-an/xi-an-drum-tower-13219372/,1,https://ak-d.tripcdn.com/images/0104012000f6rbl4996B9.jpg,D:\wzb\codex\data\全国旅游数据整合_2026-03-24\平台景点照片\携程Trip\陕西\西安市\西安钟鼓楼\trip_01.jpg,已下载,
西安钟鼓楼,西安市,陕西,携程Trip景点页,西安钟鼓楼 西安市,attraction,Xi'an Drum Tower(西安鼓樓),Xi'an · Shaanxi · China,https://us.trip.com/travel-guide/attraction/xi-an/xi-an-drum-tower-13219372/,2,https://ak-d.tripcdn.com/images/0103k120006t7ckgl8C33.jpg,D:\wzb\codex\data\全国旅游数据整合_2026-03-24\平台景点照片\携程Trip\陕西\西安市\西安钟鼓楼\trip_02.jpg,已下载,
西岭雪山,成都市,四川,携程Trip景点页,西岭雪山 成都市,attraction,Xiling Snow Mountain(西嶺雪山景區),Dayi · Chengdu · Sichuan · China,https://us.trip.com/travel-guide/attraction/dayi/xiling-snow-mountain-76383/,1,https://ak-d.tripcdn.com/images/1A0r14000000wyhwn44B6.jpg,D:\wzb\codex\data\全国旅游数据整合_2026-03-24\平台景点照片\携程Trip\四川\成都市\西岭雪山\trip_01.jpg,已下载,
西岭雪山,成都市,四川,携程Trip景点页,西岭雪山 成都市,attraction,Xiling Snow Mountain(西嶺雪山景區),Dayi · Chengdu · Sichuan · China,https://us.trip.com/travel-guide/attraction/dayi/xiling-snow-mountain-76383/,2,https://ak-d.tripcdn.com/images/0100412000l5yt9fx1FF7.jpg,D:\wzb\codex\data\全国旅游数据整合_2026-03-24\平台景点照片\携程Trip\四川\成都市\西岭雪山\trip_02.jpg,已下载,
西柏坡,石家庄市,河北,携程Trip景点页,西柏坡 石家庄市,attraction,西柏坡紅色教育基地,Shijiazhuang · Hebei · China,https://us.trip.com/travel-guide/attraction/shijiazhuang/city-152878711/,1,https://ak-d.tripcdn.com/images/0102d120008jzkp6nEF8B.jpg,D:\wzb\codex\data\全国旅游数据整合_2026-03-24\平台景点照片\携程Trip\河北\石家庄市\西柏坡\trip_01.jpg,已下载,
西柏坡,石家庄市,河北,携程Trip景点页,西柏坡 石家庄市,attraction,西柏坡紅色教育基地,Shijiazhuang · Hebei · China,https://us.trip.com/travel-guide/attraction/shijiazhuang/city-152878711/,2,https://ak-d.tripcdn.com/images/1lo5j12000r458rf11AA3.jpg,D:\wzb\codex\data\全国旅游数据整合_2026-03-24\平台景点照片\携程Trip\河北\石家庄市\西柏坡\trip_02.jpg,已下载,
西樵山,佛山市,广东,携程Trip景点页,西樵山 佛山市,attraction,西樵山書院,Foshan · Guangdong · China,https://us.trip.com/travel-guide/attraction/foshan/city-152822342/,1,https://ak-d.tripcdn.com/images/1lo1b12000lkwgnsr5B70.jpg,D:\wzb\codex\data\全国旅游数据整合_2026-03-24\平台景点照片\携程Trip\广东\佛山市\西樵山\trip_01.jpg,已下载,
西樵山,佛山市,广东,携程Trip景点页,西樵山 佛山市,attraction,西樵山書院,Foshan · Guangdong · China,https://us.trip.com/travel-guide/attraction/foshan/city-152822342/,2,https://ak-d.tripcdn.com/images/0102212000f6tvovl4925.jpg,D:\wzb\codex\data\全国旅游数据整合_2026-03-24\平台景点照片\携程Trip\广东\佛山市\西樵山\trip_02.jpg,已下载,
西递宏村,黄山市,安徽,携程Trip景点页,宏村 黄山市 黄山市,attraction,Bishan Mountain,Yi County · Huangshan City · Anhui · China,https://us.trip.com/travel-guide/attraction/yi-county/bishan-mountain-91539/,1,https://ak-d.tripcdn.com/images/1lo2812000rooc9uu04DB.jpg,D:\wzb\codex\data\全国旅游数据整合_2026-03-24\平台景点照片\携程Trip\安徽\黄山市\西递宏村\trip_01.jpg,已下载,
西递宏村,黄山市,安徽,携程Trip景点页,宏村 黄山市 黄山市,attraction,Bishan Mountain,Yi County · Huangshan City · Anhui · China,https://us.trip.com/travel-guide/attraction/yi-county/bishan-mountain-91539/,2,https://ak-d.tripcdn.com/images/0101p1200087cum179214.jpg,D:\wzb\codex\data\全国旅游数据整合_2026-03-24\平台景点照片\携程Trip\安徽\黄山市\西递宏村\trip_02.jpg,已下载,
豫园,上海市,上海,携程Trip景点页,豫园 上海市,attraction,Yu Garden(豫園),Shanghai · China,https://us.trip.com/travel-guide/attraction/shanghai/yu-garden-75615/,1,https://ak-d.tripcdn.com/images/0102p1200082jbvtcD451.jpg,D:\wzb\codex\data\全国旅游数据整合_2026-03-24\平台景点照片\携程Trip\上海\上海市\豫园\trip_01.jpg,已下载,
豫园,上海市,上海,携程Trip景点页,豫园 上海市,attraction,Yu Garden(豫園),Shanghai · China,https://us.trip.com/travel-guide/attraction/shanghai/yu-garden-75615/,2,https://ak-d.tripcdn.com/images/1lo7412000isn0jrbD500.jpg,D:\wzb\codex\data\全国旅游数据整合_2026-03-24\平台景点照片\携程Trip\上海\上海市\豫园\trip_02.jpg,已下载,
贵港桂平西山,贵港市,广西,携程Trip景点页,贵港桂平西山 贵港市,attraction,桂平市西山廣場,Guiping · Guigang · Guangxi · China,https://us.trip.com/travel-guide/attraction/guiping/city-145941803/,1,https://ak-d.tripcdn.com/images/0100k12000jb0jthx0D28.jpg,D:\wzb\codex\data\全国旅游数据整合_2026-03-24\平台景点照片\携程Trip\广西\贵港市\贵港桂平西山\trip_01.jpg,已下载,
贵港桂平西山,贵港市,广西,携程Trip景点页,贵港桂平西山 贵港市,attraction,桂平市西山廣場,Guiping · Guigang · Guangxi · China,https://us.trip.com/travel-guide/attraction/guiping/city-145941803/,2,https://ak-d.tripcdn.com/images/35030u000000j5tby4A05.jpg,D:\wzb\codex\data\全国旅游数据整合_2026-03-24\平台景点照片\携程Trip\广西\贵港市\贵港桂平西山\trip_02.jpg,已下载,
贺州黄姚古镇,贺州市,广西,携程Trip景点页,贺州黄姚古镇 贺州市,attraction,黎氏宗祠（賀州黃姚古鎮）,Zhaoping · Hezhou · Guangxi · China,https://us.trip.com/travel-guide/attraction/zhaoping/city-148913837/,1,https://ak-d.tripcdn.com/images/10051f000001gsqnvB09E.jpg,D:\wzb\codex\data\全国旅游数据整合_2026-03-24\平台景点照片\携程Trip\广西\贺州市\贺州黄姚古镇\trip_01.jpg,已下载,
贺州黄姚古镇,贺州市,广西,携程Trip景点页,贺州黄姚古镇 贺州市,attraction,黎氏宗祠（賀州黃姚古鎮）,Zhaoping · Hezhou · Guangxi · China,https://us.trip.com/travel-guide/attraction/zhaoping/city-148913837/,2,https://ak-d.tripcdn.com/images/1lo2v12000eiqjwwaF32F.jpg,D:\wzb\codex\data\全国旅游数据整合_2026-03-24\平台景点照片\携程Trip\广西\贺州市\贺州黄姚古镇\trip_02.jpg,已下载,
赵州桥,石家庄市,河北,携程Trip景点页,赵州桥 石家庄市,attraction,仿趙州橋,Shijiazhuang · Hebei · China,https://us.trip.com/travel-guide/attraction/shijiazhuang/city-145261502/,1,https://ak-d.tripcdn.com/images/0102d120008jzkp6nEF8B.jpg,D:\wzb\codex\data\全国旅游数据整合_2026-03-24\平台景点照片\携程Trip\河北\石家庄市\赵州桥\trip_01.jpg,已下载,
赵州桥,石家庄市,河北,携程Trip景点页,赵州桥 石家庄市,attraction,仿趙州橋,Shijiazhuang · Hebei · China,https://us.trip.com/travel-guide/attraction/shijiazhuang/city-145261502/,2,https://ak-d.tripcdn.com/images/1lo5j12000r458rf11AA3.jpg,D:\wzb\codex\data\全国旅游数据整合_2026-03-24\平台景点照片\携程Trip\河北\石家庄市\赵州桥\trip_02.jpg,已下载,
趵突泉,济南市,山东,携程Trip景点页,趵突泉 济南市,attraction,Baotu Spring(趵突泉景區),Jinan · Shandong · China,https://us.trip.com/travel-guide/attraction/jinan/baotu-spring-76531/,1,https://ak-d.tripcdn.com/images/0103212000l65p69jC65D.jpg,D:\wzb\codex\data\全国旅游数据整合_2026-03-24\平台景点照片\携程Trip\山东\济南市\趵突泉\trip_01.jpg,已下载,
趵突泉,济南市,山东,携程Trip景点页,趵突泉 济南市,attraction,Baotu Spring(趵突泉景區),Jinan · Shandong · China,https://us.trip.com/travel-guide/attraction/jinan/baotu-spring-76531/,2,https://ak-d.tripcdn.com/images/0100212000j0703e463A8.jpg,D:\wzb\codex\data\全国旅游数据整合_2026-03-24\平台景点照片\携程Trip\山东\济南市\趵突泉\trip_02.jpg,已下载,
辽源矿工墓,辽源市,吉林,携程Trip景点页,辽源矿工墓 辽源市,attraction,Liaoyuan Miners Tombs Exhibition Hall(遼源礦工墓陳列館),Liaoyuan · Jilin · China,https://us.trip.com/travel-guide/attraction/liaoyuan/liaoyuan-miners-tombs-exhibition-hall-39525114/,1,https://ak-d.tripcdn.com/images/0106z12000b8eh78x20A9.jpg,D:\wzb\codex\data\全国旅游数据整合_2026-03-24\平台景点照片\携程Trip\吉林\辽源市\辽源矿工墓\trip_01.jpg,已下载,
辽源矿工墓,辽源市,吉林,携程Trip景点页,辽源矿工墓 辽源市,attraction,Liaoyuan Miners Tombs Exhibition Hall(遼源礦工墓陳列館),Liaoyuan · Jilin · China,https://us.trip.com/travel-guide/attraction/liaoyuan/liaoyuan-miners-tombs-exhibition-hall-39525114/,2,https://ak-d.tripcdn.com/images/1lo0r12000ct7k4d756DC.jpg,D:\wzb\codex\data\全国旅游数据整合_2026-03-24\平台景点照片\携程Trip\吉林\辽源市\辽源矿工墓\trip_02.jpg,已下载,
辽阳广佑寺,辽阳市,辽宁,携程Trip景点页,辽阳广佑寺 辽阳市,attraction,廣佑寺-放生池,Liaoyang · Liaoning · China,https://us.trip.com/travel-guide/attraction/liaoyang/city-143746369/,1,https://ak-d.tripcdn.com/images/0101012000kl06l5h6574.jpg,D:\wzb\codex\data\全国旅游数据整合_2026-03-24\平台景点照片\携程Trip\辽宁\辽阳市\辽阳广佑寺\trip_01.jpg,已下载,
辽阳广佑寺,辽阳市,辽宁,携程Trip景点页,辽阳广佑寺 辽阳市,attraction,廣佑寺-放生池,Liaoyang · Liaoning · China,https://us.trip.com/travel-guide/attraction/liaoyang/city-143746369/,2,https://ak-d.tripcdn.com/images/1lo3b12000holfj0z96D1.jpg,D:\wzb\codex\data\全国旅游数据整合_2026-03-24\平台景点照片\携程Trip\辽宁\辽阳市\辽阳广佑寺\trip_02.jpg,已下载,
运城盐湖,运城市,山西,携程Trip景点页,运城盐湖 运城市,attraction,中國運城鹽湖養生城,Yuncheng · Shanxi · China,https://us.trip.com/travel-guide/attraction/yuncheng/city-149645700/,1,https://ak-d.tripcdn.com/images/0103412000f6qk6u87580.jpg,D:\wzb\codex\data\全国旅游数据整合_2026-03-24\平台景点照片\携程Trip\山西\运城市\运城盐湖\trip_01.jpg,已下载,
运城盐湖,运城市,山西,携程Trip景点页,运城盐湖 运城市,attraction,中國運城鹽湖養生城,Yuncheng · Shanxi · China,https://us.trip.com/travel-guide/attraction/yuncheng/city-149645700/,2,https://ak-d.tripcdn.com/images/0100612000f7fd71oDE74.jpg,D:\wzb\codex\data\全国旅游数据整合_2026-03-24\平台景点照片\携程Trip\山西\运城市\运城盐湖\trip_02.jpg,已下载,
通天岩,赣州市,江西,携程Trip景点页,通天岩 赣州市,attraction,Tongtian Grotto(通天岩),Ganzhou · Jiangxi · China,https://us.trip.com/travel-guide/attraction/ganzhou/tongtian-grotto-79739/,1,https://ak-d.tripcdn.com/images/010571200093b0e2k0C83.jpg,D:\wzb\codex\data\全国旅游数据整合_2026-03-24\平台景点照片\携程Trip\江西\赣州市\通天岩\trip_01.jpg,已下载,
通天岩,赣州市,江西,携程Trip景点页,通天岩 赣州市,attraction,Tongtian Grotto(通天岩),Ganzhou · Jiangxi · China,https://us.trip.com/travel-guide/attraction/ganzhou/tongtian-grotto-79739/,2,https://ak-d.tripcdn.com/images/01046120009hl1apc5005.jpg,D:\wzb\codex\data\全国旅游数据整合_2026-03-24\平台景点照片\携程Trip\江西\赣州市\通天岩\trip_02.jpg,已下载,
邢台大峡谷,邢台市,河北,携程Trip景点页,邢台大峡谷 邢台市,attraction,Xingtai Grand Canyon(邢台大峽谷),Xingtai · Hebei · China,https://us.trip.com/travel-guide/attraction/xingtai/xingtai-grand-canyon-90046/,1,https://ak-d.tripcdn.com/images/0106x12000j11tkza2B8C.jpg,D:\wzb\codex\data\全国旅游数据整合_2026-03-24\平台景点照片\携程Trip\河北\邢台市\邢台大峡谷\trip_01.jpg,已下载,
邢台大峡谷,邢台市,河北,携程Trip景点页,邢台大峡谷 邢台市,attraction,Xingtai Grand Canyon(邢台大峽谷),Xingtai · Hebei · China,https://us.trip.com/travel-guide/attraction/xingtai/xingtai-grand-canyon-90046/,2,https://ak-d.tripcdn.com/images/0104012000nljzpgy9F18.jpg,D:\wzb\codex\data\全国旅游数据整合_2026-03-24\平台景点照片\携程Trip\河北\邢台市\邢台大峡谷\trip_02.jpg,已下载,
都江堰,成都市,四川,携程Trip景点页,都江堰 成都市,attraction,Dujiangyan Scenic Area(都江堰景區),Dujiangyan · Chengdu · Sichuan · China,https://us.trip.com/travel-guide/attraction/dujiangyan/dujiangyan-scenic-area-76447/,1,https://ak-d.tripcdn.com/images/0106a12000fa3iao5D5D0.jpg,D:\wzb\codex\data\全国旅游数据整合_2026-03-24\平台景点照片\携程Trip\四川\成都市\都江堰\trip_01.jpg,已下载,
都江堰,成都市,四川,携程Trip景点页,都江堰 成都市,attraction,Dujiangyan Scenic Area(都江堰景區),Dujiangyan · Chengdu · Sichuan · China,https://us.trip.com/travel-guide/attraction/dujiangyan/dujiangyan-scenic-area-76447/,2,https://ak-d.tripcdn.com/images/0100412000l5yt9fx1FF7.jpg,D:\wzb\codex\data\全国旅游数据整合_2026-03-24\平台景点照片\携程Trip\四川\成都市\都江堰\trip_02.jpg,已下载,
鄂州梁子湖,鄂州市,湖北,携程Trip景点页,鄂州梁子湖 鄂州市,attraction,鄂州樑子島度假村,Ezhou · Hubei · China,https://us.trip.com/travel-guide/attraction/ezhou/city-145449816/,1,https://ak-d.tripcdn.com/images/0103w12000hyg3apk3EBF.jpg,D:\wzb\codex\data\全国旅游数据整合_2026-03-24\平台景点照片\携程Trip\湖北\鄂州市\鄂州梁子湖\trip_01.jpg,已下载,
鄂州梁子湖,鄂州市,湖北,携程Trip景点页,鄂州梁子湖 鄂州市,attraction,鄂州樑子島度假村,Ezhou · Hubei · China,https://us.trip.com/travel-guide/attraction/ezhou/city-145449816/,2,https://ak-d.tripcdn.com/images/0104q1200087dqmasDFD3.jpg,D:\wzb\codex\data\全国旅游数据整合_2026-03-24\平台景点照片\携程Trip\湖北\鄂州市\鄂州梁子湖\trip_02.jpg,已下载,
鄱阳湖,九江市,江西,携程Trip景点页,鄱阳湖 九江市,attraction,Poyang Lake(鄱陽湖),Duchang · Jiujiang · Jiangxi · China,https://us.trip.com/travel-guide/attraction/duchang/poyang-lake-130886850/,1,https://ak-d.tripcdn.com/images/10021f000001gxelv1DD4.jpg,D:\wzb\codex\data\全国旅游数据整合_2026-03-24\平台景点照片\携程Trip\江西\九江市\鄱阳湖\trip_01.jpg,已下载,
鄱阳湖,九江市,江西,携程Trip景点页,鄱阳湖 九江市,attraction,Poyang Lake(鄱陽湖),Duchang · Jiujiang · Jiangxi · China,https://us.trip.com/travel-guide/attraction/duchang/poyang-lake-130886850/,2,https://ak-d.tripcdn.com/images/0102j12000h0n6gb04936.jpg,D:\wzb\codex\data\全国旅游数据整合_2026-03-24\平台景点照片\携程Trip\江西\九江市\鄱阳湖\trip_02.jpg,已下载,
采石矶,马鞍山市,安徽,携程Trip景点页,采石矶 马鞍山市,attraction,采石磯芳草地,Ma'anshan · Anhui · China,https://us.trip.com/travel-guide/attraction/ma-anshan/city-145378515/,1,https://ak-d.tripcdn.com/images/0101712000a7j9rplCF68.jpg,D:\wzb\codex\data\全国旅游数据整合_2026-03-24\平台景点照片\携程Trip\安徽\马鞍山市\采石矶\trip_01.jpg,已下载,
采石矶,马鞍山市,安徽,携程Trip景点页,采石矶 马鞍山市,attraction,采石磯芳草地,Ma'anshan · Anhui · China,https://us.trip.com/travel-guide/attraction/ma-anshan/city-145378515/,2,https://ak-d.tripcdn.com/images/0100q12000ki8r6ic25B0.jpg,D:\wzb\codex\data\全国旅游数据整合_2026-03-24\平台景点照片\携程Trip\安徽\马鞍山市\采石矶\trip_02.jpg,已下载,
重渡沟,洛阳市,河南,携程Trip景点页,重渡沟 洛阳市,attraction,重渡溝天空之鏡,Luanchuan · Luoyang · Henan · China,https://us.trip.com/travel-guide/attraction/luanchuan/city-145195942/,1,https://ak-d.tripcdn.com/images/1lo2112000h54ono1460C.jpg,D:\wzb\codex\data\全国旅游数据整合_2026-03-24\平台景点照片\携程Trip\河南\洛阳市\重渡沟\trip_01.jpg,已下载,
重渡沟,洛阳市,河南,携程Trip景点页,重渡沟 洛阳市,attraction,重渡溝天空之鏡,Luanchuan · Luoyang · Henan · China,https://us.trip.com/travel-guide/attraction/luanchuan/city-145195942/,2,https://ak-d.tripcdn.com/images/1A0q14000000x0w2l1130.jpg,D:\wzb\codex\data\全国旅游数据整合_2026-03-24\平台景点照片\携程Trip\河南\洛阳市\重渡沟\trip_02.jpg,已下载,
野三坡,保定市,河北,携程Trip景点页,野三坡 保定市,attraction,Yesanpo(野三坡),Laishui · Baoding · Hebei · China,https://us.trip.com/travel-guide/attraction/laishui/yesanpo-79325/,1,https://ak-d.tripcdn.com/images/100c0u000000jjsf87E14.jpg,D:\wzb\codex\data\全国旅游数据整合_2026-03-24\平台景点照片\携程Trip\河北\保定市\野三坡\trip_01.jpg,已下载,
野三坡,保定市,河北,携程Trip景点页,野三坡 保定市,attraction,Yesanpo(野三坡),Laishui · Baoding · Hebei · China,https://us.trip.com/travel-guide/attraction/laishui/yesanpo-79325/,2,https://ak-d.tripcdn.com/images/010671200087d4o7zEA88.jpg,D:\wzb\codex\data\全国旅游数据整合_2026-03-24\平台景点照片\携程Trip\河北\保定市\野三坡\trip_02.jpg,已下载,
金丝峡,商洛市,陕西,携程Trip景点页,金丝峡 商洛市,attraction,金絲峽賦,Shangnan · Shangluo · Shaanxi · China,https://us.trip.com/travel-guide/attraction/shangnan/city-149946878/,1,https://ak-d.tripcdn.com/images/1lo2112000h54ono1460C.jpg,D:\wzb\codex\data\全国旅游数据整合_2026-03-24\平台景点照片\携程Trip\陕西\商洛市\金丝峡\trip_01.jpg,已下载,
金丝峡,商洛市,陕西,携程Trip景点页,金丝峡 商洛市,attraction,金絲峽賦,Shangnan · Shangluo · Shaanxi · China,https://us.trip.com/travel-guide/attraction/shangnan/city-149946878/,2,https://ak-d.tripcdn.com/images/0106212000lsig2fa5FB1.jpg,D:\wzb\codex\data\全国旅游数据整合_2026-03-24\平台景点照片\携程Trip\陕西\商洛市\金丝峡\trip_02.jpg,已下载,
金山岭长城,承德市,河北,携程Trip景点页,金山岭长城 承德市,attraction,金山嶺長城賦,Luanping · Chengde · Hebei · China,https://us.trip.com/travel-guide/attraction/luanping/city-148763591/,1,https://ak-d.tripcdn.com/images/01037120008wxql6z7E44.jpg,D:\wzb\codex\data\全国旅游数据整合_2026-03-24\平台景点照片\携程Trip\河北\承德市\金山岭长城\trip_01.jpg,已下载,
金山岭长城,承德市,河北,携程Trip景点页,金山岭长城 承德市,attraction,金山嶺長城賦,Luanping · Chengde · Hebei · China,https://us.trip.com/travel-guide/attraction/luanping/city-148763591/,2,https://ak-d.tripcdn.com/images/1A091900000167iop5E10.jpg,D:\wzb\codex\data\全国旅游数据整合_2026-03-24\平台景点照片\携程Trip\河北\承德市\金山岭长城\trip_02.jpg,已下载,
金石滩,大连市,辽宁,携程Trip景点页,金石滩 大连市,attraction,大連金石灘足球場,Dalian · Liaoning · China,https://us.trip.com/travel-guide/attraction/dalian/city-145372723/,1,https://ak-d.tripcdn.com/images/0105o12000kx48p8iCCF6.jpg,D:\wzb\codex\data\全国旅游数据整合_2026-03-24\平台景点照片\携程Trip\辽宁\大连市\金石滩\trip_01.jpg,已下载,
金石滩,大连市,辽宁,携程Trip景点页,金石滩 大连市,attraction,大連金石灘足球場,Dalian · Liaoning · China,https://us.trip.com/travel-guide/attraction/dalian/city-145372723/,2,https://ak-d.tripcdn.com/images/100u0x000000l37rbD547.jpg,D:\wzb\codex\data\全国旅游数据整合_2026-03-24\平台景点照片\携程Trip\辽宁\大连市\金石滩\trip_02.jpg,已下载,
金鸡湖,苏州市,江苏,携程Trip景点页,金鸡湖 苏州市,attraction,Jinji Lake(金鷄湖),Suzhou · Jiangsu · China,https://us.trip.com/travel-guide/attraction/suzhou/jinji-lake-10559163/,1,https://ak-d.tripcdn.com/images/1lo1r12000ddckfh27420.jpg,D:\wzb\codex\data\全国旅游数据整合_2026-03-24\平台景点照片\携程Trip\江苏\苏州市\金鸡湖\trip_01.jpg,已下载,
金鸡湖,苏州市,江苏,携程Trip景点页,金鸡湖 苏州市,attraction,Jinji Lake(金鷄湖),Suzhou · Jiangsu · China,https://us.trip.com/travel-guide/attraction/suzhou/jinji-lake-10559163/,2,https://ak-d.tripcdn.com/images/100u10000000o4oy9180D.jpg,D:\wzb\codex\data\全国旅游数据整合_2026-03-24\平台景点照片\携程Trip\江苏\苏州市\金鸡湖\trip_02.jpg,已下载,
钦州三娘湾,钦州市,广西,携程Trip景点页,钦州三娘湾 钦州市,attraction,三娘灣濱海浴場美食廣場,Qinzhou · Guangxi · China,https://us.trip.com/travel-guide/attraction/qinzhou/city-145999257/,1,https://ak-d.tripcdn.com/images/01A5q120008q3zjztD158.jpg,D:\wzb\codex\data\全国旅游数据整合_2026-03-24\平台景点照片\携程Trip\广西\钦州市\钦州三娘湾\trip_01.jpg,已下载,
钦州三娘湾,钦州市,广西,携程Trip景点页,钦州三娘湾 钦州市,attraction,三娘灣濱海浴場美食廣場,Qinzhou · Guangxi · China,https://us.trip.com/travel-guide/attraction/qinzhou/city-145999257/,2,https://ak-d.tripcdn.com/images/0106r12000riqq1lvFB8D.jpg,D:\wzb\codex\data\全国旅游数据整合_2026-03-24\平台景点照片\携程Trip\广西\钦州市\钦州三娘湾\trip_02.jpg,已下载,
铁岭龙首山,铁岭市,辽宁,携程Trip景点页,铁岭龙首山 铁岭市,attraction,龍首山-爬行動物館,Tieling · Liaoning · China,https://us.trip.com/travel-guide/attraction/tieling/city-145512935/,1,https://ak-d.tripcdn.com/images/0105812000atrfjvc1FA6.jpg,D:\wzb\codex\data\全国旅游数据整合_2026-03-24\平台景点照片\携程Trip\辽宁\铁岭市\铁岭龙首山\trip_01.jpg,已下载,
铁岭龙首山,铁岭市,辽宁,携程Trip景点页,铁岭龙首山 铁岭市,attraction,龍首山-爬行動物館,Tieling · Liaoning · China,https://us.trip.com/travel-guide/attraction/tieling/city-145512935/,2,https://ak-d.tripcdn.com/images/1lo3b12000holfj0z96D1.jpg,D:\wzb\codex\data\全国旅游数据整合_2026-03-24\平台景点照片\携程Trip\辽宁\铁岭市\铁岭龙首山\trip_02.jpg,已下载,
铜陵天井湖,铜陵市,安徽,携程Trip景点页,铜陵天井湖 铜陵市,attraction,銅享天井湖社區活動場地,Tongling · Anhui · China,https://us.trip.com/travel-guide/attraction/tongling/city-151281341/,1,https://ak-d.tripcdn.com/images/0105f1200087dvhgu60B0.jpg,D:\wzb\codex\data\全国旅游数据整合_2026-03-24\平台景点照片\携程Trip\安徽\铜陵市\铜陵天井湖\trip_01.jpg,已下载,
铜陵天井湖,铜陵市,安徽,携程Trip景点页,铜陵天井湖 铜陵市,attraction,銅享天井湖社區活動場地,Tongling · Anhui · China,https://us.trip.com/travel-guide/attraction/tongling/city-151281341/,2,https://ak-d.tripcdn.com/images/0106k12000nmyojwuAB54.jpg,D:\wzb\codex\data\全国旅游数据整合_2026-03-24\平台景点照片\携程Trip\安徽\铜陵市\铜陵天井湖\trip_02.jpg,已下载,
锦州笔架山,锦州市,辽宁,携程Trip景点页,锦州笔架山 锦州市,attraction,錦州筆架山風景區-海濱公園,Jinzhou · Liaoning · China,https://us.trip.com/travel-guide/attraction/jinzhou/city-149631452/,1,https://ak-d.tripcdn.com/images/0104v12000faj913yC5C7.jpg,D:\wzb\codex\data\全国旅游数据整合_2026-03-24\平台景点照片\携程Trip\辽宁\锦州市\锦州笔架山\trip_01.jpg,已下载,
锦州笔架山,锦州市,辽宁,携程Trip景点页,锦州笔架山 锦州市,attraction,錦州筆架山風景區-海濱公園,Jinzhou · Liaoning · China,https://us.trip.com/travel-guide/attraction/jinzhou/city-149631452/,2,https://ak-d.tripcdn.com/images/0103u12000rhji0s41D31.jpg,D:\wzb\codex\data\全国旅游数据整合_2026-03-24\平台景点照片\携程Trip\辽宁\锦州市\锦州笔架山\trip_02.jpg,已下载,
锦里,成都市,四川,携程Trip景点页,锦里 成都市,attraction,錦裏,Chengdu · Sichuan · China,https://us.trip.com/travel-guide/attraction/chengdu/city-150356450/,1,https://ak-d.tripcdn.com/images/1A0e14000000wmh4a9B1D.jpg,D:\wzb\codex\data\全国旅游数据整合_2026-03-24\平台景点照片\携程Trip\四川\成都市\锦里\trip_01.jpg,已下载,
锦里,成都市,四川,携程Trip景点页,锦里 成都市,attraction,錦裏,Chengdu · Sichuan · China,https://us.trip.com/travel-guide/attraction/chengdu/city-150356450/,2,https://ak-d.tripcdn.com/images/0103n12000f6trha712AE.jpg,D:\wzb\codex\data\全国旅游数据整合_2026-03-24\平台景点照片\携程Trip\四川\成都市\锦里\trip_02.jpg,已下载,
镜泊湖,牡丹江市,黑龙江,携程Trip景点页,镜泊湖 牡丹江市,attraction,鏡泊湖南湖景區,Ning'an · Mudanjiang · Heilongjiang · China,https://us.trip.com/travel-guide/attraction/ning-an/city-149621666/,1,https://ak-d.tripcdn.com/images/100v0y000000mpaoqC282.jpg,D:\wzb\codex\data\全国旅游数据整合_2026-03-24\平台景点照片\携程Trip\黑龙江\牡丹江市\镜泊湖\trip_01.jpg,已下载,
镜泊湖,牡丹江市,黑龙江,携程Trip景点页,镜泊湖 牡丹江市,attraction,鏡泊湖南湖景區,Ning'an · Mudanjiang · Heilongjiang · China,https://us.trip.com/travel-guide/attraction/ning-an/city-149621666/,2,https://ak-d.tripcdn.com/images/0100312000ln7wiwf6AD5.jpg,D:\wzb\codex\data\全国旅游数据整合_2026-03-24\平台景点照片\携程Trip\黑龙江\牡丹江市\镜泊湖\trip_02.jpg,已下载,
长春世界雕塑园,长春市,吉林,携程Trip景点页,长春世界雕塑园 长春市,attraction,Changchun World Sculpture Park(長春世界雕塑園),Changchun · Jilin · China,https://us.trip.com/travel-guide/attraction/changchun/changchun-world-sculpture-park-81592/,1,https://ak-d.tripcdn.com/images/01065120005zkw9he9249.jpg,D:\wzb\codex\data\全国旅游数据整合_2026-03-24\平台景点照片\携程Trip\吉林\长春市\长春世界雕塑园\trip_01.jpg,已下载,
长春世界雕塑园,长春市,吉林,携程Trip景点页,长春世界雕塑园 长春市,attraction,Changchun World Sculpture Park(長春世界雕塑園),Changchun · Jilin · China,https://us.trip.com/travel-guide/attraction/changchun/changchun-world-sculpture-park-81592/,2,https://ak-d.tripcdn.com/images/0102a12000b94s4dl26EC.jpg,D:\wzb\codex\data\全国旅游数据整合_2026-03-24\平台景点照片\携程Trip\吉林\长春市\长春世界雕塑园\trip_02.jpg,已下载,
长春电影制片厂,长春市,吉林,携程Trip景点页,长春电影制片厂 长春市,attraction,Changchun Film Studio(長春電影製片廠),Changchun · Jilin · China,https://us.trip.com/travel-guide/attraction/changchun/changchun-film-studio-10521446/,1,https://ak-d.tripcdn.com/images/01065120005zkw9he9249.jpg,D:\wzb\codex\data\全国旅游数据整合_2026-03-24\平台景点照片\携程Trip\吉林\长春市\长春电影制片厂\trip_01.jpg,已下载,
长春电影制片厂,长春市,吉林,携程Trip景点页,长春电影制片厂 长春市,attraction,Changchun Film Studio(長春電影製片廠),Changchun · Jilin · China,https://us.trip.com/travel-guide/attraction/changchun/changchun-film-studio-10521446/,2,https://ak-d.tripcdn.com/images/0102a12000b94s4dl26EC.jpg,D:\wzb\codex\data\全国旅游数据整合_2026-03-24\平台景点照片\携程Trip\吉林\长春市\长春电影制片厂\trip_02.jpg,已下载,
长沙世界之窗,长沙市,湖南,携程Trip景点页,长沙世界之窗 长沙市,attraction,Changsha COLORFUL WORLD(長沙世界之窗),Changsha · Hunan · China,https://us.trip.com/travel-guide/attraction/changsha/changsha-colorful-world-10558672/,1,https://ak-d.tripcdn.com/images/0103o120005pr19sjA7F7.jpg,D:\wzb\codex\data\全国旅游数据整合_2026-03-24\平台景点照片\携程Trip\湖南\长沙市\长沙世界之窗\trip_01.jpg,已下载,
长沙世界之窗,长沙市,湖南,携程Trip景点页,长沙世界之窗 长沙市,attraction,Changsha COLORFUL WORLD(長沙世界之窗),Changsha · Hunan · China,https://us.trip.com/travel-guide/attraction/changsha/changsha-colorful-world-10558672/,2,https://ak-d.tripcdn.com/images/0102w12000hxmbahsCCAE.jpg,D:\wzb\codex\data\全国旅游数据整合_2026-03-24\平台景点照片\携程Trip\湖南\长沙市\长沙世界之窗\trip_02.jpg,已下载,
长白山,延边州,吉林,携程Trip景点页,长白山 吉林,attraction,Changbai Mountain North Slope Scenic Area,Antu · Yanbian · Jilin · China,https://us.trip.com/travel-guide/attraction/antu/changbai-mountain-north-slope-scenic-area-97660/,1,https://ak-d.tripcdn.com/images/0104g120003to7jeq9E4A.jpg,D:\wzb\codex\data\全国旅游数据整合_2026-03-24\平台景点照片\携程Trip\吉林\延边州\长白山\trip_01.jpg,已下载,
长白山,延边州,吉林,携程Trip景点页,长白山 吉林,attraction,Changbai Mountain North Slope Scenic Area,Antu · Yanbian · Jilin · China,https://us.trip.com/travel-guide/attraction/antu/changbai-mountain-north-slope-scenic-area-97660/,2,https://ak-d.tripcdn.com/images/1lo3212000bmwpydfB83B.jpg,D:\wzb\codex\data\全国旅游数据整合_2026-03-24\平台景点照片\携程Trip\吉林\延边州\长白山\trip_02.jpg,已下载,
阆中古城,南充市,四川,携程Trip景点页,阆中古城 南充市,attraction,Ancient City of Langzhong(閬中古城),Langzhong · Nanchong · Sichuan · China,https://us.trip.com/travel-guide/attraction/langzhong/ancient-city-of-langzhong-89470/,1,https://ak-d.tripcdn.com/images/350t1b000001a3ttlE6AA.jpg,D:\wzb\codex\data\全国旅游数据整合_2026-03-24\平台景点照片\携程Trip\四川\南充市\阆中古城\trip_01.jpg,已下载,
阆中古城,南充市,四川,携程Trip景点页,阆中古城 南充市,attraction,Ancient City of Langzhong(閬中古城),Langzhong · Nanchong · Sichuan · China,https://us.trip.com/travel-guide/attraction/langzhong/ancient-city-of-langzhong-89470/,2,https://ak-d.tripcdn.com/images/0100d12000ozu3z7tF92F.jpg,D:\wzb\codex\data\全国旅游数据整合_2026-03-24\平台景点照片\携程Trip\四川\南充市\阆中古城\trip_02.jpg,已下载,
阜新海棠山,阜新市,辽宁,携程Trip景点页,阜新海棠山 阜新市,attraction,海棠山國家級自然保護區-龍王殿,Fuxin County · Fuxin · Liaoning · China,https://us.trip.com/travel-guide/attraction/fuxin-county/city-145291867/,1,https://ak-d.tripcdn.com/images/0100b12000lxm92tk526F.jpg,D:\wzb\codex\data\全国旅游数据整合_2026-03-24\平台景点照片\携程Trip\辽宁\阜新市\阜新海棠山\trip_01.jpg,已下载,
阜新海棠山,阜新市,辽宁,携程Trip景点页,阜新海棠山 阜新市,attraction,海棠山國家級自然保護區-龍王殿,Fuxin County · Fuxin · Liaoning · China,https://us.trip.com/travel-guide/attraction/fuxin-county/city-145291867/,2,https://ak-d.tripcdn.com/images/0104712000ffg8c2jCE40.jpg,D:\wzb\codex\data\全国旅游数据整合_2026-03-24\平台景点照片\携程Trip\辽宁\阜新市\阜新海棠山\trip_02.jpg,已下载,
防城港十万大山,防城港市,广西,携程Trip景点页,防城港十万大山 防城港市,attraction,上思十萬大山温泉度假山莊,Shangsi · Fangchenggang · Guangxi · China,https://us.trip.com/travel-guide/attraction/shangsi/city-149639223/,1,https://ak-d.tripcdn.com/images/01A2w120008o2yjcz57E2.jpg,D:\wzb\codex\data\全国旅游数据整合_2026-03-24\平台景点照片\携程Trip\广西\防城港市\防城港十万大山\trip_01.jpg,已下载,
防城港十万大山,防城港市,广西,携程Trip景点页,防城港十万大山 防城港市,attraction,上思十萬大山温泉度假山莊,Shangsi · Fangchenggang · Guangxi · China,https://us.trip.com/travel-guide/attraction/shangsi/city-149639223/,2,https://ak-d.tripcdn.com/images/1lo6l12000px7slpd8EC6.jpg,D:\wzb\codex\data\全国旅游数据整合_2026-03-24\平台景点照片\携程Trip\广西\防城港市\防城港十万大山\trip_02.jpg,已下载,
防川风景区,延边州,吉林,携程Trip景点页,防川风景区 吉林,attraction,Fangchuan Scenic(防川風景區),Hunchun · Yanbian · Jilin · China,https://us.trip.com/travel-guide/attraction/hunchun/fangchuan-scenic-79900/,1,https://ak-d.tripcdn.com/images/1lo5512000k1xqy9yD8DA.jpg,D:\wzb\codex\data\全国旅游数据整合_2026-03-24\平台景点照片\携程Trip\吉林\延边州\防川风景区\trip_01.jpg,已下载,
防川风景区,延边州,吉林,携程Trip景点页,防川风景区 吉林,attraction,Fangchuan Scenic(防川風景區),Hunchun · Yanbian · Jilin · China,https://us.trip.com/travel-guide/attraction/hunchun/fangchuan-scenic-79900/,2,https://ak-d.tripcdn.com/images/0105g12000f0vncozCA67.jpg,D:\wzb\codex\data\全国旅游数据整合_2026-03-24\平台景点照片\携程Trip\吉林\延边州\防川风景区\trip_02.jpg,已下载,
阳朔西街,桂林市,广西,携程Trip景点页,阳朔西街 桂林市,attraction,Yangshuo West Street(陽朔西街),Yangshuo · Guilin · Guangxi · China,https://us.trip.com/travel-guide/attraction/yangshuo/yangshuo-west-street-10558831/,1,https://ak-d.tripcdn.com/images/0103w120005quonp495C1.jpg,D:\wzb\codex\data\全国旅游数据整合_2026-03-24\平台景点照片\携程Trip\广西\桂林市\阳朔西街\trip_01.jpg,已下载,
阳朔西街,桂林市,广西,携程Trip景点页,阳朔西街 桂林市,attraction,Yangshuo West Street(陽朔西街),Yangshuo · Guilin · Guangxi · China,https://us.trip.com/travel-guide/attraction/yangshuo/yangshuo-west-street-10558831/,2,https://ak-d.tripcdn.com/images/1lo2r12000rim3dn76739.jpg,D:\wzb\codex\data\全国旅游数据整合_2026-03-24\平台景点照片\携程Trip\广西\桂林市\阳朔西街\trip_02.jpg,已下载,
陈家祠,广州市,广东,携程Trip景点页,陈家祠 广州市,attraction,Chen Clan Ancestral Hall(陳家祠),Guangzhou · Guangdong · China,https://us.trip.com/travel-guide/attraction/guangzhou/chen-clan-ancestral-hall-76877/,1,https://ak-d.tripcdn.com/images/1lo1b12000lkwgnsr5B70.jpg,D:\wzb\codex\data\全国旅游数据整合_2026-03-24\平台景点照片\携程Trip\广东\广州市\陈家祠\trip_01.jpg,已下载,
陈家祠,广州市,广东,携程Trip景点页,陈家祠 广州市,attraction,Chen Clan Ancestral Hall(陳家祠),Guangzhou · Guangdong · China,https://us.trip.com/travel-guide/attraction/guangzhou/chen-clan-ancestral-hall-76877/,2,https://ak-d.tripcdn.com/images/0102212000f6tvovl4925.jpg,D:\wzb\codex\data\全国旅游数据整合_2026-03-24\平台景点照片\携程Trip\广东\广州市\陈家祠\trip_02.jpg,已下载,
陕西历史博物馆,西安市,陕西,携程Trip景点页,陕西历史博物馆 西安市,attraction,Shaanxi History Museum(陝西厤史博物館),Xi'an · Shaanxi · China,https://us.trip.com/travel-guide/attraction/xi-an/shaanxi-history-museum-75684/,1,https://ak-d.tripcdn.com/images/0104012000f6rbl4996B9.jpg,D:\wzb\codex\data\全国旅游数据整合_2026-03-24\平台景点照片\携程Trip\陕西\西安市\陕西历史博物馆\trip_01.jpg,已下载,
陕西历史博物馆,西安市,陕西,携程Trip景点页,陕西历史博物馆 西安市,attraction,Shaanxi History Museum(陝西厤史博物館),Xi'an · Shaanxi · China,https://us.trip.com/travel-guide/attraction/xi-an/shaanxi-history-museum-75684/,2,https://ak-d.tripcdn.com/images/0103k120006t7ckgl8C33.jpg,D:\wzb\codex\data\全国旅游数据整合_2026-03-24\平台景点照片\携程Trip\陕西\西安市\陕西历史博物馆\trip_02.jpg,已下载,
随州炎帝故里,随州市,湖北,携程Trip景点页,随州炎帝故里 随州市,attraction,Yan Emperor Cultural Tourism Area(隨州炎帝故裡風景區),Sui County · Suizhou · Hubei · China,https://us.trip.com/travel-guide/attraction/sui-county/yan-emperor-cultural-tourism-area-93416/,1,https://ak-d.tripcdn.com/images/0104n12000ntuf00f09A9.jpg,D:\wzb\codex\data\全国旅游数据整合_2026-03-24\平台景点照片\携程Trip\湖北\随州市\随州炎帝故里\trip_01.jpg,已下载,
随州炎帝故里,随州市,湖北,携程Trip景点页,随州炎帝故里 随州市,attraction,Yan Emperor Cultural Tourism Area(隨州炎帝故裡風景區),Sui County · Suizhou · Hubei · China,https://us.trip.com/travel-guide/attraction/sui-county/yan-emperor-cultural-tourism-area-93416/,2,https://ak-d.tripcdn.com/images/100ahk114xhjjt2xs7188.jpg,D:\wzb\codex\data\全国旅游数据整合_2026-03-24\平台景点照片\携程Trip\湖北\随州市\随州炎帝故里\trip_02.jpg,已下载,
雁荡山,温州市,浙江,携程Trip景点页,雁荡山 温州市,attraction,Yandang Mountain(雁盪山),Yueqing · Wenzhou · Zhejiang · China,https://us.trip.com/travel-guide/attraction/yueqing/yandang-mountain-97440/,1,https://ak-d.tripcdn.com/images/0100a12000ir8wfddC507.jpg,D:\wzb\codex\data\全国旅游数据整合_2026-03-24\平台景点照片\携程Trip\浙江\温州市\雁荡山\trip_01.jpg,已下载,
雁荡山,温州市,浙江,携程Trip景点页,雁荡山 温州市,attraction,Yandang Mountain(雁盪山),Yueqing · Wenzhou · Zhejiang · China,https://us.trip.com/travel-guide/attraction/yueqing/yandang-mountain-97440/,2,https://ak-d.tripcdn.com/images/0106812000kl24sot46C6.jpg,D:\wzb\codex\data\全国旅游数据整合_2026-03-24\平台景点照片\携程Trip\浙江\温州市\雁荡山\trip_02.jpg,已下载,
雁门关,忻州市,山西,携程Trip景点页,雁门关 忻州市,attraction,Yanmenguan(雁門關景區),Dai County · Xinzhou · Shanxi · China,https://us.trip.com/travel-guide/attraction/dai-county/yanmenguan-89631/,1,https://ak-d.tripcdn.com/images/100u1c000001drtqo986B.jpg,D:\wzb\codex\data\全国旅游数据整合_2026-03-24\平台景点照片\携程Trip\山西\忻州市\雁门关\trip_01.jpg,已下载,
雁门关,忻州市,山西,携程Trip景点页,雁门关 忻州市,attraction,Yanmenguan(雁門關景區),Dai County · Xinzhou · Shanxi · China,https://us.trip.com/travel-guide/attraction/dai-county/yanmenguan-89631/,2,https://ak-d.tripcdn.com/images/10050z000000mn3y33A14.jpg,D:\wzb\codex\data\全国旅游数据整合_2026-03-24\平台景点照片\携程Trip\山西\忻州市\雁门关\trip_02.jpg,已下载,
雍和宫,北京市,北京,携程Trip景点页,雍和宫 北京市,attraction,Lama Temple(雍和宮),Beijing · China,https://us.trip.com/travel-guide/attraction/beijing/lama-temple-76599/,1,https://ak-d.tripcdn.com/images/010671200087d4o7zEA88.jpg,D:\wzb\codex\data\全国旅游数据整合_2026-03-24\平台景点照片\携程Trip\北京\北京市\雍和宫\trip_01.jpg,已下载,
雍和宫,北京市,北京,携程Trip景点页,雍和宫 北京市,attraction,Lama Temple(雍和宮),Beijing · China,https://us.trip.com/travel-guide/attraction/beijing/lama-temple-76599/,2,https://ak-d.tripcdn.com/images/0102y12000hxkc5n61AF4.jpg,D:\wzb\codex\data\全国旅游数据整合_2026-03-24\平台景点照片\携程Trip\北京\北京市\雍和宫\trip_02.jpg,已下载,
雾凇岛,吉林市,吉林,携程Trip景点页,雾凇岛 吉林市,attraction,Wusong Island(霧凇島),Jilin City · Jilin · China,https://us.trip.com/travel-guide/attraction/jilin-city/wusong-island-87316/,1,https://ak-d.tripcdn.com/images/1lo3o12000ds0o56d63E1.jpg,D:\wzb\codex\data\全国旅游数据整合_2026-03-24\平台景点照片\携程Trip\吉林\吉林市\雾凇岛\trip_01.jpg,已下载,
雾凇岛,吉林市,吉林,携程Trip景点页,雾凇岛 吉林市,attraction,Wusong Island(霧凇島),Jilin City · Jilin · China,https://us.trip.com/travel-guide/attraction/jilin-city/wusong-island-87316/,2,https://ak-d.tripcdn.com/images/0103z120008k2k6nsF793.jpg,D:\wzb\codex\data\全国旅游数据整合_2026-03-24\平台景点照片\携程Trip\吉林\吉林市\雾凇岛\trip_02.jpg,已下载,
露水河国家森林公园,白山市,吉林,携程Trip景点页,露水河国家森林公园 白山市,attraction,露水河國家森林公園-忘憂亭,Fusong · Baishan · Jilin · China,https://us.trip.com/travel-guide/attraction/fusong/city-145678002/,1,https://ak-d.tripcdn.com/images/100110000000pdwn00DD4.jpg,D:\wzb\codex\data\全国旅游数据整合_2026-03-24\平台景点照片\携程Trip\吉林\白山市\露水河国家森林公园\trip_01.jpg,已下载,
露水河国家森林公园,白山市,吉林,携程Trip景点页,露水河国家森林公园 白山市,attraction,露水河國家森林公園-忘憂亭,Fusong · Baishan · Jilin · China,https://us.trip.com/travel-guide/attraction/fusong/city-145678002/,2,https://ak-d.tripcdn.com/images/0104j12000a4lr131B23A.jpg,D:\wzb\codex\data\全国旅游数据整合_2026-03-24\平台景点照片\携程Trip\吉林\白山市\露水河国家森林公园\trip_02.jpg,已下载,
青城山,成都市,四川,携程Trip景点页,青城山 成都市,attraction,Mount Qingcheng(青城山),Dujiangyan · Chengdu · Sichuan · China,https://us.trip.com/travel-guide/attraction/dujiangyan/mount-qingcheng-87301/,1,https://ak-d.tripcdn.com/images/0106a12000fa3iao5D5D0.jpg,D:\wzb\codex\data\全国旅游数据整合_2026-03-24\平台景点照片\携程Trip\四川\成都市\青城山\trip_01.jpg,已下载,
青城山,成都市,四川,携程Trip景点页,青城山 成都市,attraction,Mount Qingcheng(青城山),Dujiangyan · Chengdu · Sichuan · China,https://us.trip.com/travel-guide/attraction/dujiangyan/mount-qingcheng-87301/,2,https://ak-d.tripcdn.com/images/0100412000l5yt9fx1FF7.jpg,D:\wzb\codex\data\全国旅游数据整合_2026-03-24\平台景点照片\携程Trip\四川\成都市\青城山\trip_02.jpg,已下载,
青岛啤酒博物馆,青岛市,山东,携程Trip景点页,青岛啤酒博物馆 青岛市,attraction,Tsingtao Beer Museum(青島啤酒博物館),Qingdao · Shandong · China,https://us.trip.com/travel-guide/attraction/qingdao/tsingtao-beer-museum-10559061/,1,https://ak-d.tripcdn.com/images/0104n12000loeq6o9FDA8.jpg,D:\wzb\codex\data\全国旅游数据整合_2026-03-24\平台景点照片\携程Trip\山东\青岛市\青岛啤酒博物馆\trip_01.jpg,已下载,
青岛啤酒博物馆,青岛市,山东,携程Trip景点页,青岛啤酒博物馆 青岛市,attraction,Tsingtao Beer Museum(青島啤酒博物館),Qingdao · Shandong · China,https://us.trip.com/travel-guide/attraction/qingdao/tsingtao-beer-museum-10559061/,2,https://ak-d.tripcdn.com/images/01021120008upk8mn9E3E.jpg,D:\wzb\codex\data\全国旅游数据整合_2026-03-24\平台景点照片\携程Trip\山东\青岛市\青岛啤酒博物馆\trip_02.jpg,已下载,
青岛海滨风景区,青岛市,山东,携程Trip景点页,青岛海滨风景区 青岛市,attraction,團島海濱風景區（江蘇路）,Qingdao · Shandong · China,https://us.trip.com/travel-guide/attraction/qingdao/city-154087203/,1,https://ak-d.tripcdn.com/images/0104n12000loeq6o9FDA8.jpg,D:\wzb\codex\data\全国旅游数据整合_2026-03-24\平台景点照片\携程Trip\山东\青岛市\青岛海滨风景区\trip_01.jpg,已下载,
青岛海滨风景区,青岛市,山东,携程Trip景点页,青岛海滨风景区 青岛市,attraction,團島海濱風景區（江蘇路）,Qingdao · Shandong · China,https://us.trip.com/travel-guide/attraction/qingdao/city-154087203/,2,https://ak-d.tripcdn.com/images/01021120008upk8mn9E3E.jpg,D:\wzb\codex\data\全国旅游数据整合_2026-03-24\平台景点照片\携程Trip\山东\青岛市\青岛海滨风景区\trip_02.jpg,已下载,
韶山,湘潭市,湖南,携程Trip景点页,韶山 湘潭市,attraction,約你遊韶山房車露營地（韶賓店）,Shaoshan · Xiangtan · Hunan · China,https://us.trip.com/travel-guide/attraction/shaoshan/city-151272171/,1,https://ak-d.tripcdn.com/images/0102512000o8qizz8E6F5.jpg,D:\wzb\codex\data\全国旅游数据整合_2026-03-24\平台景点照片\携程Trip\湖南\湘潭市\韶山\trip_01.jpg,已下载,
韶山,湘潭市,湖南,携程Trip景点页,韶山 湘潭市,attraction,約你遊韶山房車露營地（韶賓店）,Shaoshan · Xiangtan · Hunan · China,https://us.trip.com/travel-guide/attraction/shaoshan/city-151272171/,2,https://ak-d.tripcdn.com/images/1lo2b12000r3628ns68E9.jpg,D:\wzb\codex\data\全国旅游数据整合_2026-03-24\平台景点照片\携程Trip\湖南\湘潭市\韶山\trip_02.jpg,已下载,
颐和园,北京市,北京,携程Trip景点页,颐和园 北京市,attraction,Summer Palace(頤和園),Beijing · China,https://us.trip.com/travel-guide/attraction/beijing/summer-palace-75597/,1,https://ak-d.tripcdn.com/images/010671200087d4o7zEA88.jpg,D:\wzb\codex\data\全国旅游数据整合_2026-03-24\平台景点照片\携程Trip\北京\北京市\颐和园\trip_01.jpg,已下载,
颐和园,北京市,北京,携程Trip景点页,颐和园 北京市,attraction,Summer Palace(頤和園),Beijing · China,https://us.trip.com/travel-guide/attraction/beijing/summer-palace-75597/,2,https://ak-d.tripcdn.com/images/0102y12000hxkc5n61AF4.jpg,D:\wzb\codex\data\全国旅游数据整合_2026-03-24\平台景点照片\携程Trip\北京\北京市\颐和园\trip_02.jpg,已下载,
香山公园,北京市,北京,携程Trip景点页,香山公园 北京市,attraction,Xiangshan Park(香山公園),Beijing · China,https://us.trip.com/travel-guide/attraction/beijing/xiangshan-park-75601/,1,https://ak-d.tripcdn.com/images/010671200087d4o7zEA88.jpg,D:\wzb\codex\data\全国旅游数据整合_2026-03-24\平台景点照片\携程Trip\北京\北京市\香山公园\trip_01.jpg,已下载,
香山公园,北京市,北京,携程Trip景点页,香山公园 北京市,attraction,Xiangshan Park(香山公園),Beijing · China,https://us.trip.com/travel-guide/attraction/beijing/xiangshan-park-75601/,2,https://ak-d.tripcdn.com/images/0102y12000hxkc5n61AF4.jpg,D:\wzb\codex\data\全国旅游数据整合_2026-03-24\平台景点照片\携程Trip\北京\北京市\香山公园\trip_02.jpg,已下载,
香格里拉,迪庆州,云南,携程Trip景点页,香格里拉 迪庆州,attraction,迪慶州香格里拉市松林藏香非遺景區,Shangri-La · Diqing · Yunnan · China,https://us.trip.com/travel-guide/attraction/shangri-la/city-150290902/,1,https://ak-d.tripcdn.com/images/10020y000000m22ji5824.jpg,D:\wzb\codex\data\全国旅游数据整合_2026-03-24\平台景点照片\携程Trip\云南\迪庆州\香格里拉\trip_01.jpg,已下载,
香格里拉,迪庆州,云南,携程Trip景点页,香格里拉 迪庆州,attraction,迪慶州香格里拉市松林藏香非遺景區,Shangri-La · Diqing · Yunnan · China,https://us.trip.com/travel-guide/attraction/shangri-la/city-150290902/,2,https://ak-d.tripcdn.com/images/100d10000000omz6gF119.jpg,D:\wzb\codex\data\全国旅游数据整合_2026-03-24\平台景点照片\携程Trip\云南\迪庆州\香格里拉\trip_02.jpg,已下载,
高句丽遗址,通化市,吉林,携程Trip景点页,高句丽遗址 通化市,attraction,Goguryeo Ruins Park(高句麗遺址公園),Ji'an · Tonghua · Jilin · China,https://us.trip.com/travel-guide/attraction/ji-an/goguryeo-ruins-park-24649785/,1,https://ak-d.tripcdn.com/images/1lo3212000e0kl06x672D.jpg,D:\wzb\codex\data\全国旅游数据整合_2026-03-24\平台景点照片\携程Trip\吉林\通化市\高句丽遗址\trip_01.jpg,已下载,
高句丽遗址,通化市,吉林,携程Trip景点页,高句丽遗址 通化市,attraction,Goguryeo Ruins Park(高句麗遺址公園),Ji'an · Tonghua · Jilin · China,https://us.trip.com/travel-guide/attraction/ji-an/goguryeo-ruins-park-24649785/,2,https://ak-d.tripcdn.com/images/0103m120009jl3gzjFBCF.jpg,D:\wzb\codex\data\全国旅游数据整合_2026-03-24\平台景点照片\携程Trip\吉林\通化市\高句丽遗址\trip_02.jpg,已下载,
鸡公山,信阳市,河南,携程Trip景点页,鸡公山 信阳市,attraction,雞公山圖書館,Xinyang · Henan · China,https://us.trip.com/travel-guide/attraction/xinyang/city-145313090/,1,https://ak-d.tripcdn.com/images/1A0a16000000yyq655877.jpg,D:\wzb\codex\data\全国旅游数据整合_2026-03-24\平台景点照片\携程Trip\河南\信阳市\鸡公山\trip_01.jpg,已下载,
鸡公山,信阳市,河南,携程Trip景点页,鸡公山 信阳市,attraction,雞公山圖書館,Xinyang · Henan · China,https://us.trip.com/travel-guide/attraction/xinyang/city-145313090/,2,https://ak-d.tripcdn.com/images/10010t000000imncaE5BC.jpg,D:\wzb\codex\data\全国旅游数据整合_2026-03-24\平台景点照片\携程Trip\河南\信阳市\鸡公山\trip_02.jpg,已下载,
鸡西兴凯湖,鸡西市,黑龙江,携程Trip景点页,鸡西兴凯湖 鸡西市,attraction,興凱湖,Mishan · Jixi · Heilongjiang · China,https://us.trip.com/travel-guide/attraction/mishan/city-145277460/,1,https://ak-d.tripcdn.com/images/100m11000000r7cgz1859.jpg,D:\wzb\codex\data\全国旅游数据整合_2026-03-24\平台景点照片\携程Trip\黑龙江\鸡西市\鸡西兴凯湖\trip_01.jpg,已下载,
鸡西兴凯湖,鸡西市,黑龙江,携程Trip景点页,鸡西兴凯湖 鸡西市,attraction,興凱湖,Mishan · Jixi · Heilongjiang · China,https://us.trip.com/travel-guide/attraction/mishan/city-145277460/,2,https://ak-d.tripcdn.com/images/100v1f000001h1a7iFE62.jpg,D:\wzb\codex\data\全国旅游数据整合_2026-03-24\平台景点照片\携程Trip\黑龙江\鸡西市\鸡西兴凯湖\trip_02.jpg,已下载,
鸭绿江断桥,丹东市,辽宁,携程Trip景点页,鸭绿江断桥 丹东市,attraction,Yalu River Broken Bridge(鴨緑江斷橋),Dandong · Liaoning · China,https://us.trip.com/travel-guide/attraction/dandong/yalu-river-broken-bridge-79852/,1,https://ak-d.tripcdn.com/images/01A0s120008rhz0jrEFA8.jpg,D:\wzb\codex\data\全国旅游数据整合_2026-03-24\平台景点照片\携程Trip\辽宁\丹东市\鸭绿江断桥\trip_01.jpg,已下载,
鸭绿江断桥,丹东市,辽宁,携程Trip景点页,鸭绿江断桥 丹东市,attraction,Yalu River Broken Bridge(鴨緑江斷橋),Dandong · Liaoning · China,https://us.trip.com/travel-guide/attraction/dandong/yalu-river-broken-bridge-79852/,2,https://ak-d.tripcdn.com/images/010231200093cwxqeBABC.jpg,D:\wzb\codex\data\全国旅游数据整合_2026-03-24\平台景点照片\携程Trip\辽宁\丹东市\鸭绿江断桥\trip_02.jpg,已下载,
鹤岗萝北名山岛,鹤岗市,黑龙江,携程Trip景点页,鹤岗萝北名山岛 鹤岗市,attraction,名山島-民俗館,Luobei · Hegang · Heilongjiang · China,https://us.trip.com/travel-guide/attraction/luobei/city-145553773/,1,https://ak-d.tripcdn.com/images/0101l12000jsj5nyzD4FD.jpg,D:\wzb\codex\data\全国旅游数据整合_2026-03-24\平台景点照片\携程Trip\黑龙江\鹤岗市\鹤岗萝北名山岛\trip_01.jpg,已下载,
鹤岗萝北名山岛,鹤岗市,黑龙江,携程Trip景点页,鹤岗萝北名山岛 鹤岗市,attraction,名山島-民俗館,Luobei · Hegang · Heilongjiang · China,https://us.trip.com/travel-guide/attraction/luobei/city-145553773/,2,https://ak-d.tripcdn.com/images/0103t12000jpcugce9F27.jpg,D:\wzb\codex\data\全国旅游数据整合_2026-03-24\平台景点照片\携程Trip\黑龙江\鹤岗市\鹤岗萝北名山岛\trip_02.jpg,已下载,
黄山,黄山市,安徽,携程Trip景点页,黄山 黄山市,attraction,Huangshan Scenic Area(黃山風景區),Huangshan City · Anhui · China,https://us.trip.com/travel-guide/attraction/huangshan-city/huangshan-scenic-area-87869/,1,https://ak-d.tripcdn.com/images/0101p1200087cum179214.jpg,D:\wzb\codex\data\全国旅游数据整合_2026-03-24\平台景点照片\携程Trip\安徽\黄山市\黄山\trip_01.jpg,已下载,
黄山,黄山市,安徽,携程Trip景点页,黄山 黄山市,attraction,Huangshan Scenic Area(黃山風景區),Huangshan City · Anhui · China,https://us.trip.com/travel-guide/attraction/huangshan-city/huangshan-scenic-area-87869/,2,https://ak-d.tripcdn.com/images/1lo2812000rooc9uu04DB.jpg,D:\wzb\codex\data\全国旅游数据整合_2026-03-24\平台景点照片\携程Trip\安徽\黄山市\黄山\trip_02.jpg,已下载,
黄帝陵,延安市,陕西,携程Trip景点页,黄帝陵 延安市,attraction,The Mausoleum of Yellow Emperor(黃帝陵),Huangling · Yan'an · Shaanxi · China,https://us.trip.com/travel-guide/attraction/huangling/the-mausoleum-of-yellow-emperor-79231/,1,https://ak-d.tripcdn.com/images/35071c000001d7m959D9E.jpg,D:\wzb\codex\data\全国旅游数据整合_2026-03-24\平台景点照片\携程Trip\陕西\延安市\黄帝陵\trip_01.jpg,已下载,
黄帝陵,延安市,陕西,携程Trip景点页,黄帝陵 延安市,attraction,The Mausoleum of Yellow Emperor(黃帝陵),Huangling · Yan'an · Shaanxi · China,https://us.trip.com/travel-guide/attraction/huangling/the-mausoleum-of-yellow-emperor-79231/,2,https://ak-d.tripcdn.com/images/10091f000001gsp2r325C.jpg,D:\wzb\codex\data\全国旅游数据整合_2026-03-24\平台景点照片\携程Trip\陕西\延安市\黄帝陵\trip_02.jpg,已下载,
黄河风景区,郑州市,河南,携程Trip景点页,黄河风景区 郑州市,attraction,鄭州黃河灘地公園-黃河母親雕塑,Zhengzhou · Henan · China,https://us.trip.com/travel-guide/attraction/zhengzhou/city-145208353/,1,https://ak-d.tripcdn.com/images/0100112000ma956mv9CFD.jpg,D:\wzb\codex\data\全国旅游数据整合_2026-03-24\平台景点照片\携程Trip\河南\郑州市\黄河风景区\trip_01.jpg,已下载,
黄河风景区,郑州市,河南,携程Trip景点页,黄河风景区 郑州市,attraction,鄭州黃河灘地公園-黃河母親雕塑,Zhengzhou · Henan · China,https://us.trip.com/travel-guide/attraction/zhengzhou/city-145208353/,2,https://ak-d.tripcdn.com/images/1lo6712000b9w9wqt3763.jpg,D:\wzb\codex\data\全国旅游数据整合_2026-03-24\平台景点照片\携程Trip\河南\郑州市\黄河风景区\trip_02.jpg,已下载,
黄石国家矿山公园,黄石市,湖北,携程Trip景点页,黄石国家矿山公园 黄石市,attraction,Huangshi National Mine Park(黃石國家礦山公園),Huangshi · Hubei · China,https://us.trip.com/travel-guide/attraction/huangshi/huangshi-national-mine-park-101705/,1,https://ak-d.tripcdn.com/images/0103w12000hyg3apk3EBF.jpg,D:\wzb\codex\data\全国旅游数据整合_2026-03-24\平台景点照片\携程Trip\湖北\黄石市\黄石国家矿山公园\trip_01.jpg,已下载,
黄石国家矿山公园,黄石市,湖北,携程Trip景点页,黄石国家矿山公园 黄石市,attraction,Huangshi National Mine Park(黃石國家礦山公園),Huangshi · Hubei · China,https://us.trip.com/travel-guide/attraction/huangshi/huangshi-national-mine-park-101705/,2,https://ak-d.tripcdn.com/images/0104q1200087dqmasDFD3.jpg,D:\wzb\codex\data\全国旅游数据整合_2026-03-24\平台景点照片\携程Trip\湖北\黄石市\黄石国家矿山公园\trip_02.jpg,已下载,
黄鹤楼,武汉市,湖北,携程Trip景点页,黄鹤楼 武汉市,attraction,Yellow Crane Tower(黃鶴樓),Wuhan · Hubei · China,https://us.trip.com/travel-guide/attraction/wuhan/yellow-crane-tower-77593/,1,https://ak-d.tripcdn.com/images/0104q1200087dqmasDFD3.jpg,D:\wzb\codex\data\全国旅游数据整合_2026-03-24\平台景点照片\携程Trip\湖北\武汉市\黄鹤楼\trip_01.jpg,已下载,
黄鹤楼,武汉市,湖北,携程Trip景点页,黄鹤楼 武汉市,attraction,Yellow Crane Tower(黃鶴樓),Wuhan · Hubei · China,https://us.trip.com/travel-guide/attraction/wuhan/yellow-crane-tower-77593/,2,https://ak-d.tripcdn.com/images/0103w12000hyg3apk3EBF.jpg,D:\wzb\codex\data\全国旅游数据整合_2026-03-24\平台景点照片\携程Trip\湖北\武汉市\黄鹤楼\trip_02.jpg,已下载,
黄龙,阿坝州,四川,携程Trip景点页,黄龙 阿坝州,attraction,Huanglong National Scenic Area,Songpan · Aba Prefecture · Sichuan · China,https://us.trip.com/travel-guide/attraction/songpan/huanglong-national-scenic-area-75864/,1,https://ak-d.tripcdn.com/images/10071d000001f1xw9D9DE.png,D:\wzb\codex\data\全国旅游数据整合_2026-03-24\平台景点照片\携程Trip\四川\阿坝州\黄龙\trip_01.png,已下载,
黄龙,阿坝州,四川,携程Trip景点页,黄龙 阿坝州,attraction,Huanglong National Scenic Area,Songpan · Aba Prefecture · Sichuan · China,https://us.trip.com/travel-guide/attraction/songpan/huanglong-national-scenic-area-75864/,2,https://ak-d.tripcdn.com/images/0105l120008igj8rh3E77.jpg,D:\wzb\codex\data\全国旅游数据整合_2026-03-24\平台景点照片\携程Trip\四川\阿坝州\黄龙\trip_02.jpg,已下载,
黑河瑷珲古城,黑河市,黑龙江,携程Trip景点页,黑河瑷珲古城 黑河市,attraction,Aihui Ancient City(璦琿古城),Heihe · Heilongjiang · China,https://us.trip.com/travel-guide/attraction/heihe/aihui-ancient-city-79609/,1,https://ak-d.tripcdn.com/images/1lo5n12000at0m1wgF500.jpg,D:\wzb\codex\data\全国旅游数据整合_2026-03-24\平台景点照片\携程Trip\黑龙江\黑河市\黑河瑷珲古城\trip_01.jpg,已下载,
黑河瑷珲古城,黑河市,黑龙江,携程Trip景点页,黑河瑷珲古城 黑河市,attraction,Aihui Ancient City(璦琿古城),Heihe · Heilongjiang · China,https://us.trip.com/travel-guide/attraction/heihe/aihui-ancient-city-79609/,2,https://ak-d.tripcdn.com/images/1lo4q12000f9drkke0B05.jpg,D:\wzb\codex\data\全国旅游数据整合_2026-03-24\平台景点照片\携程Trip\黑龙江\黑河市\黑河瑷珲古城\trip_02.jpg,已下载,
鼋头渚,无锡市,江苏,携程Trip景点页,鼋头渚 无锡市,attraction,Tai Hu Yuantouzhu Scenic Spot(無錫市太湖黿頭渚風景區),Wuxi · Jiangsu · China,https://us.trip.com/travel-guide/attraction/wuxi/tai-hu-yuantouzhu-scenic-spot-75725/,1,https://ak-d.tripcdn.com/images/1A0g13000000tf0316A4E.jpg,D:\wzb\codex\data\全国旅游数据整合_2026-03-24\平台景点照片\携程Trip\江苏\无锡市\鼋头渚\trip_01.jpg,已下载,
鼋头渚,无锡市,江苏,携程Trip景点页,鼋头渚 无锡市,attraction,Tai Hu Yuantouzhu Scenic Spot(無錫市太湖黿頭渚風景區),Wuxi · Jiangsu · China,https://us.trip.com/travel-guide/attraction/wuxi/tai-hu-yuantouzhu-scenic-spot-75725/,2,https://ak-d.tripcdn.com/images/0100812000f6po93v9182.jpg,D:\wzb\codex\data\全国旅游数据整合_2026-03-24\平台景点照片\携程Trip\江苏\无锡市\鼋头渚\trip_02.jpg,已下载,
鼓浪屿,厦门市,福建,携程Trip景点页,鼓浪屿 厦门市,attraction,Gulangyu Ferry(嶼見廈門·鼓浪嶼遊船),Xiamen · Fujian · China,https://us.trip.com/travel-guide/attraction/xiamen/gulangyu-ferry-153263685/,1,https://ak-d.tripcdn.com/images/0101t12000825yd946670.jpg,D:\wzb\codex\data\全国旅游数据整合_2026-03-24\平台景点照片\携程Trip\福建\厦门市\鼓浪屿\trip_01.jpg,已下载,
鼓浪屿,厦门市,福建,携程Trip景点页,鼓浪屿 厦门市,attraction,Gulangyu Ferry(嶼見廈門·鼓浪嶼遊船),Xiamen · Fujian · China,https://us.trip.com/travel-guide/attraction/xiamen/gulangyu-ferry-153263685/,2,https://ak-d.tripcdn.com/images/0100212000j04vu6b4D7C.jpg,D:\wzb\codex\data\全国旅游数据整合_2026-03-24\平台景点照片\携程Trip\福建\厦门市\鼓浪屿\trip_02.jpg,已下载,
齐云山,黄山市,安徽,携程Trip景点页,齐云山 黄山市,attraction,齊雲山風景名勝區-步雲亭,Xiuning · Huangshan City · Anhui · China,https://us.trip.com/travel-guide/attraction/xiuning/city-145513934/,1,https://ak-d.tripcdn.com/images/1lo2812000rooc9uu04DB.jpg,D:\wzb\codex\data\全国旅游数据整合_2026-03-24\平台景点照片\携程Trip\安徽\黄山市\齐云山\trip_01.jpg,已下载,
齐云山,黄山市,安徽,携程Trip景点页,齐云山 黄山市,attraction,齊雲山風景名勝區-步雲亭,Xiuning · Huangshan City · Anhui · China,https://us.trip.com/travel-guide/attraction/xiuning/city-145513934/,2,https://ak-d.tripcdn.com/images/0101p1200087cum179214.jpg,D:\wzb\codex\data\全国旅游数据整合_2026-03-24\平台景点照片\携程Trip\安徽\黄山市\齐云山\trip_02.jpg,已下载,
龙亭公园,开封市,河南,携程Trip景点页,龙亭公园 开封市,attraction,Longting Scenic Area,Kaifeng · Henan · China,https://us.trip.com/travel-guide/attraction/kaifeng/longting-scenic-area-77836/,1,https://ak-d.tripcdn.com/images/100s0z000000nrpwy7C2A.jpg,D:\wzb\codex\data\全国旅游数据整合_2026-03-24\平台景点照片\携程Trip\河南\开封市\龙亭公园\trip_01.jpg,已下载,
龙亭公园,开封市,河南,携程Trip景点页,龙亭公园 开封市,attraction,Longting Scenic Area,Kaifeng · Henan · China,https://us.trip.com/travel-guide/attraction/kaifeng/longting-scenic-area-77836/,2,https://ak-d.tripcdn.com/images/1lo0h12000k39ugdd5AD7.jpg,D:\wzb\codex\data\全国旅游数据整合_2026-03-24\平台景点照片\携程Trip\河南\开封市\龙亭公园\trip_02.jpg,已下载,
龙岩冠豸山,龙岩市,福建,携程Trip景点页,龙岩冠豸山 龙岩市,attraction,冠豸山-九龍觀,Liancheng · Longyan · Fujian · China,https://us.trip.com/travel-guide/attraction/liancheng/city-144211488/,1,https://ak-d.tripcdn.com/images/0100i12000ivbehbr44B6.jpg,D:\wzb\codex\data\全国旅游数据整合_2026-03-24\平台景点照片\携程Trip\福建\龙岩市\龙岩冠豸山\trip_01.jpg,已下载,
龙岩冠豸山,龙岩市,福建,携程Trip景点页,龙岩冠豸山 龙岩市,attraction,冠豸山-九龍觀,Liancheng · Longyan · Fujian · China,https://us.trip.com/travel-guide/attraction/liancheng/city-144211488/,2,https://ak-d.tripcdn.com/images/100o1f000001gp4pv32B0.jpg,D:\wzb\codex\data\全国旅游数据整合_2026-03-24\平台景点照片\携程Trip\福建\龙岩市\龙岩冠豸山\trip_02.jpg,已下载,
龙湾群国家森林公园,通化市,吉林,携程Trip景点页,龙湾群国家森林公园 通化市,attraction,龍灣羣國家森林公園-旱龍灣風景區,Huinan · Tonghua · Jilin · China,https://us.trip.com/travel-guide/attraction/huinan/city-145226685/,1,https://ak-d.tripcdn.com/images/1lo0r12000ct7k4d756DC.jpg,D:\wzb\codex\data\全国旅游数据整合_2026-03-24\平台景点照片\携程Trip\吉林\通化市\龙湾群国家森林公园\trip_01.jpg,已下载,
龙湾群国家森林公园,通化市,吉林,携程Trip景点页,龙湾群国家森林公园 通化市,attraction,龍灣羣國家森林公園-旱龍灣風景區,Huinan · Tonghua · Jilin · China,https://us.trip.com/travel-guide/attraction/huinan/city-145226685/,2,https://ak-d.tripcdn.com/images/01016120008e2ccr814AD.jpg,D:\wzb\codex\data\全国旅游数据整合_2026-03-24\平台景点照片\携程Trip\吉林\通化市\龙湾群国家森林公园\trip_02.jpg,已下载,
龙脊梯田,桂林市,广西,携程Trip景点页,龙脊梯田 桂林市,attraction,Longji Rice Terraces(龍脊梯田),Longsheng · Guilin · Guangxi · China,https://us.trip.com/travel-guide/attraction/longsheng/longji-rice-terraces-10558732/,1,https://ak-d.tripcdn.com/images/0102v12000g2oavbuAB86.jpg,D:\wzb\codex\data\全国旅游数据整合_2026-03-24\平台景点照片\携程Trip\广西\桂林市\龙脊梯田\trip_01.jpg,已下载,
龙脊梯田,桂林市,广西,携程Trip景点页,龙脊梯田 桂林市,attraction,Longji Rice Terraces(龍脊梯田),Longsheng · Guilin · Guangxi · China,https://us.trip.com/travel-guide/attraction/longsheng/longji-rice-terraces-10558732/,2,https://ak-d.tripcdn.com/images/1lo1112000r3lb1mgE95A.jpg,D:\wzb\codex\data\全国旅游数据整合_2026-03-24\平台景点照片\携程Trip\广西\桂林市\龙脊梯田\trip_02.jpg,已下载,
龙虎山,鹰潭市,江西,携程Trip景点页,龙虎山 鹰潭市,attraction,龍虎山一號登山步道,Yingtan · Jiangxi · China,https://us.trip.com/travel-guide/attraction/yingtan/city-145579392/,1,https://ak-d.tripcdn.com/images/3504160000010eiys2862.jpg,D:\wzb\codex\data\全国旅游数据整合_2026-03-24\平台景点照片\携程Trip\江西\鹰潭市\龙虎山\trip_01.jpg,已下载,
龙虎山,鹰潭市,江西,携程Trip景点页,龙虎山 鹰潭市,attraction,龍虎山一號登山步道,Yingtan · Jiangxi · China,https://us.trip.com/travel-guide/attraction/yingtan/city-145579392/,2,https://ak-d.tripcdn.com/images/0100212000j13fwqk734F.jpg,D:\wzb\codex\data\全国旅游数据整合_2026-03-24\平台景点照片\携程Trip\江西\鹰潭市\龙虎山\trip_02.jpg,已下载,
龙门石窟,洛阳市,河南,携程Trip景点页,龙门石窟 洛阳市,attraction,Longmen Grottoes(龍門石窟),Luoyang · Henan · China,https://us.trip.com/travel-guide/attraction/luoyang/longmen-grottoes-77498/,1,https://ak-d.tripcdn.com/images/0104p12000rpdckmaD19D.jpg,D:\wzb\codex\data\全国旅游数据整合_2026-03-24\平台景点照片\携程Trip\河南\洛阳市\龙门石窟\trip_01.jpg,已下载,
龙门石窟,洛阳市,河南,携程Trip景点页,龙门石窟 洛阳市,attraction,Longmen Grottoes(龍門石窟),Luoyang · Henan · China,https://us.trip.com/travel-guide/attraction/luoyang/longmen-grottoes-77498/,2,https://ak-d.tripcdn.com/images/0101a120005ybuydo5E5D.jpg,D:\wzb\codex\data\全国旅游数据整合_2026-03-24\平台景点照片\携程Trip\河南\洛阳市\龙门石窟\trip_02.jpg,已下载,
龟峰,上饶市,江西,携程Trip景点页,龟峰 上饶市,attraction,龜峯水上遊樂中心,Yiyang · Shangrao · Jiangxi · China,https://us.trip.com/travel-guide/attraction/yiyang/city-148627470/,1,https://ak-d.tripcdn.com/images/1lo1112000cj0yn4r85A4.jpg,D:\wzb\codex\data\全国旅游数据整合_2026-03-24\平台景点照片\携程Trip\江西\上饶市\龟峰\trip_01.jpg,已下载,
龟峰,上饶市,江西,携程Trip景点页,龟峰 上饶市,attraction,龜峯水上遊樂中心,Yiyang · Shangrao · Jiangxi · China,https://us.trip.com/travel-guide/attraction/yiyang/city-148627470/,2,https://ak-d.tripcdn.com/images/0100212000j13fwqk734F.jpg,D:\wzb\codex\data\全国旅游数据整合_2026-03-24\平台景点照片\携程Trip\江西\上饶市\龟峰\trip_02.jpg,已下载,
