景点名称,所在城市,所在省份,景点类型,景点等级,游客样本量,平均评分,平均消费金额,平均门票价格,平均访问时长(小时),跟团占比(%),节假日访问占比(%),高频季节,高频交通方式,高频游客来源省,推荐程度分布,满意度分布,匹配素材标题,匹配素材路径,预览图路径
无锡影视基地,无锡市,江苏,主题公园,5A,274,4.62,315.24,150.0,4.57,32.48,47.45,冬季(71) / 秋季(71),空调大巴(34) / 高铁+大巴(29) / 飞机+大巴(26),贵州省(13) / 河南省(12) / 湖南省(12) / 湖北省(11) / 陕西省(11),强烈推荐(191) / 推荐(83),非常满意(191) / 满意(83),无锡旅游攻略,D:\wzb\全部131个景点\无锡旅游攻略.pdf,D:\wzb\codex\data\全国旅游数据整合_2026-03-24\previews\asset_063.png
古北水镇,北京市,北京,古镇风情,4A,265,4.44,300.9,140.0,4.38,34.72,43.02,秋季(77) / 冬季(67),高铁+大巴(34) / 飞机+大巴(33) / 空调大巴(25),台湾省(14) / 广东省(14) / 天津市(14) / 陕西省(12) / 山西省(12),强烈推荐(137) / 推荐(128),非常满意(137) / 满意(128),北京,D:\wzb\全部131个景点\北京.pdf,D:\wzb\codex\data\全国旅游数据整合_2026-03-24\previews\asset_018.png
乌镇,嘉兴市,浙江,古镇风情,5A,265,4.41,325.4,150.0,4.58,26.42,49.06,春季(72) / 秋季(71),高铁+大巴(30) / 飞机+大巴(22) / 空调大巴(18),澳门特别行政区(15) / 辽宁省(12) / 甘肃省(11) / 福建省(11) / 四川省(10),推荐(142) / 强烈推荐(123),满意(142) / 非常满意(123),乌镇攻略,D:\wzb\全部131个景点\乌镇攻略.pdf,D:\wzb\codex\data\全国旅游数据整合_2026-03-24\previews\asset_009.png
灵山大佛,无锡市,江苏,宗教文化,5A,265,4.39,384.66,210.0,4.45,28.3,56.23,冬季(73) / 秋季(68),高铁+大巴(34) / 飞机+大巴(23) / 空调大巴(18),湖南省(13) / 河南省(13) / 江苏省(12) / 甘肃省(12) / 四川省(11),推荐(153) / 强烈推荐(112),满意(153) / 非常满意(112),无锡旅游攻略,D:\wzb\全部131个景点\无锡旅游攻略.pdf,D:\wzb\codex\data\全国旅游数据整合_2026-03-24\previews\asset_063.png
上海辰山植物园,上海市,上海,植物园,4A,265,4.2,212.95,60.0,4.51,32.45,41.13,夏季(81) / 春季(70),空调大巴(30) / 飞机+大巴(29) / 高铁+大巴(27),广东省(14) / 山东省(12) / 天津市(11) / 西藏自治区(11) / 安徽省(10),推荐(200) / 强烈推荐(65),满意(200) / 非常满意(65),上海旅游攻略,D:\wzb\全部131个景点\上海旅游攻略.pdf,D:\wzb\codex\data\全国旅游数据整合_2026-03-24\previews\asset_005.png
哈尔滨冰雪大世界,哈尔滨市,黑龙江,主题公园,4A,262,4.18,522.62,330.0,4.65,34.35,49.62,冬季(72) / 秋季(68),空调大巴(35) / 高铁+大巴(28) / 飞机+大巴(27),内蒙古自治区(13) / 浙江省(13) / 广东省(13) / 福建省(12) / 山东省(11),推荐(201) / 强烈推荐(61),满意(201) / 非常满意(61),哈尔滨旅游攻略,D:\wzb\全部131个景点\哈尔滨旅游攻略.pdf,D:\wzb\codex\data\全国旅游数据整合_2026-03-24\previews\asset_035.png
黄山,黄山市,安徽,自然风光,5A,260,4.77,375.04,190.0,4.49,28.46,50.38,秋季(71) / 冬季(70),高铁+大巴(27) / 飞机+大巴(25) / 空调大巴(22),浙江省(13) / 山西省(13) / 甘肃省(12) / 内蒙古自治区(11) / 吉林省(11),强烈推荐(219) / 推荐(41),非常满意(219) / 满意(41),黄山,D:\wzb\全部131个景点\黄山.pdf,D:\wzb\codex\data\全国旅游数据整合_2026-03-24\previews\asset_133.png
关林,洛阳市,河南,历史文化,4A,260,4.33,200.41,40.0,4.63,30.0,54.23,冬季(75) / 秋季(69),飞机+大巴(28) / 高铁+大巴(27) / 空调大巴(23),广东省(14) / 山东省(13) / 山西省(12) / 甘肃省(11) / 内蒙古自治区(11),推荐(165) / 强烈推荐(95),满意(165) / 非常满意(95),洛阳,D:\wzb\全部131个景点\洛阳.pdf,D:\wzb\codex\data\全国旅游数据整合_2026-03-24\previews\asset_080.png
终南山,西安市,陕西,自然文化,4A,260,4.22,247.2,65.0,4.33,30.0,48.85,秋季(74) / 夏季(72),高铁+大巴(31) / 空调大巴(25) / 飞机+大巴(22),浙江省(16) / 甘肃省(15) / 湖南省(15) / 澳门特别行政区(11) / 内蒙古自治区(11),推荐(188) / 强烈推荐(72),满意(188) / 非常满意(72),西安,D:\wzb\全部131个景点\西安.pdf,D:\wzb\codex\data\全国旅游数据整合_2026-03-24\previews\asset_108.png
广州长隆旅游度假区,广州市,广东,主题公园,5A,259,4.78,547.43,350.0,4.8,30.5,42.86,秋季(72) / 春季(66),飞机+大巴(31) / 空调大巴(26) / 高铁+大巴(22),西藏自治区(13) / 湖南省(13) / 上海市(12) / 澳门特别行政区(11) / 福建省(11),强烈推荐(224) / 推荐(35),非常满意(224) / 满意(35),广州旅游攻略,D:\wzb\全部131个景点\广州旅游攻略.pdf,D:\wzb\codex\data\全国旅游数据整合_2026-03-24\previews\asset_051.png
瀛湖,安康市,陕西,自然风光,4A,259,4.4,235.17,70.0,4.37,23.94,41.31,秋季(71) / 夏季(71),高铁+大巴(22) / 飞机+大巴(20) / 空调大巴(20),浙江省(14) / 海南省(13) / 西藏自治区(13) / 河南省(13) / 四川省(13),推荐(142) / 强烈推荐(117),满意(142) / 非常满意(117),,,
莆田九鲤湖,莆田市,福建,自然风光,4A,258,4.48,226.26,50.0,4.42,25.58,46.12,夏季(74) / 冬季(69),空调大巴(23) / 高铁+大巴(23) / 飞机+大巴(20),台湾省(14) / 辽宁省(13) / 山东省(12) / 香港特别行政区(12) / 河南省(12),强烈推荐(143) / 推荐(115),非常满意(143) / 满意(115),,,
百色起义纪念馆,百色市,广西,红色旅游,4A,258,4.36,169.59,0.0,4.26,28.68,44.19,秋季(69) / 夏季(68),飞机+大巴(27) / 高铁+大巴(26) / 空调大巴(21),湖北省(14) / 海南省(13) / 陕西省(12) / 浙江省(11) / 河南省(11),推荐(155) / 强烈推荐(103),满意(155) / 非常满意(103),,,
舟山朱家尖,舟山市,浙江,自然风光,4A,257,4.75,284.59,120.0,4.52,31.91,43.19,夏季(69) / 春季(68),飞机+大巴(31) / 空调大巴(27) / 高铁+大巴(24),陕西省(13) / 湖南省(12) / 澳门特别行政区(12) / 福建省(11) / 河南省(11),强烈推荐(211) / 推荐(46),非常满意(211) / 满意(46),舟山攻略,D:\wzb\全部131个景点\舟山攻略.pdf,D:\wzb\codex\data\全国旅游数据整合_2026-03-24\previews\asset_100.png
长春电影制片厂,长春市,吉林,工业旅游,4A,257,4.08,272.55,90.0,4.38,26.85,47.47,春季(77) / 夏季(61),飞机+大巴(26) / 空调大巴(24) / 高铁+大巴(19),湖南省(15) / 天津市(15) / 安徽省(13) / 新疆维吾尔自治区(13) / 吉林省(11),推荐(223) / 强烈推荐(34),满意(223) / 非常满意(34),,,
衢州江郎山,衢州市,浙江,自然风光,5A,255,4.76,287.36,100.0,4.39,27.06,52.55,夏季(68) / 秋季(66),高铁+大巴(29) / 空调大巴(24) / 飞机+大巴(16),湖北省(15) / 澳门特别行政区(14) / 江苏省(12) / 浙江省(11) / 重庆市(11),强烈推荐(220) / 推荐(35),非常满意(220) / 满意(35),,,
长春世界雕塑园,长春市,吉林,文化艺术,5A,255,4.53,213.31,30.0,4.43,34.9,47.45,夏季(78) / 冬季(66),高铁+大巴(36) / 空调大巴(27) / 飞机+大巴(26),台湾省(15) / 陕西省(14) / 甘肃省(12) / 澳门特别行政区(11) / 广东省(11),强烈推荐(154) / 推荐(101),非常满意(154) / 满意(101),,,
炎帝陵,株洲市,湖南,历史文化,5A,255,4.46,240.57,60.0,4.45,30.59,47.45,夏季(85) / 秋季(62),高铁+大巴(27) / 飞机+大巴(26) / 空调大巴(25),云南省(13) / 广西壮族自治区(12) / 福建省(12) / 西藏自治区(11) / 湖南省(11),推荐(129) / 强烈推荐(126),满意(129) / 非常满意(126),,,
辽源矿工墓,辽源市,吉林,红色旅游,4A,255,4.39,197.43,30.0,4.49,26.27,40.0,春季(74) / 夏季(69),空调大巴(25) / 高铁+大巴(21) / 飞机+大巴(21),北京市(13) / 山西省(12) / 河北省(12) / 福建省(11) / 广西壮族自治区(11),推荐(143) / 强烈推荐(112),满意(143) / 非常满意(112),,,
抚顺赫图阿拉城,抚顺市,辽宁,历史文化,4A,255,4.02,250.22,60.0,4.5,35.29,47.45,秋季(69) / 冬季(67),空调大巴(33) / 高铁+大巴(31) / 飞机+大巴(26),甘肃省(17) / 湖北省(13) / 重庆市(12) / 北京市(11) / 山东省(11),推荐(239) / 强烈推荐(16),满意(239) / 非常满意(16),,,
花果山,连云港市,江苏,自然文化,5A,254,4.67,264.26,90.0,4.32,27.17,49.61,冬季(71) / 秋季(71),飞机+大巴(26) / 空调大巴(22) / 高铁+大巴(21),河南省(15) / 江西省(14) / 天津市(12) / 台湾省(11) / 浙江省(11),强烈推荐(184) / 推荐(70),非常满意(184) / 满意(70),连云港旅游攻略.1,D:\wzb\全部131个景点\连云港旅游攻略.1.pdf,D:\wzb\codex\data\全国旅游数据整合_2026-03-24\previews\asset_112.png
杭州宋城,杭州市,浙江,主题公园,4A,254,4.44,512.81,320.0,4.43,31.5,50.0,冬季(71) / 秋季(68),空调大巴(28) / 高铁+大巴(27) / 飞机+大巴(25),天津市(14) / 广东省(13) / 山西省(13) / 湖南省(10) / 安徽省(10),推荐(129) / 强烈推荐(125),满意(129) / 非常满意(125),杭州攻略,D:\wzb\全部131个景点\杭州攻略.pdf,D:\wzb\codex\data\全国旅游数据整合_2026-03-24\previews\asset_070.png
花山谜窟,黄山市,安徽,自然奇观,4A,254,4.43,284.68,91.0,4.44,29.13,39.37,春季(80) / 秋季(68),飞机+大巴(33) / 高铁+大巴(26) / 空调大巴(15),北京市(13) / 天津市(13) / 香港特别行政区(11) / 青海省(11) / 广东省(11),推荐(129) / 强烈推荐(125),满意(129) / 非常满意(125),黄山,D:\wzb\全部131个景点\黄山.pdf,D:\wzb\codex\data\全国旅游数据整合_2026-03-24\previews\asset_133.png
金山岭长城,承德市,河北,历史文化,4A,254,4.12,249.04,65.0,4.55,25.2,42.13,春季(75) / 夏季(65),飞机+大巴(26) / 空调大巴(22) / 高铁+大巴(16),北京市(12) / 天津市(12) / 福建省(11) / 台湾省(10) / 海南省(9),推荐(206) / 强烈推荐(48),满意(206) / 非常满意(48),,,
东方明珠,上海市,上海,城市地标,5A,253,4.62,416.66,220.0,4.46,31.23,45.85,冬季(71) / 秋季(68),空调大巴(34) / 飞机+大巴(23) / 高铁+大巴(22),河南省(13) / 湖北省(11) / 福建省(11) / 北京市(11) / 天津市(10),强烈推荐(174) / 推荐(79),非常满意(174) / 满意(79),上海旅游攻略,D:\wzb\全部131个景点\上海旅游攻略.pdf,D:\wzb\codex\data\全国旅游数据整合_2026-03-24\previews\asset_005.png
北海公园,北京市,北京,城市公园,4A,253,4.5,190.83,10.0,4.33,29.25,50.59,冬季(69) / 夏季(62),飞机+大巴(30) / 高铁+大巴(26) / 空调大巴(18),新疆维吾尔自治区(12) / 安徽省(11) / 宁夏回族自治区(10) / 河南省(10) / 香港特别行政区(10),强烈推荐(140) / 推荐(113),非常满意(140) / 满意(113),北海旅游攻略,D:\wzb\全部131个景点\北海旅游攻略.pdf,D:\wzb\codex\data\全国旅游数据整合_2026-03-24\previews\asset_020.png
崇圣寺三塔,大理州,云南,宗教文化,5A,253,4.28,246.25,75.0,4.32,27.67,51.38,春季(69) / 冬季(68),空调大巴(30) / 飞机+大巴(20) / 高铁+大巴(20),广东省(13) / 福建省(13) / 浙江省(11) / 青海省(11) / 吉林省(10),推荐(173) / 强烈推荐(80),满意(173) / 非常满意(80),大理,D:\wzb\全部131个景点\大理.pdf,D:\wzb\codex\data\全国旅游数据整合_2026-03-24\previews\asset_038.png
凤凰古城,湘西州,湖南,古镇风情,4A,253,4.21,318.71,148.0,4.38,27.67,47.43,冬季(79) / 夏季(61),高铁+大巴(32) / 空调大巴(21) / 飞机+大巴(17),广东省(15) / 海南省(12) / 上海市(11) / 江苏省(11) / 山东省(10),推荐(190) / 强烈推荐(63),满意(190) / 非常满意(63),凤凰,D:\wzb\全部131个景点\凤凰.pdf,D:\wzb\codex\data\全国旅游数据整合_2026-03-24\previews\asset_017.png
峨眉山,乐山市,四川,自然文化,5A,252,4.66,348.14,160.0,4.61,32.94,44.05,夏季(75) / 秋季(70),飞机+大巴(31) / 高铁+大巴(26) / 空调大巴(26),安徽省(14) / 北京市(12) / 青海省(11) / 江苏省(11) / 福建省(10),强烈推荐(187) / 推荐(65),非常满意(187) / 满意(65),峨眉山旅游攻略,D:\wzb\全部131个景点\峨眉山旅游攻略.pdf,D:\wzb\codex\data\全国旅游数据整合_2026-03-24\previews\asset_047.png
横店影视城,金华市,浙江,主题公园,5A,252,4.52,496.26,310.0,4.47,32.54,50.4,冬季(67) / 秋季(64),高铁+大巴(31) / 空调大巴(26) / 飞机+大巴(25),青海省(15) / 安徽省(12) / 陕西省(12) / 海南省(11) / 香港特别行政区(11),强烈推荐(144) / 推荐(108),非常满意(144) / 满意(108),横店攻略,D:\wzb\全部131个景点\横店攻略.pdf,D:\wzb\codex\data\全国旅游数据整合_2026-03-24\previews\asset_073.png
武当山,十堰市,湖北,自然文化,5A,252,4.49,413.55,243.0,4.53,32.14,45.63,秋季(69) / 春季(65),空调大巴(29) / 飞机+大巴(26) / 高铁+大巴(26),重庆市(12) / 四川省(11) / 天津市(11) / 河南省(10) / 澳门特别行政区(10),强烈推荐(138) / 推荐(114),非常满意(138) / 满意(114),武当山,D:\wzb\全部131个景点\武当山.pdf,D:\wzb\codex\data\全国旅游数据整合_2026-03-24\previews\asset_075.png
九一八历史博物馆,沈阳市,辽宁,红色旅游,4A,252,4.4,172.33,0.0,4.51,30.56,46.03,夏季(78) / 春季(64),空调大巴(29) / 高铁+大巴(24) / 飞机+大巴(24),云南省(15) / 甘肃省(13) / 江苏省(13) / 河南省(11) / 香港特别行政区(10),推荐(139) / 强烈推荐(113),满意(139) / 非常满意(113),沈阳旅游攻略,D:\wzb\全部131个景点\沈阳旅游攻略.pdf,D:\wzb\codex\data\全国旅游数据整合_2026-03-24\previews\asset_077.png
雾凇岛,吉林市,吉林,自然奇观,4A,252,4.21,235.16,60.0,4.63,32.54,44.05,春季(73) / 冬季(67),高铁+大巴(32) / 飞机+大巴(31) / 空调大巴(19),四川省(14) / 广东省(13) / 安徽省(13) / 上海市(12) / 西藏自治区(12),推荐(190) / 强烈推荐(62),满意(190) / 非常满意(62),,,
上海影视乐园,上海市,上海,主题公园,4A,251,4.48,272.65,80.0,4.67,25.1,44.22,夏季(70) / 冬季(69),飞机+大巴(24) / 空调大巴(21) / 高铁+大巴(18),上海市(13) / 四川省(12) / 河南省(11) / 天津市(11) / 香港特别行政区(10),强烈推荐(130) / 推荐(121),非常满意(130) / 满意(121),上海旅游攻略,D:\wzb\全部131个景点\上海旅游攻略.pdf,D:\wzb\codex\data\全国旅游数据整合_2026-03-24\previews\asset_005.png
岳麓山,长沙市,湖南,自然文化,5A,251,4.39,154.4,0.0,4.49,28.69,45.82,秋季(71) / 春季(65),飞机+大巴(26) / 高铁+大巴(24) / 空调大巴(22),辽宁省(15) / 安徽省(11) / 澳门特别行政区(11) / 福建省(11) / 河北省(11),推荐(145) / 强烈推荐(106),满意(145) / 非常满意(106),长沙,D:\wzb\全部131个景点\长沙.pdf,D:\wzb\codex\data\全国旅游数据整合_2026-03-24\previews\asset_120.png
绥化金龟山庄,绥化市,黑龙江,自然风光,4A,251,4.3,236.66,50.0,4.29,30.68,42.23,春季(71) / 夏季(67),高铁+大巴(28) / 飞机+大巴(27) / 空调大巴(22),山西省(16) / 香港特别行政区(12) / 江苏省(12) / 宁夏回族自治区(11) / 吉林省(9),推荐(158) / 强烈推荐(93),满意(158) / 非常满意(93),,,
广府古城,邯郸市,河北,古镇风情,5A,251,4.28,263.47,90.0,4.62,33.86,47.01,春季(75) / 冬季(69),空调大巴(30) / 高铁+大巴(28) / 飞机+大巴(27),台湾省(11) / 安徽省(10) / 云南省(10) / 辽宁省(10) / 西藏自治区(10),推荐(168) / 强烈推荐(83),满意(168) / 非常满意(83),,,
千佛山,济南市,山东,自然文化,4A,251,4.0,206.75,30.0,4.47,33.07,49.4,秋季(71) / 夏季(62),空调大巴(30) / 高铁+大巴(29) / 飞机+大巴(24),香港特别行政区(13) / 江西省(12) / 河南省(11) / 山东省(11) / 海南省(11),推荐(237) / 强烈推荐(14),满意(237) / 非常满意(14),济南旅游攻略,D:\wzb\全部131个景点\济南旅游攻略.pdf,D:\wzb\codex\data\全国旅游数据整合_2026-03-24\previews\asset_081.png
五台山,忻州市,山西,宗教文化,5A,250,4.66,336.13,135.0,4.33,26.8,43.6,夏季(67) / 春季(67),高铁+大巴(26) / 空调大巴(23) / 飞机+大巴(18),北京市(12) / 河南省(12) / 江苏省(11) / 上海市(11) / 宁夏回族自治区(10),强烈推荐(174) / 推荐(76),非常满意(174) / 满意(76),五台山,D:\wzb\全部131个景点\五台山.pdf,D:\wzb\codex\data\全国旅游数据整合_2026-03-24\previews\asset_015.png
秦始皇兵马俑,西安市,陕西,历史遗址,5A,250,4.59,302.24,120.0,4.71,27.6,48.8,夏季(72) / 秋季(65),高铁+大巴(27) / 空调大巴(25) / 飞机+大巴(17),台湾省(14) / 天津市(13) / 上海市(12) / 福建省(12) / 北京市(12),强烈推荐(161) / 推荐(89),非常满意(161) / 满意(89),西安,D:\wzb\全部131个景点\西安.pdf,D:\wzb\codex\data\全国旅游数据整合_2026-03-24\previews\asset_108.png
香格里拉,迪庆州,云南,自然文化,5A,250,4.4,189.3,0.0,4.56,25.6,49.2,夏季(66) / 冬季(65),高铁+大巴(24) / 飞机+大巴(20) / 空调大巴(20),湖北省(14) / 湖南省(13) / 浙江省(10) / 河北省(10) / 宁夏回族自治区(10),推荐(130) / 强烈推荐(120),满意(130) / 非常满意(120),香格里拉,D:\wzb\全部131个景点\香格里拉.pdf,D:\wzb\codex\data\全国旅游数据整合_2026-03-24\previews\asset_127.png
乾陵,咸阳市,陕西,历史遗址,4A,250,4.08,274.96,102.0,4.42,30.0,52.8,秋季(72) / 春季(67),空调大巴(27) / 高铁+大巴(25) / 飞机+大巴(23),广西壮族自治区(12) / 广东省(12) / 山西省(12) / 江西省(11) / 福建省(10),推荐(212) / 强烈推荐(38),满意(212) / 非常满意(38),,,
潮州广济桥,潮州市,广东,历史建筑,4A,250,3.98,187.77,20.0,4.48,29.2,43.2,夏季(71) / 秋季(68),飞机+大巴(26) / 空调大巴(25) / 高铁+大巴(22),海南省(12) / 湖南省(12) / 江苏省(12) / 浙江省(11) / 广东省(11),推荐(237) / 强烈推荐(13),满意(237) / 非常满意(13),,,
延安革命纪念馆,延安市,陕西,红色旅游,5A,249,4.64,177.03,0.0,4.53,26.1,46.18,秋季(68) / 冬季(67),飞机+大巴(27) / 高铁+大巴(20) / 空调大巴(18),四川省(15) / 吉林省(14) / 天津市(11) / 广东省(10) / 台湾省(10),强烈推荐(182) / 推荐(67),非常满意(182) / 满意(67),,,
东湖,武汉市,湖北,自然风光,5A,249,4.59,186.23,0.0,4.57,30.52,49.4,冬季(64) / 秋季(63),空调大巴(28) / 高铁+大巴(25) / 飞机+大巴(23),福建省(13) / 广西壮族自治区(12) / 安徽省(11) / 天津市(11) / 江苏省(11),强烈推荐(158) / 推荐(91),非常满意(158) / 满意(91),武汉,D:\wzb\全部131个景点\武汉.pdf,D:\wzb\codex\data\全国旅游数据整合_2026-03-24\previews\asset_076.png
肇庆星湖,肇庆市,广东,自然风光,5A,248,4.83,248.22,78.0,4.4,27.42,41.53,冬季(70) / 春季(68),高铁+大巴(28) / 空调大巴(27) / 飞机+大巴(13),陕西省(13) / 青海省(11) / 浙江省(10) / 湖北省(10) / 甘肃省(9),强烈推荐(237) / 推荐(11),非常满意(237) / 满意(11),,,
景德镇古窑,景德镇市,江西,历史文化,5A,248,4.76,270.9,95.0,4.33,29.84,48.39,秋季(69) / 夏季(64),高铁+大巴(29) / 飞机+大巴(24) / 空调大巴(21),江苏省(12) / 湖南省(11) / 河北省(11) / 湖北省(11) / 香港特别行政区(11),强烈推荐(215) / 推荐(33),非常满意(215) / 满意(33),,,
西塘古镇,嘉兴市,浙江,古镇风情,5A,248,4.76,291.77,95.0,4.43,28.23,47.18,秋季(69) / 冬季(68),高铁+大巴(32) / 空调大巴(23) / 飞机+大巴(15),宁夏回族自治区(11) / 新疆维吾尔自治区(11) / 台湾省(11) / 安徽省(10) / 辽宁省(10),强烈推荐(211) / 推荐(37),非常满意(211) / 满意(37),西塘,D:\wzb\全部131个景点\西塘.pdf,D:\wzb\codex\data\全国旅游数据整合_2026-03-24\previews\asset_107.png
长白山,延边州,吉林,自然风光,5A,248,4.43,293.29,125.0,4.34,29.84,41.94,春季(68) / 冬季(66),飞机+大巴(28) / 高铁+大巴(25) / 空调大巴(21),宁夏回族自治区(16) / 辽宁省(14) / 江苏省(12) / 天津市(12) / 黑龙江省(10),强烈推荐(125) / 推荐(123),非常满意(125) / 满意(123),长白山旅游攻略,D:\wzb\全部131个景点\长白山旅游攻略.pdf,D:\wzb\codex\data\全国旅游数据整合_2026-03-24\previews\asset_121.png
巢湖,合肥市,安徽,自然风光,4A,248,4.42,185.61,0.0,4.47,30.65,42.74,夏季(76) / 春季(64),飞机+大巴(28) / 高铁+大巴(25) / 空调大巴(23),河南省(12) / 辽宁省(11) / 西藏自治区(11) / 广东省(11) / 湖南省(11),推荐(136) / 强烈推荐(112),满意(136) / 非常满意(112),合肥旅游攻略,D:\wzb\全部131个景点\合肥旅游攻略.pdf,D:\wzb\codex\data\全国旅游数据整合_2026-03-24\previews\asset_031.png
壶口瀑布,临汾市,山西,自然风光,4A,248,4.4,254.83,100.0,4.44,30.24,45.97,春季(68) / 秋季(64),飞机+大巴(36) / 高铁+大巴(24) / 空调大巴(15),澳门特别行政区(17) / 江苏省(13) / 辽宁省(12) / 山西省(11) / 重庆市(11),推荐(133) / 强烈推荐(115),满意(133) / 非常满意(115),,,
上海自然博物馆,上海市,上海,文博院馆,4A,248,4.29,205.75,30.0,4.42,29.84,49.6,秋季(68) / 春季(63),空调大巴(30) / 高铁+大巴(23) / 飞机+大巴(21),安徽省(15) / 湖南省(12) / 河南省(12) / 陕西省(11) / 浙江省(11),推荐(159) / 强烈推荐(89),满意(159) / 非常满意(89),上海旅游攻略,D:\wzb\全部131个景点\上海旅游攻略.pdf,D:\wzb\codex\data\全国旅游数据整合_2026-03-24\previews\asset_005.png
桂林象鼻山,桂林市,广西,自然风光,4A,248,4.26,233.89,55.0,4.71,27.02,49.6,秋季(68) / 冬季(65),高铁+大巴(27) / 空调大巴(27) / 飞机+大巴(13),北京市(14) / 天津市(14) / 海南省(11) / 四川省(10) / 重庆市(10),推荐(176) / 强烈推荐(72),满意(176) / 非常满意(72),桂林旅游攻略,D:\wzb\全部131个景点\桂林旅游攻略.pdf,D:\wzb\codex\data\全国旅游数据整合_2026-03-24\previews\asset_072.png
桃花源,常德市,湖南,自然文化,4A,248,4.22,310.67,128.0,4.69,32.26,46.37,春季(67) / 冬季(64),飞机+大巴(29) / 高铁+大巴(28) / 空调大巴(23),西藏自治区(12) / 江西省(11) / 澳门特别行政区(10) / 云南省(10) / 辽宁省(10),推荐(173) / 强烈推荐(75),满意(173) / 非常满意(75),,,
龟峰,上饶市,江西,自然风光,5A,247,4.82,225.85,60.0,4.35,27.13,45.75,冬季(75) / 夏季(59),高铁+大巴(26) / 空调大巴(25) / 飞机+大巴(16),海南省(14) / 江西省(12) / 浙江省(12) / 北京市(11) / 河北省(11),强烈推荐(236) / 推荐(11),非常满意(236) / 满意(11),,,
瘦西湖,扬州市,江苏,自然风光,5A,247,4.56,324.62,150.0,4.54,29.15,45.34,夏季(72) / 春季(69),高铁+大巴(27) / 空调大巴(26) / 飞机+大巴(19),内蒙古自治区(13) / 安徽省(11) / 四川省(11) / 西藏自治区(11) / 云南省(11),强烈推荐(153) / 推荐(94),非常满意(153) / 满意(94),扬州旅游攻略,D:\wzb\全部131个景点\扬州旅游攻略.pdf,D:\wzb\codex\data\全国旅游数据整合_2026-03-24\previews\asset_058.png
九华山,池州市,安徽,宗教文化,5A,247,4.51,335.68,160.0,4.6,30.36,46.96,春季(68) / 秋季(66),空调大巴(35) / 飞机+大巴(23) / 高铁+大巴(17),天津市(15) / 台湾省(13) / 甘肃省(12) / 江西省(11) / 吉林省(10),强烈推荐(140) / 推荐(107),非常满意(140) / 满意(107),九华山旅游攻略,D:\wzb\全部131个景点\九华山旅游攻略.pdf,D:\wzb\codex\data\全国旅游数据整合_2026-03-24\previews\asset_011.png
长沙世界之窗,长沙市,湖南,主题公园,4A,247,4.5,351.45,200.0,4.32,33.2,44.13,秋季(70) / 春季(61),空调大巴(32) / 飞机+大巴(26) / 高铁+大巴(24),安徽省(15) / 湖南省(14) / 浙江省(12) / 江苏省(12) / 澳门特别行政区(10),强烈推荐(137) / 推荐(110),非常满意(137) / 满意(110),长沙,D:\wzb\全部131个景点\长沙.pdf,D:\wzb\codex\data\全国旅游数据整合_2026-03-24\previews\asset_120.png
开平碉楼,江门市,广东,历史建筑,5A,247,4.47,342.7,180.0,4.48,31.58,46.56,秋季(74) / 冬季(59),空调大巴(30) / 飞机+大巴(26) / 高铁+大巴(22),上海市(13) / 福建省(12) / 北京市(11) / 江西省(11) / 山西省(10),强烈推荐(126) / 推荐(121),非常满意(126) / 满意(121),,,
刘公岛,威海市,山东,红色旅游,5A,247,4.38,293.39,130.0,4.6,23.08,42.11,春季(68) / 夏季(65),空调大巴(21) / 飞机+大巴(19) / 高铁+大巴(17),陕西省(18) / 湖南省(13) / 浙江省(12) / 湖北省(11) / 四川省(9),推荐(148) / 强烈推荐(99),满意(148) / 非常满意(99),威海旅游攻略,D:\wzb\全部131个景点\威海旅游攻略.pdf,D:\wzb\codex\data\全国旅游数据整合_2026-03-24\previews\asset_042.png
芦芽山,忻州市,山西,自然风光,4A,247,4.16,262.58,100.0,4.71,28.34,45.34,春季(80) / 夏季(61),空调大巴(30) / 高铁+大巴(22) / 飞机+大巴(18),江苏省(16) / 四川省(11) / 广东省(11) / 西藏自治区(11) / 香港特别行政区(10),推荐(194) / 强烈推荐(53),满意(194) / 非常满意(53),,,
晋祠,太原市,山西,历史文化,4A,247,4.0,267.09,80.0,4.61,28.34,47.37,冬季(75) / 春季(63),高铁+大巴(25) / 空调大巴(23) / 飞机+大巴(22),广东省(11) / 上海市(11) / 福建省(11) / 吉林省(10) / 贵州省(10),推荐(234) / 强烈推荐(13),满意(234) / 非常满意(13),太原,D:\wzb\全部131个景点\太原.pdf,D:\wzb\codex\data\全国旅游数据整合_2026-03-24\previews\asset_041.png
天堂寨,六安市,安徽,自然风光,5A,246,4.88,306.2,115.0,4.43,30.49,45.93,夏季(69) / 春季(62),空调大巴(29) / 高铁+大巴(25) / 飞机+大巴(21),湖南省(15) / 贵州省(14) / 四川省(11) / 湖北省(10) / 河北省(10),强烈推荐(246),非常满意(246),,,
分界洲岛,陵水县,海南,自然风光,5A,246,4.76,319.7,132.0,4.45,28.86,43.5,春季(70) / 秋季(66),飞机+大巴(27) / 高铁+大巴(25) / 空调大巴(19),海南省(12) / 四川省(11) / 江西省(11) / 内蒙古自治区(10) / 山东省(10),强烈推荐(208) / 推荐(38),非常满意(208) / 满意(38),,,
婺源,上饶市,江西,自然风光,5A,246,4.62,368.12,210.0,4.41,31.3,41.46,夏季(67) / 春季(66),高铁+大巴(32) / 飞机+大巴(24) / 空调大巴(21),新疆维吾尔自治区(12) / 吉林省(12) / 天津市(12) / 海南省(11) / 辽宁省(11),强烈推荐(161) / 推荐(85),非常满意(161) / 满意(85),婺源,D:\wzb\全部131个景点\婺源.pdf,D:\wzb\codex\data\全国旅游数据整合_2026-03-24\previews\asset_043.png
惠州西湖,惠州市,广东,自然风光,4A,246,4.45,195.63,0.0,4.44,31.3,43.9,夏季(73) / 春季(69),飞机+大巴(28) / 空调大巴(26) / 高铁+大巴(23),澳门特别行政区(14) / 湖南省(13) / 北京市(11) / 香港特别行政区(11) / 广东省(11),推荐(129) / 强烈推荐(117),满意(129) / 非常满意(117),惠州旅游攻略,D:\wzb\全部131个景点\惠州旅游攻略.pdf,D:\wzb\codex\data\全国旅游数据整合_2026-03-24\previews\asset_056.png
葫芦岛兴城古城,葫芦岛市,辽宁,历史文化,4A,246,4.42,224.14,50.0,4.51,28.46,43.9,夏季(66) / 秋季(61),飞机+大巴(27) / 高铁+大巴(22) / 空调大巴(21),陕西省(13) / 青海省(13) / 湖南省(11) / 江西省(11) / 辽宁省(10),强烈推荐(125) / 推荐(121),非常满意(125) / 满意(121),,,
三河古镇,合肥市,安徽,古镇风情,5A,245,4.5,179.82,0.0,4.57,26.94,51.84,冬季(65) / 秋季(64),高铁+大巴(27) / 空调大巴(20) / 飞机+大巴(19),香港特别行政区(12) / 江苏省(11) / 辽宁省(11) / 福建省(11) / 黑龙江省(10),强烈推荐(140) / 推荐(105),非常满意(140) / 满意(105),合肥旅游攻略,D:\wzb\全部131个景点\合肥旅游攻略.pdf,D:\wzb\codex\data\全国旅游数据整合_2026-03-24\previews\asset_031.png
乔家大院,晋中市,山西,历史建筑,5A,245,4.41,292.12,115.0,4.45,28.98,47.76,春季(70) / 夏季(64),空调大巴(31) / 飞机+大巴(22) / 高铁+大巴(18),广东省(14) / 重庆市(12) / 天津市(11) / 江苏省(11) / 海南省(10),推荐(127) / 强烈推荐(118),满意(127) / 非常满意(118),,,
茅山,镇江市,江苏,宗教文化,5A,245,4.27,272.42,120.0,4.58,31.02,50.2,冬季(65) / 秋季(62),飞机+大巴(26) / 高铁+大巴(25) / 空调大巴(25),吉林省(16) / 香港特别行政区(12) / 河南省(11) / 甘肃省(11) / 湖北省(10),推荐(175) / 强烈推荐(70),满意(175) / 非常满意(70),镇江旅游攻略,D:\wzb\全部131个景点\镇江旅游攻略.pdf,D:\wzb\codex\data\全国旅游数据整合_2026-03-24\previews\asset_117.png
上海博物馆,上海市,上海,文博院馆,4A,245,4.21,178.32,0.0,4.35,27.35,48.57,夏季(65) / 冬季(63),飞机+大巴(27) / 高铁+大巴(20) / 空调大巴(20),广西壮族自治区(13) / 上海市(12) / 甘肃省(12) / 山西省(9) / 海南省(9),推荐(174) / 强烈推荐(71),满意(174) / 非常满意(71),上海旅游攻略,D:\wzb\全部131个景点\上海旅游攻略.pdf,D:\wzb\codex\data\全国旅游数据整合_2026-03-24\previews\asset_005.png
三江程阳八寨,柳州市,广西,民俗文化,4A,245,4.19,239.47,60.0,4.56,32.24,43.27,春季(68) / 秋季(65),空调大巴(29) / 高铁+大巴(26) / 飞机+大巴(24),河南省(16) / 香港特别行政区(12) / 北京市(11) / 江苏省(11) / 上海市(11),推荐(189) / 强烈推荐(56),满意(189) / 非常满意(56),,,
太行山大峡谷,长治市,山西,自然风光,5A,244,4.83,305.84,140.0,4.56,30.33,49.18,秋季(65) / 夏季(65),高铁+大巴(32) / 飞机+大巴(26) / 空调大巴(16),北京市(14) / 辽宁省(13) / 台湾省(12) / 黑龙江省(11) / 四川省(10),强烈推荐(233) / 推荐(11),非常满意(233) / 满意(11),,,
天涯海角,三亚市,海南,自然风光,4A,244,4.67,258.83,81.0,4.65,28.28,47.13,秋季(66) / 夏季(65),飞机+大巴(26) / 高铁+大巴(23) / 空调大巴(20),四川省(13) / 福建省(12) / 重庆市(12) / 贵州省(9) / 台湾省(9),强烈推荐(178) / 推荐(66),非常满意(178) / 满意(66),三亚旅游攻略,D:\wzb\全部131个景点\三亚旅游攻略.pdf,D:\wzb\codex\data\全国旅游数据整合_2026-03-24\previews\asset_003.png
玉龙雪山,丽江市,云南,自然风光,5A,244,4.62,311.45,130.0,4.48,28.69,42.21,夏季(72) / 秋季(71),空调大巴(28) / 飞机+大巴(23) / 高铁+大巴(19),福建省(15) / 澳门特别行政区(13) / 新疆维吾尔自治区(11) / 山西省(11) / 云南省(11),强烈推荐(161) / 推荐(83),非常满意(161) / 满意(83),丽江攻略,D:\wzb\全部131个景点\丽江攻略.pdf,D:\wzb\codex\data\全国旅游数据整合_2026-03-24\previews\asset_008.png
石林,昆明市,云南,自然奇观,5A,244,4.42,328.07,130.0,4.47,30.33,47.54,冬季(69) / 春季(65),高铁+大巴(30) / 空调大巴(22) / 飞机+大巴(22),河南省(13) / 青海省(11) / 北京市(11) / 福建省(11) / 澳门特别行政区(10),推荐(131) / 强烈推荐(113),满意(131) / 非常满意(113),昆明,D:\wzb\全部131个景点\昆明.pdf,D:\wzb\codex\data\全国旅游数据整合_2026-03-24\previews\asset_066.png
明月山,宜春市,江西,自然风光,5A,244,4.4,249.18,95.0,4.33,30.74,41.8,秋季(68) / 夏季(65),空调大巴(27) / 飞机+大巴(25) / 高铁+大巴(23),新疆维吾尔自治区(13) / 澳门特别行政区(12) / 甘肃省(11) / 江苏省(11) / 安徽省(11),推荐(128) / 强烈推荐(116),满意(128) / 非常满意(116),,,
绍兴鲁迅故里,绍兴市,浙江,历史文化,5A,244,4.4,179.42,0.0,4.44,28.69,49.59,秋季(66) / 冬季(61),空调大巴(26) / 飞机+大巴(23) / 高铁+大巴(21),江苏省(14) / 西藏自治区(12) / 贵州省(11) / 江西省(11) / 黑龙江省(10),推荐(132) / 强烈推荐(112),满意(132) / 非常满意(112),绍兴,D:\wzb\全部131个景点\绍兴.pdf,D:\wzb\codex\data\全国旅游数据整合_2026-03-24\previews\asset_098.png
防城港十万大山,防城港市,广西,自然风光,4A,244,4.39,242.86,60.0,4.52,26.64,45.9,秋季(68) / 春季(61),空调大巴(25) / 高铁+大巴(21) / 飞机+大巴(19),陕西省(12) / 湖南省(12) / 安徽省(10) / 甘肃省(10) / 天津市(10),推荐(136) / 强烈推荐(108),满意(136) / 非常满意(108),,,
紫鹊界梯田,娄底市,湖南,自然风光,4A,244,4.37,251.72,68.0,4.34,32.79,43.85,冬季(66) / 春季(63),飞机+大巴(30) / 空调大巴(25) / 高铁+大巴(25),福建省(14) / 安徽省(13) / 甘肃省(11) / 辽宁省(11) / 重庆市(11),推荐(143) / 强烈推荐(101),满意(143) / 非常满意(101),,,
辽阳广佑寺,辽阳市,辽宁,宗教文化,4A,244,4.3,216.86,40.0,4.61,29.51,48.77,春季(72) / 冬季(63),空调大巴(30) / 高铁+大巴(27) / 飞机+大巴(15),广西壮族自治区(13) / 台湾省(13) / 云南省(12) / 宁夏回族自治区(12) / 青海省(11),推荐(156) / 强烈推荐(88),满意(156) / 非常满意(88),,,
大明湖,济南市,山东,自然风光,4A,244,4.27,184.2,30.0,4.44,30.74,44.67,秋季(78) / 冬季(57),空调大巴(29) / 飞机+大巴(24) / 高铁+大巴(22),陕西省(12) / 内蒙古自治区(12) / 贵州省(11) / 四川省(11) / 江西省(10),推荐(174) / 强烈推荐(70),满意(174) / 非常满意(70),济南旅游攻略,D:\wzb\全部131个景点\济南旅游攻略.pdf,D:\wzb\codex\data\全国旅游数据整合_2026-03-24\previews\asset_081.png
798艺术区,北京市,北京,文化艺术,4A,244,4.16,167.92,0.0,4.66,29.1,48.77,春季(70) / 秋季(65),空调大巴(27) / 高铁+大巴(24) / 飞机+大巴(20),安徽省(15) / 山东省(14) / 海南省(10) / 香港特别行政区(10) / 内蒙古自治区(9),推荐(188) / 强烈推荐(56),满意(188) / 非常满意(56),北京,D:\wzb\全部131个景点\北京.pdf,D:\wzb\codex\data\全国旅游数据整合_2026-03-24\previews\asset_018.png
三星堆遗址,德阳市,四川,历史遗址,4A,244,4.13,258.99,80.0,4.76,29.92,45.49,冬季(66) / 春季(64),高铁+大巴(34) / 飞机+大巴(20) / 空调大巴(19),浙江省(11) / 四川省(11) / 湖南省(10) / 海南省(10) / 山西省(10),推荐(196) / 强烈推荐(48),满意(196) / 非常满意(48),,,
上海环球金融中心,上海市,上海,城市地标,4A,244,4.09,345.1,180.0,4.49,29.51,46.31,春季(66) / 秋季(61),空调大巴(24) / 飞机+大巴(24) / 高铁+大巴(24),西藏自治区(13) / 山西省(13) / 湖北省(11) / 青海省(11) / 吉林省(10),推荐(211) / 强烈推荐(33),满意(211) / 非常满意(33),上海旅游攻略,D:\wzb\全部131个景点\上海旅游攻略.pdf,D:\wzb\codex\data\全国旅游数据整合_2026-03-24\previews\asset_005.png
沈阳故宫,沈阳市,辽宁,历史文化,4A,244,4.09,242.04,60.0,4.59,30.33,42.21,秋季(73) / 夏季(63),高铁+大巴(28) / 飞机+大巴(24) / 空调大巴(22),云南省(14) / 陕西省(14) / 江西省(12) / 江苏省(12) / 四川省(10),推荐(205) / 强烈推荐(39),满意(205) / 非常满意(39),故宫,D:\wzb\全部131个景点\故宫.pdf,D:\wzb\codex\data\全国旅游数据整合_2026-03-24\previews\asset_060.png
齐云山,黄山市,安徽,自然文化,4A,244,4.09,244.14,75.0,4.63,32.38,48.77,夏季(65) / 秋季(64),飞机+大巴(30) / 空调大巴(29) / 高铁+大巴(20),西藏自治区(14) / 北京市(12) / 安徽省(12) / 福建省(11) / 广东省(10),推荐(209) / 强烈推荐(35),满意(209) / 非常满意(35),黄山,D:\wzb\全部131个景点\黄山.pdf,D:\wzb\codex\data\全国旅游数据整合_2026-03-24\previews\asset_133.png
沙面岛,广州市,广东,历史文化,4A,244,4.01,176.0,0.0,4.68,34.43,51.64,夏季(69) / 冬季(62),高铁+大巴(33) / 空调大巴(28) / 飞机+大巴(23),浙江省(15) / 河南省(15) / 福建省(12) / 安徽省(11) / 上海市(10),推荐(225) / 强烈推荐(19),满意(225) / 非常满意(19),广州旅游攻略,D:\wzb\全部131个景点\广州旅游攻略.pdf,D:\wzb\codex\data\全国旅游数据整合_2026-03-24\previews\asset_051.png
宽窄巷子,成都市,四川,历史文化,3A,244,3.91,173.55,0.0,4.59,30.74,44.26,夏季(75) / 秋季(68),空调大巴(28) / 飞机+大巴(26) / 高铁+大巴(21),宁夏回族自治区(14) / 江苏省(14) / 河南省(11) / 山西省(10) / 云南省(10),推荐(235) / 一般(9),满意(235) / 一般(9),成都攻略,D:\wzb\全部131个景点\成都攻略.pdf,D:\wzb\codex\data\全国旅游数据整合_2026-03-24\previews\asset_057.png
稻城亚丁,甘孜州,四川,自然风光,5A,243,4.8,321.06,146.0,4.66,34.98,50.21,夏季(67) / 春季(65),高铁+大巴(31) / 飞机+大巴(28) / 空调大巴(26),海南省(14) / 云南省(12) / 西藏自治区(11) / 安徽省(11) / 天津市(10),强烈推荐(224) / 推荐(19),非常满意(224) / 满意(19),稻城亚丁,D:\wzb\全部131个景点\稻城亚丁.pdf,D:\wzb\codex\data\全国旅游数据整合_2026-03-24\previews\asset_096.png
普达措国家公园,迪庆州,云南,自然风光,5A,243,4.77,324.06,138.0,4.66,26.34,50.21,冬季(71) / 春季(67),高铁+大巴(25) / 飞机+大巴(20) / 空调大巴(19),贵州省(14) / 青海省(13) / 广东省(12) / 北京市(12) / 浙江省(12),强烈推荐(212) / 推荐(31),非常满意(212) / 满意(31),,,
西柏坡,石家庄市,河北,红色旅游,5A,243,4.76,192.96,0.0,4.4,32.1,47.74,夏季(66) / 春季(64),高铁+大巴(33) / 空调大巴(27) / 飞机+大巴(18),河北省(13) / 海南省(11) / 上海市(11) / 陕西省(11) / 西藏自治区(10),强烈推荐(205) / 推荐(38),非常满意(205) / 满意(38),,,
千岛湖,杭州市,浙江,自然风光,5A,243,4.71,300.14,130.0,4.34,30.45,44.44,春季(75) / 冬季(59),飞机+大巴(28) / 空调大巴(26) / 高铁+大巴(20),湖南省(13) / 黑龙江省(12) / 湖北省(11) / 山东省(11) / 四川省(10),强烈推荐(196) / 推荐(47),非常满意(196) / 满意(47),千岛湖,D:\wzb\全部131个景点\千岛湖.pdf,D:\wzb\codex\data\全国旅游数据整合_2026-03-24\previews\asset_022.png
龙虎山,鹰潭市,江西,自然文化,5A,243,4.69,343.4,165.0,4.83,26.75,44.86,春季(68) / 秋季(65),飞机+大巴(30) / 高铁+大巴(19) / 空调大巴(16),澳门特别行政区(13) / 上海市(12) / 台湾省(12) / 海南省(11) / 新疆维吾尔自治区(10),强烈推荐(186) / 推荐(57),非常满意(186) / 满意(57),,,
华山,渭南市,陕西,自然风光,5A,243,4.39,326.51,160.0,4.37,24.28,46.91,秋季(69) / 夏季(68),高铁+大巴(26) / 飞机+大巴(19) / 空调大巴(14),浙江省(12) / 湖南省(11) / 上海市(10) / 云南省(10) / 河南省(10),推荐(140) / 强烈推荐(103),满意(140) / 非常满意(103),华山,D:\wzb\全部131个景点\华山.pdf,D:\wzb\codex\data\全国旅游数据整合_2026-03-24\previews\asset_023.png
芙蓉镇,湘西州,湖南,古镇风情,4A,243,4.29,247.48,75.0,4.57,27.98,45.68,春季(67) / 夏季(67),空调大巴(26) / 高铁+大巴(25) / 飞机+大巴(17),海南省(13) / 广东省(13) / 香港特别行政区(12) / 福建省(12) / 甘肃省(10),推荐(162) / 强烈推荐(81),满意(162) / 非常满意(81),,,
三峡大坝,宜昌市,湖北,水利工程,5A,242,4.76,284.21,105.0,4.54,31.4,48.35,冬季(71) / 夏季(64),高铁+大巴(28) / 飞机+大巴(26) / 空调大巴(22),河南省(13) / 广西壮族自治区(11) / 内蒙古自治区(11) / 江苏省(11) / 西藏自治区(10),强烈推荐(212) / 推荐(30),非常满意(212) / 满意(30),,,
嵖岈山,驻马店市,河南,自然风光,5A,242,4.69,257.81,70.0,4.44,31.4,42.98,秋季(68) / 春季(61),空调大巴(28) / 飞机+大巴(26) / 高铁+大巴(22),重庆市(13) / 江西省(13) / 河南省(11) / 台湾省(11) / 吉林省(11),强烈推荐(187) / 推荐(55),非常满意(187) / 满意(55),,,
老君山,洛阳市,河南,自然文化,5A,242,4.67,288.44,100.0,4.64,28.51,47.11,冬季(64) / 春季(61),高铁+大巴(27) / 空调大巴(22) / 飞机+大巴(20),广东省(13) / 辽宁省(12) / 陕西省(11) / 内蒙古自治区(10) / 海南省(10),强烈推荐(174) / 推荐(68),非常满意(174) / 满意(68),洛阳,D:\wzb\全部131个景点\洛阳.pdf,D:\wzb\codex\data\全国旅游数据整合_2026-03-24\previews\asset_080.png
岳阳楼,岳阳市,湖南,历史建筑,5A,242,4.62,223.12,70.0,4.42,23.14,42.98,夏季(73) / 春季(64),高铁+大巴(24) / 飞机+大巴(18) / 空调大巴(14),福建省(12) / 内蒙古自治区(12) / 山西省(11) / 安徽省(10) / 浙江省(9),强烈推荐(170) / 推荐(72),非常满意(170) / 满意(72),,,
东江湖,郴州市,湖南,自然风光,5A,242,4.59,248.76,80.0,4.5,32.64,44.21,秋季(67) / 冬季(62),高铁+大巴(32) / 飞机+大巴(27) / 空调大巴(20),上海市(12) / 西藏自治区(11) / 广东省(10) / 青海省(10) / 吉林省(9),强烈推荐(154) / 推荐(88),非常满意(154) / 满意(88),,,
莫干山,湖州市,浙江,自然风光,4A,242,4.58,268.67,80.0,4.62,34.71,46.28,春季(66) / 夏季(63),高铁+大巴(30) / 空调大巴(29) / 飞机+大巴(25),陕西省(10) / 西藏自治区(10) / 新疆维吾尔自治区(10) / 上海市(9) / 吉林省(9),强烈推荐(151) / 推荐(91),非常满意(151) / 满意(91),,,
槟榔谷,保亭县,海南,民俗文化,5A,242,4.39,263.66,96.0,4.27,28.51,46.28,夏季(71) / 秋季(61),空调大巴(26) / 高铁+大巴(22) / 飞机+大巴(21),内蒙古自治区(14) / 四川省(12) / 重庆市(11) / 北京市(10) / 福建省(10),推荐(137) / 强烈推荐(105),满意(137) / 非常满意(105),,,
中国科技馆,北京市,北京,科普教育,4A,242,4.37,201.32,30.0,4.42,28.51,54.96,秋季(70) / 夏季(64),空调大巴(27) / 飞机+大巴(26) / 高铁+大巴(16),山西省(15) / 内蒙古自治区(12) / 香港特别行政区(11) / 辽宁省(11) / 贵州省(10),推荐(147) / 强烈推荐(95),满意(147) / 非常满意(95),中国,D:\wzb\全部131个景点\中国.jpg,D:\wzb\codex\data\全国旅游数据整合_2026-03-24\previews\asset_006.jpg
来宾金秀圣堂山,来宾市,广西,自然风光,4A,242,4.37,233.17,65.0,4.29,29.34,47.93,冬季(66) / 秋季(65),飞机+大巴(28) / 空调大巴(24) / 高铁+大巴(19),甘肃省(14) / 安徽省(13) / 广东省(13) / 天津市(12) / 湖南省(12),推荐(150) / 强烈推荐(92),满意(150) / 非常满意(92),,,
西双版纳野象谷,西双版纳州,云南,自然风光,4A,242,4.29,234.11,60.0,4.57,27.69,45.45,夏季(67) / 冬季(64),高铁+大巴(24) / 飞机+大巴(24) / 空调大巴(19),广东省(12) / 甘肃省(12) / 台湾省(10) / 湖南省(10) / 江西省(10),推荐(165) / 强烈推荐(77),满意(165) / 非常满意(77),西双版纳,D:\wzb\全部131个景点\西双版纳.pdf,D:\wzb\codex\data\全国旅游数据整合_2026-03-24\previews\asset_106.png
海螺沟,甘孜州,四川,自然风光,5A,241,4.88,282.52,90.0,4.45,36.1,43.98,夏季(71) / 春季(66),飞机+大巴(38) / 高铁+大巴(25) / 空调大巴(24),河南省(14) / 山东省(12) / 台湾省(12) / 浙江省(11) / 广东省(10),强烈推荐(241),非常满意(241),海螺沟,D:\wzb\全部131个景点\海螺沟.pdf,D:\wzb\codex\data\全国旅游数据整合_2026-03-24\previews\asset_084.png
钦州三娘湾,钦州市,广西,自然风光,4A,241,4.52,215.82,40.0,4.44,25.73,48.55,秋季(65) / 冬季(65),空调大巴(23) / 高铁+大巴(20) / 飞机+大巴(19),河南省(15) / 内蒙古自治区(12) / 江西省(11) / 浙江省(11) / 西藏自治区(10),强烈推荐(142) / 推荐(99),非常满意(142) / 满意(99),,,
潍坊青州古城,潍坊市,山东,古镇风情,5A,241,4.5,160.61,0.0,4.41,27.8,43.57,冬季(68) / 夏季(62),飞机+大巴(29) / 高铁+大巴(21) / 空调大巴(17),安徽省(13) / 澳门特别行政区(11) / 四川省(11) / 重庆市(11) / 天津市(10),强烈推荐(131) / 推荐(110),非常满意(131) / 满意(110),,,
平遥古城,晋中市,山西,古镇风情,5A,241,4.38,279.53,125.0,4.54,29.46,48.96,夏季(68) / 春季(61),高铁+大巴(29) / 飞机+大巴(22) / 空调大巴(20),四川省(15) / 福建省(12) / 重庆市(11) / 安徽省(10) / 广东省(10),推荐(139) / 强烈推荐(102),满意(139) / 非常满意(102),平遥,D:\wzb\全部131个景点\平遥.pdf,D:\wzb\codex\data\全国旅游数据整合_2026-03-24\previews\asset_050.png
唐山南湖,唐山市,河北,城市公园,4A,241,4.31,177.34,0.0,4.71,34.02,40.25,秋季(70) / 冬季(58),高铁+大巴(29) / 飞机+大巴(28) / 空调大巴(25),江苏省(14) / 广东省(12) / 台湾省(12) / 宁夏回族自治区(11) / 山西省(11),推荐(150) / 强烈推荐(91),满意(150) / 非常满意(91),,,
圣索菲亚教堂,哈尔滨市,黑龙江,历史建筑,4A,241,4.2,188.4,20.0,4.52,28.63,55.19,夏季(66) / 春季(61),空调大巴(27) / 高铁+大巴(24) / 飞机+大巴(18),河南省(13) / 福建省(11) / 河北省(10) / 贵州省(10) / 山东省(9),推荐(178) / 强烈推荐(63),满意(178) / 非常满意(63),哈尔滨旅游攻略,D:\wzb\全部131个景点\哈尔滨旅游攻略.pdf,D:\wzb\codex\data\全国旅游数据整合_2026-03-24\previews\asset_035.png
泉州开元寺,泉州市,福建,宗教文化,4A,241,4.06,189.93,0.0,4.67,31.95,47.3,春季(64) / 冬季(62),飞机+大巴(28) / 高铁+大巴(26) / 空调大巴(23),河南省(13) / 云南省(11) / 湖北省(11) / 浙江省(10) / 四川省(10),推荐(211) / 强烈推荐(30),满意(211) / 非常满意(30),,,
木兰文化生态旅游区,武汉市,湖北,自然文化,5A,240,4.68,253.62,80.0,4.5,32.92,47.08,冬季(64) / 秋季(60),飞机+大巴(32) / 高铁+大巴(32) / 空调大巴(15),甘肃省(12) / 辽宁省(12) / 北京市(11) / 安徽省(11) / 江西省(11),强烈推荐(176) / 推荐(64),非常满意(176) / 满意(64),武汉,D:\wzb\全部131个景点\武汉.pdf,D:\wzb\codex\data\全国旅游数据整合_2026-03-24\previews\asset_076.png
桂林两江四湖,桂林市,广西,自然风光,5A,240,4.58,356.09,190.0,4.52,27.5,47.08,春季(67) / 冬季(64),空调大巴(27) / 高铁+大巴(20) / 飞机+大巴(19),澳门特别行政区(15) / 安徽省(12) / 四川省(11) / 河北省(11) / 浙江省(10),强烈推荐(151) / 推荐(89),非常满意(151) / 满意(89),桂林旅游攻略,D:\wzb\全部131个景点\桂林旅游攻略.pdf,D:\wzb\codex\data\全国旅游数据整合_2026-03-24\previews\asset_072.png
嘉兴南湖,嘉兴市,浙江,红色旅游,5A,240,4.57,230.16,60.0,4.55,27.5,49.17,冬季(65) / 夏季(64),高铁+大巴(24) / 飞机+大巴(23) / 空调大巴(19),福建省(14) / 香港特别行政区(14) / 新疆维吾尔自治区(12) / 河南省(12) / 广西壮族自治区(12),强烈推荐(151) / 推荐(89),非常满意(151) / 满意(89),,,
金鸡湖,苏州市,江苏,城市景观,5A,240,4.48,149.49,0.0,4.37,32.5,48.75,秋季(66) / 冬季(64),飞机+大巴(36) / 高铁+大巴(21) / 空调大巴(21),福建省(11) / 江西省(11) / 香港特别行政区(11) / 广东省(10) / 河南省(10),强烈推荐(124) / 推荐(116),非常满意(124) / 满意(116),苏州旅游攻略,D:\wzb\全部131个景点\苏州旅游攻略.pdf,D:\wzb\codex\data\全国旅游数据整合_2026-03-24\previews\asset_101.png
少林寺,郑州市,河南,宗教文化,5A,240,4.43,271.28,100.0,4.53,30.0,40.83,夏季(67) / 秋季(59),空调大巴(29) / 高铁+大巴(22) / 飞机+大巴(21),内蒙古自治区(12) / 北京市(11) / 澳门特别行政区(10) / 香港特别行政区(10) / 黑龙江省(10),推荐(124) / 强烈推荐(116),满意(124) / 非常满意(116),,,
同里古镇,苏州市,江苏,古镇风情,5A,240,4.34,270.6,100.0,4.68,30.0,48.75,冬季(69) / 春季(61),飞机+大巴(26) / 空调大巴(25) / 高铁+大巴(21),辽宁省(12) / 安徽省(12) / 福建省(11) / 河南省(11) / 上海市(11),推荐(148) / 强烈推荐(92),满意(148) / 非常满意(92),同里旅游攻略,D:\wzb\全部131个景点\同里旅游攻略.pdf,D:\wzb\codex\data\全国旅游数据整合_2026-03-24\previews\asset_032.png
宁波天一阁,宁波市,浙江,历史建筑,4A,240,4.32,199.08,30.0,4.35,26.25,48.33,夏季(66) / 秋季(64),空调大巴(25) / 高铁+大巴(24) / 飞机+大巴(14),福建省(11) / 山东省(10) / 辽宁省(10) / 陕西省(10) / 上海市(10),推荐(146) / 强烈推荐(94),满意(146) / 非常满意(94),宁波攻略,D:\wzb\全部131个景点\宁波攻略.pdf,D:\wzb\codex\data\全国旅游数据整合_2026-03-24\previews\asset_044.png
厦门园林植物园,厦门市,福建,植物园,4A,240,4.2,212.61,40.0,4.55,27.08,49.58,冬季(63) / 春季(62),飞机+大巴(24) / 高铁+大巴(23) / 空调大巴(18),江苏省(13) / 海南省(12) / 河南省(11) / 浙江省(11) / 上海市(11),推荐(185) / 强烈推荐(55),满意(185) / 非常满意(55),厦门旅游攻略,D:\wzb\全部131个景点\厦门旅游攻略.pdf,D:\wzb\codex\data\全国旅游数据整合_2026-03-24\previews\asset_028.png
武侯祠,成都市,四川,历史文化,4A,240,4.11,247.72,60.0,4.55,27.5,48.75,冬季(65) / 春季(62),飞机+大巴(28) / 空调大巴(24) / 高铁+大巴(14),贵州省(12) / 江苏省(11) / 海南省(10) / 香港特别行政区(10) / 湖南省(10),推荐(204) / 强烈推荐(36),满意(204) / 非常满意(36),成都攻略,D:\wzb\全部131个景点\成都攻略.pdf,D:\wzb\codex\data\全国旅游数据整合_2026-03-24\previews\asset_057.png
清东陵,唐山市,河北,历史遗址,5A,239,4.59,272.83,108.0,4.45,28.03,43.93,秋季(70) / 春季(64),飞机+大巴(27) / 高铁+大巴(22) / 空调大巴(18),上海市(14) / 西藏自治区(12) / 宁夏回族自治区(11) / 天津市(10) / 陕西省(10),强烈推荐(152) / 推荐(87),非常满意(152) / 满意(87),,,
苏州虎丘,苏州市,江苏,历史文化,5A,239,4.49,240.24,80.0,4.5,29.29,48.12,冬季(76) / 春季(68),飞机+大巴(28) / 空调大巴(21) / 高铁+大巴(21),甘肃省(12) / 陕西省(12) / 吉林省(11) / 海南省(10) / 广西壮族自治区(10),强烈推荐(133) / 推荐(106),非常满意(133) / 满意(106),苏州旅游攻略,D:\wzb\全部131个景点\苏州旅游攻略.pdf,D:\wzb\codex\data\全国旅游数据整合_2026-03-24\previews\asset_101.png
鼋头渚,无锡市,江苏,自然风光,5A,239,4.44,267.96,90.0,4.73,32.22,49.37,秋季(66) / 冬季(60),高铁+大巴(35) / 飞机+大巴(21) / 空调大巴(21),江苏省(12) / 西藏自治区(11) / 黑龙江省(11) / 贵州省(10) / 上海市(9),强烈推荐(120) / 推荐(119),非常满意(120) / 满意(119),无锡旅游攻略,D:\wzb\全部131个景点\无锡旅游攻略.pdf,D:\wzb\codex\data\全国旅游数据整合_2026-03-24\previews\asset_063.png
福建土楼,龙岩市,福建,历史建筑,5A,239,4.25,267.19,100.0,4.54,32.22,48.54,春季(66) / 冬季(64),飞机+大巴(31) / 高铁+大巴(25) / 空调大巴(21),四川省(13) / 上海市(12) / 西藏自治区(11) / 台湾省(11) / 江西省(10),推荐(172) / 强烈推荐(67),满意(172) / 非常满意(67),,,
大理古城,大理州,云南,古镇风情,4A,239,4.21,178.85,0.0,4.45,32.22,49.79,冬季(74) / 夏季(60),高铁+大巴(33) / 飞机+大巴(23) / 空调大巴(21),天津市(19) / 澳门特别行政区(11) / 内蒙古自治区(11) / 山西省(10) / 台湾省(10),推荐(174) / 强烈推荐(65),满意(174) / 非常满意(65),大理,D:\wzb\全部131个景点\大理.pdf,D:\wzb\codex\data\全国旅游数据整合_2026-03-24\previews\asset_038.png
四平战役纪念馆,四平市,吉林,红色旅游,4A,239,4.13,178.04,0.0,4.42,33.47,45.19,夏季(64) / 冬季(63),空调大巴(31) / 高铁+大巴(27) / 飞机+大巴(22),河南省(12) / 台湾省(10) / 广西壮族自治区(10) / 北京市(10) / 辽宁省(10),推荐(200) / 强烈推荐(39),满意(200) / 非常满意(39),,,
西安钟鼓楼,西安市,陕西,历史建筑,4A,239,4.11,215.45,50.0,4.32,30.13,56.07,秋季(65) / 夏季(60),高铁+大巴(27) / 空调大巴(24) / 飞机+大巴(21),北京市(13) / 浙江省(12) / 黑龙江省(11) / 海南省(11) / 内蒙古自治区(10),推荐(205) / 强烈推荐(34),满意(205) / 非常满意(34),西安,D:\wzb\全部131个景点\西安.pdf,D:\wzb\codex\data\全国旅游数据整合_2026-03-24\previews\asset_108.png
阳朔西街,桂林市,广西,古镇风情,4A,239,4.1,173.42,0.0,4.57,30.54,43.51,夏季(64) / 秋季(62),飞机+大巴(29) / 高铁+大巴(23) / 空调大巴(21),湖南省(15) / 湖北省(12) / 澳门特别行政区(12) / 江西省(12) / 安徽省(11),推荐(210) / 强烈推荐(29),满意(210) / 非常满意(29),桂林旅游攻略,D:\wzb\全部131个景点\桂林旅游攻略.pdf,D:\wzb\codex\data\全国旅游数据整合_2026-03-24\previews\asset_072.png
三亚亚龙湾,三亚市,海南,自然风光,4A,239,4.08,161.63,0.0,4.62,32.22,50.63,冬季(76) / 秋季(62),高铁+大巴(31) / 飞机+大巴(26) / 空调大巴(20),台湾省(11) / 甘肃省(10) / 西藏自治区(10) / 广东省(10) / 天津市(10),推荐(210) / 强烈推荐(29),满意(210) / 非常满意(29),三亚旅游攻略,D:\wzb\全部131个景点\三亚旅游攻略.pdf,D:\wzb\codex\data\全国旅游数据整合_2026-03-24\previews\asset_003.png
大连森林动物园,大连市,辽宁,动物园,4A,239,3.97,281.69,120.0,4.57,33.89,43.1,秋季(65) / 春季(60),空调大巴(28) / 高铁+大巴(28) / 飞机+大巴(25),四川省(12) / 香港特别行政区(11) / 台湾省(10) / 贵州省(10) / 辽宁省(10),推荐(230) / 强烈推荐(9),满意(230) / 非常满意(9),大连旅游攻略,D:\wzb\全部131个景点\大连旅游攻略.pdf,D:\wzb\codex\data\全国旅游数据整合_2026-03-24\previews\asset_039.png
深圳世界之窗,深圳市,广东,主题公园,5A,238,4.68,397.68,220.0,4.54,28.15,46.64,秋季(69) / 夏季(67),高铁+大巴(27) / 空调大巴(21) / 飞机+大巴(19),北京市(12) / 湖北省(12) / 海南省(12) / 河南省(11) / 山东省(11),强烈推荐(176) / 推荐(62),非常满意(176) / 满意(62),深圳旅游攻略,D:\wzb\全部131个景点\深圳旅游攻略.pdf,D:\wzb\codex\data\全国旅游数据整合_2026-03-24\previews\asset_085.png
天台山,台州市,浙江,自然文化,5A,238,4.57,257.15,65.0,4.59,27.73,50.0,秋季(72) / 春季(65),空调大巴(25) / 高铁+大巴(21) / 飞机+大巴(20),湖北省(13) / 海南省(12) / 内蒙古自治区(12) / 安徽省(11) / 香港特别行政区(10),强烈推荐(149) / 推荐(89),非常满意(149) / 满意(89),,,
北海银滩,北海市,广西,自然风光,4A,238,4.53,186.79,0.0,4.47,34.03,51.68,春季(65) / 秋季(60),高铁+大巴(29) / 空调大巴(28) / 飞机+大巴(24),广东省(13) / 湖北省(11) / 河南省(11) / 云南省(10) / 吉林省(10),强烈推荐(135) / 推荐(103),非常满意(135) / 满意(103),北海旅游攻略,D:\wzb\全部131个景点\北海旅游攻略.pdf,D:\wzb\codex\data\全国旅游数据整合_2026-03-24\previews\asset_020.png
常家庄园,晋中市,山西,历史建筑,4A,238,4.5,236.59,60.0,4.4,31.93,44.12,秋季(76) / 春季(55),高铁+大巴(29) / 飞机+大巴(24) / 空调大巴(23),河北省(14) / 广东省(11) / 山西省(10) / 甘肃省(10) / 福建省(9),强烈推荐(134) / 推荐(104),非常满意(134) / 满意(104),,,
承德避暑山庄,承德市,河北,历史文化,5A,238,4.42,304.22,130.0,4.55,25.21,52.52,冬季(79) / 秋季(59),空调大巴(22) / 飞机+大巴(20) / 高铁+大巴(18),广东省(12) / 台湾省(10) / 天津市(10) / 香港特别行政区(10) / 江苏省(9),推荐(122) / 强烈推荐(116),满意(122) / 非常满意(116),,,
上海动物园,上海市,上海,动物园,4A,238,4.4,214.23,40.0,4.58,29.83,48.74,冬季(66) / 夏季(66),高铁+大巴(28) / 空调大巴(23) / 飞机+大巴(20),广东省(15) / 天津市(13) / 西藏自治区(12) / 安徽省(10) / 北京市(9),推荐(130) / 强烈推荐(108),满意(130) / 非常满意(108),上海旅游攻略,D:\wzb\全部131个景点\上海旅游攻略.pdf,D:\wzb\codex\data\全国旅游数据整合_2026-03-24\previews\asset_005.png
三清山,上饶市,江西,自然风光,5A,238,4.39,297.37,120.0,4.34,30.67,45.38,冬季(69) / 春季(66),飞机+大巴(27) / 高铁+大巴(26) / 空调大巴(20),上海市(11) / 河南省(11) / 湖南省(11) / 安徽省(10) / 四川省(10),推荐(133) / 强烈推荐(105),满意(133) / 非常满意(105),三清山,D:\wzb\全部131个景点\三清山.pdf,D:\wzb\codex\data\全国旅游数据整合_2026-03-24\previews\asset_004.png
陈家祠,广州市,广东,历史建筑,4A,238,4.39,183.53,10.0,4.46,31.51,49.16,夏季(62) / 春季(61),空调大巴(29) / 高铁+大巴(25) / 飞机+大巴(21),广东省(12) / 河南省(12) / 天津市(11) / 甘肃省(11) / 上海市(9),推荐(144) / 强烈推荐(94),满意(144) / 非常满意(94),广州旅游攻略,D:\wzb\全部131个景点\广州旅游攻略.pdf,D:\wzb\codex\data\全国旅游数据整合_2026-03-24\previews\asset_051.png
寿县古城,淮南市,安徽,历史文化,4A,238,4.23,218.03,0.0,4.16,32.35,41.6,冬季(69) / 夏季(61),高铁+大巴(31) / 空调大巴(25) / 飞机+大巴(21),甘肃省(14) / 天津市(12) / 澳门特别行政区(11) / 山东省(11) / 宁夏回族自治区(11),推荐(171) / 强烈推荐(67),满意(171) / 非常满意(67),,,
沂蒙山,临沂市,山东,自然风光,5A,237,4.65,251.05,70.0,4.54,28.27,47.68,秋季(63) / 夏季(62),空调大巴(27) / 飞机+大巴(22) / 高铁+大巴(18),浙江省(14) / 江苏省(12) / 山西省(11) / 陕西省(11) / 天津市(10),强烈推荐(171) / 推荐(66),非常满意(171) / 满意(66),,,
玉林云天文化城,玉林市,广西,主题公园,4A,237,4.6,316.69,150.0,4.42,27.43,46.84,夏季(75) / 秋季(58),飞机+大巴(25) / 空调大巴(22) / 高铁+大巴(18),江苏省(16) / 内蒙古自治区(12) / 香港特别行政区(11) / 台湾省(11) / 海南省(10),强烈推荐(154) / 推荐(83),非常满意(154) / 满意(83),,,
聊城东昌湖,聊城市,山东,自然风光,4A,237,4.58,185.87,0.0,4.43,29.54,51.48,秋季(64) / 冬季(61),飞机+大巴(31) / 空调大巴(25) / 高铁+大巴(14),山东省(12) / 四川省(12) / 山西省(12) / 西藏自治区(10) / 辽宁省(9),强烈推荐(152) / 推荐(85),非常满意(152) / 满意(85),,,
青城山,成都市,四川,宗教文化,5A,237,4.51,274.45,90.0,4.49,29.96,46.41,春季(65) / 冬季(62),高铁+大巴(25) / 空调大巴(24) / 飞机+大巴(22),贵州省(12) / 广东省(11) / 河北省(10) / 福建省(10) / 澳门特别行政区(9),强烈推荐(133) / 推荐(104),非常满意(133) / 满意(104),青城山,D:\wzb\全部131个景点\青城山.pdf,D:\wzb\codex\data\全国旅游数据整合_2026-03-24\previews\asset_123.png
烟台山,烟台市,山东,自然风光,4A,237,4.42,237.3,50.0,4.51,29.11,47.26,春季(62) / 秋季(61),高铁+大巴(27) / 空调大巴(26) / 飞机+大巴(16),河南省(12) / 天津市(12) / 安徽省(12) / 江苏省(11) / 河北省(10),推荐(121) / 强烈推荐(116),满意(121) / 非常满意(116),烟台旅游攻略.1,D:\wzb\全部131个景点\烟台旅游攻略.1.pdf,D:\wzb\codex\data\全国旅游数据整合_2026-03-24\previews\asset_089.png
清西陵,保定市,河北,历史遗址,5A,237,4.38,273.2,90.0,4.63,27.85,44.3,夏季(71) / 秋季(58),高铁+大巴(26) / 空调大巴(21) / 飞机+大巴(19),湖南省(11) / 海南省(10) / 吉林省(10) / 江西省(10) / 台湾省(9),推荐(138) / 强烈推荐(99),满意(138) / 非常满意(99),,,
上海世纪公园,上海市,上海,城市公园,4A,237,4.09,188.04,10.0,4.56,30.8,49.79,冬季(71) / 秋季(61),高铁+大巴(29) / 飞机+大巴(25) / 空调大巴(19),湖南省(11) / 内蒙古自治区(10) / 香港特别行政区(10) / 山西省(10) / 甘肃省(10),推荐(198) / 强烈推荐(39),满意(198) / 非常满意(39),上海旅游攻略,D:\wzb\全部131个景点\上海旅游攻略.pdf,D:\wzb\codex\data\全国旅游数据整合_2026-03-24\previews\asset_005.png
悬空寺,大同市,山西,宗教文化,4A,237,4.01,292.76,125.0,4.53,32.07,45.99,夏季(72) / 春季(62),高铁+大巴(29) / 空调大巴(26) / 飞机+大巴(21),天津市(12) / 重庆市(12) / 北京市(11) / 山西省(11) / 广西壮族自治区(11),推荐(224) / 强烈推荐(13),满意(224) / 非常满意(13),大同,D:\wzb\全部131个景点\大同.pdf,D:\wzb\codex\data\全国旅游数据整合_2026-03-24\previews\asset_037.png
温州楠溪江,温州市,浙江,自然风光,4A,236,4.78,241.04,50.0,4.6,30.08,51.27,冬季(64) / 秋季(61),飞机+大巴(32) / 空调大巴(23) / 高铁+大巴(16),浙江省(11) / 广东省(10) / 青海省(10) / 内蒙古自治区(9) / 河南省(9),强烈推荐(209) / 推荐(27),非常满意(209) / 满意(27),,,
西樵山,佛山市,广东,自然文化,5A,236,4.71,250.71,55.0,4.5,25.85,48.31,秋季(64) / 冬季(61),空调大巴(24) / 高铁+大巴(21) / 飞机+大巴(16),西藏自治区(14) / 山东省(10) / 四川省(10) / 甘肃省(10) / 上海市(10),强烈推荐(181) / 推荐(55),非常满意(181) / 满意(55),,,
佳木斯同江三江口,佳木斯市,黑龙江,自然风光,4A,236,4.59,186.86,30.0,4.43,30.51,44.92,春季(67) / 秋季(60),飞机+大巴(33) / 高铁+大巴(22) / 空调大巴(17),澳门特别行政区(13) / 河北省(13) / 黑龙江省(10) / 福建省(10) / 甘肃省(9),强烈推荐(152) / 推荐(84),非常满意(152) / 满意(84),,,
上海长风海洋世界,上海市,上海,水族馆,4A,236,4.54,343.27,180.0,4.69,32.63,49.58,夏季(68) / 秋季(61),空调大巴(29) / 高铁+大巴(25) / 飞机+大巴(23),河北省(12) / 甘肃省(10) / 海南省(10) / 内蒙古自治区(9) / 江西省(9),强烈推荐(144) / 推荐(92),非常满意(144) / 满意(92),上海旅游攻略,D:\wzb\全部131个景点\上海旅游攻略.pdf,D:\wzb\codex\data\全国旅游数据整合_2026-03-24\previews\asset_005.png
天门山,张家界市,湖南,自然风光,5A,236,4.48,444.99,258.0,4.52,27.97,44.92,秋季(65) / 春季(64),高铁+大巴(23) / 飞机+大巴(22) / 空调大巴(21),河南省(12) / 辽宁省(10) / 重庆市(10) / 山东省(9) / 河北省(9),强烈推荐(123) / 推荐(113),非常满意(123) / 满意(113),张家界,D:\wzb\全部131个景点\张家界.pdf,D:\wzb\codex\data\全国旅游数据整合_2026-03-24\previews\asset_055.png
北京欢乐谷,北京市,北京,主题公园,4A,236,4.41,458.63,299.0,4.63,26.69,46.61,夏季(64) / 春季(61),高铁+大巴(24) / 飞机+大巴(21) / 空调大巴(18),福建省(11) / 湖北省(10) / 海南省(10) / 广西壮族自治区(10) / 甘肃省(9),推荐(121) / 强烈推荐(115),满意(121) / 非常满意(115),北京,D:\wzb\全部131个景点\北京.pdf,D:\wzb\codex\data\全国旅游数据整合_2026-03-24\previews\asset_018.png
荆门明显陵,荆门市,湖北,历史遗址,4A,236,4.41,216.62,50.0,4.55,29.66,47.88,春季(62) / 夏季(61),空调大巴(25) / 飞机+大巴(23) / 高铁+大巴(22),重庆市(15) / 湖南省(14) / 西藏自治区(11) / 江西省(11) / 云南省(10),推荐(123) / 强烈推荐(113),满意(123) / 非常满意(113),,,
黄龙,阿坝州,四川,自然风光,5A,236,4.41,328.1,170.0,4.49,34.32,39.83,夏季(68) / 秋季(60),高铁+大巴(32) / 空调大巴(30) / 飞机+大巴(19),安徽省(13) / 甘肃省(12) / 四川省(12) / 广东省(11) / 河南省(11),推荐(130) / 强烈推荐(106),满意(130) / 非常满意(106),,,
运城盐湖,运城市,山西,自然风光,4A,236,4.31,206.04,30.0,4.47,32.63,45.34,夏季(67) / 秋季(66),高铁+大巴(27) / 飞机+大巴(25) / 空调大巴(25),云南省(14) / 山西省(11) / 安徽省(11) / 宁夏回族自治区(10) / 广东省(10),推荐(153) / 强烈推荐(83),满意(153) / 非常满意(83),,,
元阳梯田,红河州,云南,自然风光,4A,236,4.3,246.26,70.0,4.64,27.97,47.46,春季(67) / 夏季(63),空调大巴(28) / 高铁+大巴(23) / 飞机+大巴(15),湖南省(12) / 内蒙古自治区(12) / 浙江省(11) / 辽宁省(10) / 湖北省(9),推荐(151) / 强烈推荐(85),满意(151) / 非常满意(85),,,
松花湖,吉林市,吉林,自然风光,4A,236,4.3,223.07,50.0,4.48,30.51,44.92,秋季(68) / 冬季(59),高铁+大巴(25) / 飞机+大巴(24) / 空调大巴(23),宁夏回族自治区(13) / 甘肃省(12) / 北京市(11) / 黑龙江省(10) / 江西省(9),推荐(152) / 强烈推荐(84),满意(152) / 非常满意(84),,,
外滩,上海市,上海,城市景观,4A,236,4.21,171.78,0.0,4.46,30.08,49.15,秋季(64) / 春季(63),飞机+大巴(29) / 高铁+大巴(28) / 空调大巴(14),天津市(12) / 澳门特别行政区(11) / 香港特别行政区(11) / 辽宁省(11) / 江苏省(10),推荐(172) / 强烈推荐(64),满意(172) / 非常满意(64),上海旅游攻略,D:\wzb\全部131个景点\上海旅游攻略.pdf,D:\wzb\codex\data\全国旅游数据整合_2026-03-24\previews\asset_005.png
建水古城,红河州,云南,古镇风情,4A,236,4.1,177.99,0.0,4.54,28.81,43.22,夏季(60) / 春季(59),飞机+大巴(25) / 高铁+大巴(25) / 空调大巴(18),山西省(15) / 浙江省(12) / 云南省(12) / 安徽省(10) / 甘肃省(10),推荐(205) / 强烈推荐(31),满意(205) / 非常满意(31),,,
崂山,青岛市,山东,自然风光,5A,235,4.84,276.69,90.0,4.53,27.23,41.28,秋季(72) / 夏季(59),飞机+大巴(25) / 高铁+大巴(21) / 空调大巴(18),海南省(14) / 重庆市(12) / 江苏省(11) / 香港特别行政区(10) / 广西壮族自治区(10),强烈推荐(226) / 推荐(9),非常满意(226) / 满意(9),青岛旅游攻略,D:\wzb\全部131个景点\青岛旅游攻略.pdf,D:\wzb\codex\data\全国旅游数据整合_2026-03-24\previews\asset_124.png
白云山,广州市,广东,自然风光,5A,235,4.77,183.08,5.0,4.56,29.79,44.26,夏季(62) / 冬季(59),高铁+大巴(27) / 空调大巴(23) / 飞机+大巴(20),广东省(13) / 青海省(12) / 湖南省(11) / 海南省(11) / 四川省(10),强烈推荐(202) / 推荐(33),非常满意(202) / 满意(33),广州旅游攻略,D:\wzb\全部131个景点\广州旅游攻略.pdf,D:\wzb\codex\data\全国旅游数据整合_2026-03-24\previews\asset_051.png
金石滩,大连市,辽宁,自然风光,5A,235,4.75,303.9,120.0,4.49,30.21,50.64,秋季(63) / 夏季(63),飞机+大巴(25) / 高铁+大巴(23) / 空调大巴(23),安徽省(12) / 山东省(12) / 澳门特别行政区(12) / 广西壮族自治区(10) / 甘肃省(10),强烈推荐(197) / 推荐(38),非常满意(197) / 满意(38),大连旅游攻略,D:\wzb\全部131个景点\大连旅游攻略.pdf,D:\wzb\codex\data\全国旅游数据整合_2026-03-24\previews\asset_039.png
昆明世博园,昆明市,云南,主题公园,5A,235,4.74,277.78,100.0,4.78,30.21,48.09,春季(64) / 冬季(57),飞机+大巴(33) / 空调大巴(25) / 高铁+大巴(13),浙江省(12) / 上海市(12) / 重庆市(11) / 安徽省(11) / 广东省(11),强烈推荐(197) / 推荐(38),非常满意(197) / 满意(38),昆明,D:\wzb\全部131个景点\昆明.pdf,D:\wzb\codex\data\全国旅游数据整合_2026-03-24\previews\asset_066.png
白水洋,宁德市,福建,自然风光,5A,235,4.57,295.26,120.0,4.29,29.79,50.64,秋季(65) / 春季(60),高铁+大巴(26) / 空调大巴(25) / 飞机+大巴(19),上海市(12) / 河南省(10) / 四川省(10) / 安徽省(10) / 台湾省(9),强烈推荐(141) / 推荐(94),非常满意(141) / 满意(94),,,
湖南省博物馆,长沙市,湖南,文博院馆,4A,235,4.52,147.1,0.0,4.5,25.96,45.11,冬季(76) / 夏季(59),空调大巴(21) / 高铁+大巴(21) / 飞机+大巴(19),海南省(14) / 云南省(13) / 宁夏回族自治区(12) / 贵州省(11) / 天津市(10),强烈推荐(137) / 推荐(98),非常满意(137) / 满意(98),长沙,D:\wzb\全部131个景点\长沙.pdf,D:\wzb\codex\data\全国旅游数据整合_2026-03-24\previews\asset_120.png
露水河国家森林公园,白山市,吉林,自然风光,4A,235,4.43,246.38,60.0,4.63,30.64,42.98,夏季(70) / 春季(59),空调大巴(24) / 飞机+大巴(24) / 高铁+大巴(24),香港特别行政区(13) / 湖北省(11) / 江西省(11) / 安徽省(11) / 广西壮族自治区(10),强烈推荐(121) / 推荐(114),非常满意(121) / 满意(114),长白山旅游攻略,D:\wzb\全部131个景点\长白山旅游攻略.pdf,D:\wzb\codex\data\全国旅游数据整合_2026-03-24\previews\asset_121.png
故宫博物院,北京市,北京,历史文化,5A,235,4.39,230.3,60.0,4.74,30.64,51.49,夏季(64) / 春季(60),空调大巴(27) / 高铁+大巴(23) / 飞机+大巴(22),浙江省(13) / 福建省(12) / 湖南省(12) / 青海省(12) / 甘肃省(12),推荐(131) / 强烈推荐(104),满意(131) / 非常满意(104),故宫,D:\wzb\全部131个景点\故宫.pdf,D:\wzb\codex\data\全国旅游数据整合_2026-03-24\previews\asset_060.png
南岳衡山,衡阳市,湖南,自然文化,5A,235,4.3,287.5,110.0,4.5,28.51,51.91,秋季(63) / 夏季(62),空调大巴(31) / 飞机+大巴(20) / 高铁+大巴(16),陕西省(11) / 湖南省(11) / 辽宁省(10) / 上海市(10) / 福建省(10),推荐(160) / 强烈推荐(75),满意(160) / 非常满意(75),衡山,D:\wzb\全部131个景点\衡山.pdf,D:\wzb\codex\data\全国旅游数据整合_2026-03-24\previews\asset_105.png
青岛海滨风景区,青岛市,山东,自然风光,4A,235,4.3,177.64,0.0,4.35,27.66,44.68,夏季(65) / 冬季(59),飞机+大巴(24) / 高铁+大巴(21) / 空调大巴(20),浙江省(13) / 河北省(12) / 青海省(12) / 山西省(11) / 湖南省(10),推荐(152) / 强烈推荐(83),满意(152) / 非常满意(83),青岛旅游攻略,D:\wzb\全部131个景点\青岛旅游攻略.pdf,D:\wzb\codex\data\全国旅游数据整合_2026-03-24\previews\asset_124.png
湛江湖光岩,湛江市,广东,自然风光,4A,235,4.29,227.32,50.0,4.48,28.09,51.49,冬季(67) / 夏季(60),高铁+大巴(28) / 空调大巴(20) / 飞机+大巴(18),江苏省(14) / 青海省(12) / 四川省(11) / 湖南省(11) / 云南省(11),推荐(153) / 强烈推荐(82),满意(153) / 非常满意(82),,,
龙亭公园,开封市,河南,历史文化,4A,235,4.22,221.92,50.0,4.66,28.09,44.68,夏季(70) / 冬季(62),高铁+大巴(28) / 空调大巴(19) / 飞机+大巴(19),江西省(14) / 贵州省(12) / 河南省(12) / 甘肃省(12) / 辽宁省(10),推荐(179) / 强烈推荐(56),满意(179) / 非常满意(56),,,
雍和宫,北京市,北京,宗教文化,4A,235,4.09,210.58,25.0,4.34,34.89,45.96,秋季(62) / 春季(62),飞机+大巴(29) / 高铁+大巴(27) / 空调大巴(26),山东省(14) / 安徽省(12) / 甘肃省(9) / 青海省(9) / 山西省(9),推荐(204) / 强烈推荐(31),满意(204) / 非常满意(31),北京,D:\wzb\全部131个景点\北京.pdf,D:\wzb\codex\data\全国旅游数据整合_2026-03-24\previews\asset_018.png
白马寺,洛阳市,河南,宗教文化,4A,235,4.0,203.66,35.0,4.45,31.49,41.7,秋季(66) / 春季(66),高铁+大巴(33) / 空调大巴(22) / 飞机+大巴(19),上海市(12) / 青海省(11) / 新疆维吾尔自治区(11) / 吉林省(10) / 海南省(10),推荐(223) / 强烈推荐(12),满意(223) / 非常满意(12),洛阳,D:\wzb\全部131个景点\洛阳.pdf,D:\wzb\codex\data\全国旅游数据整合_2026-03-24\previews\asset_080.png
海口骑楼老街,海口市,海南,历史文化,3A,235,3.64,148.94,0.0,4.54,28.94,51.06,冬季(64) / 夏季(61),空调大巴(25) / 飞机+大巴(22) / 高铁+大巴(21),西藏自治区(14) / 广东省(13) / 辽宁省(12) / 重庆市(10) / 湖南省(10),推荐(164) / 一般(71),满意(164) / 一般(71),海口旅游攻略,D:\wzb\全部131个景点\海口旅游攻略.pdf,D:\wzb\codex\data\全国旅游数据整合_2026-03-24\previews\asset_083.png
云台山,焦作市,河南,自然风光,5A,234,4.73,298.99,120.0,4.61,32.91,43.59,夏季(74) / 春季(60),高铁+大巴(31) / 飞机+大巴(25) / 空调大巴(21),四川省(12) / 内蒙古自治区(10) / 吉林省(10) / 澳门特别行政区(9) / 江苏省(9),强烈推荐(196) / 推荐(38),非常满意(196) / 满意(38),云台山,D:\wzb\全部131个景点\云台山.pdf,D:\wzb\codex\data\全国旅游数据整合_2026-03-24\previews\asset_014.png
武功山,萍乡市,江西,自然风光,5A,234,4.67,222.45,70.0,4.87,26.07,43.59,春季(69) / 夏季(57),高铁+大巴(25) / 飞机+大巴(22) / 空调大巴(14),河南省(14) / 内蒙古自治区(12) / 福建省(10) / 重庆市(9) / 云南省(9),强烈推荐(169) / 推荐(65),非常满意(169) / 满意(65),,,
邢台大峡谷,邢台市,河北,自然风光,4A,234,4.6,220.08,50.0,4.22,32.91,47.86,秋季(68) / 冬季(62),高铁+大巴(27) / 飞机+大巴(26) / 空调大巴(24),河北省(10) / 内蒙古自治区(10) / 湖北省(10) / 宁夏回族自治区(10) / 河南省(9),强烈推荐(147) / 推荐(87),非常满意(147) / 满意(87),,,
日照海滨国家森林公园,日照市,山东,自然风光,4A,234,4.59,236.24,60.0,4.43,32.91,37.61,秋季(72) / 春季(59),高铁+大巴(30) / 飞机+大巴(25) / 空调大巴(22),湖南省(14) / 河南省(10) / 辽宁省(10) / 甘肃省(9) / 台湾省(9),强烈推荐(155) / 推荐(79),非常满意(155) / 满意(79),日照旅游攻略.1,D:\wzb\全部131个景点\日照旅游攻略.1.pdf,D:\wzb\codex\data\全国旅游数据整合_2026-03-24\previews\asset_064.png
金丝峡,商洛市,陕西,自然风光,5A,234,4.4,271.87,100.0,4.24,31.2,49.15,夏季(61) / 秋季(61),高铁+大巴(26) / 飞机+大巴(25) / 空调大巴(22),安徽省(11) / 河南省(11) / 甘肃省(11) / 广西壮族自治区(11) / 云南省(10),推荐(126) / 强烈推荐(108),满意(126) / 非常满意(108),,,
鹤岗萝北名山岛,鹤岗市,黑龙江,自然风光,4A,234,4.3,211.4,50.0,4.67,32.91,39.74,夏季(67) / 秋季(60),空调大巴(33) / 高铁+大巴(28) / 飞机+大巴(16),四川省(13) / 贵州省(13) / 香港特别行政区(11) / 山西省(10) / 北京市(10),推荐(157) / 强烈推荐(77),满意(157) / 非常满意(77),,,
大连星海广场,大连市,辽宁,城市景观,4A,234,4.09,186.78,0.0,4.41,35.04,53.85,春季(67) / 冬季(60),高铁+大巴(29) / 空调大巴(28) / 飞机+大巴(25),陕西省(13) / 湖北省(12) / 安徽省(10) / 山东省(10) / 内蒙古自治区(10),推荐(199) / 强烈推荐(35),满意(199) / 非常满意(35),大连旅游攻略,D:\wzb\全部131个景点\大连旅游攻略.pdf,D:\wzb\codex\data\全国旅游数据整合_2026-03-24\previews\asset_039.png
徐州云龙湖,徐州市,江苏,自然风光,5A,233,4.76,179.45,0.0,4.35,29.18,47.64,冬季(68) / 春季(59),高铁+大巴(25) / 飞机+大巴(22) / 空调大巴(21),甘肃省(14) / 安徽省(13) / 湖南省(10) / 江西省(9) / 宁夏回族自治区(9),强烈推荐(202) / 推荐(31),非常满意(202) / 满意(31),,,
天下第一泉,济南市,山东,自然风光,5A,233,4.75,201.16,40.0,4.42,32.62,43.78,秋季(68) / 冬季(61),高铁+大巴(30) / 飞机+大巴(28) / 空调大巴(18),福建省(12) / 陕西省(11) / 甘肃省(11) / 内蒙古自治区(10) / 贵州省(10),强烈推荐(196) / 推荐(37),非常满意(196) / 满意(37),济南旅游攻略,D:\wzb\全部131个景点\济南旅游攻略.pdf,D:\wzb\codex\data\全国旅游数据整合_2026-03-24\previews\asset_081.png
珠海长隆海洋王国,珠海市,广东,主题公园,5A,233,4.75,578.26,395.0,4.41,31.76,44.64,春季(70) / 夏季(62),高铁+大巴(29) / 飞机+大巴(23) / 空调大巴(22),湖北省(11) / 广西壮族自治区(11) / 内蒙古自治区(11) / 台湾省(10) / 湖南省(10),强烈推荐(197) / 推荐(36),非常满意(197) / 满意(36),珠海旅游攻略,D:\wzb\全部131个景点\珠海旅游攻略.pdf,D:\wzb\codex\data\全国旅游数据整合_2026-03-24\previews\asset_091.png
净月潭,长春市,吉林,自然风光,5A,233,4.68,202.88,30.0,4.31,27.9,51.93,春季(70) / 夏季(59),空调大巴(28) / 高铁+大巴(20) / 飞机+大巴(17),香港特别行政区(15) / 天津市(11) / 湖南省(10) / 黑龙江省(10) / 河南省(10),强烈推荐(175) / 推荐(58),非常满意(175) / 满意(58),,,
台儿庄古城,枣庄市,山东,古镇风情,5A,233,4.68,325.59,160.0,4.3,29.18,48.5,夏季(62) / 冬季(61),空调大巴(25) / 高铁+大巴(24) / 飞机+大巴(19),陕西省(14) / 甘肃省(13) / 江苏省(11) / 西藏自治区(11) / 上海市(9),强烈推荐(185) / 推荐(48),非常满意(185) / 满意(48),,,
双鸭山七星峰,双鸭山市,黑龙江,自然风光,4A,233,4.67,230.92,40.0,4.41,29.61,43.78,夏季(64) / 春季(57),高铁+大巴(29) / 飞机+大巴(23) / 空调大巴(17),上海市(14) / 甘肃省(13) / 浙江省(11) / 湖南省(10) / 重庆市(9),强烈推荐(175) / 推荐(58),非常满意(175) / 满意(58),,,
黄河风景区,郑州市,河南,自然风光,4A,233,4.67,250.38,60.0,4.52,24.03,47.64,春季(68) / 冬季(62),飞机+大巴(23) / 高铁+大巴(17) / 空调大巴(16),吉林省(11) / 山西省(11) / 甘肃省(10) / 贵州省(10) / 内蒙古自治区(10),强烈推荐(173) / 推荐(60),非常满意(173) / 满意(60),,,
太白山,宝鸡市,陕西,自然风光,5A,233,4.65,273.19,90.0,4.42,30.04,42.49,夏季(63) / 春季(59),空调大巴(27) / 飞机+大巴(23) / 高铁+大巴(20),上海市(14) / 安徽省(11) / 山西省(11) / 福建省(11) / 台湾省(10),强烈推荐(163) / 推荐(70),非常满意(163) / 满意(70),,,
神农架,神农架林区,湖北,自然风光,5A,233,4.49,293.42,130.0,4.63,27.9,46.78,春季(67) / 冬季(56),高铁+大巴(28) / 空调大巴(21) / 飞机+大巴(16),江苏省(13) / 宁夏回族自治区(12) / 重庆市(11) / 江西省(11) / 四川省(10),强烈推荐(123) / 推荐(110),非常满意(123) / 满意(110),,,
蜈支洲岛,三亚市,海南,自然风光,5A,233,4.49,327.29,144.0,4.45,27.04,44.64,夏季(65) / 冬季(60),高铁+大巴(25) / 飞机+大巴(21) / 空调大巴(17),广东省(12) / 西藏自治区(11) / 广西壮族自治区(10) / 江苏省(10) / 台湾省(9),强烈推荐(121) / 推荐(112),非常满意(121) / 满意(112),三亚旅游攻略,D:\wzb\全部131个景点\三亚旅游攻略.pdf,D:\wzb\codex\data\全国旅游数据整合_2026-03-24\previews\asset_003.png
上海海洋水族馆,上海市,上海,水族馆,4A,233,4.4,330.48,160.0,4.48,28.33,48.5,秋季(65) / 夏季(59),空调大巴(26) / 高铁+大巴(22) / 飞机+大巴(18),福建省(13) / 湖北省(11) / 广东省(11) / 湖南省(11) / 西藏自治区(10),推荐(122) / 强烈推荐(111),满意(122) / 非常满意(111),上海旅游攻略,D:\wzb\全部131个景点\上海旅游攻略.pdf,D:\wzb\codex\data\全国旅游数据整合_2026-03-24\previews\asset_005.png
雁门关,忻州市,山西,历史文化,5A,233,4.38,275.48,90.0,4.36,27.9,49.79,夏季(63) / 冬季(59),飞机+大巴(24) / 空调大巴(22) / 高铁+大巴(19),陕西省(15) / 黑龙江省(13) / 辽宁省(12) / 福建省(11) / 广东省(11),推荐(137) / 强烈推荐(96),满意(137) / 非常满意(96),,,
大庆铁人纪念馆,大庆市,黑龙江,红色旅游,4A,233,4.31,163.78,0.0,4.27,34.33,48.93,秋季(67) / 冬季(64),空调大巴(31) / 高铁+大巴(27) / 飞机+大巴(22),湖北省(12) / 贵州省(11) / 内蒙古自治区(11) / 重庆市(10) / 辽宁省(9),推荐(143) / 强烈推荐(90),满意(143) / 非常满意(90),,,
扎龙自然保护区,齐齐哈尔市,黑龙江,自然风光,4A,233,4.29,250.77,65.0,4.52,30.47,49.79,冬季(64) / 夏季(61),飞机+大巴(28) / 空调大巴(27) / 高铁+大巴(16),澳门特别行政区(14) / 四川省(13) / 上海市(12) / 台湾省(12) / 河南省(12),推荐(155) / 强烈推荐(78),满意(155) / 非常满意(78),,,
漳州东山岛,漳州市,福建,自然风光,4A,233,4.29,247.75,60.0,4.3,27.47,45.06,春季(66) / 冬季(60),飞机+大巴(22) / 空调大巴(21) / 高铁+大巴(21),广西壮族自治区(12) / 澳门特别行政区(12) / 山东省(12) / 河南省(11) / 河北省(9),推荐(159) / 强烈推荐(74),满意(159) / 非常满意(74),,,
杜甫草堂,成都市,四川,历史文化,4A,233,4.1,220.73,60.0,4.41,35.19,43.35,夏季(62) / 秋季(62),高铁+大巴(39) / 空调大巴(22) / 飞机+大巴(21),山西省(12) / 北京市(12) / 江西省(11) / 新疆维吾尔自治区(10) / 西藏自治区(10),推荐(197) / 强烈推荐(36),满意(197) / 非常满意(36),成都攻略,D:\wzb\全部131个景点\成都攻略.pdf,D:\wzb\codex\data\全国旅游数据整合_2026-03-24\previews\asset_057.png
南昌八一起义纪念馆,南昌市,江西,红色旅游,4A,233,4.01,169.81,0.0,4.22,33.91,46.78,夏季(73) / 春季(57),空调大巴(27) / 高铁+大巴(26) / 飞机+大巴(26),海南省(13) / 山西省(12) / 陕西省(11) / 四川省(11) / 宁夏回族自治区(10),推荐(223) / 强烈推荐(10),满意(223) / 非常满意(10),南昌旅游攻略,D:\wzb\全部131个景点\南昌旅游攻略.pdf,D:\wzb\codex\data\全国旅游数据整合_2026-03-24\previews\asset_026.png
厦门曾厝垵,厦门市,福建,历史文化,3A,233,3.9,160.3,0.0,4.43,27.04,46.78,冬季(60) / 春季(58),飞机+大巴(22) / 空调大巴(21) / 高铁+大巴(20),贵州省(11) / 河北省(10) / 黑龙江省(10) / 四川省(10) / 陕西省(10),推荐(226) / 一般(7),满意(226) / 一般(7),厦门旅游攻略,D:\wzb\全部131个景点\厦门旅游攻略.pdf,D:\wzb\codex\data\全国旅游数据整合_2026-03-24\previews\asset_028.png
田子坊,上海市,上海,文化艺术,3A,233,3.88,193.39,0.0,4.46,25.75,43.35,夏季(64) / 春季(61),飞机+大巴(25) / 空调大巴(18) / 高铁+大巴(17),河南省(13) / 黑龙江省(12) / 香港特别行政区(11) / 上海市(11) / 山东省(10),推荐(219) / 一般(14),满意(219) / 一般(14),上海旅游攻略,D:\wzb\全部131个景点\上海旅游攻略.pdf,D:\wzb\codex\data\全国旅游数据整合_2026-03-24\previews\asset_005.png
桂林漓江,桂林市,广西,自然风光,5A,232,4.81,365.99,210.0,4.55,26.72,48.28,春季(61) / 夏季(60),空调大巴(23) / 飞机+大巴(23) / 高铁+大巴(16),天津市(14) / 河南省(13) / 四川省(12) / 山西省(10) / 江苏省(10),强烈推荐(215) / 推荐(17),非常满意(215) / 满意(17),桂林旅游攻略,D:\wzb\全部131个景点\桂林旅游攻略.pdf,D:\wzb\codex\data\全国旅游数据整合_2026-03-24\previews\asset_072.png
云冈石窟,大同市,山西,历史文化,5A,232,4.61,294.97,120.0,4.4,34.91,45.26,夏季(68) / 秋季(55),空调大巴(31) / 高铁+大巴(28) / 飞机+大巴(22),香港特别行政区(13) / 辽宁省(13) / 河北省(12) / 福建省(9) / 甘肃省(9),强烈推荐(156) / 推荐(76),非常满意(156) / 满意(76),大同,D:\wzb\全部131个景点\大同.pdf,D:\wzb\codex\data\全国旅游数据整合_2026-03-24\previews\asset_037.png
杭州西湖,杭州市,浙江,自然风光,5A,232,4.58,187.13,0.0,4.9,33.19,53.88,冬季(75) / 夏季(53),高铁+大巴(27) / 空调大巴(25) / 飞机+大巴(25),香港特别行政区(14) / 云南省(12) / 河南省(11) / 山东省(10) / 重庆市(9),强烈推荐(141) / 推荐(91),非常满意(141) / 满意(91),杭州攻略,D:\wzb\全部131个景点\杭州攻略.pdf,D:\wzb\codex\data\全国旅游数据整合_2026-03-24\previews\asset_070.png
福州三山两塔,福州市,福建,历史文化,4A,232,4.53,166.2,0.0,4.51,27.59,43.97,春季(65) / 秋季(65),高铁+大巴(31) / 空调大巴(19) / 飞机+大巴(14),广西壮族自治区(10) / 河南省(10) / 陕西省(10) / 北京市(10) / 香港特别行政区(10),强烈推荐(136) / 推荐(96),非常满意(136) / 满意(96),福州旅游攻略,D:\wzb\全部131个景点\福州旅游攻略.pdf,D:\wzb\codex\data\全国旅游数据整合_2026-03-24\previews\asset_094.png
蜀南竹海,宜宾市,四川,自然风光,4A,232,4.52,263.12,100.0,4.51,30.17,42.24,秋季(64) / 春季(57),高铁+大巴(28) / 空调大巴(24) / 飞机+大巴(18),江西省(12) / 天津市(12) / 香港特别行政区(12) / 陕西省(11) / 宁夏回族自治区(11),强烈推荐(134) / 推荐(98),非常满意(134) / 满意(98),蜀南竹海,D:\wzb\全部131个景点\蜀南竹海.pdf,D:\wzb\codex\data\全国旅游数据整合_2026-03-24\previews\asset_104.png
莽山,郴州市,湖南,自然风光,4A,232,4.49,258.15,80.0,4.26,33.19,42.24,春季(65) / 秋季(58),高铁+大巴(29) / 空调大巴(27) / 飞机+大巴(21),陕西省(12) / 江西省(12) / 广东省(11) / 内蒙古自治区(10) / 吉林省(10),强烈推荐(129) / 推荐(103),非常满意(129) / 满意(103),,,
万宁兴隆热带植物园,万宁市,海南,植物园,4A,232,4.47,234.25,60.0,4.47,26.29,46.98,夏季(66) / 秋季(65),飞机+大巴(30) / 高铁+大巴(18) / 空调大巴(13),湖南省(12) / 西藏自治区(11) / 江苏省(11) / 宁夏回族自治区(11) / 北京市(10),强烈推荐(119) / 推荐(113),非常满意(119) / 满意(113),,,
伊春五营国家森林公园,伊春市,黑龙江,自然风光,4A,232,4.4,229.1,60.0,4.45,31.03,46.12,秋季(65) / 夏季(58),空调大巴(24) / 飞机+大巴(24) / 高铁+大巴(24),贵州省(10) / 江苏省(10) / 西藏自治区(10) / 内蒙古自治区(10) / 重庆市(9),推荐(125) / 强烈推荐(107),满意(125) / 非常满意(107),,,
高句丽遗址,通化市,吉林,历史遗址,5A,232,4.4,273.84,100.0,4.34,28.02,46.98,春季(72) / 秋季(58),高铁+大巴(25) / 飞机+大巴(20) / 空调大巴(20),贵州省(12) / 吉林省(12) / 浙江省(11) / 天津市(11) / 澳门特别行政区(11),推荐(135) / 强烈推荐(97),满意(135) / 非常满意(97),,,
梅州客天下,梅州市,广东,文化旅游,4A,232,4.38,278.7,100.0,4.34,32.76,46.12,秋季(62) / 春季(62),高铁+大巴(26) / 飞机+大巴(25) / 空调大巴(25),陕西省(13) / 台湾省(13) / 广东省(11) / 贵州省(11) / 福建省(10),推荐(136) / 强烈推荐(96),满意(136) / 非常满意(96),,,
柳州龙潭公园,柳州市,广西,自然风光,4A,232,4.33,173.89,0.0,4.43,32.76,47.84,冬季(63) / 夏季(62),空调大巴(28) / 高铁+大巴(26) / 飞机+大巴(22),湖南省(13) / 西藏自治区(12) / 湖北省(11) / 浙江省(11) / 广西壮族自治区(10),推荐(140) / 强烈推荐(92),满意(140) / 非常满意(92),,,
海口火山口,海口市,海南,自然风光,4A,232,4.32,228.52,54.0,4.34,33.19,41.38,春季(73) / 冬季(56),高铁+大巴(31) / 空调大巴(26) / 飞机+大巴(20),陕西省(12) / 辽宁省(10) / 新疆维吾尔自治区(10) / 河南省(10) / 贵州省(10),推荐(148) / 强烈推荐(84),满意(148) / 非常满意(84),海口旅游攻略,D:\wzb\全部131个景点\海口旅游攻略.pdf,D:\wzb\codex\data\全国旅游数据整合_2026-03-24\previews\asset_083.png
文昌东郊椰林,文昌市,海南,自然风光,3A,232,4.01,148.67,0.0,4.63,28.02,44.4,夏季(66) / 冬季(61),飞机+大巴(22) / 高铁+大巴(22) / 空调大巴(21),湖南省(13) / 上海市(12) / 天津市(12) / 香港特别行政区(11) / 河南省(10),推荐(221) / 强烈推荐(11),满意(221) / 非常满意(11),,,
东北虎林园,哈尔滨市,黑龙江,动物园,4A,232,3.98,261.18,90.0,4.6,27.59,45.26,春季(65) / 冬季(58),高铁+大巴(29) / 飞机+大巴(19) / 空调大巴(16),西藏自治区(13) / 内蒙古自治区(12) / 上海市(11) / 北京市(9) / 湖北省(9),推荐(218) / 强烈推荐(14),满意(218) / 非常满意(14),哈尔滨旅游攻略,D:\wzb\全部131个景点\哈尔滨旅游攻略.pdf,D:\wzb\codex\data\全国旅游数据整合_2026-03-24\previews\asset_035.png
大觉山,抚州市,江西,自然风光,5A,231,4.65,225.63,60.0,4.56,29.87,46.75,秋季(64) / 冬季(60),高铁+大巴(32) / 飞机+大巴(19) / 空调大巴(18),福建省(13) / 安徽省(13) / 台湾省(12) / 海南省(12) / 江苏省(10),强烈推荐(165) / 推荐(66),非常满意(165) / 满意(66),,,
普陀山,舟山市,浙江,宗教文化,5A,231,4.61,326.06,160.0,4.41,29.0,45.45,春季(67) / 秋季(59),飞机+大巴(31) / 空调大巴(18) / 高铁+大巴(18),吉林省(14) / 陕西省(11) / 甘肃省(10) / 河南省(10) / 台湾省(10),强烈推荐(154) / 推荐(77),非常满意(154) / 满意(77),普陀山,D:\wzb\全部131个景点\普陀山.pdf,D:\wzb\codex\data\全国旅游数据整合_2026-03-24\previews\asset_067.png
亚布力滑雪场,哈尔滨市,黑龙江,运动休闲,4A,231,4.43,342.55,180.0,4.41,28.14,43.72,春季(65) / 冬季(59),高铁+大巴(30) / 飞机+大巴(21) / 空调大巴(14),安徽省(14) / 湖南省(12) / 广西壮族自治区(10) / 西藏自治区(10) / 河南省(9),推荐(123) / 强烈推荐(108),满意(123) / 非常满意(108),哈尔滨旅游攻略,D:\wzb\全部131个景点\哈尔滨旅游攻略.pdf,D:\wzb\codex\data\全国旅游数据整合_2026-03-24\previews\asset_035.png
白石山,保定市,河北,自然风光,4A,231,4.41,302.48,135.0,4.49,29.87,45.45,夏季(67) / 春季(62),飞机+大巴(24) / 高铁+大巴(23) / 空调大巴(22),吉林省(12) / 湖南省(12) / 天津市(10) / 香港特别行政区(10) / 西藏自治区(10),推荐(127) / 强烈推荐(104),满意(127) / 非常满意(104),,,
衡水湖,衡水市,河北,自然风光,4A,231,4.4,187.67,30.0,4.64,29.87,47.19,夏季(62) / 春季(62),高铁+大巴(27) / 空调大巴(24) / 飞机+大巴(18),河南省(13) / 台湾省(12) / 北京市(10) / 福建省(10) / 山东省(9),推荐(124) / 强烈推荐(107),满意(124) / 非常满意(107),,,
丹霞山,韶关市,广东,自然风光,5A,230,4.68,271.61,100.0,4.61,32.61,44.78,秋季(66) / 夏季(58),高铁+大巴(30) / 飞机+大巴(23) / 空调大巴(22),河南省(13) / 天津市(13) / 安徽省(11) / 四川省(11) / 西藏自治区(11),强烈推荐(175) / 推荐(55),非常满意(175) / 满意(55),,,
西安城墙,西安市,陕西,历史建筑,5A,230,4.68,225.17,54.0,4.69,28.7,47.39,秋季(67) / 春季(60),飞机+大巴(25) / 空调大巴(22) / 高铁+大巴(19),甘肃省(12) / 广东省(11) / 福建省(11) / 湖北省(10) / 江西省(10),强烈推荐(171) / 推荐(59),非常满意(171) / 满意(59),西安,D:\wzb\全部131个景点\西安.pdf,D:\wzb\codex\data\全国旅游数据整合_2026-03-24\previews\asset_108.png
六鼎山,延边州,吉林,宗教文化,5A,230,4.58,296.32,110.0,4.48,24.35,45.22,冬季(63) / 夏季(61),高铁+大巴(22) / 飞机+大巴(19) / 空调大巴(15),贵州省(12) / 山西省(12) / 青海省(11) / 山东省(10) / 江西省(10),强烈推荐(146) / 推荐(84),非常满意(146) / 满意(84),,,
汉阳陵,咸阳市,陕西,历史遗址,4A,230,4.51,261.91,70.0,4.77,27.83,51.3,秋季(65) / 冬季(60),高铁+大巴(27) / 飞机+大巴(24) / 空调大巴(13),河南省(13) / 安徽省(12) / 贵州省(9) / 天津市(9) / 吉林省(9),强烈推荐(133) / 推荐(97),非常满意(133) / 满意(97),,,
颐和园,北京市,北京,历史文化,5A,230,4.51,211.19,30.0,4.51,25.22,49.57,冬季(75) / 秋季(55),飞机+大巴(22) / 空调大巴(19) / 高铁+大巴(17),云南省(11) / 四川省(11) / 山东省(10) / 湖南省(10) / 河南省(9),强烈推荐(124) / 推荐(106),非常满意(124) / 满意(106),北京,D:\wzb\全部131个景点\北京.pdf,D:\wzb\codex\data\全国旅游数据整合_2026-03-24\previews\asset_018.png
大唐芙蓉园,西安市,陕西,主题公园,5A,230,4.46,292.7,120.0,4.43,28.7,47.39,春季(66) / 秋季(60),空调大巴(29) / 高铁+大巴(23) / 飞机+大巴(14),江西省(12) / 陕西省(10) / 河北省(10) / 北京市(10) / 江苏省(9),推荐(116) / 强烈推荐(114),满意(116) / 非常满意(114),西安,D:\wzb\全部131个景点\西安.pdf,D:\wzb\codex\data\全国旅游数据整合_2026-03-24\previews\asset_108.png
华清宫,西安市,陕西,历史文化,5A,230,4.4,311.96,120.0,4.51,24.35,46.09,夏季(63) / 冬季(60),飞机+大巴(21) / 空调大巴(18) / 高铁+大巴(17),湖南省(16) / 澳门特别行政区(13) / 甘肃省(12) / 海南省(11) / 辽宁省(10),推荐(129) / 强烈推荐(101),满意(129) / 非常满意(101),西安,D:\wzb\全部131个景点\西安.pdf,D:\wzb\codex\data\全国旅游数据整合_2026-03-24\previews\asset_108.png
琼海博鳌亚洲论坛,琼海市,海南,主题公园,4A,230,4.39,309.85,128.0,4.56,28.26,39.57,秋季(63) / 春季(56),空调大巴(29) / 高铁+大巴(20) / 飞机+大巴(16),浙江省(12) / 安徽省(12) / 河南省(11) / 贵州省(11) / 广东省(11),推荐(128) / 强烈推荐(102),满意(128) / 非常满意(102),,,
鸡西兴凯湖,鸡西市,黑龙江,自然风光,4A,230,4.29,212.63,45.0,4.61,33.04,40.43,夏季(69) / 秋季(59),飞机+大巴(27) / 高铁+大巴(25) / 空调大巴(24),青海省(14) / 陕西省(13) / 新疆维吾尔自治区(12) / 广西壮族自治区(11) / 江苏省(10),推荐(156) / 强烈推荐(74),满意(156) / 非常满意(74),,,
查干湖,松原市,吉林,自然风光,4A,230,4.26,210.38,25.0,4.67,28.7,47.39,春季(63) / 秋季(61),空调大巴(24) / 飞机+大巴(22) / 高铁+大巴(20),湖南省(12) / 陕西省(11) / 安徽省(11) / 福建省(11) / 天津市(10),推荐(164) / 强烈推荐(66),满意(164) / 非常满意(66),,,
潜江曹禺公园,潜江市,湖北,城市公园,4A,230,4.25,168.11,0.0,4.81,23.91,45.22,夏季(66) / 秋季(64),高铁+大巴(22) / 空调大巴(19) / 飞机+大巴(14),陕西省(13) / 广西壮族自治区(11) / 浙江省(11) / 天津市(11) / 宁夏回族自治区(10),推荐(161) / 强烈推荐(69),满意(161) / 非常满意(69),,,
安源路矿工人运动纪念馆,萍乡市,江西,红色旅游,4A,230,4.08,162.15,0.0,4.5,31.74,49.57,夏季(66) / 春季(60),高铁+大巴(33) / 飞机+大巴(22) / 空调大巴(18),天津市(12) / 湖北省(11) / 宁夏回族自治区(11) / 贵州省(11) / 广西壮族自治区(9),推荐(197) / 强烈推荐(33),满意(197) / 非常满意(33),,,
罗浮山,惠州市,广东,自然风光,5A,229,4.82,216.1,60.0,4.65,29.26,50.22,夏季(64) / 春季(61),高铁+大巴(28) / 飞机+大巴(21) / 空调大巴(18),河南省(15) / 江西省(13) / 浙江省(11) / 吉林省(11) / 四川省(10),强烈推荐(216) / 推荐(13),非常满意(216) / 满意(13),惠州旅游攻略,D:\wzb\全部131个景点\惠州旅游攻略.pdf,D:\wzb\codex\data\全国旅游数据整合_2026-03-24\previews\asset_056.png
德夯大峡谷,湘西州,湖南,自然风光,4A,229,4.66,262.98,100.0,4.53,29.69,48.91,夏季(63) / 秋季(61),高铁+大巴(24) / 空调大巴(24) / 飞机+大巴(20),湖北省(14) / 广西壮族自治区(13) / 陕西省(12) / 青海省(11) / 江苏省(11),强烈推荐(160) / 推荐(69),非常满意(160) / 满意(69),,,
上海科技馆,上海市,上海,科普教育,5A,229,4.64,203.54,45.0,4.49,29.26,43.67,春季(65) / 秋季(58),高铁+大巴(25) / 飞机+大巴(22) / 空调大巴(20),澳门特别行政区(11) / 西藏自治区(11) / 海南省(11) / 吉林省(10) / 山西省(10),强烈推荐(162) / 推荐(67),非常满意(162) / 满意(67),上海旅游攻略,D:\wzb\全部131个景点\上海旅游攻略.pdf,D:\wzb\codex\data\全国旅游数据整合_2026-03-24\previews\asset_005.png
阆中古城,南充市,四川,古镇风情,5A,229,4.5,293.69,120.0,4.61,30.13,47.6,冬季(65) / 秋季(60),高铁+大巴(27) / 空调大巴(23) / 飞机+大巴(19),湖南省(11) / 广东省(11) / 江苏省(10) / 上海市(10) / 湖北省(10),强烈推荐(121) / 推荐(108),非常满意(121) / 满意(108),,,
白山长白山大峡谷,白山市,吉林,自然风光,4A,229,4.49,299.72,125.0,4.64,28.82,47.6,夏季(62) / 冬季(61),空调大巴(24) / 飞机+大巴(23) / 高铁+大巴(19),广东省(15) / 辽宁省(13) / 吉林省(12) / 河北省(12) / 浙江省(11),强烈推荐(121) / 推荐(108),非常满意(121) / 满意(108),长白山旅游攻略,D:\wzb\全部131个景点\长白山旅游攻略.pdf,D:\wzb\codex\data\全国旅游数据整合_2026-03-24\previews\asset_121.png
安庆振风塔,安庆市,安徽,历史建筑,4A,229,4.48,190.07,20.0,4.64,26.2,46.72,春季(62) / 秋季(59),空调大巴(23) / 高铁+大巴(20) / 飞机+大巴(17),海南省(12) / 浙江省(11) / 黑龙江省(10) / 贵州省(10) / 西藏自治区(10),强烈推荐(118) / 推荐(111),非常满意(118) / 满意(111),,,
吴桥杂技大世界,沧州市,河北,主题公园,4A,229,4.43,285.77,120.0,4.5,24.89,42.36,秋季(60) / 冬季(57),高铁+大巴(24) / 飞机+大巴(17) / 空调大巴(16),天津市(12) / 云南省(11) / 内蒙古自治区(10) / 重庆市(10) / 湖北省(10),推荐(118) / 强烈推荐(111),满意(118) / 非常满意(111),,,
梧州骑楼城,梧州市,广西,历史文化,4A,229,4.4,172.84,0.0,4.27,31.88,40.61,春季(64) / 秋季(59),空调大巴(30) / 高铁+大巴(25) / 飞机+大巴(18),山东省(13) / 西藏自治区(12) / 澳门特别行政区(11) / 江西省(11) / 山西省(10),推荐(128) / 强烈推荐(101),满意(128) / 非常满意(101),,,
黄鹤楼,武汉市,湖北,历史建筑,5A,229,4.29,254.23,70.0,4.36,30.13,42.79,夏季(68) / 冬季(61),飞机+大巴(29) / 空调大巴(22) / 高铁+大巴(18),台湾省(12) / 重庆市(11) / 香港特别行政区(10) / 安徽省(10) / 湖南省(9),推荐(158) / 强烈推荐(71),满意(158) / 非常满意(71),武汉,D:\wzb\全部131个景点\武汉.pdf,D:\wzb\codex\data\全国旅游数据整合_2026-03-24\previews\asset_076.png
锦州笔架山,锦州市,辽宁,自然风光,4A,229,4.21,244.15,65.0,4.45,29.26,45.85,夏季(76) / 冬季(58),飞机+大巴(24) / 高铁+大巴(22) / 空调大巴(21),上海市(14) / 吉林省(10) / 新疆维吾尔自治区(10) / 福建省(9) / 山东省(9),推荐(173) / 强烈推荐(56),满意(173) / 非常满意(56),,,
岳阳君山岛,岳阳市,湖南,自然风光,5A,228,4.81,242.2,78.0,4.52,26.32,46.05,春季(72) / 夏季(59),高铁+大巴(29) / 空调大巴(16) / 飞机+大巴(15),澳门特别行政区(13) / 甘肃省(10) / 内蒙古自治区(9) / 西藏自治区(9) / 吉林省(9),强烈推荐(213) / 推荐(15),非常满意(213) / 满意(15),,,
伪满皇宫博物院,长春市,吉林,历史文化,5A,228,4.69,241.03,70.0,4.31,27.63,45.61,夏季(72) / 春季(67),高铁+大巴(25) / 飞机+大巴(22) / 空调大巴(16),青海省(12) / 云南省(11) / 山东省(11) / 福建省(10) / 甘肃省(10),强烈推荐(173) / 推荐(55),非常满意(173) / 满意(55),,,
呀诺达雨林,三亚市,海南,自然风光,5A,228,4.6,334.15,168.0,4.46,33.77,46.49,春季(69) / 夏季(55),高铁+大巴(32) / 飞机+大巴(23) / 空调大巴(22),江苏省(13) / 香港特别行政区(12) / 山东省(11) / 广东省(11) / 河南省(10),强烈推荐(150) / 推荐(78),非常满意(150) / 满意(78),三亚旅游攻略,D:\wzb\全部131个景点\三亚旅游攻略.pdf,D:\wzb\codex\data\全国旅游数据整合_2026-03-24\previews\asset_003.png
山海关,秦皇岛市,河北,历史文化,5A,228,4.58,221.38,50.0,4.58,29.82,45.18,秋季(63) / 春季(61),高铁+大巴(25) / 空调大巴(23) / 飞机+大巴(20),上海市(11) / 湖南省(10) / 山西省(10) / 安徽省(10) / 北京市(9),强烈推荐(136) / 推荐(92),非常满意(136) / 满意(92),山海关旅游攻略,D:\wzb\全部131个景点\山海关旅游攻略.pdf,D:\wzb\codex\data\全国旅游数据整合_2026-03-24\previews\asset_046.png
常州中华恐龙园,常州市,江苏,主题公园,5A,228,4.52,444.72,260.0,4.63,26.32,45.18,秋季(69) / 冬季(57),飞机+大巴(22) / 空调大巴(21) / 高铁+大巴(17),海南省(14) / 宁夏回族自治区(12) / 黑龙江省(12) / 福建省(12) / 河北省(12),强烈推荐(134) / 推荐(94),非常满意(134) / 满意(94),常州旅游攻略,D:\wzb\全部131个景点\常州旅游攻略.pdf,D:\wzb\codex\data\全国旅游数据整合_2026-03-24\previews\asset_049.png
中山孙中山故居,中山市,广东,红色旅游,5A,228,4.51,179.15,0.0,4.45,28.07,41.67,春季(65) / 夏季(63),高铁+大巴(23) / 飞机+大巴(21) / 空调大巴(20),湖南省(13) / 甘肃省(11) / 天津市(10) / 河南省(10) / 广东省(9),强烈推荐(130) / 推荐(98),非常满意(130) / 满意(98),,,
崀山,邵阳市,湖南,自然风光,5A,228,4.5,327.88,136.0,4.67,35.53,50.0,秋季(63) / 春季(58),高铁+大巴(29) / 空调大巴(29) / 飞机+大巴(23),江西省(13) / 新疆维吾尔自治区(12) / 香港特别行政区(11) / 吉林省(10) / 上海市(9),强烈推荐(119) / 推荐(109),非常满意(119) / 满意(109),,,
贵港桂平西山,贵港市,广西,自然文化,4A,228,4.41,268.92,80.0,4.38,29.39,48.68,秋季(61) / 夏季(56),飞机+大巴(25) / 高铁+大巴(21) / 空调大巴(21),河北省(13) / 青海省(12) / 内蒙古自治区(11) / 黑龙江省(10) / 湖南省(10),推荐(121) / 强烈推荐(107),满意(121) / 非常满意(107),,,
滇池,昆明市,云南,自然风光,4A,228,4.25,177.38,0.0,4.51,30.7,53.51,冬季(64) / 秋季(62),空调大巴(27) / 高铁+大巴(22) / 飞机+大巴(21),河南省(12) / 天津市(11) / 吉林省(10) / 江西省(10) / 安徽省(9),推荐(163) / 强烈推荐(65),满意(163) / 非常满意(65),昆明,D:\wzb\全部131个景点\昆明.pdf,D:\wzb\codex\data\全国旅游数据整合_2026-03-24\previews\asset_066.png
鸭绿江断桥,丹东市,辽宁,红色旅游,4A,228,4.01,208.24,30.0,4.56,30.7,37.28,夏季(67) / 秋季(60),高铁+大巴(28) / 飞机+大巴(23) / 空调大巴(19),重庆市(14) / 安徽省(13) / 广东省(12) / 上海市(10) / 新疆维吾尔自治区(9),推荐(216) / 强烈推荐(12),满意(216) / 非常满意(12),,,
红海滩,盘锦市,辽宁,自然风光,5A,227,4.79,272.57,85.0,4.61,30.84,45.81,夏季(61) / 春季(58),高铁+大巴(30) / 飞机+大巴(21) / 空调大巴(19),内蒙古自治区(13) / 吉林省(12) / 青海省(12) / 宁夏回族自治区(11) / 澳门特别行政区(9),强烈推荐(216) / 推荐(11),非常满意(216) / 满意(11),,,
恩施大峡谷,恩施州,湖北,自然风光,5A,227,4.71,324.33,170.0,4.43,28.63,51.54,春季(62) / 冬季(57),高铁+大巴(25) / 飞机+大巴(22) / 空调大巴(18),上海市(15) / 吉林省(13) / 湖南省(12) / 广东省(11) / 河北省(11),强烈推荐(176) / 推荐(51),非常满意(176) / 满意(51),,,
方特欢乐世界,芜湖市,安徽,主题公园,5A,227,4.61,461.39,280.0,4.48,31.28,44.93,春季(72) / 夏季(56),飞机+大巴(36) / 空调大巴(20) / 高铁+大巴(15),广西壮族自治区(13) / 内蒙古自治区(12) / 山西省(12) / 新疆维吾尔自治区(11) / 陕西省(10),强烈推荐(154) / 推荐(73),非常满意(154) / 满意(73),,,
白洋淀,保定市,河北,自然风光,5A,227,4.54,359.03,185.0,4.73,30.84,44.49,冬季(71) / 春季(59),高铁+大巴(25) / 空调大巴(25) / 飞机+大巴(20),北京市(12) / 河南省(11) / 甘肃省(11) / 广东省(11) / 浙江省(11),强烈推荐(125) / 推荐(102),非常满意(125) / 满意(102),白洋淀旅游攻略,D:\wzb\全部131个景点\白洋淀旅游攻略.pdf,D:\wzb\codex\data\全国旅游数据整合_2026-03-24\previews\asset_093.png
香山公园,北京市,北京,自然风光,4A,227,4.4,160.16,10.0,4.57,28.63,46.7,夏季(66) / 冬季(61),飞机+大巴(26) / 高铁+大巴(22) / 空调大巴(17),河北省(15) / 天津市(10) / 辽宁省(10) / 上海市(10) / 贵州省(9),推荐(127) / 强烈推荐(100),满意(127) / 非常满意(100),北京,D:\wzb\全部131个景点\北京.pdf,D:\wzb\codex\data\全国旅游数据整合_2026-03-24\previews\asset_018.png
成都大熊猫繁育基地,成都市,四川,动物园,4A,227,4.1,240.38,58.0,4.38,37.0,44.49,冬季(59) / 秋季(59),高铁+大巴(41) / 飞机+大巴(22) / 空调大巴(21),江西省(11) / 河北省(10) / 湖北省(10) / 新疆维吾尔自治区(10) / 上海市(9),推荐(189) / 强烈推荐(38),满意(189) / 非常满意(38),成都攻略,D:\wzb\全部131个景点\成都攻略.pdf,D:\wzb\codex\data\全国旅游数据整合_2026-03-24\previews\asset_057.png
北大壶滑雪场,吉林市,吉林,运动休闲,4A,227,4.02,463.82,300.0,4.62,27.31,41.85,冬季(64) / 夏季(56),飞机+大巴(23) / 高铁+大巴(21) / 空调大巴(18),香港特别行政区(11) / 青海省(10) / 湖北省(10) / 广东省(9) / 澳门特别行政区(9),推荐(212) / 强烈推荐(15),满意(212) / 非常满意(15),,,
抚仙湖,玉溪市,云南,自然风光,4A,226,4.69,179.91,0.0,4.43,32.74,47.79,春季(62) / 冬季(59),高铁+大巴(28) / 飞机+大巴(24) / 空调大巴(22),山西省(11) / 吉林省(11) / 云南省(10) / 安徽省(10) / 江西省(9),强烈推荐(173) / 推荐(53),非常满意(173) / 满意(53),,,
四姑娘山,阿坝州,四川,自然风光,4A,226,4.62,308.01,150.0,4.55,30.97,43.36,夏季(63) / 冬季(57),高铁+大巴(25) / 飞机+大巴(23) / 空调大巴(22),湖南省(11) / 吉林省(11) / 西藏自治区(11) / 上海市(10) / 山西省(10),强烈推荐(157) / 推荐(69),非常满意(157) / 满意(69),四姑娘山,D:\wzb\全部131个景点\四姑娘山.pdf,D:\wzb\codex\data\全国旅游数据整合_2026-03-24\previews\asset_036.png
三明泰宁大金湖,三明市,福建,自然风光,5A,226,4.6,253.98,80.0,4.35,26.99,43.81,夏季(68) / 秋季(57),空调大巴(24) / 飞机+大巴(22) / 高铁+大巴(15),新疆维吾尔自治区(13) / 广西壮族自治区(12) / 黑龙江省(10) / 澳门特别行政区(10) / 山西省(10),强烈推荐(147) / 推荐(79),非常满意(147) / 满意(79),,,
娲皇宫,邯郸市,河北,宗教文化,5A,226,4.59,247.9,70.0,4.4,30.53,42.48,夏季(62) / 春季(60),空调大巴(29) / 飞机+大巴(21) / 高铁+大巴(19),甘肃省(10) / 宁夏回族自治区(10) / 上海市(10) / 江西省(10) / 江苏省(9),强烈推荐(140) / 推荐(86),非常满意(140) / 满意(86),,,
景德镇陶瓷博物馆,景德镇市,江西,文博院馆,4A,226,4.5,189.1,0.0,4.52,31.42,44.25,春季(60) / 秋季(56),飞机+大巴(24) / 空调大巴(24) / 高铁+大巴(23),澳门特别行政区(12) / 云南省(11) / 香港特别行政区(11) / 宁夏回族自治区(11) / 北京市(10),强烈推荐(119) / 推荐(107),非常满意(119) / 满意(107),,,
武夷山,南平市,福建,自然文化,5A,226,4.41,307.28,140.0,4.47,27.88,50.88,秋季(62) / 春季(57),空调大巴(25) / 飞机+大巴(21) / 高铁+大巴(17),新疆维吾尔自治区(12) / 西藏自治区(11) / 台湾省(11) / 海南省(10) / 湖北省(10),推荐(120) / 强烈推荐(106),满意(120) / 非常满意(106),武夷山旅游攻略,D:\wzb\全部131个景点\武夷山旅游攻略.pdf,D:\wzb\codex\data\全国旅游数据整合_2026-03-24\previews\asset_074.png
大兴安岭漠河北极村,大兴安岭地区,黑龙江,自然风光,4A,226,4.4,246.87,68.0,4.5,25.66,46.02,春季(59) / 夏季(59),飞机+大巴(26) / 空调大巴(17) / 高铁+大巴(15),内蒙古自治区(16) / 湖北省(13) / 浙江省(9) / 北京市(9) / 江苏省(9),推荐(123) / 强烈推荐(103),满意(123) / 非常满意(103),,,
红旗渠,安阳市,河南,红色旅游,5A,226,4.36,257.0,80.0,4.4,32.74,42.04,夏季(63) / 冬季(58),高铁+大巴(27) / 空调大巴(25) / 飞机+大巴(22),安徽省(12) / 青海省(11) / 内蒙古自治区(9) / 澳门特别行政区(9) / 陕西省(9),推荐(136) / 强烈推荐(90),满意(136) / 非常满意(90),,,
八里沟,新乡市,河南,自然风光,4A,226,4.32,268.88,80.0,4.53,27.43,43.81,冬季(59) / 春季(59),空调大巴(23) / 高铁+大巴(20) / 飞机+大巴(19),重庆市(14) / 湖南省(13) / 江苏省(12) / 新疆维吾尔自治区(10) / 北京市(9),推荐(137) / 强烈推荐(89),满意(137) / 非常满意(89),,,
天门陆羽故里,天门市,湖北,历史文化,4A,226,4.3,218.92,60.0,4.16,28.32,42.92,夏季(64) / 春季(64),飞机+大巴(26) / 高铁+大巴(23) / 空调大巴(15),贵州省(12) / 四川省(11) / 西藏自治区(10) / 陕西省(10) / 山西省(9),推荐(151) / 强烈推荐(75),满意(151) / 非常满意(75),,,
泸沽湖,凉山州,四川,自然风光,4A,226,4.28,268.26,70.0,4.61,33.63,52.21,冬季(67) / 秋季(57),高铁+大巴(34) / 空调大巴(23) / 飞机+大巴(19),青海省(13) / 云南省(12) / 江苏省(11) / 安徽省(11) / 河南省(10),推荐(156) / 强烈推荐(70),满意(156) / 非常满意(70),泸沽湖,D:\wzb\全部131个景点\泸沽湖.pdf,D:\wzb\codex\data\全国旅游数据整合_2026-03-24\previews\asset_079.png
东莞可园,东莞市,广东,历史建筑,4A,226,4.02,180.27,8.0,4.45,31.42,46.46,春季(65) / 秋季(58),空调大巴(27) / 飞机+大巴(24) / 高铁+大巴(20),宁夏回族自治区(12) / 澳门特别行政区(11) / 福建省(11) / 陕西省(11) / 浙江省(10),推荐(213) / 强烈推荐(13),满意(213) / 非常满意(13),,,
南山文化旅游区,三亚市,海南,宗教文化,5A,225,4.74,305.71,129.0,4.62,27.11,44.44,夏季(63) / 春季(59),飞机+大巴(25) / 空调大巴(20) / 高铁+大巴(16),四川省(12) / 吉林省(11) / 河北省(10) / 湖北省(10) / 台湾省(10),强烈推荐(191) / 推荐(34),非常满意(191) / 满意(34),三亚旅游攻略,D:\wzb\全部131个景点\三亚旅游攻略.pdf,D:\wzb\codex\data\全国旅游数据整合_2026-03-24\previews\asset_003.png
清江画廊,宜昌市,湖北,自然风光,5A,225,4.74,267.35,100.0,4.66,29.33,46.67,冬季(62) / 秋季(61),高铁+大巴(28) / 空调大巴(20) / 飞机+大巴(18),江西省(12) / 西藏自治区(12) / 北京市(11) / 澳门特别行政区(10) / 天津市(9),强烈推荐(186) / 推荐(39),非常满意(186) / 满意(39),,,
南浔古镇,湖州市,浙江,古镇风情,5A,225,4.69,263.44,80.0,4.37,30.22,46.67,春季(67) / 夏季(58),飞机+大巴(27) / 高铁+大巴(22) / 空调大巴(19),上海市(11) / 福建省(10) / 海南省(10) / 黑龙江省(10) / 香港特别行政区(10),强烈推荐(171) / 推荐(54),非常满意(171) / 满意(54),,,
皇城相府,晋城市,山西,历史建筑,5A,225,4.6,294.89,120.0,4.56,30.67,48.44,秋季(67) / 冬季(58),高铁+大巴(25) / 飞机+大巴(24) / 空调大巴(20),天津市(12) / 广西壮族自治区(11) / 安徽省(11) / 甘肃省(10) / 福建省(10),强烈推荐(143) / 推荐(82),非常满意(143) / 满意(82),,,
黄石国家矿山公园,黄石市,湖北,工业旅游,4A,225,4.5,235.56,50.0,4.77,28.44,48.44,春季(62) / 夏季(59),飞机+大巴(26) / 空调大巴(20) / 高铁+大巴(18),湖北省(18) / 北京市(11) / 安徽省(11) / 贵州省(10) / 陕西省(10),强烈推荐(123) / 推荐(102),非常满意(123) / 满意(102),,,
井冈山,吉安市,江西,红色旅游,5A,225,4.47,338.93,165.0,4.47,29.33,45.78,春季(62) / 秋季(60),飞机+大巴(24) / 高铁+大巴(22) / 空调大巴(20),重庆市(12) / 山东省(11) / 浙江省(11) / 辽宁省(10) / 内蒙古自治区(10),推荐(113) / 强烈推荐(112),满意(113) / 非常满意(112),,,
蓬莱阁,烟台市,山东,历史文化,5A,225,4.47,260.72,100.0,4.53,28.89,52.0,夏季(61) / 冬季(59),飞机+大巴(24) / 空调大巴(24) / 高铁+大巴(17),广东省(11) / 北京市(10) / 宁夏回族自治区(10) / 内蒙古自治区(10) / 山东省(10),强烈推荐(114) / 推荐(111),非常满意(114) / 满意(111),蓬莱旅游攻略,D:\wzb\全部131个景点\蓬莱旅游攻略.pdf,D:\wzb\codex\data\全国旅游数据整合_2026-03-24\previews\asset_103.png
国家博物馆,北京市,北京,文博院馆,4A,225,4.4,161.72,0.0,4.65,27.56,48.0,夏季(65) / 冬季(61),高铁+大巴(23) / 飞机+大巴(23) / 空调大巴(16),湖北省(13) / 辽宁省(9) / 内蒙古自治区(9) / 江苏省(8) / 福建省(8),推荐(123) / 强烈推荐(102),满意(123) / 非常满意(102),北京,D:\wzb\全部131个景点\北京.pdf,D:\wzb\codex\data\全国旅游数据整合_2026-03-24\previews\asset_018.png
威海华夏城,威海市,山东,主题公园,5A,225,4.39,264.93,98.0,4.65,28.44,44.0,夏季(60) / 秋季(58),飞机+大巴(28) / 空调大巴(21) / 高铁+大巴(15),甘肃省(12) / 香港特别行政区(11) / 河北省(11) / 云南省(10) / 海南省(10),推荐(129) / 强烈推荐(96),满意(129) / 非常满意(96),威海旅游攻略,D:\wzb\全部131个景点\威海旅游攻略.pdf,D:\wzb\codex\data\全国旅游数据整合_2026-03-24\previews\asset_042.png
铁岭龙首山,铁岭市,辽宁,自然风光,4A,225,4.32,180.8,0.0,4.41,28.0,46.67,冬季(59) / 春季(58),飞机+大巴(22) / 空调大巴(21) / 高铁+大巴(20),河南省(12) / 黑龙江省(11) / 宁夏回族自治区(10) / 浙江省(10) / 青海省(10),推荐(130) / 强烈推荐(95),满意(130) / 非常满意(95),,,
黑河瑷珲古城,黑河市,黑龙江,历史文化,4A,225,4.32,222.05,50.0,4.4,28.44,44.89,春季(60) / 冬季(56),飞机+大巴(31) / 空调大巴(18) / 高铁+大巴(15),江苏省(12) / 北京市(11) / 甘肃省(11) / 云南省(10) / 澳门特别行政区(10),推荐(143) / 强烈推荐(82),满意(143) / 非常满意(82),,,
大同火山群,大同市,山西,自然奇观,4A,225,4.3,189.59,0.0,4.53,34.22,43.11,秋季(60) / 夏季(55),高铁+大巴(31) / 空调大巴(24) / 飞机+大巴(22),陕西省(13) / 广西壮族自治区(12) / 江苏省(12) / 河南省(12) / 台湾省(9),推荐(150) / 强烈推荐(75),满意(150) / 非常满意(75),大同,D:\wzb\全部131个景点\大同.pdf,D:\wzb\codex\data\全国旅游数据整合_2026-03-24\previews\asset_037.png
梅里雪山,迪庆州,云南,自然风光,4A,225,4.24,332.66,150.0,4.49,26.22,44.44,秋季(68) / 春季(59),高铁+大巴(25) / 飞机+大巴(20) / 空调大巴(14),湖南省(10) / 江苏省(9) / 香港特别行政区(9) / 云南省(9) / 安徽省(9),推荐(148) / 强烈推荐(77),满意(148) / 非常满意(77),,,
延边朝鲜族民俗园,延边州,吉林,民俗文化,4A,225,4.1,211.28,30.0,4.37,31.11,48.89,冬季(65) / 夏季(58),空调大巴(25) / 飞机+大巴(23) / 高铁+大巴(22),福建省(13) / 云南省(12) / 广东省(11) / 西藏自治区(10) / 香港特别行政区(9),推荐(196) / 强烈推荐(29),满意(196) / 非常满意(29),,,
苏州园林,苏州市,江苏,历史文化,5A,224,4.74,240.44,90.0,4.23,31.25,42.86,秋季(67) / 夏季(62),高铁+大巴(24) / 空调大巴(23) / 飞机+大巴(23),湖南省(12) / 云南省(11) / 澳门特别行政区(10) / 海南省(9) / 河北省(9),强烈推荐(193) / 推荐(31),非常满意(193) / 满意(31),苏州旅游攻略,D:\wzb\全部131个景点\苏州旅游攻略.pdf,D:\wzb\codex\data\全国旅游数据整合_2026-03-24\previews\asset_101.png
韶山,湘潭市,湖南,红色旅游,5A,224,4.7,233.91,60.0,4.43,29.91,38.39,春季(67) / 秋季(64),飞机+大巴(25) / 高铁+大巴(23) / 空调大巴(19),河南省(12) / 海南省(11) / 西藏自治区(10) / 江苏省(10) / 浙江省(9),强烈推荐(173) / 推荐(51),非常满意(173) / 满意(51),,,
镜泊湖,牡丹江市,黑龙江,自然风光,5A,224,4.67,270.72,100.0,4.31,30.8,44.2,夏季(63) / 冬季(63),飞机+大巴(26) / 高铁+大巴(24) / 空调大巴(19),浙江省(13) / 河南省(11) / 云南省(11) / 甘肃省(9) / 内蒙古自治区(9),强烈推荐(165) / 推荐(59),非常满意(165) / 满意(59),,,
八达岭长城,北京市,北京,历史文化,5A,224,4.6,200.92,40.0,4.46,32.59,42.86,春季(61) / 夏季(59),空调大巴(31) / 高铁+大巴(22) / 飞机+大巴(20),河南省(15) / 山东省(10) / 四川省(10) / 浙江省(10) / 贵州省(10),强烈推荐(144) / 推荐(80),非常满意(144) / 满意(80),北京,D:\wzb\全部131个景点\北京.pdf,D:\wzb\codex\data\全国旅游数据整合_2026-03-24\previews\asset_018.png
正定隆兴寺,石家庄市,河北,宗教文化,4A,224,4.5,245.77,50.0,4.64,30.8,48.66,夏季(65) / 春季(55),飞机+大巴(27) / 高铁+大巴(23) / 空调大巴(19),新疆维吾尔自治区(11) / 江苏省(11) / 内蒙古自治区(10) / 重庆市(10) / 陕西省(10),强烈推荐(123) / 推荐(101),非常满意(123) / 满意(101),,,
龙门石窟,洛阳市,河南,历史文化,5A,224,4.5,261.16,90.0,4.74,27.68,48.21,春季(60) / 夏季(58),空调大巴(23) / 高铁+大巴(20) / 飞机+大巴(19),西藏自治区(10) / 宁夏回族自治区(10) / 广东省(10) / 河南省(10) / 江苏省(10),强烈推荐(118) / 推荐(106),非常满意(118) / 满意(106),洛阳,D:\wzb\全部131个景点\洛阳.pdf,D:\wzb\codex\data\全国旅游数据整合_2026-03-24\previews\asset_080.png
荆州古城,荆州市,湖北,历史文化,4A,224,4.48,220.78,35.0,4.46,30.36,37.95,冬季(65) / 春季(62),飞机+大巴(26) / 高铁+大巴(22) / 空调大巴(20),湖南省(15) / 天津市(11) / 河南省(10) / 浙江省(10) / 台湾省(9),强烈推荐(115) / 推荐(109),非常满意(115) / 满意(109),,,
北京野生动物园,北京市,北京,动物园,4A,224,4.4,321.32,150.0,4.51,29.91,43.75,秋季(65) / 春季(62),高铁+大巴(31) / 空调大巴(20) / 飞机+大巴(16),江苏省(13) / 辽宁省(12) / 海南省(11) / 广西壮族自治区(10) / 湖南省(9),推荐(127) / 强烈推荐(97),满意(127) / 非常满意(97),北京,D:\wzb\全部131个景点\北京.pdf,D:\wzb\codex\data\全国旅游数据整合_2026-03-24\previews\asset_018.png
青岛啤酒博物馆,青岛市,山东,工业旅游,4A,224,4.39,241.64,60.0,4.33,29.02,49.55,冬季(61) / 秋季(58),飞机+大巴(28) / 高铁+大巴(22) / 空调大巴(15),浙江省(14) / 香港特别行政区(12) / 河南省(12) / 山西省(10) / 江苏省(10),推荐(121) / 强烈推荐(103),满意(121) / 非常满意(103),青岛旅游攻略,D:\wzb\全部131个景点\青岛旅游攻略.pdf,D:\wzb\codex\data\全国旅游数据整合_2026-03-24\previews\asset_124.png
朝阳凤凰山,朝阳市,辽宁,自然文化,4A,224,4.23,213.55,60.0,4.64,30.8,45.09,冬季(66) / 夏季(56),高铁+大巴(26) / 飞机+大巴(24) / 空调大巴(19),广东省(10) / 江苏省(10) / 台湾省(10) / 贵州省(9) / 江西省(9),推荐(162) / 强烈推荐(62),满意(162) / 非常满意(62),凤凰,D:\wzb\全部131个景点\凤凰.pdf,D:\wzb\codex\data\全国旅游数据整合_2026-03-24\previews\asset_017.png
廊坊天下第一城,廊坊市,河北,主题公园,4A,224,4.11,256.77,80.0,4.66,35.27,54.46,冬季(64) / 秋季(59),飞机+大巴(30) / 高铁+大巴(28) / 空调大巴(21),福建省(13) / 江苏省(13) / 澳门特别行政区(12) / 河南省(11) / 台湾省(11),推荐(184) / 强烈推荐(40),满意(184) / 非常满意(40),,,
北京植物园,北京市,北京,植物园,4A,224,3.99,182.53,10.0,4.45,28.12,42.86,夏季(62) / 春季(60),高铁+大巴(24) / 飞机+大巴(20) / 空调大巴(19),台湾省(11) / 上海市(10) / 青海省(10) / 陕西省(10) / 天津市(9),推荐(209) / 强烈推荐(15),满意(209) / 非常满意(15),北京,D:\wzb\全部131个景点\北京.pdf,D:\wzb\codex\data\全国旅游数据整合_2026-03-24\previews\asset_018.png
锦里,成都市,四川,历史文化,3A,224,3.68,178.66,0.0,4.54,32.59,44.64,春季(64) / 冬季(60),高铁+大巴(32) / 飞机+大巴(26) / 空调大巴(15),台湾省(12) / 天津市(12) / 北京市(11) / 河南省(11) / 广东省(10),推荐(164) / 一般(60),满意(164) / 一般(60),成都攻略,D:\wzb\全部131个景点\成都攻略.pdf,D:\wzb\codex\data\全国旅游数据整合_2026-03-24\previews\asset_057.png
张家界武陵源,张家界市,湖南,自然风光,5A,223,4.79,406.12,225.0,4.41,34.08,40.81,夏季(62) / 秋季(58),空调大巴(30) / 高铁+大巴(23) / 飞机+大巴(23),西藏自治区(16) / 广西壮族自治区(13) / 安徽省(11) / 青海省(11) / 四川省(10),强烈推荐(189) / 推荐(34),非常满意(189) / 满意(34),张家界,D:\wzb\全部131个景点\张家界.pdf,D:\wzb\codex\data\全国旅游数据整合_2026-03-24\previews\asset_055.png
都江堰,成都市,四川,历史遗址,5A,223,4.59,280.11,90.0,4.2,31.84,47.09,春季(58) / 夏季(57),飞机+大巴(28) / 高铁+大巴(26) / 空调大巴(17),辽宁省(13) / 海南省(13) / 北京市(11) / 贵州省(10) / 陕西省(10),强烈推荐(138) / 推荐(85),非常满意(138) / 满意(85),都江堰,D:\wzb\全部131个景点\都江堰.pdf,D:\wzb\codex\data\全国旅游数据整合_2026-03-24\previews\asset_114.png
上海大观园,上海市,上海,主题公园,4A,223,4.43,237.93,60.0,4.36,32.74,42.15,春季(66) / 秋季(57),空调大巴(29) / 飞机+大巴(24) / 高铁+大巴(20),宁夏回族自治区(14) / 河北省(11) / 湖南省(10) / 河南省(10) / 云南省(9),推荐(119) / 强烈推荐(104),满意(119) / 非常满意(104),上海旅游攻略,D:\wzb\全部131个景点\上海旅游攻略.pdf,D:\wzb\codex\data\全国旅游数据整合_2026-03-24\previews\asset_005.png
西双版纳热带植物园,西双版纳州,云南,植物园,5A,223,4.4,249.22,80.0,4.44,27.35,45.74,春季(67) / 秋季(62),飞机+大巴(26) / 空调大巴(18) / 高铁+大巴(17),河南省(11) / 广西壮族自治区(10) / 海南省(10) / 湖北省(9) / 辽宁省(8),推荐(120) / 强烈推荐(103),满意(120) / 非常满意(103),西双版纳,D:\wzb\全部131个景点\西双版纳.pdf,D:\wzb\codex\data\全国旅游数据整合_2026-03-24\previews\asset_106.png
王家大院,晋中市,山西,历史建筑,4A,223,4.33,227.95,55.0,4.32,29.15,50.22,冬季(69) / 春季(58),飞机+大巴(25) / 高铁+大巴(22) / 空调大巴(18),香港特别行政区(13) / 四川省(11) / 澳门特别行政区(10) / 江苏省(10) / 天津市(10),推荐(136) / 强烈推荐(87),满意(136) / 非常满意(87),,,
三坊七巷,福州市,福建,历史文化,5A,223,4.31,193.65,0.0,4.64,35.87,46.19,秋季(67) / 春季(55),飞机+大巴(35) / 高铁+大巴(24) / 空调大巴(21),贵州省(13) / 山西省(11) / 安徽省(11) / 陕西省(9) / 澳门特别行政区(8),推荐(136) / 强烈推荐(87),满意(136) / 非常满意(87),福州旅游攻略,D:\wzb\全部131个景点\福州旅游攻略.pdf,D:\wzb\codex\data\全国旅游数据整合_2026-03-24\previews\asset_094.png
上海杜莎夫人蜡像馆,上海市,上海,主题展览,4A,223,4.31,375.21,190.0,4.54,33.18,41.7,春季(66) / 夏季(65),空调大巴(27) / 高铁+大巴(26) / 飞机+大巴(21),湖北省(10) / 宁夏回族自治区(10) / 北京市(9) / 山东省(9) / 四川省(8),推荐(143) / 强烈推荐(80),满意(143) / 非常满意(80),上海旅游攻略,D:\wzb\全部131个景点\上海旅游攻略.pdf,D:\wzb\codex\data\全国旅游数据整合_2026-03-24\previews\asset_005.png
南京博物院,南京市,江苏,文博院馆,4A,223,4.0,174.73,0.0,4.48,28.7,47.98,秋季(71) / 春季(61),高铁+大巴(27) / 飞机+大巴(23) / 空调大巴(14),海南省(13) / 浙江省(13) / 江西省(11) / 西藏自治区(10) / 辽宁省(9),推荐(208) / 强烈推荐(15),满意(208) / 非常满意(15),南京旅游攻略,D:\wzb\全部131个景点\南京旅游攻略.pdf,D:\wzb\codex\data\全国旅游数据整合_2026-03-24\previews\asset_024.png
太姥山,宁德市,福建,自然风光,5A,222,4.75,285.77,130.0,4.58,31.53,43.69,秋季(61) / 春季(60),飞机+大巴(25) / 高铁+大巴(24) / 空调大巴(21),浙江省(14) / 福建省(11) / 海南省(11) / 湖南省(9) / 西藏自治区(9),强烈推荐(186) / 推荐(36),非常满意(186) / 满意(36),,,
天柱山,安庆市,安徽,自然风光,5A,222,4.64,304.97,130.0,4.6,31.08,46.85,春季(61) / 夏季(55),空调大巴(24) / 飞机+大巴(23) / 高铁+大巴(22),河南省(13) / 天津市(11) / 湖南省(10) / 新疆维吾尔自治区(10) / 辽宁省(9),强烈推荐(156) / 推荐(66),非常满意(156) / 满意(66),,,
虎跳峡,迪庆州,云南,自然风光,4A,222,4.62,239.64,65.0,4.65,28.38,49.1,冬季(61) / 秋季(58),高铁+大巴(24) / 飞机+大巴(20) / 空调大巴(19),天津市(11) / 福建省(11) / 湖北省(10) / 重庆市(9) / 云南省(9),强烈推荐(151) / 推荐(71),非常满意(151) / 满意(71),,,
天坛公园,北京市,北京,历史文化,5A,222,4.6,178.44,15.0,4.25,29.28,44.14,秋季(61) / 冬季(59),飞机+大巴(24) / 高铁+大巴(22) / 空调大巴(19),海南省(15) / 河南省(13) / 浙江省(11) / 湖南省(10) / 云南省(9),强烈推荐(148) / 推荐(74),非常满意(148) / 满意(74),北京,D:\wzb\全部131个景点\北京.pdf,D:\wzb\codex\data\全国旅游数据整合_2026-03-24\previews\asset_018.png
上海迪士尼乐园,上海市,上海,主题公园,5A,222,4.59,579.63,399.0,4.64,28.38,46.4,春季(64) / 冬季(59),高铁+大巴(26) / 空调大巴(23) / 飞机+大巴(14),西藏自治区(16) / 河南省(12) / 天津市(11) / 广西壮族自治区(10) / 贵州省(9),强烈推荐(140) / 推荐(82),非常满意(140) / 满意(82),上海旅游攻略,D:\wzb\全部131个景点\上海旅游攻略.pdf,D:\wzb\codex\data\全国旅游数据整合_2026-03-24\previews\asset_005.png
泉州清境桃源,泉州市,福建,自然风光,4A,222,4.58,246.29,50.0,4.58,33.78,46.85,夏季(68) / 秋季(56),高铁+大巴(28) / 空调大巴(24) / 飞机+大巴(23),青海省(12) / 北京市(11) / 吉林省(10) / 广东省(10) / 贵州省(9),强烈推荐(138) / 推荐(84),非常满意(138) / 满意(84),,,
太原汾河公园,太原市,山西,城市公园,4A,222,4.37,187.32,0.0,4.53,23.42,44.14,春季(68) / 冬季(54),高铁+大巴(20) / 飞机+大巴(18) / 空调大巴(14),福建省(13) / 甘肃省(11) / 香港特别行政区(11) / 天津市(10) / 贵州省(10),推荐(128) / 强烈推荐(94),满意(128) / 非常满意(94),太原,D:\wzb\全部131个景点\太原.pdf,D:\wzb\codex\data\全国旅游数据整合_2026-03-24\previews\asset_041.png
淄博周村古商城,淄博市,山东,古镇风情,4A,222,4.36,228.48,70.0,4.82,27.03,50.45,夏季(63) / 春季(58),空调大巴(22) / 飞机+大巴(19) / 高铁+大巴(19),山东省(11) / 广西壮族自治区(11) / 西藏自治区(11) / 湖南省(10) / 北京市(10),推荐(134) / 强烈推荐(88),满意(134) / 非常满意(88),,,
柳叶湖,常德市,湖南,自然风光,4A,222,4.3,160.06,0.0,4.54,36.04,45.5,秋季(69) / 夏季(53),高铁+大巴(30) / 飞机+大巴(27) / 空调大巴(23),四川省(13) / 广西壮族自治区(13) / 河南省(12) / 江苏省(12) / 新疆维吾尔自治区(11),推荐(141) / 强烈推荐(81),满意(141) / 非常满意(81),,,
随州炎帝故里,随州市,湖北,历史文化,4A,222,4.19,246.72,60.0,4.49,31.08,46.4,冬季(68) / 春季(63),飞机+大巴(26) / 高铁+大巴(22) / 空调大巴(21),宁夏回族自治区(13) / 海南省(12) / 澳门特别行政区(11) / 上海市(11) / 吉林省(10),推荐(167) / 强烈推荐(55),满意(167) / 非常满意(55),,,
太行大峡谷,安阳市,河南,自然风光,4A,222,4.13,318.17,140.0,4.44,27.93,42.34,秋季(58) / 夏季(56),高铁+大巴(25) / 飞机+大巴(20) / 空调大巴(17),台湾省(14) / 澳门特别行政区(11) / 吉林省(11) / 河南省(11) / 陕西省(10),推荐(185) / 强烈推荐(37),满意(185) / 非常满意(37),,,
河池巴马长寿村,河池市,广西,民俗文化,4A,222,4.09,181.18,0.0,4.47,36.04,41.89,春季(66) / 夏季(58),高铁+大巴(29) / 空调大巴(27) / 飞机+大巴(24),黑龙江省(12) / 贵州省(10) / 辽宁省(10) / 青海省(9) / 海南省(9),推荐(196) / 强烈推荐(26),满意(196) / 非常满意(26),,,
沙家浜,苏州市,江苏,红色旅游,5A,221,4.75,276.72,100.0,4.79,30.77,53.85,夏季(63) / 冬季(58),飞机+大巴(25) / 空调大巴(24) / 高铁+大巴(19),云南省(12) / 湖北省(11) / 西藏自治区(11) / 宁夏回族自治区(8) / 甘肃省(8),强烈推荐(195) / 推荐(26),非常满意(195) / 满意(26),苏州旅游攻略,D:\wzb\全部131个景点\苏州旅游攻略.pdf,D:\wzb\codex\data\全国旅游数据整合_2026-03-24\previews\asset_101.png
南宁青秀山,南宁市,广西,自然风光,5A,221,4.66,187.93,20.0,4.33,27.6,45.7,冬季(60) / 秋季(57),高铁+大巴(23) / 飞机+大巴(20) / 空调大巴(18),浙江省(15) / 上海市(14) / 西藏自治区(12) / 河北省(10) / 新疆维吾尔自治区(10),强烈推荐(157) / 推荐(64),非常满意(157) / 满意(64),南宁旅游攻略,D:\wzb\全部131个景点\南宁旅游攻略.pdf,D:\wzb\codex\data\全国旅游数据整合_2026-03-24\previews\asset_025.png
襄阳古隆中,襄阳市,湖北,历史文化,5A,221,4.61,248.56,87.0,4.57,31.67,48.42,秋季(58) / 冬季(57),高铁+大巴(26) / 飞机+大巴(24) / 空调大巴(20),贵州省(14) / 宁夏回族自治区(11) / 澳门特别行政区(11) / 广东省(11) / 西藏自治区(10),强烈推荐(152) / 推荐(69),非常满意(152) / 满意(69),,,
上海野生动物园,上海市,上海,动物园,5A,221,4.43,333.48,165.0,4.52,30.32,47.51,秋季(63) / 春季(56),高铁+大巴(31) / 飞机+大巴(20) / 空调大巴(16),上海市(13) / 贵州省(12) / 甘肃省(11) / 陕西省(10) / 广东省(10),强烈推荐(115) / 推荐(106),非常满意(115) / 满意(106),上海旅游攻略,D:\wzb\全部131个景点\上海旅游攻略.pdf,D:\wzb\codex\data\全国旅游数据整合_2026-03-24\previews\asset_005.png
龙岩冠豸山,龙岩市,福建,自然风光,4A,221,4.4,290.46,115.0,4.5,32.13,50.68,秋季(62) / 夏季(56),飞机+大巴(28) / 高铁+大巴(26) / 空调大巴(17),海南省(13) / 辽宁省(12) / 澳门特别行政区(10) / 天津市(9) / 北京市(9),推荐(124) / 强烈推荐(97),满意(124) / 非常满意(97),,,
咸宁九宫山,咸宁市,湖北,自然风光,4A,221,4.33,234.82,60.0,4.57,28.51,43.44,夏季(62) / 春季(58),空调大巴(24) / 飞机+大巴(21) / 高铁+大巴(18),台湾省(11) / 江苏省(10) / 湖北省(10) / 黑龙江省(10) / 广东省(10),推荐(135) / 强烈推荐(86),满意(135) / 非常满意(86),,,
铜陵天井湖,铜陵市,安徽,自然风光,4A,221,4.21,156.94,0.0,4.38,27.15,45.25,夏季(68) / 冬季(60),飞机+大巴(22) / 空调大巴(20) / 高铁+大巴(18),上海市(12) / 西藏自治区(11) / 广东省(11) / 陕西省(10) / 青海省(10),推荐(164) / 强烈推荐(57),满意(164) / 非常满意(57),,,
仙桃梦里水乡,仙桃市,湖北,自然风光,4A,221,4.18,296.06,100.0,4.69,28.05,44.34,春季(63) / 夏季(57),高铁+大巴(25) / 飞机+大巴(20) / 空调大巴(17),广东省(12) / 陕西省(10) / 内蒙古自治区(10) / 甘肃省(9) / 贵州省(9),推荐(173) / 强烈推荐(48),满意(173) / 非常满意(48),,,
沈阳世博园,沈阳市,辽宁,主题公园,5A,220,4.65,226.53,50.0,4.53,30.45,41.36,冬季(63) / 秋季(55),空调大巴(24) / 飞机+大巴(24) / 高铁+大巴(19),吉林省(10) / 湖南省(9) / 西藏自治区(9) / 湖北省(8) / 黑龙江省(8),强烈推荐(162) / 推荐(58),非常满意(162) / 满意(58),沈阳旅游攻略,D:\wzb\全部131个景点\沈阳旅游攻略.pdf,D:\wzb\codex\data\全国旅游数据整合_2026-03-24\previews\asset_077.png
杭州西溪湿地,杭州市,浙江,自然风光,5A,220,4.61,263.83,80.0,4.48,35.91,43.18,夏季(75) / 秋季(53),高铁+大巴(27) / 飞机+大巴(27) / 空调大巴(25),陕西省(12) / 香港特别行政区(11) / 广西壮族自治区(10) / 山西省(9) / 浙江省(9),强烈推荐(145) / 推荐(75),非常满意(145) / 满意(75),杭州攻略,D:\wzb\全部131个景点\杭州攻略.pdf,D:\wzb\codex\data\全国旅游数据整合_2026-03-24\previews\asset_070.png
台州神仙居,台州市,浙江,自然风光,5A,220,4.6,273.66,110.0,4.72,29.55,45.45,秋季(64) / 夏季(58),空调大巴(23) / 飞机+大巴(21) / 高铁+大巴(21),河北省(12) / 福建省(12) / 湖南省(11) / 新疆维吾尔自治区(11) / 湖北省(10),强烈推荐(142) / 推荐(78),非常满意(142) / 满意(78),,,
龙湾群国家森林公园,通化市,吉林,自然风光,4A,220,4.49,211.18,50.0,4.29,32.27,57.73,秋季(68) / 冬季(61),高铁+大巴(32) / 飞机+大巴(21) / 空调大巴(18),河南省(11) / 内蒙古自治区(11) / 黑龙江省(11) / 四川省(10) / 陕西省(10),强烈推荐(120) / 推荐(100),非常满意(120) / 满意(100),,,
曲阜三孔,济宁市,山东,历史文化,5A,220,4.39,296.6,140.0,4.45,31.82,51.82,春季(64) / 秋季(55),飞机+大巴(25) / 空调大巴(24) / 高铁+大巴(21),陕西省(15) / 西藏自治区(12) / 内蒙古自治区(12) / 澳门特别行政区(10) / 安徽省(10),推荐(133) / 强烈推荐(87),满意(133) / 非常满意(87),曲阜旅游攻略,D:\wzb\全部131个景点\曲阜旅游攻略.pdf,D:\wzb\codex\data\全国旅游数据整合_2026-03-24\previews\asset_068.png
上饶集中营,上饶市,江西,红色旅游,4A,220,4.3,165.99,0.0,4.65,30.45,48.64,春季(62) / 冬季(54),飞机+大巴(24) / 高铁+大巴(22) / 空调大巴(21),山东省(11) / 重庆市(10) / 河南省(9) / 广东省(9) / 台湾省(9),推荐(142) / 强烈推荐(78),满意(142) / 非常满意(78),,,
碛口古镇,吕梁市,山西,古镇风情,4A,220,4.21,169.22,0.0,4.38,37.27,42.73,秋季(58) / 夏季(57),高铁+大巴(30) / 飞机+大巴(27) / 空调大巴(25),甘肃省(13) / 西藏自治区(12) / 青海省(11) / 湖南省(10) / 广东省(10),推荐(160) / 强烈推荐(60),满意(160) / 非常满意(60),,,
鸡公山,信阳市,河南,自然风光,4A,220,4.19,233.88,60.0,4.33,27.27,51.36,春季(62) / 秋季(55),空调大巴(22) / 高铁+大巴(20) / 飞机+大巴(18),香港特别行政区(11) / 浙江省(10) / 河南省(10) / 安徽省(9) / 上海市(9),推荐(165) / 强烈推荐(55),满意(165) / 非常满意(55),,,
朱家角古镇,上海市,上海,古镇风情,4A,220,4.08,242.86,60.0,4.75,29.09,48.18,秋季(66) / 春季(54),空调大巴(25) / 高铁+大巴(22) / 飞机+大巴(17),陕西省(11) / 宁夏回族自治区(10) / 福建省(10) / 河南省(9) / 四川省(9),推荐(187) / 强烈推荐(33),满意(187) / 非常满意(33),上海旅游攻略,D:\wzb\全部131个景点\上海旅游攻略.pdf,D:\wzb\codex\data\全国旅游数据整合_2026-03-24\previews\asset_005.png
雁荡山,温州市,浙江,自然风光,5A,219,4.69,281.11,90.0,4.58,30.59,38.36,春季(57) / 夏季(56),飞机+大巴(24) / 空调大巴(22) / 高铁+大巴(21),陕西省(12) / 天津市(11) / 宁夏回族自治区(11) / 四川省(10) / 安徽省(10),强烈推荐(171) / 推荐(48),非常满意(171) / 满意(48),雁荡山攻略,D:\wzb\全部131个景点\雁荡山攻略.pdf,D:\wzb\codex\data\全国旅游数据整合_2026-03-24\previews\asset_122.png
本溪水洞,本溪市,辽宁,自然奇观,5A,219,4.68,284.84,110.0,4.57,30.59,46.58,春季(58) / 秋季(57),高铁+大巴(24) / 空调大巴(23) / 飞机+大巴(20),山西省(13) / 香港特别行政区(11) / 福建省(9) / 陕西省(9) / 广东省(8),强烈推荐(163) / 推荐(56),非常满意(163) / 满意(56),,,
周庄古镇,苏州市,江苏,古镇风情,5A,219,4.6,273.0,100.0,4.48,32.88,45.21,冬季(58) / 夏季(55),飞机+大巴(29) / 高铁+大巴(23) / 空调大巴(20),湖南省(13) / 香港特别行政区(12) / 内蒙古自治区(9) / 云南省(9) / 山西省(9),强烈推荐(137) / 推荐(82),非常满意(137) / 满意(82),周庄旅游攻略,D:\wzb\全部131个景点\周庄旅游攻略.pdf,D:\wzb\codex\data\全国旅游数据整合_2026-03-24\previews\asset_033.png
开封府,开封市,河南,历史文化,4A,219,4.49,252.16,65.0,4.54,26.48,45.21,夏季(63) / 冬季(56),飞机+大巴(23) / 空调大巴(22) / 高铁+大巴(13),辽宁省(13) / 山东省(12) / 新疆维吾尔自治区(10) / 广东省(10) / 重庆市(10),强烈推荐(123) / 推荐(96),非常满意(123) / 满意(96),,,
陕西历史博物馆,西安市,陕西,文博院馆,4A,219,4.47,159.53,0.0,4.53,25.11,48.86,夏季(62) / 冬季(56),高铁+大巴(21) / 空调大巴(19) / 飞机+大巴(15),西藏自治区(10) / 海南省(10) / 天津市(9) / 江西省(9) / 安徽省(9),强烈推荐(117) / 推荐(102),非常满意(117) / 满意(102),西安,D:\wzb\全部131个景点\西安.pdf,D:\wzb\codex\data\全国旅游数据整合_2026-03-24\previews\asset_108.png
防川风景区,延边州,吉林,自然风光,4A,219,4.32,251.61,70.0,4.41,31.05,46.58,春季(61) / 秋季(56),高铁+大巴(27) / 飞机+大巴(22) / 空调大巴(19),甘肃省(10) / 海南省(10) / 北京市(10) / 河北省(9) / 江西省(9),推荐(143) / 强烈推荐(76),满意(143) / 非常满意(76),,,
中央大街,哈尔滨市,黑龙江,历史文化,4A,219,4.18,162.24,0.0,4.52,31.05,50.68,秋季(68) / 冬季(60),高铁+大巴(28) / 飞机+大巴(25) / 空调大巴(15),广东省(11) / 广西壮族自治区(11) / 西藏自治区(11) / 江西省(10) / 宁夏回族自治区(10),推荐(170) / 强烈推荐(49),满意(170) / 非常满意(49),哈尔滨旅游攻略,D:\wzb\全部131个景点\哈尔滨旅游攻略.pdf,D:\wzb\codex\data\全国旅游数据整合_2026-03-24\previews\asset_035.png
上海欢乐谷,上海市,上海,主题公园,4A,219,4.14,409.51,230.0,4.53,27.4,48.86,春季(65) / 夏季(55),高铁+大巴(24) / 空调大巴(22) / 飞机+大巴(14),甘肃省(13) / 天津市(12) / 江西省(9) / 澳门特别行政区(9) / 江苏省(9),推荐(182) / 强烈推荐(37),满意(182) / 非常满意(37),上海旅游攻略,D:\wzb\全部131个景点\上海旅游攻略.pdf,D:\wzb\codex\data\全国旅游数据整合_2026-03-24\previews\asset_005.png
深圳东部华侨城,深圳市,广东,主题公园,5A,218,4.83,359.49,180.0,4.45,29.36,49.08,秋季(59) / 夏季(57),飞机+大巴(23) / 空调大巴(21) / 高铁+大巴(20),广西壮族自治区(12) / 吉林省(12) / 河南省(11) / 陕西省(11) / 安徽省(10),强烈推荐(208) / 推荐(10),非常满意(208) / 满意(10),深圳旅游攻略,D:\wzb\全部131个景点\深圳旅游攻略.pdf,D:\wzb\codex\data\全国旅游数据整合_2026-03-24\previews\asset_085.png
宁德鸳鸯溪,宁德市,福建,自然风光,5A,218,4.78,259.14,78.0,4.53,27.52,49.54,夏季(56) / 春季(55),高铁+大巴(27) / 飞机+大巴(17) / 空调大巴(16),吉林省(11) / 浙江省(11) / 河南省(10) / 甘肃省(9) / 西藏自治区(9),强烈推荐(196) / 推荐(22),非常满意(196) / 满意(22),,,
橘子洲,长沙市,湖南,城市公园,5A,218,4.51,153.21,0.0,4.59,25.69,46.79,夏季(60) / 秋季(53),高铁+大巴(22) / 空调大巴(18) / 飞机+大巴(16),江西省(11) / 湖北省(10) / 青海省(10) / 吉林省(9) / 四川省(9),强烈推荐(125) / 推荐(93),非常满意(125) / 满意(93),长沙,D:\wzb\全部131个景点\长沙.pdf,D:\wzb\codex\data\全国旅游数据整合_2026-03-24\previews\asset_120.png
古徽州文化旅游区,黄山市,安徽,历史文化,5A,218,4.49,314.42,148.0,4.58,26.15,50.92,秋季(62) / 冬季(55),高铁+大巴(20) / 空调大巴(20) / 飞机+大巴(17),澳门特别行政区(11) / 天津市(10) / 西藏自治区(10) / 广西壮族自治区(10) / 河南省(10),强烈推荐(116) / 推荐(102),非常满意(116) / 满意(102),黄山,D:\wzb\全部131个景点\黄山.pdf,D:\wzb\codex\data\全国旅游数据整合_2026-03-24\previews\asset_133.png
鼓浪屿,厦门市,福建,历史文化,5A,218,4.49,268.65,90.0,4.47,28.9,45.41,冬季(61) / 春季(58),空调大巴(24) / 飞机+大巴(20) / 高铁+大巴(19),山西省(12) / 福建省(11) / 河南省(10) / 西藏自治区(9) / 四川省(9),强烈推荐(117) / 推荐(101),非常满意(117) / 满意(101),鼓浪屿旅游攻略,D:\wzb\全部131个景点\鼓浪屿旅游攻略.pdf,D:\wzb\codex\data\全国旅游数据整合_2026-03-24\previews\asset_137.png
鄱阳湖,九江市,江西,自然风光,4A,218,4.41,162.49,0.0,4.51,25.69,47.71,春季(66) / 夏季(54),空调大巴(21) / 飞机+大巴(18) / 高铁+大巴(17),山西省(13) / 海南省(12) / 北京市(10) / 江西省(10) / 宁夏回族自治区(10),推荐(113) / 强烈推荐(105),满意(113) / 非常满意(105),,,
琅琊山,滁州市,安徽,自然文化,4A,218,4.31,282.33,95.0,4.6,31.19,42.2,秋季(64) / 春季(58),空调大巴(26) / 高铁+大巴(25) / 飞机+大巴(17),河北省(12) / 青海省(12) / 安徽省(12) / 内蒙古自治区(11) / 陕西省(11),推荐(137) / 强烈推荐(81),满意(137) / 非常满意(81),,,
丽江古城,丽江市,云南,古镇风情,5A,217,4.78,243.11,80.0,4.35,32.26,51.15,春季(57) / 秋季(55),飞机+大巴(27) / 高铁+大巴(22) / 空调大巴(21),湖北省(12) / 内蒙古自治区(11) / 河南省(10) / 浙江省(10) / 上海市(9),强烈推荐(193) / 推荐(24),非常满意(193) / 满意(24),丽江攻略,D:\wzb\全部131个景点\丽江攻略.pdf,D:\wzb\codex\data\全国旅游数据整合_2026-03-24\previews\asset_008.png
剑门关,广元市,四川,历史文化,5A,217,4.61,280.12,105.0,4.59,35.48,45.62,冬季(59) / 秋季(59),高铁+大巴(27) / 空调大巴(27) / 飞机+大巴(23),辽宁省(12) / 河南省(11) / 甘肃省(9) / 海南省(9) / 西藏自治区(9),强烈推荐(148) / 推荐(69),非常满意(148) / 满意(69),,,
鄂州梁子湖,鄂州市,湖北,自然风光,4A,217,4.58,188.31,0.0,4.55,27.19,48.85,秋季(59) / 夏季(56),飞机+大巴(23) / 高铁+大巴(19) / 空调大巴(17),湖北省(13) / 海南省(10) / 甘肃省(10) / 安徽省(10) / 香港特别行政区(9),强烈推荐(140) / 推荐(77),非常满意(140) / 满意(77),,,
豫园,上海市,上海,历史建筑,4A,217,4.4,207.11,40.0,4.73,28.57,37.33,秋季(60) / 冬季(55),空调大巴(26) / 高铁+大巴(20) / 飞机+大巴(16),四川省(11) / 江苏省(10) / 黑龙江省(9) / 重庆市(9) / 云南省(9),推荐(120) / 强烈推荐(97),满意(120) / 非常满意(97),上海旅游攻略,D:\wzb\全部131个景点\上海旅游攻略.pdf,D:\wzb\codex\data\全国旅游数据整合_2026-03-24\previews\asset_005.png
北戴河,秦皇岛市,河北,自然风光,4A,217,4.26,161.35,0.0,4.52,29.95,48.85,冬季(65) / 春季(53),飞机+大巴(28) / 高铁+大巴(20) / 空调大巴(17),甘肃省(11) / 台湾省(10) / 内蒙古自治区(10) / 江苏省(10) / 贵州省(10),推荐(147) / 强烈推荐(70),满意(147) / 非常满意(70),北戴河旅游攻略,D:\wzb\全部131个景点\北戴河旅游攻略.pdf,D:\wzb\codex\data\全国旅游数据整合_2026-03-24\previews\asset_019.png
亳州花戏楼,亳州市,安徽,历史建筑,4A,217,4.19,232.02,60.0,4.36,33.18,48.85,春季(57) / 夏季(55),高铁+大巴(27) / 空调大巴(25) / 飞机+大巴(20),湖南省(10) / 浙江省(10) / 山西省(10) / 江西省(10) / 内蒙古自治区(9),推荐(162) / 强烈推荐(55),满意(162) / 非常满意(55),,,
北京动物园,北京市,北京,动物园,4A,217,3.99,193.06,15.0,4.45,25.81,46.08,秋季(69) / 夏季(56),飞机+大巴(21) / 高铁+大巴(20) / 空调大巴(15),上海市(11) / 黑龙江省(10) / 湖南省(10) / 辽宁省(10) / 吉林省(10),推荐(206) / 强烈推荐(11),满意(206) / 非常满意(11),北京,D:\wzb\全部131个景点\北京.pdf,D:\wzb\codex\data\全国旅游数据整合_2026-03-24\previews\asset_018.png
涠洲岛,北海市,广西,自然风光,5A,216,4.82,268.48,98.0,4.35,25.0,44.91,春季(62) / 秋季(62),空调大巴(21) / 高铁+大巴(19) / 飞机+大巴(14),香港特别行政区(12) / 辽宁省(11) / 福建省(11) / 甘肃省(10) / 安徽省(10),强烈推荐(208) / 推荐(8),非常满意(208) / 满意(8),北海旅游攻略,D:\wzb\全部131个景点\北海旅游攻略.pdf,D:\wzb\codex\data\全国旅游数据整合_2026-03-24\previews\asset_020.png
西递宏村,黄山市,安徽,古镇风情,5A,216,4.68,279.21,104.0,4.59,30.56,47.22,冬季(63) / 春季(58),高铁+大巴(25) / 飞机+大巴(21) / 空调大巴(20),安徽省(11) / 澳门特别行政区(10) / 福建省(9) / 天津市(9) / 新疆维吾尔自治区(9),强烈推荐(157) / 推荐(59),非常满意(157) / 满意(59),宏村旅游攻略,D:\wzb\全部131个景点\宏村旅游攻略.pdf,D:\wzb\codex\data\全国旅游数据整合_2026-03-24\previews\asset_045.png
和顺古镇,保山市,云南,古镇风情,4A,216,4.51,235.43,55.0,4.32,26.85,44.91,夏季(67) / 冬季(54),空调大巴(21) / 飞机+大巴(21) / 高铁+大巴(16),广西壮族自治区(12) / 陕西省(12) / 福建省(10) / 内蒙古自治区(9) / 重庆市(8),强烈推荐(122) / 推荐(94),非常满意(122) / 满意(94),,,
圆明园遗址公园,北京市,北京,历史遗址,4A,216,4.51,204.36,25.0,4.65,27.78,42.13,春季(57) / 夏季(56),空调大巴(22) / 飞机+大巴(19) / 高铁+大巴(19),河南省(12) / 宁夏回族自治区(11) / 云南省(10) / 澳门特别行政区(10) / 陕西省(10),强烈推荐(127) / 推荐(89),非常满意(127) / 满意(89),北京,D:\wzb\全部131个景点\北京.pdf,D:\wzb\codex\data\全国旅游数据整合_2026-03-24\previews\asset_018.png
五大连池,黑河市,黑龙江,自然奇观,5A,216,4.38,238.25,60.0,4.57,31.48,50.93,春季(67) / 夏季(61),高铁+大巴(27) / 飞机+大巴(24) / 空调大巴(17),湖北省(15) / 河北省(13) / 天津市(11) / 台湾省(9) / 四川省(9),推荐(119) / 强烈推荐(97),满意(119) / 非常满意(97),大连旅游攻略,D:\wzb\全部131个景点\大连旅游攻略.pdf,D:\wzb\codex\data\全国旅游数据整合_2026-03-24\previews\asset_039.png
太极洞,宣城市,安徽,自然奇观,4A,216,4.38,237.8,80.0,4.76,30.09,46.76,秋季(60) / 冬季(53),飞机+大巴(23) / 空调大巴(21) / 高铁+大巴(21),辽宁省(10) / 广西壮族自治区(10) / 宁夏回族自治区(9) / 山东省(9) / 河南省(9),推荐(131) / 强烈推荐(85),满意(131) / 非常满意(85),,,
茂陵,咸阳市,陕西,历史遗址,4A,216,4.3,246.14,80.0,4.41,31.48,47.69,秋季(61) / 冬季(57),高铁+大巴(29) / 空调大巴(22) / 飞机+大巴(17),西藏自治区(12) / 四川省(10) / 浙江省(10) / 广东省(9) / 江苏省(9),推荐(141) / 强烈推荐(75),满意(141) / 非常满意(75),,,
贺州黄姚古镇,贺州市,广西,古镇风情,4A,216,4.11,286.71,100.0,4.52,27.31,43.98,夏季(61) / 春季(56),飞机+大巴(22) / 空调大巴(19) / 高铁+大巴(18),陕西省(14) / 宁夏回族自治区(12) / 江西省(10) / 北京市(9) / 安徽省(8),推荐(181) / 强烈推荐(35),满意(181) / 非常满意(35),,,
通天岩,赣州市,江西,自然文化,4A,216,4.1,221.93,60.0,4.4,29.17,46.3,夏季(58) / 冬季(56),空调大巴(25) / 高铁+大巴(22) / 飞机+大巴(16),河南省(11) / 安徽省(11) / 山西省(10) / 贵州省(10) / 甘肃省(9),推荐(184) / 强烈推荐(32),满意(184) / 非常满意(32),,,
中山陵,南京市,江苏,红色旅游,5A,215,4.7,188.98,0.0,4.56,29.77,46.98,春季(65) / 冬季(54),飞机+大巴(24) / 高铁+大巴(20) / 空调大巴(20),浙江省(9) / 江西省(9) / 湖南省(9) / 贵州省(8) / 上海市(8),强烈推荐(161) / 推荐(54),非常满意(161) / 满意(54),南京旅游攻略,D:\wzb\全部131个景点\南京旅游攻略.pdf,D:\wzb\codex\data\全国旅游数据整合_2026-03-24\previews\asset_024.png
千山,鞍山市,辽宁,自然风光,5A,215,4.5,253.7,80.0,4.56,27.91,41.86,夏季(66) / 秋季(57),空调大巴(24) / 飞机+大巴(19) / 高铁+大巴(17),澳门特别行政区(13) / 安徽省(12) / 湖南省(11) / 河南省(11) / 香港特别行政区(11),强烈推荐(110) / 推荐(105),非常满意(110) / 满意(105),,,
芒砀山,商丘市,河南,历史文化,5A,215,4.42,255.8,90.0,4.69,28.84,46.98,冬季(58) / 秋季(56),高铁+大巴(25) / 空调大巴(20) / 飞机+大巴(17),广东省(11) / 江苏省(11) / 河北省(10) / 香港特别行政区(10) / 台湾省(9),推荐(113) / 强烈推荐(102),满意(113) / 非常满意(102),,,
云南民族村,昆明市,云南,主题公园,4A,215,4.41,249.51,90.0,4.38,27.44,41.86,秋季(64) / 夏季(57),高铁+大巴(23) / 空调大巴(20) / 飞机+大巴(16),海南省(12) / 河南省(10) / 广西壮族自治区(10) / 澳门特别行政区(9) / 江苏省(9),推荐(115) / 强烈推荐(100),满意(115) / 非常满意(100),云南,D:\wzb\全部131个景点\云南.pdf,D:\wzb\codex\data\全国旅游数据整合_2026-03-24\previews\asset_013.png
洪洞大槐树,临汾市,山西,历史文化,5A,215,4.41,254.98,80.0,4.62,21.4,51.16,秋季(61) / 春季(56),空调大巴(20) / 飞机+大巴(16) / 高铁+大巴(10),陕西省(10) / 甘肃省(9) / 青海省(9) / 西藏自治区(8) / 浙江省(8),推荐(115) / 强烈推荐(100),满意(115) / 非常满意(100),,,
德州太阳谷,德州市,山东,主题公园,4A,215,4.31,275.31,80.0,4.28,30.7,50.23,秋季(58) / 春季(56),空调大巴(25) / 飞机+大巴(22) / 高铁+大巴(19),北京市(13) / 海南省(13) / 河南省(11) / 黑龙江省(11) / 湖南省(11),推荐(137) / 强烈推荐(78),满意(137) / 非常满意(78),,,
福州鼓山,福州市,福建,自然风光,4A,215,4.28,223.04,40.0,4.35,30.23,50.23,春季(71) / 夏季(51),高铁+大巴(31) / 空调大巴(22) / 飞机+大巴(12),天津市(12) / 河南省(11) / 湖南省(11) / 广东省(9) / 香港特别行政区(9),推荐(142) / 强烈推荐(73),满意(142) / 非常满意(73),福州旅游攻略,D:\wzb\全部131个景点\福州旅游攻略.pdf,D:\wzb\codex\data\全国旅游数据整合_2026-03-24\previews\asset_094.png
南通狼山,南通市,江苏,自然文化,4A,215,4.13,238.72,70.0,4.53,26.98,39.07,夏季(64) / 秋季(64),飞机+大巴(20) / 空调大巴(19) / 高铁+大巴(19),青海省(12) / 陕西省(12) / 安徽省(11) / 澳门特别行政区(11) / 山东省(9),推荐(181) / 强烈推荐(34),满意(181) / 非常满意(34),,,
清源山,泉州市,福建,自然文化,5A,214,4.68,237.87,70.0,4.58,31.31,50.47,秋季(63) / 夏季(58),高铁+大巴(25) / 空调大巴(22) / 飞机+大巴(20),澳门特别行政区(10) / 河南省(9) / 北京市(8) / 福建省(8) / 湖南省(8),强烈推荐(161) / 推荐(53),非常满意(161) / 满意(53),,,
深圳华侨城,深圳市,广东,主题公园,5A,214,4.58,406.03,230.0,4.64,33.18,48.13,春季(58) / 冬季(54),高铁+大巴(32) / 飞机+大巴(20) / 空调大巴(19),辽宁省(12) / 西藏自治区(11) / 北京市(11) / 湖南省(11) / 广西壮族自治区(10),强烈推荐(135) / 推荐(79),非常满意(135) / 满意(79),深圳旅游攻略,D:\wzb\全部131个景点\深圳旅游攻略.pdf,D:\wzb\codex\data\全国旅游数据整合_2026-03-24\previews\asset_085.png
湄洲岛,莆田市,福建,自然文化,5A,214,4.4,251.58,65.0,4.55,28.04,38.32,夏季(65) / 春季(52),高铁+大巴(23) / 飞机+大巴(21) / 空调大巴(16),浙江省(12) / 上海市(11) / 河南省(11) / 重庆市(10) / 江苏省(9),推荐(117) / 强烈推荐(97),满意(117) / 非常满意(97),,,
黄帝陵,延安市,陕西,历史文化,5A,214,4.4,255.08,75.0,4.54,26.64,42.52,冬季(57) / 春季(56),高铁+大巴(22) / 空调大巴(18) / 飞机+大巴(17),西藏自治区(12) / 安徽省(11) / 河南省(10) / 重庆市(9) / 吉林省(9),推荐(119) / 强烈推荐(95),满意(119) / 非常满意(95),,,
龙脊梯田,桂林市,广西,自然风光,4A,214,4.39,262.79,80.0,4.67,30.84,55.61,秋季(59) / 春季(58),高铁+大巴(26) / 飞机+大巴(23) / 空调大巴(17),海南省(12) / 甘肃省(11) / 内蒙古自治区(9) / 福建省(9) / 重庆市(8),推荐(121) / 强烈推荐(93),满意(121) / 非常满意(93),桂林旅游攻略,D:\wzb\全部131个景点\桂林旅游攻略.pdf,D:\wzb\codex\data\全国旅游数据整合_2026-03-24\previews\asset_072.png
东林寺,九江市,江西,宗教文化,4A,214,4.1,154.11,0.0,4.33,35.51,47.2,春季(58) / 秋季(53),高铁+大巴(26) / 飞机+大巴(26) / 空调大巴(24),云南省(11) / 河南省(11) / 江苏省(10) / 海南省(9) / 天津市(9),推荐(177) / 强烈推荐(37),满意(177) / 非常满意(37),,,
回民街,西安市,陕西,美食街区,3A,214,3.59,170.44,0.0,4.52,34.11,44.86,秋季(66) / 夏季(61),高铁+大巴(30) / 飞机+大巴(22) / 空调大巴(21),上海市(10) / 浙江省(10) / 江苏省(10) / 甘肃省(10) / 广东省(9),推荐(134) / 一般(80),满意(134) / 一般(80),西安,D:\wzb\全部131个景点\西安.pdf,D:\wzb\codex\data\全国旅游数据整合_2026-03-24\previews\asset_108.png
三峡人家,宜昌市,湖北,自然文化,5A,213,4.68,328.27,150.0,4.47,31.46,41.31,秋季(74) / 夏季(49),高铁+大巴(24) / 空调大巴(23) / 飞机+大巴(20),内蒙古自治区(9) / 浙江省(9) / 重庆市(9) / 山西省(9) / 安徽省(9),强烈推荐(152) / 推荐(61),非常满意(152) / 满意(61),,,
庐山,九江市,江西,自然文化,5A,213,4.67,315.67,160.0,4.53,31.92,46.95,春季(64) / 冬季(55),高铁+大巴(27) / 空调大巴(21) / 飞机+大巴(20),河南省(14) / 北京市(10) / 山东省(10) / 山西省(9) / 甘肃省(9),强烈推荐(153) / 推荐(60),非常满意(153) / 满意(60),庐山,D:\wzb\全部131个景点\庐山.pdf,D:\wzb\codex\data\全国旅游数据整合_2026-03-24\previews\asset_053.png
法门寺,宝鸡市,陕西,宗教文化,5A,213,4.6,268.92,100.0,4.51,33.8,48.36,秋季(59) / 冬季(53),飞机+大巴(33) / 高铁+大巴(20) / 空调大巴(19),江苏省(12) / 重庆市(12) / 云南省(10) / 福建省(10) / 西藏自治区(10),强烈推荐(147) / 推荐(66),非常满意(147) / 满意(66),,,
世界公园,北京市,北京,主题公园,4A,213,4.57,271.69,100.0,4.53,28.17,46.95,春季(57) / 冬季(55),高铁+大巴(22) / 空调大巴(22) / 飞机+大巴(16),宁夏回族自治区(12) / 上海市(11) / 北京市(11) / 澳门特别行政区(9) / 西藏自治区(9),强烈推荐(129) / 推荐(84),非常满意(129) / 满意(84),北京,D:\wzb\全部131个景点\北京.pdf,D:\wzb\codex\data\全国旅游数据整合_2026-03-24\previews\asset_018.png
大雁塔,西安市,陕西,历史文化,5A,213,4.49,207.86,50.0,4.38,28.64,40.85,冬季(58) / 春季(53),飞机+大巴(24) / 高铁+大巴(20) / 空调大巴(17),江苏省(12) / 西藏自治区(11) / 甘肃省(10) / 陕西省(10) / 湖北省(9),强烈推荐(112) / 推荐(101),非常满意(112) / 满意(101),西安,D:\wzb\全部131个景点\西安.pdf,D:\wzb\codex\data\全国旅游数据整合_2026-03-24\previews\asset_108.png
南锣鼓巷,北京市,北京,历史文化,4A,213,4.44,159.05,0.0,4.45,30.05,51.64,冬季(58) / 夏季(58),空调大巴(24) / 高铁+大巴(22) / 飞机+大巴(18),陕西省(12) / 北京市(12) / 广西壮族自治区(11) / 江西省(10) / 天津市(10),推荐(109) / 强烈推荐(104),满意(109) / 非常满意(104),北京,D:\wzb\全部131个景点\北京.pdf,D:\wzb\codex\data\全国旅游数据整合_2026-03-24\previews\asset_018.png
重渡沟,洛阳市,河南,自然风光,4A,213,4.18,308.43,120.0,4.42,27.23,43.19,冬季(62) / 秋季(61),飞机+大巴(21) / 空调大巴(19) / 高铁+大巴(18),江苏省(11) / 浙江省(11) / 湖南省(11) / 香港特别行政区(9) / 福建省(9),推荐(163) / 强烈推荐(50),满意(163) / 非常满意(50),洛阳,D:\wzb\全部131个景点\洛阳.pdf,D:\wzb\codex\data\全国旅游数据整合_2026-03-24\previews\asset_080.png
太阳岛,哈尔滨市,黑龙江,自然风光,5A,212,4.84,195.31,30.0,4.44,26.42,48.58,春季(62) / 秋季(58),空调大巴(23) / 高铁+大巴(18) / 飞机+大巴(15),山西省(11) / 重庆市(10) / 内蒙古自治区(10) / 河南省(9) / 辽宁省(9),强烈推荐(205) / 推荐(7),非常满意(205) / 满意(7),哈尔滨旅游攻略,D:\wzb\全部131个景点\哈尔滨旅游攻略.pdf,D:\wzb\codex\data\全国旅游数据整合_2026-03-24\previews\asset_035.png
南平和平古镇,南平市,福建,古镇风情,4A,212,4.4,247.91,70.0,4.66,31.6,45.75,夏季(63) / 冬季(55),飞机+大巴(29) / 高铁+大巴(21) / 空调大巴(17),香港特别行政区(14) / 云南省(10) / 宁夏回族自治区(9) / 西藏自治区(9) / 上海市(8),推荐(122) / 强烈推荐(90),满意(122) / 非常满意(90),,,
万年冰洞,忻州市,山西,自然奇观,4A,212,4.29,293.71,120.0,4.53,27.36,47.17,夏季(60) / 冬季(54),空调大巴(24) / 高铁+大巴(22) / 飞机+大巴(12),海南省(13) / 上海市(10) / 宁夏回族自治区(10) / 黑龙江省(9) / 广东省(9),推荐(141) / 强烈推荐(71),满意(141) / 非常满意(71),,,
阜新海棠山,阜新市,辽宁,自然文化,4A,212,4.19,237.98,50.0,4.59,31.13,49.06,春季(62) / 秋季(56),高铁+大巴(28) / 飞机+大巴(20) / 空调大巴(18),江西省(13) / 黑龙江省(10) / 广西壮族自治区(9) / 内蒙古自治区(9) / 广东省(9),推荐(167) / 强烈推荐(45),满意(167) / 非常满意(45),,,
清明上河园,开封市,河南,主题公园,5A,211,4.75,301.29,120.0,4.68,27.49,44.55,夏季(55) / 秋季(55),高铁+大巴(24) / 空调大巴(17) / 飞机+大巴(17),吉林省(12) / 澳门特别行政区(11) / 河南省(11) / 山西省(10) / 西藏自治区(10),强烈推荐(178) / 推荐(33),非常满意(178) / 满意(33),,,
营口鲅鱼圈,营口市,辽宁,自然风光,4A,211,4.61,190.39,0.0,4.64,32.23,45.5,夏季(59) / 冬季(52),空调大巴(23) / 高铁+大巴(23) / 飞机+大巴(22),安徽省(10) / 香港特别行政区(10) / 四川省(10) / 山西省(9) / 陕西省(8),强烈推荐(139) / 推荐(72),非常满意(139) / 满意(72),,,
三亚大小洞天,三亚市,海南,自然文化,5A,211,4.5,266.79,90.0,4.5,36.02,45.5,冬季(58) / 夏季(56),高铁+大巴(32) / 飞机+大巴(22) / 空调大巴(22),陕西省(11) / 吉林省(11) / 上海市(11) / 江西省(10) / 海南省(10),强烈推荐(115) / 推荐(96),非常满意(115) / 满意(96),三亚旅游攻略,D:\wzb\全部131个景点\三亚旅游攻略.pdf,D:\wzb\codex\data\全国旅游数据整合_2026-03-24\previews\asset_003.png
夫子庙秦淮风光带,南京市,江苏,历史文化,5A,211,4.44,166.86,0.0,4.25,27.01,46.45,春季(56) / 夏季(54),高铁+大巴(23) / 飞机+大巴(18) / 空调大巴(16),安徽省(11) / 澳门特别行政区(11) / 福建省(11) / 黑龙江省(10) / 海南省(9),强烈推荐(106) / 推荐(105),非常满意(106) / 满意(105),南京旅游攻略,D:\wzb\全部131个景点\南京旅游攻略.pdf,D:\wzb\codex\data\全国旅游数据整合_2026-03-24\previews\asset_024.png
天目湖,常州市,江苏,自然风光,5A,210,4.87,350.28,180.0,4.6,32.86,50.0,夏季(58) / 冬季(54),高铁+大巴(33) / 空调大巴(19) / 飞机+大巴(17),黑龙江省(12) / 上海市(11) / 湖南省(10) / 甘肃省(10) / 安徽省(9),强烈推荐(210),非常满意(210),常州旅游攻略,D:\wzb\全部131个景点\常州旅游攻略.pdf,D:\wzb\codex\data\全国旅游数据整合_2026-03-24\previews\asset_049.png
泰山,泰安市,山东,自然文化,5A,210,4.74,274.81,115.0,4.33,31.9,44.76,春季(62) / 冬季(53),高铁+大巴(26) / 空调大巴(25) / 飞机+大巴(16),海南省(13) / 广东省(12) / 香港特别行政区(12) / 湖南省(11) / 上海市(9),强烈推荐(172) / 推荐(38),非常满意(172) / 满意(38),泰山旅游攻略,D:\wzb\全部131个景点\泰山旅游攻略.pdf,D:\wzb\codex\data\全国旅游数据整合_2026-03-24\previews\asset_078.png
白云山,洛阳市,河南,自然风光,5A,210,4.73,222.13,75.0,4.83,29.05,43.81,春季(58) / 夏季(54),空调大巴(25) / 飞机+大巴(19) / 高铁+大巴(17),安徽省(13) / 四川省(11) / 内蒙古自治区(10) / 浙江省(10) / 湖北省(10),强烈推荐(174) / 推荐(36),非常满意(174) / 满意(36),洛阳,D:\wzb\全部131个景点\洛阳.pdf,D:\wzb\codex\data\全国旅游数据整合_2026-03-24\previews\asset_080.png
乐山大佛,乐山市,四川,宗教文化,5A,210,4.62,239.65,80.0,4.46,30.95,52.86,冬季(61) / 秋季(60),高铁+大巴(38) / 空调大巴(17) / 飞机+大巴(10),内蒙古自治区(11) / 安徽省(10) / 湖北省(9) / 山西省(9) / 黑龙江省(8),强烈推荐(145) / 推荐(65),非常满意(145) / 满意(65),,,
中国雪乡,牡丹江市,黑龙江,自然风光,4A,210,4.39,306.96,120.0,4.43,26.67,48.57,秋季(56) / 春季(56),空调大巴(21) / 高铁+大巴(20) / 飞机+大巴(15),西藏自治区(11) / 天津市(10) / 江西省(9) / 上海市(9) / 青海省(9),推荐(121) / 强烈推荐(89),满意(121) / 非常满意(89),中国,D:\wzb\全部131个景点\中国.jpg,D:\wzb\codex\data\全国旅游数据整合_2026-03-24\previews\asset_006.jpg
广州塔,广州市,广东,城市地标,4A,210,4.39,315.96,150.0,4.36,30.48,52.38,冬季(64) / 春季(57),高铁+大巴(28) / 空调大巴(18) / 飞机+大巴(18),陕西省(16) / 上海市(11) / 河北省(10) / 台湾省(9) / 宁夏回族自治区(9),推荐(124) / 强烈推荐(86),满意(124) / 非常满意(86),广州旅游攻略,D:\wzb\全部131个景点\广州旅游攻略.pdf,D:\wzb\codex\data\全国旅游数据整合_2026-03-24\previews\asset_051.png
瑞金共和国摇篮,赣州市,江西,红色旅游,5A,210,4.39,244.65,65.0,4.5,29.05,44.76,春季(63) / 秋季(62),高铁+大巴(21) / 空调大巴(21) / 飞机+大巴(19),海南省(10) / 湖北省(9) / 四川省(9) / 天津市(9) / 江西省(8),推荐(117) / 强烈推荐(93),满意(117) / 非常满意(93),,,
向海自然保护区,白城市,吉林,自然风光,4A,210,4.29,245.33,70.0,4.49,29.05,45.24,春季(56) / 秋季(55),空调大巴(21) / 飞机+大巴(21) / 高铁+大巴(19),上海市(11) / 西藏自治区(10) / 湖北省(10) / 香港特别行政区(9) / 四川省(9),推荐(146) / 强烈推荐(64),满意(146) / 非常满意(64),,,
张家口大境门,张家口市,河北,历史文化,4A,210,4.2,198.5,20.0,4.5,28.1,50.0,冬季(60) / 春季(53),飞机+大巴(22) / 空调大巴(19) / 高铁+大巴(18),安徽省(13) / 河北省(13) / 新疆维吾尔自治区(10) / 辽宁省(10) / 湖南省(8),推荐(157) / 强烈推荐(53),满意(157) / 非常满意(53),,,
盐城丹顶鹤湿地,盐城市,江苏,自然风光,4A,209,4.52,233.35,45.0,4.47,31.58,49.28,冬季(67) / 夏季(50),高铁+大巴(31) / 飞机+大巴(22) / 空调大巴(13),澳门特别行政区(13) / 吉林省(11) / 西藏自治区(10) / 四川省(10) / 广东省(10),强烈推荐(122) / 推荐(87),非常满意(122) / 满意(87),,,
趵突泉,济南市,山东,自然风光,4A,209,4.24,225.52,40.0,4.4,30.14,45.45,秋季(55) / 夏季(53),飞机+大巴(22) / 空调大巴(21) / 高铁+大巴(20),广西壮族自治区(13) / 天津市(10) / 安徽省(10) / 内蒙古自治区(9) / 湖南省(9),推荐(143) / 强烈推荐(66),满意(143) / 非常满意(66),济南旅游攻略,D:\wzb\全部131个景点\济南旅游攻略.pdf,D:\wzb\codex\data\全国旅游数据整合_2026-03-24\previews\asset_081.png
腾冲热海,保山市,云南,自然奇观,5A,208,4.61,255.1,78.0,4.63,29.33,45.67,春季(54) / 冬季(52),空调大巴(23) / 飞机+大巴(20) / 高铁+大巴(18),宁夏回族自治区(14) / 重庆市(11) / 海南省(10) / 香港特别行政区(8) / 新疆维吾尔自治区(8),强烈推荐(140) / 推荐(68),非常满意(140) / 满意(68),腾冲,D:\wzb\全部131个景点\腾冲.pdf,D:\wzb\codex\data\全国旅游数据整合_2026-03-24\previews\asset_099.png
九寨沟,阿坝州,四川,自然风光,5A,208,4.45,409.24,220.0,4.46,26.92,44.71,春季(60) / 冬季(50),高铁+大巴(22) / 空调大巴(18) / 飞机+大巴(16),内蒙古自治区(11) / 河南省(10) / 新疆维吾尔自治区(10) / 安徽省(9) / 吉林省(9),推荐(107) / 强烈推荐(101),满意(107) / 非常满意(101),九寨沟,D:\wzb\全部131个景点\九寨沟.pdf,D:\wzb\codex\data\全国旅游数据整合_2026-03-24\previews\asset_012.png
绵山,晋中市,山西,自然文化,5A,208,4.28,267.09,110.0,4.5,29.33,50.0,春季(58) / 秋季(54),高铁+大巴(22) / 空调大巴(21) / 飞机+大巴(18),陕西省(11) / 西藏自治区(11) / 辽宁省(10) / 台湾省(10) / 甘肃省(9),推荐(142) / 强烈推荐(66),满意(142) / 非常满意(66),,,
八里河,阜阳市,安徽,自然风光,5A,207,4.8,263.79,90.0,4.35,32.37,44.93,冬季(58) / 秋季(52),高铁+大巴(25) / 飞机+大巴(24) / 空调大巴(18),河南省(12) / 四川省(9) / 湖北省(9) / 山西省(8) / 上海市(8),强烈推荐(196) / 推荐(11),非常满意(196) / 满意(11),,,
滕王阁,南昌市,江西,历史建筑,5A,207,4.59,223.25,50.0,4.63,28.02,48.79,冬季(61) / 秋季(52),高铁+大巴(25) / 空调大巴(18) / 飞机+大巴(15),青海省(10) / 内蒙古自治区(10) / 海南省(10) / 湖北省(9) / 湖南省(9),强烈推荐(136) / 推荐(71),非常满意(136) / 满意(71),南昌旅游攻略,D:\wzb\全部131个景点\南昌旅游攻略.pdf,D:\wzb\codex\data\全国旅游数据整合_2026-03-24\previews\asset_026.png
采石矶,马鞍山市,安徽,历史文化,5A,207,4.51,256.94,68.0,4.57,30.43,43.96,春季(58) / 冬季(52),高铁+大巴(27) / 空调大巴(19) / 飞机+大巴(17),四川省(12) / 湖北省(9) / 云南省(9) / 青海省(8) / 湖南省(8),强烈推荐(113) / 推荐(94),非常满意(113) / 满意(94),,,
德天瀑布,崇左市,广西,自然风光,5A,207,4.47,275.09,115.0,4.4,22.22,45.89,夏季(59) / 冬季(54),高铁+大巴(22) / 空调大巴(14) / 飞机+大巴(10),江苏省(10) / 湖南省(10) / 海南省(9) / 上海市(9) / 天津市(9),强烈推荐(109) / 推荐(98),非常满意(109) / 满意(98),,,
赵州桥,石家庄市,河北,历史建筑,4A,207,4.44,213.7,40.0,4.47,27.05,46.86,秋季(61) / 冬季(54),空调大巴(24) / 高铁+大巴(23) / 飞机+大巴(9),青海省(11) / 江苏省(10) / 广东省(9) / 湖南省(9) / 河北省(9),强烈推荐(107) / 推荐(100),非常满意(107) / 满意(100),,,
殷墟,安阳市,河南,历史遗址,5A,207,4.31,237.82,70.0,4.47,29.47,42.03,秋季(56) / 冬季(56),空调大巴(24) / 飞机+大巴(19) / 高铁+大巴(18),四川省(11) / 山西省(10) / 贵州省(10) / 山东省(10) / 甘肃省(9),推荐(132) / 强烈推荐(75),满意(132) / 非常满意(75),,,
七台河勃利西大圈,七台河市,黑龙江,自然风光,4A,206,4.61,211.03,30.0,4.41,34.47,38.35,春季(57) / 夏季(55),飞机+大巴(29) / 高铁+大巴(26) / 空调大巴(16),北京市(11) / 福建省(10) / 台湾省(10) / 河北省(8) / 广西壮族自治区(8),强烈推荐(133) / 推荐(73),非常满意(133) / 满意(73),,,
丽水云和梯田,丽水市,浙江,自然风光,4A,206,4.51,254.42,80.0,4.1,30.1,41.75,秋季(58) / 春季(53),高铁+大巴(26) / 飞机+大巴(20) / 空调大巴(16),江苏省(11) / 浙江省(10) / 福建省(10) / 辽宁省(10) / 台湾省(10),强烈推荐(122) / 推荐(84),非常满意(122) / 满意(84),,,
丹东凤凰山,丹东市,辽宁,自然风光,4A,206,4.41,270.65,80.0,4.3,32.52,43.69,冬季(62) / 秋季(54),空调大巴(26) / 高铁+大巴(23) / 飞机+大巴(18),海南省(10) / 香港特别行政区(9) / 江苏省(9) / 云南省(9) / 青海省(9),推荐(107) / 强烈推荐(99),满意(107) / 非常满意(99),凤凰,D:\wzb\全部131个景点\凤凰.pdf,D:\wzb\codex\data\全国旅游数据整合_2026-03-24\previews\asset_017.png
西岭雪山,成都市,四川,自然风光,4A,205,4.61,280.07,120.0,4.68,22.44,48.29,冬季(54) / 夏季(53),高铁+大巴(20) / 飞机+大巴(18) / 空调大巴(8),西藏自治区(14) / 内蒙古自治区(12) / 澳门特别行政区(9) / 浙江省(9) / 安徽省(9),强烈推荐(144) / 推荐(61),非常满意(144) / 满意(61),成都攻略,D:\wzb\全部131个景点\成都攻略.pdf,D:\wzb\codex\data\全国旅游数据整合_2026-03-24\previews\asset_057.png
慕田峪长城,北京市,北京,历史文化,4A,205,4.53,197.85,45.0,4.49,28.29,43.41,春季(62) / 秋季(49),飞机+大巴(22) / 空调大巴(19) / 高铁+大巴(17),北京市(11) / 内蒙古自治区(9) / 辽宁省(9) / 甘肃省(9) / 黑龙江省(9),强烈推荐(118) / 推荐(87),非常满意(118) / 满意(87),北京,D:\wzb\全部131个景点\北京.pdf,D:\wzb\codex\data\全国旅游数据整合_2026-03-24\previews\asset_018.png
仙女湖,新余市,江西,自然风光,4A,205,4.4,252.3,90.0,4.39,28.78,49.27,夏季(55) / 秋季(53),空调大巴(28) / 飞机+大巴(21) / 高铁+大巴(10),甘肃省(11) / 四川省(10) / 天津市(10) / 西藏自治区(9) / 湖南省(8),推荐(105) / 强烈推荐(100),满意(105) / 非常满意(100),,,
泸沽湖(云南部分),丽江市,云南,自然风光,4A,205,4.27,242.9,70.0,4.41,26.34,44.88,夏季(53) / 春季(51),空调大巴(20) / 高铁+大巴(19) / 飞机+大巴(15),天津市(11) / 山西省(10) / 江西省(9) / 安徽省(9) / 吉林省(9),推荐(145) / 强烈推荐(60),满意(145) / 非常满意(60),云南,D:\wzb\全部131个景点\云南.pdf,D:\wzb\codex\data\全国旅游数据整合_2026-03-24\previews\asset_013.png
大连老虎滩海洋公园,大连市,辽宁,主题公园,5A,204,4.7,413.59,220.0,4.45,32.84,50.0,冬季(57) / 夏季(52),空调大巴(25) / 高铁+大巴(22) / 飞机+大巴(20),台湾省(12) / 新疆维吾尔自治区(9) / 江苏省(9) / 湖南省(8) / 内蒙古自治区(8),强烈推荐(160) / 推荐(44),非常满意(160) / 满意(44),大连旅游攻略,D:\wzb\全部131个景点\大连旅游攻略.pdf,D:\wzb\codex\data\全国旅游数据整合_2026-03-24\previews\asset_039.png
吉林北山,吉林市,吉林,自然文化,4A,204,4.52,190.11,0.0,4.48,30.39,39.22,夏季(58) / 秋季(52),飞机+大巴(25) / 空调大巴(21) / 高铁+大巴(16),江苏省(11) / 天津市(10) / 重庆市(10) / 湖南省(10) / 台湾省(9),强烈推荐(118) / 推荐(86),非常满意(118) / 满意(86),,,
壶口瀑布,延安市,陕西,自然风光,4A,204,4.42,260.4,90.0,4.45,26.96,42.65,夏季(59) / 春季(57),高铁+大巴(21) / 飞机+大巴(18) / 空调大巴(16),福建省(12) / 海南省(11) / 四川省(10) / 湖南省(10) / 山西省(9),强烈推荐(102) / 推荐(102),非常满意(102) / 满意(102),,,
恭王府,北京市,北京,历史建筑,5A,203,4.74,218.42,40.0,4.52,26.6,50.74,冬季(56) / 秋季(53),飞机+大巴(19) / 空调大巴(18) / 高铁+大巴(17),山东省(12) / 内蒙古自治区(11) / 甘肃省(11) / 山西省(10) / 北京市(9),强烈推荐(169) / 推荐(34),非常满意(169) / 满意(34),北京,D:\wzb\全部131个景点\北京.pdf,D:\wzb\codex\data\全国旅游数据整合_2026-03-24\previews\asset_018.png
孝感双峰山,孝感市,湖北,自然风光,4A,201,4.21,212.99,45.0,4.6,29.85,52.24,冬季(55) / 秋季(53),高铁+大巴(23) / 飞机+大巴(19) / 空调大巴(18),安徽省(10) / 海南省(10) / 青海省(9) / 福建省(9) / 北京市(9),推荐(149) / 强烈推荐(52),满意(149) / 非常满意(52),,,
明皇陵,滁州市,安徽,历史遗址,4A,201,4.18,246.12,70.0,4.49,29.85,47.76,夏季(54) / 冬季(54),空调大巴(23) / 高铁+大巴(21) / 飞机+大巴(16),河南省(11) / 天津市(10) / 安徽省(10) / 河北省(9) / 山西省(8),推荐(159) / 强烈推荐(42),满意(159) / 非常满意(42),,,
野三坡,保定市,河北,自然风光,5A,193,4.75,285.94,100.0,4.43,29.53,52.33,秋季(51) / 夏季(50),高铁+大巴(21) / 飞机+大巴(18) / 空调大巴(18),宁夏回族自治区(13) / 香港特别行政区(11) / 天津市(8) / 新疆维吾尔自治区(8) / 江苏省(8),强烈推荐(168) / 推荐(25),非常满意(168) / 满意(25),野三坡旅游攻略,D:\wzb\全部131个景点\野三坡旅游攻略.pdf,D:\wzb\codex\data\全国旅游数据整合_2026-03-24\previews\asset_116.png
小浪底,洛阳市,河南,水利工程,4A,189,4.37,206.7,40.0,4.42,28.57,43.92,春季(58) / 冬季(45),高铁+大巴(21) / 飞机+大巴(20) / 空调大巴(13),天津市(10) / 四川省(10) / 云南省(10) / 北京市(9) / 台湾省(8),推荐(115) / 强烈推荐(74),满意(115) / 非常满意(74),洛阳,D:\wzb\全部131个景点\洛阳.pdf,D:\wzb\codex\data\全国旅游数据整合_2026-03-24\previews\asset_080.png
