平台,来源文件,主题,搜索词,标题,作者,作者主页,笔记发布时间原文,笔记发布时间,抓取日期,点赞数原文,点赞数,搜索结果链接,帖子详情页链接,封面链接地址,记录哈希,去重键,标题是否缺失,详情链接是否缺失
小红书,小红书-东三省旅游景区.json,东三省旅游景区,东北旅游景点,‌东北三省十大必去景点推荐｜一定要去看啊❗️,听不见的王馋狗,https://www.xiaohongshu.com/user/profile/5e4feb90000000000100abd9?channel_type=web_search_result_notes&parent_page_channel_type=web_profile_board&xsec_token=ABJGgcS9WtkP9WlDd355HPl-_zcmNBRkQAs72RS0EFISU=&xsec_source=pc_search,2025-11-30,2025-11-30,2026-03-25,380,380,https://www.xiaohongshu.com/search_result?keyword=%25E4%25B8%259C%25E5%258C%2597%25E6%2597%2585%25E6%25B8%25B8%25E6%2599%25AF%25E7%2582%25B9&source=web_explore_feed,https://www.xiaohongshu.com/search_result/692870ed0000000019027387?xsec_token=ABaV3UtfdE6jjrcdC7uUArZOhYn6hxApAsz8KtWpbzphA=&xsec_source=,https://sns-webpic-qc.xhscdn.com/202603251952/1f15f9bc2d50d8bc902c775e8bddc135/spectrum/1040g0k031pd56fe5i8005nifte809aupi5v18q0!nc_n_webp_mw_1,0cbe927c8c4b4c012208f1bbedb5a4de353dc6e819a644b39bf411e0c0c0f178,https://www.xiaohongshu.com/search_result/692870ed0000000019027387?xsec_token=ABaV3UtfdE6jjrcdC7uUArZOhYn6hxApAsz8KtWpbzphA=&xsec_source=,否,否
小红书,小红书-东三省旅游景区.json,东三省旅游景区,东北旅游景点,本山大叔没骗我，东北真的有“红浪漫”,寻音,https://www.xiaohongshu.com/user/profile/608760d30000000001008a53?channel_type=web_search_result_notes&parent_page_channel_type=web_profile_board&xsec_token=ABpO5KobHCjZyPBF0u7Gt7nA6IzuDRF7N7fcu3pW0_S54=&xsec_source=pc_search,2025-09-30,2025-09-30,2026-03-25,399,399,https://www.xiaohongshu.com/search_result?keyword=%25E4%25B8%259C%25E5%258C%2597%25E6%2597%2585%25E6%25B8%25B8%25E6%2599%25AF%25E7%2582%25B9&source=web_explore_feed,https://www.xiaohongshu.com/search_result/68db4b3200000000040115d3?xsec_token=ABHnzqJI49jS1IuEM51edAGUOs3385vUtsSMHY5UId98I=&xsec_source=,https://sns-webpic-qc.xhscdn.com/202603251952/ab2352161443c1ae9ed0bd25a8d703bc/notes_pre_post/1040g3k831n1r4okd6g005o47c39g92ijpvm2pso!nc_n_webp_mw_1,8da96d8856d48d3dfabe74e501d3de67ccecf6bce72a335c4052c5bfd0c7808a,https://www.xiaohongshu.com/search_result/68db4b3200000000040115d3?xsec_token=ABHnzqJI49jS1IuEM51edAGUOs3385vUtsSMHY5UId98I=&xsec_source=,否,否
小红书,小红书-东三省旅游景区.json,东三省旅游景区,东北旅游景点,一家3口👪6天共花6188✅畅玩东北+长白山,哈尔滨乐乎国际旅行社有限公司,https://www.xiaohongshu.com/user/profile/686ba117000000001b02341d?channel_type=web_search_result_notes&parent_page_channel_type=web_profile_board&xsec_token=ABTGjBbHcJP02LO_msG-om4Qup2vXoDjadeazDqH5gELo=&xsec_source=pc_search,2025-12-15,2025-12-15,2026-03-25,3893,3893,https://www.xiaohongshu.com/search_result?keyword=%25E4%25B8%259C%25E5%258C%2597%25E6%2597%2585%25E6%25B8%25B8%25E6%2599%25AF%25E7%2582%25B9&source=web_explore_feed,https://www.xiaohongshu.com/search_result/69033e650000000005030569?xsec_token=ABbkqkrep_DI5nDdYknqGUl1ompfcIrqE62JBmYFrd_WU=&xsec_source=,https://sns-webpic-qc.xhscdn.com/202603251952/2da9e542d58ef3093809237b53cf3251/spectrum/1040g0k031q427p3fmu005q3bk4bmsd0th46h6vg!nc_n_webp_mw_1,97d3a063571a2a131f3cd9012554e77fb439d0c4689642b848af02fdb79ff185,https://www.xiaohongshu.com/search_result/69033e650000000005030569?xsec_token=ABbkqkrep_DI5nDdYknqGUl1ompfcIrqE62JBmYFrd_WU=&xsec_source=,否,否
小红书,小红书-东三省旅游景区.json,东三省旅游景区,东北旅游景点,人生建议：拍完这9️⃣机位再离开冰雪大世界❄️,xiaomingli,https://www.xiaohongshu.com/user/profile/5afd231fe8ac2b6d673f01a7?channel_type=web_search_result_notes&parent_page_channel_type=web_profile_board&xsec_token=ABr0w9Gx56-C-ru8Kw60YccYwkimaQa7F2ZVRN6X5WShY=&xsec_source=pc_search,02-18,2026-02-18,2026-03-25,132,132,https://www.xiaohongshu.com/search_result?keyword=%25E4%25B8%259C%25E5%258C%2597%25E6%2597%2585%25E6%25B8%25B8%25E6%2599%25AF%25E7%2582%25B9&source=web_explore_feed,https://www.xiaohongshu.com/search_result/699564b4000000001a031ddd?xsec_token=ABRwqAUM5hzrhbwLsVfhw9rcBO3HL9h67aOkm2Ib-3yOA=&xsec_source=,https://sns-webpic-qc.xhscdn.com/202603251952/dbf20e2f95c9ece1d28f5173486e5d93/1040g2sg31sni907i62e04a5dcihhu0d7j0n54lg!nc_n_webp_mw_1,35650d98472e0b8f7062e6288f735f47e93d01445740c62564e2ce590d737abd,https://www.xiaohongshu.com/search_result/699564b4000000001a031ddd?xsec_token=ABRwqAUM5hzrhbwLsVfhw9rcBO3HL9h67aOkm2Ib-3yOA=&xsec_source=,否,否
小红书,小红书-东三省旅游景区.json,东三省旅游景区,东北旅游景点,这才是黑龙江最值得打卡的20个地方。,勇敢的背包客,https://www.xiaohongshu.com/user/profile/67bbd4540000000007000a25?channel_type=web_search_result_notes&parent_page_channel_type=web_profile_board&xsec_token=AB0_MTXsfaM_3mQ8Ij1Hyg76_Zg-A5aztk92bhe3EUor4=&xsec_source=pc_search,2025-10-13,2025-10-13,2026-03-25,68,68,https://www.xiaohongshu.com/search_result?keyword=%25E4%25B8%259C%25E5%258C%2597%25E6%2597%2585%25E6%25B8%25B8%25E6%2599%25AF%25E7%2582%25B9&source=web_explore_feed,https://www.xiaohongshu.com/search_result/68ed09020000000007016b33?xsec_token=ABvgutgyNPJx99fTr8brNsA7Ug6ZQrRagtSxUDBuiOXNw=&xsec_source=,https://sns-webpic-qc.xhscdn.com/202603251952/a4e32b0d5a522cd50412ff376453d08c/spectrum/1040g34o31nj595hal0105ptrqha1o2h5n10q1p0!nc_n_webp_mw_1,2f98c051873865df31215bd207ab75cd987170559e674480ee290551559513c2,https://www.xiaohongshu.com/search_result/68ed09020000000007016b33?xsec_token=ABvgutgyNPJx99fTr8brNsA7Ug6ZQrRagtSxUDBuiOXNw=&xsec_source=,否,否
小红书,小红书-东三省旅游景区.json,东三省旅游景区,东北旅游景点,东北小郭亮挂壁栈道｜辽阳人参谷一日游,小明姐爱徒步,https://www.xiaohongshu.com/user/profile/589296aa5e87e769ac7b0c2a?channel_type=web_search_result_notes&parent_page_channel_type=web_profile_board&xsec_token=ABXXPZ957QK6_4VgXAQLb5_g9x82R2hJcQ4PLTMD8YQFw=&xsec_source=pc_search,03-05,2026-03-05,2026-03-25,183,183,https://www.xiaohongshu.com/search_result?keyword=%25E4%25B8%259C%25E5%258C%2597%25E6%2597%2585%25E6%25B8%25B8%25E6%2599%25AF%25E7%2582%25B9&source=web_explore_feed,https://www.xiaohongshu.com/search_result/69a93055000000002801d019?xsec_token=ABiVc_7tees-hHAGAwZNWo7QiUrJyD0QSAzD5R9czqEHo=&xsec_source=,https://sns-webpic-qc.xhscdn.com/202603251952/a768e3cdc247ee42171524c43a4c7d48/spectrum/1040g0k031tat9jl95a00493begbak31adsn0aso!nc_n_webp_mw_1,f5189529f8f2aac9684defb86d5a2b8bf078a19570f37c7e8a799ec49980eda1,https://www.xiaohongshu.com/search_result/69a93055000000002801d019?xsec_token=ABiVc_7tees-hHAGAwZNWo7QiUrJyD0QSAzD5R9czqEHo=&xsec_source=,否,否
小红书,小红书-东三省旅游景区.json,东三省旅游景区,东北旅游景点,,,,,,2026-03-25,,0,https://www.xiaohongshu.com/search_result?keyword=%25E4%25B8%259C%25E5%258C%2597%25E6%2597%2585%25E6%25B8%25B8%25E6%2599%25AF%25E7%2582%25B9&source=web_explore_feed,,http://sns-na-i4.xhscdn.com/1040g00831aqhkg4d7a0040tarlmnh1evj6mngl8?imageView2/1/h/132/w/480/format/jpg&ap=5&sc=HOT_QRY&sign=ffd0c82ee919597dfe79aa4daa2cffd2&t=69c3cc60&origin=0,869a0d06c9a3e9556f9cc8c6f9413a040dc2457b74bb4c03232288f6d54d6576,12644c6a8d8e8b870b46e27c1c903da74af398910c40f5aaa6da80f3afd3863a,是,是
小红书,小红书-东三省旅游景区.json,东三省旅游景区,东北旅游景点,世界上只有黑龙江才有的12大绝美风景！,中国旅行,https://www.xiaohongshu.com/user/profile/65a9ddef000000000800782d?channel_type=web_search_result_notes&parent_page_channel_type=web_profile_board&xsec_token=ABLojxw4xKG_bPupkO41yrtdV5hADl9-VDDlX_FKdP2o8=&xsec_source=pc_search,2025-10-02,2025-10-02,2026-03-25,96,96,https://www.xiaohongshu.com/search_result?keyword=%25E4%25B8%259C%25E5%258C%2597%25E6%2597%2585%25E6%25B8%25B8%25E6%2599%25AF%25E7%2582%25B9&source=web_explore_feed,https://www.xiaohongshu.com/search_result/68de3019000000000301f79c?xsec_token=ABAg96FEhelIGOMy6ZV1IuVs4zUWfp5aJ2TRfXMHRfxHU=&xsec_source=,https://sns-webpic-qc.xhscdn.com/202603251952/670fa641301c24348e829b6e15a0ec01/spectrum/1040g34o31n4lh5m9ku0g5pd9rnni0u1danot6i0!nc_n_webp_mw_1,6d78a164caf8d13867372f1a276e644a4ab09032c428f302e9abc9b1a9aa4825,https://www.xiaohongshu.com/search_result/68de3019000000000301f79c?xsec_token=ABAg96FEhelIGOMy6ZV1IuVs4zUWfp5aJ2TRfXMHRfxHU=&xsec_source=,否,否
小红书,小红书-东三省旅游景区.json,东三省旅游景区,东北旅游景点,黑龙江12个城市旅游景点,大鸭背小丫,https://www.xiaohongshu.com/user/profile/6674dc8c000000001e00ce59?channel_type=web_search_result_notes&parent_page_channel_type=web_profile_board&xsec_token=ABmDSnHLY95bQD1MMJtHEOxX3wGumEwcvSp9NzUwndbfg=&xsec_source=pc_search,8小时前,2026-03-25,2026-03-25,2,2,https://www.xiaohongshu.com/search_result?keyword=%25E4%25B8%259C%25E5%258C%2597%25E6%2597%2585%25E6%25B8%25B8%25E6%2599%25AF%25E7%2582%25B9&source=web_explore_feed,https://www.xiaohongshu.com/search_result/69c353be000000001a035ac6?xsec_token=AB1reXc9sceWHR16vHAmKSpE8TgLM9K28U-IeYBKrmDd8=&xsec_source=,https://sns-webpic-qc.xhscdn.com/202603251952/76666c9efc014883dd35aea6334e1d0a/notes_pre_post/1040g3k831u4e40hl2ab05pjkri67hjipgcj8e8g!nc_n_webp_mw_1,e7e6beda9ccc9c57442ee6e01e61906f6e4e50302cf140045e8c727ce7c94587,https://www.xiaohongshu.com/search_result/69c353be000000001a035ac6?xsec_token=AB1reXc9sceWHR16vHAmKSpE8TgLM9K28U-IeYBKrmDd8=&xsec_source=,否,否
小红书,小红书-东三省旅游景区.json,东三省旅游景区,东北旅游景点,淡季的大连真是人间理想（附打卡机位📷,夕小维（南京citywalk),https://www.xiaohongshu.com/user/profile/5b576fb811be102f56c81d31?channel_type=web_search_result_notes&parent_page_channel_type=web_profile_board&xsec_token=ABHKs_BD6_DpRC38IAWvOe_voWgH5RDFQucE_LgEiMhiE=&xsec_source=pc_search,01-29,2026-01-29,2026-03-25,987,987,https://www.xiaohongshu.com/search_result?keyword=%25E4%25B8%259C%25E5%258C%2597%25E6%2597%2585%25E6%25B8%25B8%25E6%2599%25AF%25E7%2582%25B9&source=web_explore_feed,https://www.xiaohongshu.com/search_result/697b0edb000000001a0270c9?xsec_token=ABoQZbMbs20oPs75rmapgdk1qW02lYUvYNeZICASZmXPg=&xsec_source=,https://sns-webpic-qc.xhscdn.com/202603251952/3849ed2806ffbccd34fb3c912933a71f/1040g00831rtuobm02m1g4a7flbnrg79hnrus52o!nc_n_webp_mw_1,3f1cc33db6fe3dea3e8ad9ee59ff5c73c0622f295ee1dff7940b69db71a5e10f,https://www.xiaohongshu.com/search_result/697b0edb000000001a0270c9?xsec_token=ABoQZbMbs20oPs75rmapgdk1qW02lYUvYNeZICASZmXPg=&xsec_source=,否,否
小红书,小红书-东三省旅游景区.json,东三省旅游景区,东北旅游景点,,新疆旅游推荐,https://www.xiaohongshu.com/user/profile/67ecb020000000000a03ed2a?channel_type=web_search_result_notes&parent_page_channel_type=web_profile_board&xsec_token=ABY2LKUSMK9W2ZpDdlRsphCEQSNfF2D48iNtMvffgSrLQ=&xsec_source=pc_search,2025-06-01,2025-06-01,2026-03-25,145,145,https://www.xiaohongshu.com/search_result?keyword=%25E4%25B8%259C%25E5%258C%2597%25E6%2597%2585%25E6%25B8%25B8%25E6%2599%25AF%25E7%2582%25B9&source=web_explore_feed,https://www.xiaohongshu.com/search_result/683c2b78000000002102f612?xsec_token=ABslcCzhyqYcpXR1HiYQ3D2iV5GQkKkN8YjIvMbaUyJcw=&xsec_source=,https://sns-webpic-qc.xhscdn.com/202603251952/ec1812bce20b393e5ff31607867ddc70/1040g00831i6ehiqtna005pvcm0g2nr9a7b6oalg!nc_n_webp_mw_1,978e8a6046cb2cfa4be423788d6fe3c113280f83e4f1e33015ef0cff2537632b,https://www.xiaohongshu.com/search_result/683c2b78000000002102f612?xsec_token=ABslcCzhyqYcpXR1HiYQ3D2iV5GQkKkN8YjIvMbaUyJcw=&xsec_source=,是,否
小红书,小红书-东三省旅游景区.json,东三省旅游景区,东北旅游景点,东北10年老领队告诉你，4小时玩转雪乡攻略！,熊走日记,https://www.xiaohongshu.com/user/profile/636dbd34000000001f018b42?channel_type=web_search_result_notes&parent_page_channel_type=web_profile_board&xsec_token=AB-Z_75VraMv6VWAaZYNd2pSAjlsDFTn8WxYWUY-DYOtU=&xsec_source=pc_search,2025-12-23,2025-12-23,2026-03-25,22,22,https://www.xiaohongshu.com/search_result?keyword=%25E4%25B8%259C%25E5%258C%2597%25E6%2597%2585%25E6%25B8%25B8%25E6%2599%25AF%25E7%2582%25B9&source=web_explore_feed,https://www.xiaohongshu.com/search_result/6949711f000000001e029b3f?xsec_token=ABOvg1dfh7vlas_9TiT_0_rJ0Mm1wNIx3VgCLN98O9NP0=&xsec_source=,https://sns-webpic-qc.xhscdn.com/202603251952/81be4b57785c0f56a101ecd8bb6e1986/1040g2sg31qdd9epsg0fg5ordnkq7r2q2uipujlg!nc_n_webp_mw_1,a4f02d072b8943c618e34f9ebb91a99ea9cdc742ec1a8078188a3be17f596d57,https://www.xiaohongshu.com/search_result/6949711f000000001e029b3f?xsec_token=ABOvg1dfh7vlas_9TiT_0_rJ0Mm1wNIx3VgCLN98O9NP0=&xsec_source=,否,否
小红书,小红书-东三省旅游景区.json,东三省旅游景区,东北旅游景点,东北9个最值得去的城市🔥东北游玩攻略,沈阳团建王大拿,https://www.xiaohongshu.com/user/profile/65dc2f0c0000000005008ba6?channel_type=web_search_result_notes&parent_page_channel_type=web_profile_board&xsec_token=ABBaMu1zAj7mT_IAA6ydozHW58b0uEvFTIv6iYUSh2WGc=&xsec_source=pc_search,2025-04-29,2025-04-29,2026-03-25,2854,2854,https://www.xiaohongshu.com/search_result?keyword=%25E4%25B8%259C%25E5%258C%2597%25E6%2597%2585%25E6%25B8%25B8%25E6%2599%25AF%25E7%2582%25B9&source=web_explore_feed,https://www.xiaohongshu.com/search_result/6810453a000000002102c833?xsec_token=ABvXHv48z1KzpxHfiNY8psZXfo_GS5zuY6r_XJfKm-6M4=&xsec_source=,https://sns-webpic-qc.xhscdn.com/202603251952/0e3cb21c43c5fc9d111c4fcdd800fa08/1040g2sg31gril0rg3sng5pes5s6192t6b397nvg!nc_n_webp_mw_1,0207678d233da468cf0852625804c3f430fbe36e63f370d374c2c380235c2d6b,https://www.xiaohongshu.com/search_result/6810453a000000002102c833?xsec_token=ABvXHv48z1KzpxHfiNY8psZXfo_GS5zuY6r_XJfKm-6M4=&xsec_source=,否,否
小红书,小红书-东三省旅游景区.json,东三省旅游景区,东北旅游景点,冰城夏都，浪漫梦幻的哈尔滨,🍀星叶说🍀,https://www.xiaohongshu.com/user/profile/613429540000000002023a4c?channel_type=web_search_result_notes&parent_page_channel_type=web_profile_board&xsec_token=AB6Jo_ctqe1ZC4qLemYI-bEZDRu9aaaQ22bT7ZYs556b4=&xsec_source=pc_search,2025-07-15,2025-07-15,2026-03-25,20,20,https://www.xiaohongshu.com/search_result?keyword=%25E4%25B8%259C%25E5%258C%2597%25E6%2597%2585%25E6%25B8%25B8%25E6%2599%25AF%25E7%2582%25B9&source=web_explore_feed,https://www.xiaohongshu.com/search_result/6875e4c1000000002203ddfb?xsec_token=ABpb8S6LXdJaUSnhyvOlCwWTU78DGwryycuazIN0XW5qU=&xsec_source=,https://sns-webpic-qc.xhscdn.com/202603251952/54bfb5c251eab9b81d92fcb80842a391/1040g00831juqa87nio005o9k55a0keicmo68df0!nc_n_webp_mw_1,66bedd1662849e003fdd9f5a5bf72cd90e2d1ec3e9946c762431acece14d1adf,https://www.xiaohongshu.com/search_result/6875e4c1000000002203ddfb?xsec_token=ABpb8S6LXdJaUSnhyvOlCwWTU78DGwryycuazIN0XW5qU=&xsec_source=,否,否
小红书,小红书-东三省旅游景区.json,东三省旅游景区,东北旅游景点,🎃沈阳1h ｜ 东北阿勒泰玩到不想回家‼️,是可可吖,https://www.xiaohongshu.com/user/profile/57fa30c65e87e724de47bd77?channel_type=web_search_result_notes&parent_page_channel_type=web_profile_board&xsec_token=ABkcfmgRJUNEYapF3LX7J7A-FTwNEoNUb_O9sVgC1CQP0=&xsec_source=pc_search,2024-10-03,2024-10-03,2026-03-25,1.3万,13000,https://www.xiaohongshu.com/search_result?keyword=%25E4%25B8%259C%25E5%258C%2597%25E6%2597%2585%25E6%25B8%25B8%25E6%2599%25AF%25E7%2582%25B9&source=web_explore_feed,https://www.xiaohongshu.com/search_result/66fd3c89000000001b02202a?xsec_token=AB8m0q0N60uvbUUq8UvwxTRrPyc3JR9GTbupNJDZBk2J4=&xsec_source=,https://sns-webpic-qc.xhscdn.com/202603251952/83a1961210f597b778031d550471312e/1040g008318fmcddu3q0048ogr2ocdfbn8f171i0!nc_n_webp_mw_1,c1985a7479f5f73b48e25919a28ee446e97320d57bd18af0bbcc7e42ff86b021,https://www.xiaohongshu.com/search_result/66fd3c89000000001b02202a?xsec_token=AB8m0q0N60uvbUUq8UvwxTRrPyc3JR9GTbupNJDZBk2J4=&xsec_source=,否,否
小红书,小红书-东三省旅游景区.json,东三省旅游景区,东北旅游景点,不赶场！东北环线10天躺平版攻略,念北🍓,https://www.xiaohongshu.com/user/profile/5e5d9d8b0000000001000018?channel_type=web_search_result_notes&parent_page_channel_type=web_profile_board&xsec_token=ABnYCREbndAnEKxAKa1yfbWgYnXKSWssin3HUhag9RvYA=&xsec_source=pc_search,5天前,2026-03-20,2026-03-25,4,4,https://www.xiaohongshu.com/search_result?keyword=%25E4%25B8%259C%25E5%258C%2597%25E6%2597%2585%25E6%25B8%25B8%25E6%2599%25AF%25E7%2582%25B9&source=web_explore_feed,https://www.xiaohongshu.com/search_result/69bcda5f000000001a033a7a?xsec_token=ABsE9u35f2_jmIKeN0HnsJ_ey95tlA_TB4FMESR3kQaL0=&xsec_source=,https://sns-webpic-qc.xhscdn.com/202603251952/fb1bd28319ee9e8708ca3704b1f7dfba/notes_pre_post/1040g3k031tu3s85i781g5nitjm5g800olh1leoo!nc_n_webp_mw_1,8f6f0178498c6502dcd8719280155aec7896217dd55bfb88876dafc607c93594,https://www.xiaohongshu.com/search_result/69bcda5f000000001a033a7a?xsec_token=ABsE9u35f2_jmIKeN0HnsJ_ey95tlA_TB4FMESR3kQaL0=&xsec_source=,否,否
小红书,小红书-东三省旅游景区.json,东三省旅游景区,东北旅游景点,杭州牛马周末往返大连,一个小号,https://www.xiaohongshu.com/user/profile/5757f0ab50c4b4329513757d?channel_type=web_search_result_notes&parent_page_channel_type=web_profile_board&xsec_token=AB97rq4QSZG1v2ELv-5JPxUOg9nBr2mUuFSuMJ5EGnXAc=&xsec_source=pc_search,5天前,2026-03-20,2026-03-25,34,34,https://www.xiaohongshu.com/search_result?keyword=%25E4%25B8%259C%25E5%258C%2597%25E6%2597%2585%25E6%25B8%25B8%25E6%2599%25AF%25E7%2582%25B9&source=web_explore_feed,https://www.xiaohongshu.com/search_result/69bc156d0000000023015b59?xsec_token=ABsE9u35f2_jmIKeN0HnsJ_T4pFMTRT8-oasDBj4mkJ3w=&xsec_source=,https://sns-webpic-qc.xhscdn.com/202603251952/c40efec31e93bd5ef78376a82e0b9035/notes_pre_post/1040g3k831ttaqqca728g48fc8coamtbtnlku4rg!nc_n_webp_mw_1,db63f3493f6136a3202bc88c6273f7086959dbef3fb0f6289f6b3de49b9968fc,https://www.xiaohongshu.com/search_result/69bc156d0000000023015b59?xsec_token=ABsE9u35f2_jmIKeN0HnsJ_T4pFMTRT8-oasDBj4mkJ3w=&xsec_source=,否,否
小红书,小红书-东三省旅游景区.json,东三省旅游景区,东北旅游景点,摸河是唯一能看到极光的地方,璐璐玩雪乡,https://www.xiaohongshu.com/user/profile/68d8e4aa0000000021025ad0?channel_type=web_search_result_notes&parent_page_channel_type=web_profile_board&xsec_token=AB8VnD1PgzP6P-gFc8EVnfMdKwi9u8JPX5YdCSRVBvrgo=&xsec_source=pc_search,2025-10-11,2025-10-11,2026-03-25,1575,1575,https://www.xiaohongshu.com/search_result?keyword=%25E4%25B8%259C%25E5%258C%2597%25E6%2597%2585%25E6%25B8%25B8%25E6%2599%25AF%25E7%2582%25B9&source=web_explore_feed,https://www.xiaohongshu.com/search_result/68e99f1b00000000040280a6?xsec_token=ABnUdZ9KWQz_4n7FPeg0OtheQM0UsF1GuxjllxOQ7Y2oU=&xsec_source=,https://sns-webpic-qc.xhscdn.com/202603251952/86415cef9c2b2d4a8035bde2a5defef8/1040g2sg31nfqrhrg6gdg5q6osil8cmmg405tdbg!nc_n_webp_mw_1,c0273c108b42b70d934b54f01bad249d02cd090ddd561a73aab6646710e5dd71,https://www.xiaohongshu.com/search_result/68e99f1b00000000040280a6?xsec_token=ABnUdZ9KWQz_4n7FPeg0OtheQM0UsF1GuxjllxOQ7Y2oU=&xsec_source=,否,否
小红书,小红书-东三省旅游景区.json,东三省旅游景区,东北旅游景点,沈阳3天2夜｜冬天吃喝玩乐住超全保姆级攻略✅,舒凯,https://www.xiaohongshu.com/user/profile/5c7b7efc0000000017001d37?channel_type=web_search_result_notes&parent_page_channel_type=web_profile_board&xsec_token=AB2rYc5iUYHazCMF7WXYikRnBSle-pMRL7QgManohN3Ws=&xsec_source=pc_search,01-29,2026-01-29,2026-03-25,1077,1077,https://www.xiaohongshu.com/search_result?keyword=%25E4%25B8%259C%25E5%258C%2597%25E6%2597%2585%25E6%25B8%25B8%25E6%2599%25AF%25E7%2582%25B9&source=web_explore_feed,https://www.xiaohongshu.com/search_result/69455762000000001e015c7d?xsec_token=ABANhCeIuRPEfbXom1Fp7gm5k_jhVMP6TS07Rf3ME1W_Y=&xsec_source=,https://sns-webpic-qc.xhscdn.com/202603251952/60b5d79cbe0798d7fad827dd9e869201/1040g2sg31rtlm97mi6i05n3rfru5o79nnklqtig!nc_n_webp_mw_1,1ec0335231cc4b2918d7eb22aaec5b8194d9aff91219ce3c5993bb2e8466042a,https://www.xiaohongshu.com/search_result/69455762000000001e015c7d?xsec_token=ABANhCeIuRPEfbXom1Fp7gm5k_jhVMP6TS07Rf3ME1W_Y=&xsec_source=,否,否
小红书,小红书-东三省旅游景区.json,东三省旅游景区,东北旅游景点,周末出逃｜适合2日游的宝藏小城（东北篇）,快乐小付-,https://www.xiaohongshu.com/user/profile/563ed675e00dd80e518c8c30?channel_type=web_search_result_notes&parent_page_channel_type=web_profile_board&xsec_token=ABfkT-A4Mx5Bi2ekGNH9rT1hYqMCvRiO6mxucZf21mK6o=&xsec_source=pc_search,5天前,2026-03-20,2026-03-25,78,78,https://www.xiaohongshu.com/search_result?keyword=%25E4%25B8%259C%25E5%258C%2597%25E6%2597%2585%25E6%25B8%25B8%25E6%2599%25AF%25E7%2582%25B9&source=web_explore_feed,https://www.xiaohongshu.com/search_result/69bbef6f000000002301cb7a?xsec_token=ABjIeGQcHr1BT9StHiIxRoEAL1ilLRfvLW8NetSei-SBM=&xsec_source=,https://sns-webpic-qc.xhscdn.com/202603251952/169dcdf98ae575cc46231186ef44cc9e/notes_pre_post/1040g3k831tt5th7nmucg427ru3b7b31gbhqcv70!nc_n_webp_mw_1,c062f9974f416ad2c427f54f8c5628028073f32ed6a9458d516342d1e6726d04,https://www.xiaohongshu.com/search_result/69bbef6f000000002301cb7a?xsec_token=ABjIeGQcHr1BT9StHiIxRoEAL1ilLRfvLW8NetSei-SBM=&xsec_source=,否,否
小红书,小红书-东三省旅游景区.json,东三省旅游景区,东北旅游景点,,长白山包🚗规划,https://www.xiaohongshu.com/user/profile/6487a505000000001f0072b0?channel_type=web_search_result_notes&parent_page_channel_type=web_profile_board&xsec_token=AB2ZSJhWk1WXD_8hyUgtPOQtX75r7O6ejor6rt-PkC2Ss=&xsec_source=pc_search,2024-10-02,2024-10-02,2026-03-25,70,70,https://www.xiaohongshu.com/search_result?keyword=%25E4%25B8%259C%25E5%258C%2597%25E6%2597%2585%25E6%25B8%25B8%25E6%2599%25AF%25E7%2582%25B9&source=web_explore_feed,https://www.xiaohongshu.com/search_result/66fc8f06000000001902c869?xsec_token=ABvMgWUxvPh_sWGpU3LZ2FNv15qdkUSI1txdv9PCzsADA=&xsec_source=,https://sns-webpic-qc.xhscdn.com/202603251952/110b4e0c93eace3cec6e07e9e9059518/1040g008318eamg1j3u005p47kk2noslgc1stn10!nc_n_webp_mw_1,4611ce68b478fda7c09fff1fc6b8db465c79cb5557cb05c0393f16db7e656082,https://www.xiaohongshu.com/search_result/66fc8f06000000001902c869?xsec_token=ABvMgWUxvPh_sWGpU3LZ2FNv15qdkUSI1txdv9PCzsADA=&xsec_source=,是,否
小红书,小红书-东三省旅游景区.json,东三省旅游景区,东北旅游景点,,,,,,2026-03-25,,0,https://www.xiaohongshu.com/search_result?keyword=%25E4%25B8%259C%25E5%258C%2597%25E6%2597%2585%25E6%25B8%25B8%25E6%2599%25AF%25E7%2582%25B9&source=web_explore_feed,,http://sns-na-i4.xhscdn.com/notes_pre_post/1040g3k831l1nktav2u704a491dsofnb3j1a1eao?imageView2/1/h/132/w/480/format/jpg&ap=5&sc=HOT_QRY&sign=f3347bd5f056d29ab1f6bd267b598f86&t=69c3cc60&origin=0,caac2bd8663040ab725e223ff4df96d30bf8eab58adea75469dd7be43e2b94ad,9caec44898892ef6682a5cd8e9f2c193352279bfdf0b7cd97011da7295f6c142,是,是
小红书,小红书-东三省旅游景区.json,东三省旅游景区,东北旅游景点,看100篇东北攻略，都不如我这一篇全面,超奇说旅游,https://www.xiaohongshu.com/user/profile/6811d412000000000500d742?channel_type=web_search_result_notes&parent_page_channel_type=web_profile_board&xsec_token=ABt7rz1c__lv6hJzHVx5ACh7qTyC4-Tv7KfpCCXVF8mbA=&xsec_source=pc_search,01-12,2026-01-12,2026-03-25,179,179,https://www.xiaohongshu.com/search_result?keyword=%25E4%25B8%259C%25E5%258C%2597%25E6%2597%2585%25E6%25B8%25B8%25E6%2599%25AF%25E7%2582%25B9&source=web_explore_feed,https://www.xiaohongshu.com/search_result/6964d4b7000000002202101b?xsec_token=ABhTZES8QrDogm4kVFVIadLGc6Pna2AqA0oHCtQTgPt5Q=&xsec_source=,https://sns-webpic-qc.xhscdn.com/202603251952/b92bfa3fbca99f9f3fb52834dde00dc3/spectrum/1040g0k031r841n5bmu005q0hqg919lq2iprs9g8!nc_n_webp_mw_1,b35dd91128b4574cb139104494d05a40fa512dd15fabf750613ed5598072d6d8,https://www.xiaohongshu.com/search_result/6964d4b7000000002202101b?xsec_token=ABhTZES8QrDogm4kVFVIadLGc6Pna2AqA0oHCtQTgPt5Q=&xsec_source=,否,否
小红书,小红书-东三省旅游景区.json,东三省旅游景区,东北旅游景点,春日漠河🌷把极光和浪漫焊在东北边境,黑龙江中青国际旅游,https://www.xiaohongshu.com/user/profile/66b31cdd000000001d0307cc?channel_type=web_search_result_notes&parent_page_channel_type=web_profile_board&xsec_token=AB8xrsE-RJJy5j17rd6-3h7Bep-_4ye5PdGQMBOR6Y6fI=&xsec_source=pc_search,5小时前,2026-03-25,2026-03-25,赞,0,https://www.xiaohongshu.com/search_result?keyword=%25E4%25B8%259C%25E5%258C%2597%25E6%2597%2585%25E6%25B8%25B8%25E6%2599%25AF%25E7%2582%25B9&source=web_explore_feed,https://www.xiaohongshu.com/search_result/69c37e1c000000001a02db73?xsec_token=AB1reXc9sceWHR16vHAmKSpBsuzFB_ZdStz_7RRZFLNYQ=&xsec_source=,https://sns-webpic-qc.xhscdn.com/202603251952/36f66b65060b08f15dcf06d429386a02/spectrum/1040g34o31u4jb4af2u105plj3jene1ucr6vlg9g!nc_n_webp_mw_1,d722ae0661a99c6c8c98772dd6fd28c2da3893a9ec834f89288e1479e9351ad1,https://www.xiaohongshu.com/search_result/69c37e1c000000001a02db73?xsec_token=AB1reXc9sceWHR16vHAmKSpBsuzFB_ZdStz_7RRZFLNYQ=&xsec_source=,否,否
小红书,小红书-东三省旅游景区.json,东三省旅游景区,东北旅游景点,❄️东北旅游必打卡地图！一篇全搞定！❄️,哈尔滨旅游-阿娇,https://www.xiaohongshu.com/user/profile/6869417e000000001e008f62?channel_type=web_search_result_notes&parent_page_channel_type=web_profile_board&xsec_token=ABpKk-WXdOP3WoEZ7dRkitv3HDIC-7W07P_sdR1TKK6Rs=&xsec_source=pc_search,2025-12-16,2025-12-16,2026-03-25,13,13,https://www.xiaohongshu.com/search_result?keyword=%25E4%25B8%259C%25E5%258C%2597%25E6%2597%2585%25E6%25B8%25B8%25E6%2599%25AF%25E7%2582%25B9&source=web_explore_feed,https://www.xiaohongshu.com/search_result/694153b9000000000d03e9e9?xsec_token=AB5lAEDsz_wsQLz-oX57x-NdE_VB_s5-cacGwnF3dCglg=&xsec_source=,https://sns-webpic-qc.xhscdn.com/202603251952/0f647b1dfe53baf6e24947624fa122b2/notes_pre_post/1040g3k031q5fmrr2ng6g5q3985v7h3r2r25ut9o!nc_n_webp_mw_1,82a12f525ea23d8c46eec3b1e09b95944d6b859a19b57a9d41cb98e386c31b30,https://www.xiaohongshu.com/search_result/694153b9000000000d03e9e9?xsec_token=AB5lAEDsz_wsQLz-oX57x-NdE_VB_s5-cacGwnF3dCglg=&xsec_source=,否,否
小红书,小红书-东三省旅游景区.json,东三省旅游景区,东北旅游景点,,陶陶,https://www.xiaohongshu.com/user/profile/5e5147480000000001006af1?channel_type=web_search_result_notes&parent_page_channel_type=web_profile_board&xsec_token=AB5azhS0gG_qPT4jTsarY72NDNBfUEsSkq9Bch0QflO_c=&xsec_source=pc_search,2025-08-18,2025-08-18,2026-03-25,2662,2662,https://www.xiaohongshu.com/search_result?keyword=%25E4%25B8%259C%25E5%258C%2597%25E6%2597%2585%25E6%25B8%25B8%25E6%2599%25AF%25E7%2582%25B9&source=web_explore_feed,https://www.xiaohongshu.com/search_result/68a2c0eb000000001b0374c6?xsec_token=AB4bl6BaW2N0inJxCHSu7-3AL0NqFY-dz5cs-wGt2QRnQ=&xsec_source=,https://sns-webpic-qc.xhscdn.com/202603251952/3244da30ad687a6ac3850b2b857aff54/notes_pre_post/1040g3k831lak9di05mdg5nih8t408qnhalhs4m8!nc_n_webp_mw_1,9e7118c0e88c1a6ae4dcd0f4e6264059d45d38f17709027378158c36d096187a,https://www.xiaohongshu.com/search_result/68a2c0eb000000001b0374c6?xsec_token=AB4bl6BaW2N0inJxCHSu7-3AL0NqFY-dz5cs-wGt2QRnQ=&xsec_source=,是,否
小红书,小红书-东三省旅游景区.json,东三省旅游景区,东北旅游景点,今年的冬天你会跟谁来哈尔滨看雪,李李在哈尔滨,https://www.xiaohongshu.com/user/profile/66bc6730000000000b030855?channel_type=web_search_result_notes&parent_page_channel_type=web_profile_board&xsec_token=ABXjyqeN9gKUoyJw5zxAmsYQmD1c2QTO3HTgt8WHkWB5o=&xsec_source=pc_search,2025-09-04,2025-09-04,2026-03-25,328,328,https://www.xiaohongshu.com/search_result?keyword=%25E4%25B8%259C%25E5%258C%2597%25E6%2597%2585%25E6%25B8%25B8%25E6%2599%25AF%25E7%2582%25B9&source=web_explore_feed,https://www.xiaohongshu.com/search_result/68b95560000000001b0326d8?xsec_token=ABfT9oBRc2YPzsL-uVpygzWq4l2LnMvhSan9VgWyHUUrQ=&xsec_source=,https://sns-webpic-qc.xhscdn.com/202603251952/d620df541a1dfa1a5c683aea67a791bf/1040g2sg31m0ltanhlukg5plscso2u22lm7k79i8!nc_n_webp_mw_1,96400e9afd089a2ce391e1c2700863337c3f495df0ac93603e8eb952c1a52661,https://www.xiaohongshu.com/search_result/68b95560000000001b0326d8?xsec_token=ABfT9oBRc2YPzsL-uVpygzWq4l2LnMvhSan9VgWyHUUrQ=&xsec_source=,否,否
小红书,小红书-东三省旅游景区.json,东三省旅游景区,东北旅游景点,世界上只有辽宁才有的13大奇景,云南嘉宝国际旅行社,https://www.xiaohongshu.com/user/profile/68786507000000001d023385?channel_type=web_search_result_notes&parent_page_channel_type=web_profile_board&xsec_token=ABVGjSymSKIVuFvx6hwBiRdr8ZQ2s39RnjcTzaDXw4JZ0=&xsec_source=pc_search,2025-11-28,2025-11-28,2026-03-25,2643,2643,https://www.xiaohongshu.com/search_result?keyword=%25E4%25B8%259C%25E5%258C%2597%25E6%2597%2585%25E6%25B8%25B8%25E6%2599%25AF%25E7%2582%25B9&source=web_explore_feed,https://www.xiaohongshu.com/search_result/692961e7000000001e00d3ae?xsec_token=ABXZvSBk0ItZa7U__gH-nsIDPeg7r4blHA9aexhApz2Xg=&xsec_source=,https://sns-webpic-qc.xhscdn.com/202603251952/e778df72e7b5373dbce2ba1c976a88f2/spectrum/1040g34o31pe378vri8005q3ock3nccs541vbr7g!nc_n_webp_mw_1,27be009854859a68bb74ce0c63f8a6321c01330f3a36662c4b5adb68f283db63,https://www.xiaohongshu.com/search_result/692961e7000000001e00d3ae?xsec_token=ABXZvSBk0ItZa7U__gH-nsIDPeg7r4blHA9aexhApz2Xg=&xsec_source=,否,否
小红书,小红书-东三省旅游景区.json,东三省旅游景区,东北旅游景点,哈尔滨最值得打卡的地方,荔志青年,https://www.xiaohongshu.com/user/profile/68b019270000000019020a46?channel_type=web_search_result_notes&parent_page_channel_type=web_profile_board&xsec_token=AB0QbFbIDlnVmX1iMG3RddvkGysHImyqLSYb_avExP3Rc=&xsec_source=pc_search,2025-09-25,2025-09-25,2026-03-25,34,34,https://www.xiaohongshu.com/search_result?keyword=%25E4%25B8%259C%25E5%258C%2597%25E6%2597%2585%25E6%25B8%25B8%25E6%2599%25AF%25E7%2582%25B9&source=web_explore_feed,https://www.xiaohongshu.com/search_result/68d4f62600000000140097a2?xsec_token=AB4f8yygHu5WBqK2nJmgDPpMlkc_2qtfQ0qfVjYeYYkKw=&xsec_source=,https://sns-webpic-qc.xhscdn.com/202603251952/4492ccf7f821c0d89d32207939a3718f/1040g00831mrk9e8l5mj05q5p8ha6hj1pvjig3bo!nc_n_webp_mw_1,6c9f4178029c6e2c40e2b77f4df675db61138b7af7c65c8116ebb532b855e4e2,https://www.xiaohongshu.com/search_result/68d4f62600000000140097a2?xsec_token=AB4f8yygHu5WBqK2nJmgDPpMlkc_2qtfQ0qfVjYeYYkKw=&xsec_source=,否,否
小红书,小红书-东三省旅游景区.json,东三省旅游景区,东北旅游景点,,旅游打卡小鱼,https://www.xiaohongshu.com/user/profile/672dad26000000001d02d2f4?channel_type=web_search_result_notes&parent_page_channel_type=web_profile_board&xsec_token=ABuAJjmxdnbIjrrV8ZH6ZSyS35l4hqpkyez-_DDPW4A9E=&xsec_source=pc_search,2025-04-10,2025-04-10,2026-03-25,1697,1697,https://www.xiaohongshu.com/search_result?keyword=%25E4%25B8%259C%25E5%258C%2597%25E6%2597%2585%25E6%25B8%25B8%25E6%2599%25AF%25E7%2582%25B9&source=web_explore_feed,https://www.xiaohongshu.com/search_result/67f758500000000009039655?xsec_token=ABaQCpdYbdAu3BgwnfrGVKYzdbo4POKo2-f2tcyIFKxdk=&xsec_source=,https://sns-webpic-qc.xhscdn.com/202603251952/9a79c87d416ad14939093fe45524a7f3/1040g2sg31g37ifg706m05ppdlkj7dknkttaue50!nc_n_webp_mw_1,686c7d34b6b915c8c2012339671162c96611f2ea228b6b275658ebdf161df075,https://www.xiaohongshu.com/search_result/67f758500000000009039655?xsec_token=ABaQCpdYbdAu3BgwnfrGVKYzdbo4POKo2-f2tcyIFKxdk=&xsec_source=,是,否
小红书,小红书-东三省旅游景区.json,东三省旅游景区,东北旅游景点,别瞎跑！全国各省经典景点都在这了📌,趣自驾,https://www.xiaohongshu.com/user/profile/6109137f0000000001017058?channel_type=web_search_result_notes&parent_page_channel_type=web_profile_board&xsec_token=ABKfOOZB1DM9pKMHqo9SlSDSFjJLhWwlKOwRMAQAJuMPA=&xsec_source=pc_search,03-09,2026-03-09,2026-03-25,135,135,https://www.xiaohongshu.com/search_result?keyword=%25E4%25B8%259C%25E5%258C%2597%25E6%2597%2585%25E6%25B8%25B8%25E6%2599%25AF%25E7%2582%25B9&source=web_explore_feed,https://www.xiaohongshu.com/search_result/69ae59bf000000001a01ff6b?xsec_token=ABJtzu5AOgVFrzx_hFKeApTIu1kpRSeWUxVfr6NFr_QC0=&xsec_source=,https://sns-webpic-qc.xhscdn.com/202603251952/7cb37b665bd1093d8db5fd5ec7ecc184/spectrum/1040g0k031tfukvfc6e005o892dvgas2opv2mnfg!nc_n_webp_mw_1,097841adb21ff87e7466b3c707f68a7d1978eb4cb96b91548c8f297751805519,https://www.xiaohongshu.com/search_result/69ae59bf000000001a01ff6b?xsec_token=ABJtzu5AOgVFrzx_hFKeApTIu1kpRSeWUxVfr6NFr_QC0=&xsec_source=,否,否
小红书,小红书-东三省旅游景区.json,东三省旅游景区,东北旅游景点,#长白山,长白山跑山人,https://www.xiaohongshu.com/user/profile/5e18e51a0000000001007e07?channel_type=web_search_result_notes&parent_page_channel_type=web_profile_board&xsec_token=ABRPFkM8rYBAcApnlhqD3wcV-oaNdhOaSNz_9mreI1t-Q=&xsec_source=pc_search,2025-05-28,2025-05-28,2026-03-25,3.4万,34000,https://www.xiaohongshu.com/search_result?keyword=%25E4%25B8%259C%25E5%258C%2597%25E6%2597%2585%25E6%25B8%25B8%25E6%2599%25AF%25E7%2582%25B9&source=web_explore_feed,https://www.xiaohongshu.com/search_result/68367f51000000000303b20c?xsec_token=ABfgJJVfTPNkQAr84M0HS8q3AalO8YX4DxrlagHob3vi8=&xsec_source=,https://sns-webpic-qc.xhscdn.com/202603251952/f72fa1c99e311b1ae3c318e2bf62581e/spectrum/1040g0k031i0t4ikn6k005ngoskd08vg702i9up8!nc_n_webp_mw_1,9da21a27464f5fd80848c90a767f52dce71751c589e7b718fc9b247ad7190f7d,https://www.xiaohongshu.com/search_result/68367f51000000000303b20c?xsec_token=ABfgJJVfTPNkQAr84M0HS8q3AalO8YX4DxrlagHob3vi8=&xsec_source=,否,否
小红书,小红书-东三省旅游景区.json,东三省旅游景区,东北旅游景点,辽宁省各地区都有什么特点呢？,地舆世界,https://www.xiaohongshu.com/user/profile/67c82271000000000d00a056?channel_type=web_search_result_notes&parent_page_channel_type=web_profile_board&xsec_token=ABYIifea1R-ydKerdvgsG99kRJftW7mZN-K7a1AEjBOdg=&xsec_source=pc_search,2025-09-10,2025-09-10,2026-03-25,1311,1311,https://www.xiaohongshu.com/search_result?keyword=%25E4%25B8%259C%25E5%258C%2597%25E6%2597%2585%25E6%25B8%25B8%25E6%2599%25AF%25E7%2582%25B9&source=web_explore_feed,https://www.xiaohongshu.com/search_result/68c0ceaa000000001d010dbb?xsec_token=ABn80lvaLTK_iEWQQhQyc5wibsEgXk6WkgUK9XPy98heI=&xsec_source=,https://sns-webpic-qc.xhscdn.com/202603251952/b41de911573074f674dd31bbb397b05a/1040g2sg31m7vf3mj4qdg5pu849oj982m5uksoig!nc_n_webp_mw_1,6a84be077330d5ab4eaa1661baf5f90f98f367c068c497cc72eedb7614bdaae4,https://www.xiaohongshu.com/search_result/68c0ceaa000000001d010dbb?xsec_token=ABn80lvaLTK_iEWQQhQyc5wibsEgXk6WkgUK9XPy98heI=&xsec_source=,否,否
小红书,小红书-东三省旅游景区.json,东三省旅游景区,东北旅游景点,让我们欣赏大东北的美丽吧！,杜小康的鸭,https://www.xiaohongshu.com/user/profile/648ab4930000000010034e8b?channel_type=web_search_result_notes&parent_page_channel_type=web_profile_board&xsec_token=ABtn-f0LGQ9BPUh9N75rDQTyfySaGQ1DQzDjK-56dJPIk=&xsec_source=pc_search,2025-07-05,2025-07-05,2026-03-25,1167,1167,https://www.xiaohongshu.com/search_result?keyword=%25E4%25B8%259C%25E5%258C%2597%25E6%2597%2585%25E6%25B8%25B8%25E6%2599%25AF%25E7%2582%25B9&source=web_explore_feed,https://www.xiaohongshu.com/search_result/6867fc6400000000120313c5?xsec_token=ABbdNP8-nmBFbLhJHaPk9a_qSre2JiRmDeZPEb1nb7eA8=&xsec_source=,https://sns-webpic-qc.xhscdn.com/202603251952/f836710fe26644431a86d762777f6877/spectrum/1040g34o31jh7o5okjo105p4ami9k6jkbrjsf1go!nc_n_webp_mw_1,dd99e9c9a886fb65f94680d1cabe88bd1002d243ba65a6459e0d6f1d444d99f8,https://www.xiaohongshu.com/search_result/6867fc6400000000120313c5?xsec_token=ABbdNP8-nmBFbLhJHaPk9a_qSre2JiRmDeZPEb1nb7eA8=&xsec_source=,否,否
小红书,小红书-东三省旅游景区.json,东三省旅游景区,东北旅游景点,今年去东北，首选哪里？,中国国家地理景观,https://www.xiaohongshu.com/user/profile/5efdeba4000000000101e7e6?channel_type=web_search_result_notes&parent_page_channel_type=web_profile_board&xsec_token=ABOYOiImASF82dVyDlTsBJwfQjQaLVyx_OSoU-rgzyYt0=&xsec_source=pc_search,2025-12-15,2025-12-15,2026-03-25,503,503,https://www.xiaohongshu.com/search_result?keyword=%25E4%25B8%259C%25E5%258C%2597%25E6%2597%2585%25E6%25B8%25B8%25E6%2599%25AF%25E7%2582%25B9&source=web_explore_feed,https://www.xiaohongshu.com/search_result/693f8cb3000000001e03bd5c?xsec_token=ABtGPJB8hyMMIvG-4RET1yi8qCrlbqem2HjDmvoJGGd1s=&xsec_source=,https://sns-webpic-qc.xhscdn.com/202603251952/29195ccf09c0545c7f875d6e2f83229a/spectrum/1040g0k031q3o3bbb70005nnttei0bpv6ft7gtcg!nc_n_webp_mw_1,72d1febf697cc43d1f204ed3b1d20c31fbd178c01e78aee76769360ac8bb5af9,https://www.xiaohongshu.com/search_result/693f8cb3000000001e03bd5c?xsec_token=ABtGPJB8hyMMIvG-4RET1yi8qCrlbqem2HjDmvoJGGd1s=&xsec_source=,否,否
小红书,小红书-东三省旅游景区.json,东三省旅游景区,东北旅游景点,北方冬天 把-25℃的东北农村 做成一本相册,生鱼片,https://www.xiaohongshu.com/user/profile/617f2ee600000000020244e0?channel_type=web_search_result_notes&parent_page_channel_type=web_profile_board&xsec_token=ABBNwesckVok2XgzeQFRgmZVYs4m95RQK-EDjj-b-yXLU=&xsec_source=pc_search,6天前,2026-03-19,2026-03-25,340,340,https://www.xiaohongshu.com/search_result?keyword=%25E4%25B8%259C%25E5%258C%2597%25E6%2597%2585%25E6%25B8%25B8%25E6%2599%25AF%25E7%2582%25B9&source=web_explore_feed,https://www.xiaohongshu.com/search_result/69ba9b92000000002003ab00?xsec_token=AB0y8n16ucw_8Er5fiM5RIXyjblh2QKXP97zu74ft1XGg=&xsec_source=,https://sns-webpic-qc.xhscdn.com/202603251952/41b7227bf915a26868c869e68407c97d/1040g00831trtjf3ln8005obv5rj0kh70a5ko1g0!nc_n_webp_mw_1,39d5bf1773c97dfa21c2aa9fea06cae9a7b3fae2b76757da8aa33c83b3d5aee2,https://www.xiaohongshu.com/search_result/69ba9b92000000002003ab00?xsec_token=AB0y8n16ucw_8Er5fiM5RIXyjblh2QKXP97zu74ft1XGg=&xsec_source=,否,否
小红书,小红书-东三省旅游景区.json,东三省旅游景区,东北旅游景点,这才是去东北旅游该做的攻略。,阿丞带你去旅行,https://www.xiaohongshu.com/user/profile/643385d8000000001400d18f?channel_type=web_search_result_notes&parent_page_channel_type=web_profile_board&xsec_token=ABxp4otVSmf6dAbVWGFLsJjFXrN1ElUcNzn2z50Tyxjcc=&xsec_source=pc_search,01-17,2026-01-17,2026-03-25,5.5万,55000,https://www.xiaohongshu.com/search_result?keyword=%25E4%25B8%259C%25E5%258C%2597%25E6%2597%2585%25E6%25B8%25B8%25E6%2599%25AF%25E7%2582%25B9&source=web_explore_feed,https://www.xiaohongshu.com/search_result/696b58e3000000000a02b5d1?xsec_token=ABS601Fd5QEguqItnsqCkRvehjoxHjbrjRywDCMqfIBy8=&xsec_source=,https://sns-webpic-qc.xhscdn.com/202603251952/60ba89cdf88ea15eb9b974562e22ffc4/spectrum/1040g34o31regiec66ueg5p1jgnc51kcfpekn2d0!nc_n_webp_mw_1,911af0ae133865cd62d46f0325fcca92e15f29d9304b289d3e02df56baaee3aa,https://www.xiaohongshu.com/search_result/696b58e3000000000a02b5d1?xsec_token=ABS601Fd5QEguqItnsqCkRvehjoxHjbrjRywDCMqfIBy8=&xsec_source=,否,否
小红书,小红书-东三省旅游景区.json,东三省旅游景区,东北旅游景点,中国80%帝王蟹，来自于这个东北内陆小城,我是女巫大人呀,https://www.xiaohongshu.com/user/profile/684fb1e3000000001b01b570?channel_type=web_search_result_notes&parent_page_channel_type=web_profile_board&xsec_token=AB1cF0MY_ulYwbrkR9-qIeJNfz6b7RtDI4XqzolpJeKMM=&xsec_source=pc_search,03-03,2026-03-03,2026-03-25,2112,2112,https://www.xiaohongshu.com/search_result?keyword=%25E4%25B8%259C%25E5%258C%2597%25E6%2597%2585%25E6%25B8%25B8%25E6%2599%25AF%25E7%2582%25B9&source=web_explore_feed,https://www.xiaohongshu.com/search_result/69a6bf0e000000001a0308f6?xsec_token=ABNBm570u-D3QWZ5-gVK_z2R2RDWh8wjaFVok8TKlV4GU=&xsec_source=,https://sns-webpic-qc.xhscdn.com/202603251952/4c8ffc3805cf982d0e8b51f2f4ef723c/spectrum/1040g34o31t8gp1u46e0g5q2fm7hmrdbgv97cvl8!nc_n_webp_mw_1,349dd2322a16139d8f57a04c76dc98d496528346a001d5bf1e7ad0fe3d044001,https://www.xiaohongshu.com/search_result/69a6bf0e000000001a0308f6?xsec_token=ABNBm570u-D3QWZ5-gVK_z2R2RDWh8wjaFVok8TKlV4GU=&xsec_source=,否,否
小红书,小红书-东三省旅游景区.json,东三省旅游景区,东北旅游景点,🌟【辽宁Top景点排行榜】,口袋旅行.,https://www.xiaohongshu.com/user/profile/60cdaf260000000001004043?channel_type=web_search_result_notes&parent_page_channel_type=web_profile_board&xsec_token=ABkNawOWvQ89OfwmfvdfcoQPgvhEDBznS_4TdQ8uzdBcQ=&xsec_source=pc_search,2025-05-13,2025-05-13,2026-03-25,4,4,https://www.xiaohongshu.com/search_result?keyword=%25E4%25B8%259C%25E5%258C%2597%25E6%2597%2585%25E6%25B8%25B8%25E6%2599%25AF%25E7%2582%25B9&source=web_explore_feed,https://www.xiaohongshu.com/search_result/6822c35600000000210191a1?xsec_token=ABZA8yKA7QjmvFtWqPWOUOYMBnjWuwlU8EH_Ym328xyW8=&xsec_source=,https://sns-webpic-qc.xhscdn.com/202603251952/225cc321516a3137084b891983e5dcf5/spectrum/1040g34o31hdkbhv2j40g5o6dlsj08g2396qvr78!nc_n_webp_mw_1,2bde1dcdcf5cca363ee7c744f1663d7bf03eecdc3ff9b9200777ab045e4a33f2,https://www.xiaohongshu.com/search_result/6822c35600000000210191a1?xsec_token=ABZA8yKA7QjmvFtWqPWOUOYMBnjWuwlU8EH_Ym328xyW8=&xsec_source=,否,否
小红书,小红书-东三省旅游景区.json,东三省旅游景区,东北旅游景点,,,,,,2026-03-25,,0,https://www.xiaohongshu.com/search_result?keyword=%25E4%25B8%259C%25E5%258C%2597%25E6%2597%2585%25E6%25B8%25B8%25E6%2599%25AF%25E7%2582%25B9&source=web_explore_feed,,http://sns-na-i4.xhscdn.com/1040g2sg314lll3ms6k705or7c4vnqhf446jfeeo?imageView2/1/h/132/w/480/format/jpg&ap=5&sc=HOT_QRY&sign=d5a9f1ff14f90bc8a0d1f2ca30efdb2d&t=69c3cc6a&origin=0,0bcb7b94980ec6d5ea89fbd01b8c640285c8767ad0fcb8bff513b4b69bad1488,cb1f00c44b1bb2b6508af0c62d82bd2aecd0bda5fd540691ed7bdbd2a657f417,是,是
小红书,小红书-东三省旅游景区.json,东三省旅游景区,东北旅游景点,大家觉得东北排名前三的景点是哪三个？,芋泥鉴赏大师,https://www.xiaohongshu.com/user/profile/602d278a000000000101d4ab?channel_type=web_search_result_notes&parent_page_channel_type=web_profile_board&xsec_token=AB2IPjoT6hQLfLb_vMVFvk6vHb2gJkDsHTOLJq16GZBmg=&xsec_source=pc_search,2025-08-26,2025-08-26,2026-03-25,376,376,https://www.xiaohongshu.com/search_result?keyword=%25E4%25B8%259C%25E5%258C%2597%25E6%2597%2585%25E6%25B8%25B8%25E6%2599%25AF%25E7%2582%25B9&source=web_explore_feed,https://www.xiaohongshu.com/search_result/68adbce4000000001d03825d?xsec_token=ABn-e2uZyiAq_JqdUNvG8IVFPz75N0gaPZOWid01Wftjs=&xsec_source=,https://sns-webpic-qc.xhscdn.com/202603251952/d55e6cd17186434f2fca7d939f02ea5c/1040g00831llbfovkloe05o1d4u50bl5borg6r50!nc_n_webp_mw_1,531d3782a5ddfee066ef69a12eb20c39a9a1074512f1cad9ce7a6f8d21b987cd,https://www.xiaohongshu.com/search_result/68adbce4000000001d03825d?xsec_token=ABn-e2uZyiAq_JqdUNvG8IVFPz75N0gaPZOWid01Wftjs=&xsec_source=,否,否
小红书,小红书-东三省旅游景区.json,东三省旅游景区,东北旅游景点,都2026了，旅游就该来点有挑战的！！,李躺躺吧,https://www.xiaohongshu.com/user/profile/618a139300000000100063f4?channel_type=web_search_result_notes&parent_page_channel_type=web_profile_board&xsec_token=AB403Frh8ltgfx0Me60ATjFTRrPKpE73NwowujRzCaRNE=&xsec_source=pc_search,01-18,2026-01-18,2026-03-25,8055,8055,https://www.xiaohongshu.com/search_result?keyword=%25E4%25B8%259C%25E5%258C%2597%25E6%2597%2585%25E6%25B8%25B8%25E6%2599%25AF%25E7%2582%25B9&source=web_explore_feed,https://www.xiaohongshu.com/search_result/696ca357000000000a02c7aa?xsec_token=ABJg2jBZXYuHA5U-pgzUhS4tjHvv1ytPdWU4iJ0VY2X9M=&xsec_source=,https://sns-webpic-qc.xhscdn.com/202603251952/1c8e857f8710ff98976525d8564e2b0c/spectrum/1040g0k031rfod055mu005oca2e9k0ovkvbmn14g!nc_n_webp_mw_1,3d39667aea7229953f2396a1f41ca998e34cd2607ec1d0b873a6ccfae100b0e8,https://www.xiaohongshu.com/search_result/696ca357000000000a02c7aa?xsec_token=ABJg2jBZXYuHA5U-pgzUhS4tjHvv1ytPdWU4iJ0VY2X9M=&xsec_source=,否,否
小红书,小红书-东三省旅游景区.json,东三省旅游景区,东北旅游景点,世界上只有黑龙江才有的12大奇景。,勇敢的背包客,https://www.xiaohongshu.com/user/profile/67bbd4540000000007000a25?channel_type=web_search_result_notes&parent_page_channel_type=web_profile_board&xsec_token=AB0_MTXsfaM_3mQ8Ij1Hyg76_Zg-A5aztk92bhe3EUor4=&xsec_source=pc_search,2025-06-03,2025-06-03,2026-03-25,2222,2222,https://www.xiaohongshu.com/search_result?keyword=%25E4%25B8%259C%25E5%258C%2597%25E6%2597%2585%25E6%25B8%25B8%25E6%2599%25AF%25E7%2582%25B9&source=web_explore_feed,https://www.xiaohongshu.com/search_result/683e973d000000002300e720?xsec_token=ABP7pntW4Mkz0X3_1CD3K6dapr0-D1vm_ZGXffI0XAD5g=&xsec_source=,https://sns-webpic-qc.xhscdn.com/202603251952/465f7fd754366189bb54a28e5d49f382/spectrum/1040g0k031i8q63vr6o0g5ptrqha1o2h51nrbfgg!nc_n_webp_mw_1,34b00a9e6539434dd5424d0d1144d59dc679f19a4a16d8db30402979923fe953,https://www.xiaohongshu.com/search_result/683e973d000000002300e720?xsec_token=ABP7pntW4Mkz0X3_1CD3K6dapr0-D1vm_ZGXffI0XAD5g=&xsec_source=,否,否
小红书,小红书-东三省旅游景区.json,东三省旅游景区,东北旅游景点,个人向•去过的自然景点排名,wx不同名,https://www.xiaohongshu.com/user/profile/5a3f9d7211be1050be501d09?channel_type=web_search_result_notes&parent_page_channel_type=web_profile_board&xsec_token=AB6lG7PTDU_grykRfo9dkqBvFI9kAczkU8NTpua_p7aj8=&xsec_source=pc_search,02-28,2026-02-28,2026-03-25,7740,7740,https://www.xiaohongshu.com/search_result?keyword=%25E4%25B8%259C%25E5%258C%2597%25E6%2597%2585%25E6%25B8%25B8%25E6%2599%25AF%25E7%2582%25B9&source=web_explore_feed,https://www.xiaohongshu.com/search_result/699dc47b000000001a033ae6?xsec_token=ABy1sLQaDTPrJMK57EFt_kpnjLWwfEQlZD-9h-Nr1pPBE=&xsec_source=,https://sns-webpic-qc.xhscdn.com/202603251952/3da77f0ba90105e8e1652a23375dd5c7/note_pre_post_uhdr/1040g3r031svo4h6sm81g4a0f4ken4789urb0pag!nc_n_webp_mw_1,d52d26a292e99a5766dc3bbe9e5876e7e5678dc1409d107887df25b38aa9f376,https://www.xiaohongshu.com/search_result/699dc47b000000001a033ae6?xsec_token=ABy1sLQaDTPrJMK57EFt_kpnjLWwfEQlZD-9h-Nr1pPBE=&xsec_source=,否,否
小红书,小红书-东三省旅游景区.json,东三省旅游景区,东北旅游景点,去了大连六次总结的经验！,不考💯烤地瓜,https://www.xiaohongshu.com/user/profile/69795a5c0000000021023d55?channel_type=web_search_result_notes&parent_page_channel_type=web_profile_board&xsec_token=ABTx7zr16wakAxCyT-fjb7Mlk2LpB2b2Sb8IeJ0-9c5wg=&xsec_source=pc_search,03-11,2026-03-11,2026-03-25,1305,1305,https://www.xiaohongshu.com/search_result?keyword=%25E4%25B8%259C%25E5%258C%2597%25E6%2597%2585%25E6%25B8%25B8%25E6%2599%25AF%25E7%2582%25B9&source=web_explore_feed,https://www.xiaohongshu.com/search_result/69b129e10000000022022d31?xsec_token=ABMzCp1PWYrM-bYA9LoyloEbsM1ckdEPeXsfVKeBQAm-g=&xsec_source=,https://sns-webpic-qc.xhscdn.com/202603251952/f65e7f863dc1bc859a30bbf344de4c0f/1040g2sg31ti8009u5aa05qbpb9e8cfal6dhnt8g!nc_n_webp_mw_1,a816ef832b8f008191f32de8826b0a86b2831883d228400f76792d7f87163924,https://www.xiaohongshu.com/search_result/69b129e10000000022022d31?xsec_token=ABMzCp1PWYrM-bYA9LoyloEbsM1ckdEPeXsfVKeBQAm-g=&xsec_source=,否,否
小红书,小红书-东三省旅游景区.json,东三省旅游景区,东北旅游景点,东北老妹儿来报到！手把手带你玩转大东北🔥,沈阳迈乐游,https://www.xiaohongshu.com/user/profile/68f047f6000000003702f582?channel_type=web_search_result_notes&parent_page_channel_type=web_profile_board&xsec_token=ABXFulwxcwoEMNBUhO1zAaAbMbDNNND_P403KqiR6dLjY=&xsec_source=pc_search,5天前,2026-03-20,2026-03-25,13,13,https://www.xiaohongshu.com/search_result?keyword=%25E4%25B8%259C%25E5%258C%2597%25E6%2597%2585%25E6%25B8%25B8%25E6%2599%25AF%25E7%2582%25B9&source=web_explore_feed,https://www.xiaohongshu.com/search_result/69bd0464000000001a034e17?xsec_token=ABx7nDF0_zUeWbV3fpeG5hcpRH6s6AnVWokIzkKsETyds=&xsec_source=,https://sns-webpic-qc.xhscdn.com/202603251952/3b06990e67b9a44ddccc329d0f89ceef/notes_pre_post/1040g3k031tu8tgt26u005q7g8vrdttc2ahcksd8!nc_n_webp_mw_1,869ed754963dca03d9533825d8d5964318607b40aa736f4855a6a5957cfd5efc,https://www.xiaohongshu.com/search_result/69bd0464000000001a034e17?xsec_token=ABx7nDF0_zUeWbV3fpeG5hcpRH6s6AnVWokIzkKsETyds=&xsec_source=,否,否
小红书,小红书-东三省旅游景区.json,东三省旅游景区,东北旅游景点,一张图看懂全国旅游景点，你都去过哪些,菜狗旅行版,https://www.xiaohongshu.com/user/profile/67a71b0d000000000e01f710?channel_type=web_search_result_notes&parent_page_channel_type=web_profile_board&xsec_token=ABtJP4dXf2Ov-5W1Pjw7pbE4S5WoQOpkVmwxvViPemkSs=&xsec_source=pc_search,2025-10-02,2025-10-02,2026-03-25,334,334,https://www.xiaohongshu.com/search_result?keyword=%25E4%25B8%259C%25E5%258C%2597%25E6%2597%2585%25E6%25B8%25B8%25E6%2599%25AF%25E7%2582%25B9&source=web_explore_feed,https://www.xiaohongshu.com/search_result/68db7e00000000000302361d?xsec_token=ABHnzqJI49jS1IuEM51edAGZczkX4A_vPVTk4MKF1Nrpk=&xsec_source=,https://sns-webpic-qc.xhscdn.com/202603251952/ffb810e3a7df455a8484359517194ba3/spectrum/1040g0k031n21bmvl4u005pt73c6jjtogk8jjh6o!nc_n_webp_mw_1,4084b240b3e925275db4a85a739f6e5e1ff535679a9baed124fa082fbf18e29c,https://www.xiaohongshu.com/search_result/68db7e00000000000302361d?xsec_token=ABHnzqJI49jS1IuEM51edAGZczkX4A_vPVTk4MKF1Nrpk=&xsec_source=,否,否
小红书,小红书-东三省旅游景区.json,东三省旅游景区,东北旅游景点,原来松花是这样的！,爱旅游的丸子🍡,https://www.xiaohongshu.com/user/profile/6408d5670000000029015e59?channel_type=web_search_result_notes&parent_page_channel_type=web_profile_board&xsec_token=ABAoeNhOwLuZjs_cmvajYbJlitu5on3TJHN_NtaZFrIMc=&xsec_source=pc_search,01-15,2026-01-15,2026-03-25,1万,10000,https://www.xiaohongshu.com/search_result?keyword=%25E4%25B8%259C%25E5%258C%2597%25E6%2597%2585%25E6%25B8%25B8%25E6%2599%25AF%25E7%2582%25B9&source=web_explore_feed,https://www.xiaohongshu.com/search_result/6968ef47000000001a026c71?xsec_token=ABQTa0dTdSkKVnp4QHQJmur4b1nwpbQFzcpWVU3sQCYUw=&xsec_source=,https://sns-webpic-qc.xhscdn.com/202603251952/437350a56bc514ca28ae9db71114ca61/1040g00831rc5cs8jng005p08qljqanipaa9ob48!nc_n_webp_mw_1,e1a7acc504f23e409cd181c675017af87d7e28b78fa5796f40c2b1587858f4b2,https://www.xiaohongshu.com/search_result/6968ef47000000001a026c71?xsec_token=ABQTa0dTdSkKVnp4QHQJmur4b1nwpbQFzcpWVU3sQCYUw=&xsec_source=,否,否
小红书,小红书-东三省旅游景区.json,东三省旅游景区,东北旅游景点,东北旅游攻略——景点篇,雪球圆又圆,https://www.xiaohongshu.com/user/profile/5b3880fc11be10777214811a?channel_type=web_search_result_notes&parent_page_channel_type=web_profile_board&xsec_token=AB8fBlMXRqzRBSPkCTnZ_0CXN9JhN96ITPT1qJo0jR98s=&xsec_source=pc_search,2025-01-03,2025-01-03,2026-03-25,4,4,https://www.xiaohongshu.com/search_result?keyword=%25E4%25B8%259C%25E5%258C%2597%25E6%2597%2585%25E6%25B8%25B8%25E6%2599%25AF%25E7%2582%25B9&source=web_explore_feed,https://www.xiaohongshu.com/search_result/6777693e000000000b015d3f?xsec_token=ABLzWMh3w8GCxCTJsbgwowseM10w3kGFOZmXmfSEQF6L4=&xsec_source=,https://sns-webpic-qc.xhscdn.com/202603251952/e2583eb7406ff2d8c91ed4d26004dcdc/1040g2sg31c67mb890s804a6o3t0fp08qlp9heno!nc_n_webp_mw_1,77bba566426bf90e329c308065075bb5dea8512cd95f2d151f488b4c5e72637b,https://www.xiaohongshu.com/search_result/6777693e000000000b015d3f?xsec_token=ABLzWMh3w8GCxCTJsbgwowseM10w3kGFOZmXmfSEQF6L4=&xsec_source=,否,否
小红书,小红书-东三省旅游景区.json,东三省旅游景区,东北旅游景点,求求了‼️这个冬天一定要来看童话镇❄️附攻略,盲桃酱旅行记,https://www.xiaohongshu.com/user/profile/5a41d9abe8ac2b7dd4986135?channel_type=web_search_result_notes&parent_page_channel_type=web_profile_board&xsec_token=ABq07n9-ivRZrdUuFb2e90YRGwFLzKP0CCadbAZ9NKrt4=&xsec_source=pc_search,2024-12-07,2024-12-07,2026-03-25,2657,2657,https://www.xiaohongshu.com/search_result?keyword=%25E4%25B8%259C%25E5%258C%2597%25E6%2597%2585%25E6%25B8%25B8%25E6%2599%25AF%25E7%2582%25B9&source=web_explore_feed,https://www.xiaohongshu.com/search_result/67457f39000000000702a967?xsec_token=ABU2RzOF4nKYD-mI5qycVOMHA0wmVooG-ObOkaaGNYufg=&xsec_source=,https://sns-webpic-qc.xhscdn.com/202603251952/770c51c8d314b2df702f763a2d64cc75/1040g00831ali0pajni004a0g5kcqmo9lq2poii8!nc_n_webp_mw_1,7cab4d7600aaf35d9cb2b5ce7b0cc0b7a0cdfa7df9e2fdcd58b08638684888ef,https://www.xiaohongshu.com/search_result/67457f39000000000702a967?xsec_token=ABU2RzOF4nKYD-mI5qycVOMHA0wmVooG-ObOkaaGNYufg=&xsec_source=,否,否
小红书,小红书-东三省旅游景区.json,东三省旅游景区,东北旅游景点,,拾柒里,https://www.xiaohongshu.com/user/profile/67d24e28000000000a03e89d?channel_type=web_search_result_notes&parent_page_channel_type=web_profile_board&xsec_token=ABaqS66IK-Np8o4K1H-C0mJ7QO8w10Bvp10FpA8MwxtDU=&xsec_source=pc_search,2025-03-19,2025-03-19,2026-03-25,168,168,https://www.xiaohongshu.com/search_result?keyword=%25E4%25B8%259C%25E5%258C%2597%25E6%2597%2585%25E6%25B8%25B8%25E6%2599%25AF%25E7%2582%25B9&source=web_explore_feed,https://www.xiaohongshu.com/search_result/67dadbe7000000001b03b5a1?xsec_token=AB0ZzMdeVzJpVkUWMsBJPTIW5uW77tcyw_o02_qUIFR0s=&xsec_source=,https://sns-webpic-qc.xhscdn.com/202603251952/6fd77e3cea5ff9160062a883343c2ead/spectrum/1040g0k031f7d7pqs6q005pui9ok2nq4tnfi4ou8!nc_n_webp_mw_1,738f3d3ba54605872196fa9ea17c71c9a90a9ab61f08d1fac953e39b0528fd57,https://www.xiaohongshu.com/search_result/67dadbe7000000001b03b5a1?xsec_token=AB0ZzMdeVzJpVkUWMsBJPTIW5uW77tcyw_o02_qUIFR0s=&xsec_source=,是,否
小红书,小红书-东三省旅游景区.json,东三省旅游景区,东北旅游景点,,旅游打卡小鱼,https://www.xiaohongshu.com/user/profile/672dad26000000001d02d2f4?channel_type=web_search_result_notes&parent_page_channel_type=web_profile_board&xsec_token=ABuAJjmxdnbIjrrV8ZH6ZSyS35l4hqpkyez-_DDPW4A9E=&xsec_source=pc_search,2025-04-11,2025-04-11,2026-03-25,119,119,https://www.xiaohongshu.com/search_result?keyword=%25E4%25B8%259C%25E5%258C%2597%25E6%2597%2585%25E6%25B8%25B8%25E6%2599%25AF%25E7%2582%25B9&source=web_explore_feed,https://www.xiaohongshu.com/search_result/67f8c858000000000900db88?xsec_token=AB9yE60Y-3v2kgzKKlnFc9aiNER7DxYMdWMpiSclC2Gw8=&xsec_source=,https://sns-webpic-qc.xhscdn.com/202603251952/cfd948cbeab366b61dc5aa0144aa989b/1040g00831g4kijr4hu305ppdlkj7dknkppt23no!nc_n_webp_mw_1,e7384fa08e76c812fdbf2797c430b91664e6777a37e3abc351bfd2095a8f3787,https://www.xiaohongshu.com/search_result/67f8c858000000000900db88?xsec_token=AB9yE60Y-3v2kgzKKlnFc9aiNER7DxYMdWMpiSclC2Gw8=&xsec_source=,是,否
小红书,小红书-东三省旅游景区.json,东三省旅游景区,东北旅游景点,大连旅游攻略来咯,庄然嘚吧嘚,https://www.xiaohongshu.com/user/profile/67c17219000000000e01c96f?channel_type=web_search_result_notes&parent_page_channel_type=web_profile_board&xsec_token=AB1A_UXfV3oPgyLxo9112F_NP0Bdptw01d2uDsUZAr9jg=&xsec_source=pc_search,03-04,2026-03-04,2026-03-25,964,964,https://www.xiaohongshu.com/search_result?keyword=%25E4%25B8%259C%25E5%258C%2597%25E6%2597%2585%25E6%25B8%25B8%25E6%2599%25AF%25E7%2582%25B9&source=web_explore_feed,https://www.xiaohongshu.com/search_result/69a80c2d00000000150318ee?xsec_token=ABUCCpsP3Qlr1NJynqO7Oe3io7rMmhOm37Bgjun_x3r5k=&xsec_source=,https://sns-webpic-qc.xhscdn.com/202603251952/41dbd99a9c81654f6f5d73ec3c323f48/spectrum/1040g34o31t9pha0fl60g5pu1e8cjjibf4j96t80!nc_n_webp_mw_1,811945dd4fd8f402a488f8cc8c66188f3d5629ee886f221693db9ef55ae45a6b,https://www.xiaohongshu.com/search_result/69a80c2d00000000150318ee?xsec_token=ABUCCpsP3Qlr1NJynqO7Oe3io7rMmhOm37Bgjun_x3r5k=&xsec_source=,否,否
小红书,小红书-东三省旅游景区.json,东三省旅游景区,东北旅游景点,世界上只有辽宁独有的15大奇景。,旅游景点推荐官,https://www.xiaohongshu.com/user/profile/6551ca98000000000802f4c7?channel_type=web_search_result_notes&parent_page_channel_type=web_profile_board&xsec_token=ABGb0QD7HtT5zyBMuxgmnHqDNS2C0WWuEHR8XENrmQ79g=&xsec_source=pc_search,2025-07-27,2025-07-27,2026-03-25,1416,1416,https://www.xiaohongshu.com/search_result?keyword=%25E4%25B8%259C%25E5%258C%2597%25E6%2597%2585%25E6%25B8%25B8%25E6%2599%25AF%25E7%2582%25B9&source=web_explore_feed,https://www.xiaohongshu.com/search_result/68859fdb000000000b01d3bf?xsec_token=ABRxo_kPuUer5mEWqCdTVTwb4fPrs7lhLlIo7dYt4_L1E=&xsec_source=,https://sns-webpic-qc.xhscdn.com/202603251952/e59352a9ee4a271d09e88b84ffbfb852/1040g2sg31ke5gjrj2a705pahpac25t674bpgbng!nc_n_webp_mw_1,72669e57d1c9da6f2da5f370782027f255846cffb286cdb6dda31dd5250680e1,https://www.xiaohongshu.com/search_result/68859fdb000000000b01d3bf?xsec_token=ABRxo_kPuUer5mEWqCdTVTwb4fPrs7lhLlIo7dYt4_L1E=&xsec_source=,否,否
小红书,小红书-东三省旅游景区.json,东三省旅游景区,东北旅游景点,,,,,,2026-03-25,,0,https://www.xiaohongshu.com/search_result?keyword=%25E4%25B8%259C%25E5%258C%2597%25E6%2597%2585%25E6%25B8%25B8%25E6%2599%25AF%25E7%2582%25B9&source=web_explore_feed,,http://sns-na-i4.xhscdn.com/1040g2sg31gril0rg3sng5pes5s6192t6b397nvg?imageView2/1/h/132/w/480/format/jpg&ap=5&sc=HOT_QRY&sign=9ac29cd6383a827dc5f73c2091597dfc&t=69c3cc6e&origin=0,86a9432bc75ab9e3b8d265bbfd4aa49a4add93fc0cdfe44af89ba9a710d6729b,dfafff46a2350f152fe6027cd816d038414e3a1f19cac0a2ccd8db8e5c0033f4,是,是
小红书,小红书-东三省旅游景区.json,东三省旅游景区,东北旅游景点,全国旅游景点大集合🔥出门看这一篇就够啦,重庆新东方文旅本地游,https://www.xiaohongshu.com/user/profile/6621ddad0000000003032b45?channel_type=web_search_result_notes&parent_page_channel_type=web_profile_board&xsec_token=ABJ4ZCdljje6-1ubYwdLHVczeWnAcoIyFEkcHfQ9T4g20=&xsec_source=pc_search,2024-10-26,2024-10-26,2026-03-25,1452,1452,https://www.xiaohongshu.com/search_result?keyword=%25E4%25B8%259C%25E5%258C%2597%25E6%2597%2585%25E6%25B8%25B8%25E6%2599%25AF%25E7%2582%25B9&source=web_explore_feed,https://www.xiaohongshu.com/search_result/671c54470000000026036527?xsec_token=ABWkcLStatzJl1X3AdiwdzZ1Ys_dPznTAa2fGOx_yV6JI=&xsec_source=,https://sns-webpic-qc.xhscdn.com/202603251952/bd3a6a57efbb8467a29aafe1db857bec/1040g008319dbgr886g005ph1rmmguaq57ruhop8!nc_n_webp_mw_1,7d417c680ec343d964d836e61ff953161354c481b551353d8d1f88af0fc05e9e,https://www.xiaohongshu.com/search_result/671c54470000000026036527?xsec_token=ABWkcLStatzJl1X3AdiwdzZ1Ys_dPznTAa2fGOx_yV6JI=&xsec_source=,否,否
小红书,小红书-东三省旅游景区.json,东三省旅游景区,东北旅游景点,吉林旅游 | 必去景点 | 主要打卡地都在这里,海棠记,https://www.xiaohongshu.com/user/profile/63f85515000000000f0132b3?channel_type=web_search_result_notes&parent_page_channel_type=web_profile_board&xsec_token=ABTlZkBFWagvk4sxDpqV7aE5-6iEUv4ug-9TKCs9OV9no=&xsec_source=pc_search,2024-10-09,2024-10-09,2026-03-25,44,44,https://www.xiaohongshu.com/search_result?keyword=%25E4%25B8%259C%25E5%258C%2597%25E6%2597%2585%25E6%25B8%25B8%25E6%2599%25AF%25E7%2582%25B9&source=web_explore_feed,https://www.xiaohongshu.com/search_result/67069d8e000000001902dff7?xsec_token=ABbbMVYopjXSC8fX5VQm_zRBUM_29PR-2MJ2kCptz5UzI=&xsec_source=,https://sns-webpic-qc.xhscdn.com/202603251952/844c36df8bdd95ed1e3869bbd6a94450/1040g008318o4v8gm0q005ovoakajqclj29a06qo!nc_n_webp_mw_1,2eb99d731977257174aa69322bb1d577b9e2ef36ade23c713ebe61001bbcbad0,https://www.xiaohongshu.com/search_result/67069d8e000000001902dff7?xsec_token=ABbbMVYopjXSC8fX5VQm_zRBUM_29PR-2MJ2kCptz5UzI=&xsec_source=,否,否
小红书,小红书-东三省旅游景区.json,东三省旅游景区,东北旅游景点,,小yu带你游东北,https://www.xiaohongshu.com/user/profile/6921131a000000003700748d?channel_type=web_search_result_notes&parent_page_channel_type=web_profile_board&xsec_token=AB3Pu4KHaY2yE_xnHK6Xw_sVrHixj4V1C3Aj2bpDpbqoI=&xsec_source=pc_search,03-18,2026-03-18,2026-03-25,赞,0,https://www.xiaohongshu.com/search_result?keyword=%25E4%25B8%259C%25E5%258C%2597%25E6%2597%2585%25E6%25B8%25B8%25E6%2599%25AF%25E7%2582%25B9&source=web_explore_feed,https://www.xiaohongshu.com/search_result/69ba7a250000000021011040?xsec_token=AB0y8n16ucw_8Er5fiM5RIXyTUJPv1liDlMeDdXW7jfXU=&xsec_source=,https://sns-webpic-qc.xhscdn.com/202603251952/c1a1928a2f62cfbe6202b9b3373a8903/1040g00831trp6unbnq005q912cddot4de43e7qo!nc_n_webp_mw_1,886682ee477f6ab4803f7bc01d32f5431c43c69b96a9ea96270a07c10b4e2018,https://www.xiaohongshu.com/search_result/69ba7a250000000021011040?xsec_token=AB0y8n16ucw_8Er5fiM5RIXyTUJPv1liDlMeDdXW7jfXU=&xsec_source=,是,否
小红书,小红书-东三省旅游景区.json,东三省旅游景区,东北旅游景点,这份东北攻略或许你刚好需要,冰冰带你趣旅游,https://www.xiaohongshu.com/user/profile/64fac90a000000000200fd96?channel_type=web_search_result_notes&parent_page_channel_type=web_profile_board&xsec_token=AByUh7xSErtdu3PlBFZT1zUL6jXoV-QcRd1JxyalwPY4M=&xsec_source=pc_search,01-10,2026-01-10,2026-03-25,546,546,https://www.xiaohongshu.com/search_result?keyword=%25E4%25B8%259C%25E5%258C%2597%25E6%2597%2585%25E6%25B8%25B8%25E6%2599%25AF%25E7%2582%25B9&source=web_explore_feed,https://www.xiaohongshu.com/search_result/6961bffa000000002200b998?xsec_token=ABYydA4dIhWoEHcSMcDRq25n4MWSSZjtb7sOsLx5O9swI=&xsec_source=,https://sns-webpic-qc.xhscdn.com/202603251952/b73065a81a0082e75dc064d5d9a0eb2b/spectrum/1040g34o31r54rb59mu505p7qp450hvcm2r2i0p8!nc_n_webp_mw_1,4061e09c9556aec0f4abf28fab54794f8a041310e319cfa457a758e0e07ec663,https://www.xiaohongshu.com/search_result/6961bffa000000002200b998?xsec_token=ABYydA4dIhWoEHcSMcDRq25n4MWSSZjtb7sOsLx5O9swI=&xsec_source=,否,否
小红书,小红书-东三省旅游景区.json,东三省旅游景区,东北旅游景点,,冬游东北（中一导游）,https://www.xiaohongshu.com/user/profile/672d9f58000000001d02d43e?channel_type=web_search_result_notes&parent_page_channel_type=web_profile_board&xsec_token=ABuAJjmxdnbIjrrV8ZH6ZSya8GWBbKDv3hzvzRqNX2ZVs=&xsec_source=pc_search,2025-11-20,2025-11-20,2026-03-25,4530,4530,https://www.xiaohongshu.com/search_result?keyword=%25E4%25B8%259C%25E5%258C%2597%25E6%2597%2585%25E6%25B8%25B8%25E6%2599%25AF%25E7%2582%25B9&source=web_explore_feed,https://www.xiaohongshu.com/search_result/691ed6c2000000000d03d0bc?xsec_token=ABSNx3goz98v3FMXjeFovxt9R09gkljfvlhOq94cLr3mo=&xsec_source=,https://sns-webpic-qc.xhscdn.com/202603251952/567c1309ff6c0063da1557da2f89e6f0/1040g2sg31p3ptsbf2ue05ppdjtc7dl1u0qnng90!nc_n_webp_mw_1,e42c9b4033da43149369a2486473f803342c8fa34da30a8e377fab6cba845a75,https://www.xiaohongshu.com/search_result/691ed6c2000000000d03d0bc?xsec_token=ABSNx3goz98v3FMXjeFovxt9R09gkljfvlhOq94cLr3mo=&xsec_source=,是,否
小红书,小红书-东三省旅游景区.json,东三省旅游景区,东北旅游景点,🔥来黑龙江必去的8个地标｜你打卡过几个别,金树票务代理有限公司,https://www.xiaohongshu.com/user/profile/671c90fa000000001d02134b?channel_type=web_search_result_notes&parent_page_channel_type=web_profile_board&xsec_token=ABWkcLStatzJl1X3AdiwdzZ2M3XlpKS2OxHYqgdV5pZEY=&xsec_source=pc_search,03-14,2026-03-14,2026-03-25,7,7,https://www.xiaohongshu.com/search_result?keyword=%25E4%25B8%259C%25E5%258C%2597%25E6%2597%2585%25E6%25B8%25B8%25E6%2599%25AF%25E7%2582%25B9&source=web_explore_feed,https://www.xiaohongshu.com/search_result/69b4d7e6000000001e00d3dc?xsec_token=ABtpbMZrC_ya3ToLSHe_jPDZdrBUGfqW14XFTgnmQKx1o=&xsec_source=,https://sns-webpic-qc.xhscdn.com/202603251952/e336dbe1c41e79545a4404d2b478f531/1040g00831tm9hsh2nqcg5posi3t7c4qb2e3hss0!nc_n_webp_mw_1,aea68c88d9ef29dea95964c545f3e1e9d710f585956c60c2d50dc79c2fdc279c,https://www.xiaohongshu.com/search_result/69b4d7e6000000001e00d3dc?xsec_token=ABtpbMZrC_ya3ToLSHe_jPDZdrBUGfqW14XFTgnmQKx1o=&xsec_source=,否,否
小红书,小红书-东三省旅游景区.json,东三省旅游景区,东北旅游景点,都给我去长影世纪城！太好玩啦,霸王爷,https://www.xiaohongshu.com/user/profile/5d0e1dfc00000000160200a0?channel_type=web_search_result_notes&parent_page_channel_type=web_profile_board&xsec_token=AB8HvDsPqw-LGb_KkjNGEO5FiZLIfi1bOQT4Xz14E9AkE=&xsec_source=pc_search,2025-01-18,2025-01-18,2026-03-25,58,58,https://www.xiaohongshu.com/search_result?keyword=%25E4%25B8%259C%25E5%258C%2597%25E6%2597%2585%25E6%25B8%25B8%25E6%2599%25AF%25E7%2582%25B9&source=web_explore_feed,https://www.xiaohongshu.com/search_result/678b7a9f000000001602293d?xsec_token=ABh1zWDe70Gj5cmncIXv8YmsFGZ7w3kcx6RlUFjn3xZY8=&xsec_source=,https://sns-webpic-qc.xhscdn.com/202603251952/eb043922f2b7285d41b3d49cd4395a3e/1040g00831cpsubt30k005n8e3nu5k0504tdacqg!nc_n_webp_mw_1,5e1043086ba535acc4bbdf5c857e23d23a45d5597b7597fea390207b4eaa7ce4,https://www.xiaohongshu.com/search_result/678b7a9f000000001602293d?xsec_token=ABh1zWDe70Gj5cmncIXv8YmsFGZ7w3kcx6RlUFjn3xZY8=&xsec_source=,否,否
小红书,小红书-东三省旅游景区.json,东三省旅游景区,东北旅游景点,,新疆旅游推荐,https://www.xiaohongshu.com/user/profile/67ecb020000000000a03ed2a?channel_type=web_search_result_notes&parent_page_channel_type=web_profile_board&xsec_token=ABY2LKUSMK9W2ZpDdlRsphCEQSNfF2D48iNtMvffgSrLQ=&xsec_source=pc_search,2025-05-04,2025-05-04,2026-03-25,556,556,https://www.xiaohongshu.com/search_result?keyword=%25E4%25B8%259C%25E5%258C%2597%25E6%2597%2585%25E6%25B8%25B8%25E6%2599%25AF%25E7%2582%25B9&source=web_explore_feed,https://www.xiaohongshu.com/search_result/681736ba000000002100f898?xsec_token=ABrhIxYbqhanXVzuc_qpta1W2A7icdB4Aossdr7wcY3-U=&xsec_source=,https://sns-webpic-qc.xhscdn.com/202603251952/9104c5608c7f720b4c8bf114c096647f/1040g00831h18hlqojo0g5pvcm0g2nr9asroi9t0!nc_n_webp_mw_1,9aa8bbc4a06cef1bf9f53c71cc55e284c6e40d62d3a7ce4fc5e1eecd28da9014,https://www.xiaohongshu.com/search_result/681736ba000000002100f898?xsec_token=ABrhIxYbqhanXVzuc_qpta1W2A7icdB4Aossdr7wcY3-U=&xsec_source=,是,否
小红书,小红书-东三省旅游景区.json,东三省旅游景区,东北旅游景点,《东北》,元界守望者,https://www.xiaohongshu.com/user/profile/5926558682ec3919f31511e2?channel_type=web_search_result_notes&parent_page_channel_type=web_profile_board&xsec_token=AB1Tzo633vHILV-jnTll2jGeIjb8uYqP7VLbfKEzFNZ00=&xsec_source=pc_search,2025-02-19,2025-02-19,2026-03-25,187,187,https://www.xiaohongshu.com/search_result?keyword=%25E4%25B8%259C%25E5%258C%2597%25E6%2597%2585%25E6%25B8%25B8%25E6%2599%25AF%25E7%2582%25B9&source=web_explore_feed,https://www.xiaohongshu.com/search_result/67b5a6240000000029008010?xsec_token=ABQ0D2BcuEwHnrO5_hdkpoGoje32E2cvEhCY3xK4jND-0=&xsec_source=,https://sns-webpic-qc.xhscdn.com/202603251952/266fa09c26989e484276483170d92f55/spectrum/1040g0k031e31q71m160049hbnmaoc4f2tijgfmg!nc_n_webp_mw_1,6186e5f26b4bde4610b393b5ea2403eadeb60261bfa9dbf72c9e214d639c3d38,https://www.xiaohongshu.com/search_result/67b5a6240000000029008010?xsec_token=ABQ0D2BcuEwHnrO5_hdkpoGoje32E2cvEhCY3xK4jND-0=&xsec_source=,否,否
小红书,小红书-东三省旅游景区.json,东三省旅游景区,东北旅游景点,,长春帧行纪,https://www.xiaohongshu.com/user/profile/5c71671700000000110040ed?channel_type=web_search_result_notes&parent_page_channel_type=web_profile_board&xsec_token=ABiYWcxFtpm_Roodiv7h_293fiuy-myOfwIsqKeZY0UKg=&xsec_source=pc_search,2025-10-14,2025-10-14,2026-03-25,63,63,https://www.xiaohongshu.com/search_result?keyword=%25E4%25B8%259C%25E5%258C%2597%25E6%2597%2585%25E6%25B8%25B8%25E6%2599%25AF%25E7%2582%25B9&source=web_explore_feed,https://www.xiaohongshu.com/search_result/68ee28650000000003019274?xsec_token=ABXqo-yfzK-ak6Sv2kpkdXgIbKxjqcX9WejaV3vswiZBc=&xsec_source=,https://sns-webpic-qc.xhscdn.com/202603251952/3051b19ea26d01ad9ba9d5dc2fa9a5aa/notes_pre_post/1040g3k031nk8lafimm6g5n3hcsbk8g7drhcp3pg!nc_n_webp_mw_1,1ba9f1600cdce6a74c74516825483fae210664bfcef6b17dbfd28971327898ec,https://www.xiaohongshu.com/search_result/68ee28650000000003019274?xsec_token=ABXqo-yfzK-ak6Sv2kpkdXgIbKxjqcX9WejaV3vswiZBc=&xsec_source=,是,否
小红书,小红书-东三省旅游景区.json,东三省旅游景区,东北旅游景点,就为了这24张Live图🌊我要去趟淡季的大连！！,长野青一,https://www.xiaohongshu.com/user/profile/5c246609000000000701f3bd?channel_type=web_search_result_notes&parent_page_channel_type=web_profile_board&xsec_token=ABZu5JdkgM9POlIQ5ewjzOfionyuaTZkES4n-GPouF17U=&xsec_source=pc_search,2025-09-25,2025-09-25,2026-03-25,3001,3001,https://www.xiaohongshu.com/search_result?keyword=%25E4%25B8%259C%25E5%258C%2597%25E6%2597%2585%25E6%25B8%25B8%25E6%2599%25AF%25E7%2582%25B9&source=web_explore_feed,https://www.xiaohongshu.com/search_result/68d34093000000001101e407?xsec_token=ABYqAvfJTKFza1KzEXML9QNZbRTt2kI6FIJ5iJIqjrBGY=&xsec_source=,https://sns-webpic-qc.xhscdn.com/202603251952/1f963b322d187ecce81c3a7b8fd01b4d/notes_pre_post/1040g3k831mpv8cf96ga05n14co4hrsttl61dlh8!nc_n_webp_mw_1,44b327fd47a1ced79b168706c352b54f96f1d390b829f3d74bcd3b2c00439085,https://www.xiaohongshu.com/search_result/68d34093000000001101e407?xsec_token=ABYqAvfJTKFza1KzEXML9QNZbRTt2kI6FIJ5iJIqjrBGY=&xsec_source=,否,否
小红书,小红书-东三省旅游景区.json,东三省旅游景区,东北旅游景点,东北旅游行程（自由行）,"D""",https://www.xiaohongshu.com/user/profile/5963928282ec390cd7202599?channel_type=web_search_result_notes&parent_page_channel_type=web_profile_board&xsec_token=ABairet7qv3g8zZHe31rnfUvCXvf0EZpD2n7DCbjkRsdY=&xsec_source=pc_search,1天前,2026-03-24,2026-03-25,1,1,https://www.xiaohongshu.com/search_result?keyword=%25E4%25B8%259C%25E5%258C%2597%25E6%2597%2585%25E6%25B8%25B8%25E6%2599%25AF%25E7%2582%25B9&source=web_explore_feed,https://www.xiaohongshu.com/search_result/69c267e50000000022002209?xsec_token=ABAuN-uMyHf13iXQtcesaQUr25UmwyTBBbDalUoReMyYQ=&xsec_source=,https://sns-webpic-qc.xhscdn.com/202603251952/4602de7f7911aea66e2daf15cbfef45b/notes_pre_post/1040g3k831u3gv5fbigc049loi49849cpk9imaqo!nc_n_webp_mw_1,d6e5ba6cedfb12a659e97263e660294608ec43c077f037a749fc9a7bfa35a3f3,https://www.xiaohongshu.com/search_result/69c267e50000000022002209?xsec_token=ABAuN-uMyHf13iXQtcesaQUr25UmwyTBBbDalUoReMyYQ=&xsec_source=,否,否
小红书,小红书-东三省旅游景区.json,东三省旅游景区,东北旅游景点,这样玩东北才叫深度游！,旅游老炮超奇,https://www.xiaohongshu.com/user/profile/6819d7e50000000018027b9d?channel_type=web_search_result_notes&parent_page_channel_type=web_profile_board&xsec_token=ABH92CQoYR9VkrBXxZKp7ZW1oWPNh7uCxU9cWOw5pSqSo=&xsec_source=pc_search,2025-12-03,2025-12-03,2026-03-25,93,93,https://www.xiaohongshu.com/search_result?keyword=%25E4%25B8%259C%25E5%258C%2597%25E6%2597%2585%25E6%25B8%25B8%25E6%2599%25AF%25E7%2582%25B9&source=web_explore_feed,https://www.xiaohongshu.com/search_result/6930177a000000000d03e871?xsec_token=ABMA4ykMGOvP_9OmZPVi9Kg0eGcmcSEbd3icZOsS3vvgY=&xsec_source=,https://sns-webpic-qc.xhscdn.com/202603251952/6f6b19167dd480e69cea06ca080a74c9/spectrum/1040g34o31pkkfvrtk0105q0pqvim4ust05kcpfg!nc_n_webp_mw_1,e75935afdd21ac84f413c2754ff7f28134fb80b9a94aa3c06fccaaf384bec4c7,https://www.xiaohongshu.com/search_result/6930177a000000000d03e871?xsec_token=ABMA4ykMGOvP_9OmZPVi9Kg0eGcmcSEbd3icZOsS3vvgY=&xsec_source=,否,否
小红书,小红书-东三省旅游景区.json,东三省旅游景区,东北旅游景点,,好运滚滚发财鱼,https://www.xiaohongshu.com/user/profile/5f20c66a000000000101fb86?channel_type=web_search_result_notes&parent_page_channel_type=web_profile_board&xsec_token=ABMibhumVaB2R7TB7p4bIr5WXvjYz9jkyn_J8saUUWxX8=&xsec_source=pc_search,03-17,2026-03-17,2026-03-25,509,509,https://www.xiaohongshu.com/search_result?keyword=%25E4%25B8%259C%25E5%258C%2597%25E6%2597%2585%25E6%25B8%25B8%25E6%2599%25AF%25E7%2582%25B9&source=web_explore_feed,https://www.xiaohongshu.com/search_result/69b8c0a5000000002102df46?xsec_token=ABd5Za_vky-CEvxpNpzXXO3mpcLp72kKeWi2Q7qIC_rHs=&xsec_source=,https://sns-webpic-qc.xhscdn.com/202603251952/db09fd0984ac637d138f87ef51ff4d64/notes_pre_post/1040g3k831tq3j4llmu7g5np0opl0bus6c4dggi0!nc_n_webp_mw_1,ff25e1b8b25f3d5cdab1cfceb0dbe63a5139543d3bd5e45d61188377ad1f771a,https://www.xiaohongshu.com/search_result/69b8c0a5000000002102df46?xsec_token=ABd5Za_vky-CEvxpNpzXXO3mpcLp72kKeWi2Q7qIC_rHs=&xsec_source=,是,否
小红书,小红书-东三省旅游景区.json,东三省旅游景区,东北旅游景点,,lucky环游记,https://www.xiaohongshu.com/user/profile/64b4b293000000001001e342?channel_type=web_search_result_notes&parent_page_channel_type=web_profile_board&xsec_token=AB4uFoiyVgGwrWDOhSziqSbjvx_nm4pCNn09RmjTKlnK8=&xsec_source=pc_search,2024-11-01,2024-11-01,2026-03-25,3368,3368,https://www.xiaohongshu.com/search_result?keyword=%25E4%25B8%259C%25E5%258C%2597%25E6%2597%2585%25E6%25B8%25B8%25E6%2599%25AF%25E7%2582%25B9&source=web_explore_feed,https://www.xiaohongshu.com/search_result/6724de45000000001b0109fe?xsec_token=ABFxlztoU4k9OJt8a8k-EC6HWbSOVS24RQEsvB7Sww6CQ=&xsec_source=,https://sns-webpic-qc.xhscdn.com/202603251952/3bbe6a6af99613e8f9bd8d701773dab8/spectrum/1040g34o319lmbrmr6ueg5p5kma9k3oq21npgv7o!nc_n_webp_mw_1,4ed395792935b62c71959ab9c274d605767f40943b34f5e3e2ac511077ae9e02,https://www.xiaohongshu.com/search_result/6724de45000000001b0109fe?xsec_token=ABFxlztoU4k9OJt8a8k-EC6HWbSOVS24RQEsvB7Sww6CQ=&xsec_source=,是,否
小红书,小红书-东三省旅游景区.json,东三省旅游景区,东北旅游景点,如果要去东北旅游，最好先落地沈阳,旅见视界,https://www.xiaohongshu.com/user/profile/6936381b000000003201d76c?channel_type=web_search_result_notes&parent_page_channel_type=web_profile_board&xsec_token=AB1tnyhUfCOTLCfqDTStxDcdUnAfMpXNnA74ihS1fhN6U=&xsec_source=pc_search,01-28,2026-01-28,2026-03-25,448,448,https://www.xiaohongshu.com/search_result?keyword=%25E4%25B8%259C%25E5%258C%2597%25E6%2597%2585%25E6%25B8%25B8%25E6%2599%25AF%25E7%2582%25B9&source=web_explore_feed,https://www.xiaohongshu.com/search_result/6979c320000000002200ac55?xsec_token=ABTx7zr16wakAxCyT-fjb7MtFJUVl-JBb_dB41dsBoWfQ=&xsec_source=,https://sns-webpic-qc.xhscdn.com/202603251952/3de58f1be22dd2de484e1c947ba88a40/spectrum/1040g34o31rsj6ouv28605q9m70dsjlrcp3gba3o!nc_n_webp_mw_1,56b7853df64279eef8a07e83b4234783a653080ada12b7b4d486abf1959f35d0,https://www.xiaohongshu.com/search_result/6979c320000000002200ac55?xsec_token=ABTx7zr16wakAxCyT-fjb7MtFJUVl-JBb_dB41dsBoWfQ=&xsec_source=,否,否
小红书,小红书-东三省旅游景区.json,东三省旅游景区,东北旅游景点,,,,,,2026-03-25,,0,https://www.xiaohongshu.com/search_result?keyword=%25E4%25B8%259C%25E5%258C%2597%25E6%2597%2585%25E6%25B8%25B8%25E6%2599%25AF%25E7%2582%25B9&source=web_explore_feed,,http://sns-na-i4.xhscdn.com/1040g00831cjgobeggm6g5nkjm9208vvr2uc6n1g?imageView2/1/h/132/w/480/format/jpg&ap=5&sc=HOT_QRY&sign=c8424a5f4ff7937794b36e7c4f3defe0&t=69c3cc71&origin=0,cf44d7417a296ab028ae40722eaa63315e71aa067df8a81680238021bdd4ada0,f020001de7bd173e75d2018540ac423cde94e143ca40c8b5998455b4135df7f2,是,是
小红书,小红书-东三省旅游景区.json,东三省旅游景区,东北旅游景点,3.21日大连实况|淡季时候的海鸥太疯狂了,CY✨,https://www.xiaohongshu.com/user/profile/558c453eb7ba227947116260?channel_type=web_search_result_notes&parent_page_channel_type=web_profile_board&xsec_token=ABpzQ861qBJh1DbPKOIOk_ovBVPXV1a8C2Ux31TTmd4Jk=&xsec_source=pc_search,4天前,2026-03-21,2026-03-25,64,64,https://www.xiaohongshu.com/search_result?keyword=%25E4%25B8%259C%25E5%258C%2597%25E6%2597%2585%25E6%25B8%25B8%25E6%2599%25AF%25E7%2582%25B9&source=web_explore_feed,https://www.xiaohongshu.com/search_result/69be4dd00000000021012017?xsec_token=ABqItCO4Ir_VAvM3EXd_-pNbruqLuKtQ1NASpScDSAYaI=&xsec_source=,https://sns-webpic-qc.xhscdn.com/202603251952/15119f24091b30c074d3d99d915450b6/1040g00831tvgq1pjne6g40sdhv2jsoj0uvb7fd8!nc_n_webp_mw_1,e5376a149214359a282c048186eb54ec05a45ea82e46bc7d2e10909397a34f3a,https://www.xiaohongshu.com/search_result/69be4dd00000000021012017?xsec_token=ABqItCO4Ir_VAvM3EXd_-pNbruqLuKtQ1NASpScDSAYaI=&xsec_source=,否,否
小红书,小红书-东三省旅游景区.json,东三省旅游景区,东北旅游景点,东北还有什么好玩的呀,张天琪,https://www.xiaohongshu.com/user/profile/5b3284b24eacab4b32ae6d00?channel_type=web_search_result_notes&parent_page_channel_type=web_profile_board&xsec_token=ABtQUGZISvlPejSJyfH49hm5GCN8Wp5NmLp8mnHxLDXoQ=&xsec_source=pc_search,2024-12-17,2024-12-17,2026-03-25,2.6万,26000,https://www.xiaohongshu.com/search_result?keyword=%25E4%25B8%259C%25E5%258C%2597%25E6%2597%2585%25E6%25B8%25B8%25E6%2599%25AF%25E7%2582%25B9&source=web_explore_feed,https://www.xiaohongshu.com/search_result/67612f9a000000000b00e083?xsec_token=ABP7Z7DiXDA_W41SbGedDmAFzkmYgxZcXF4Fh3DQqnH1I=&xsec_source=,https://sns-webpic-qc.xhscdn.com/202603251952/37d7c4601dbdfeb1a17d45568e6fe06f/1040g00831bgj8m7710004a6ju82b4r80cqok2hg!nc_n_webp_mw_1,3a73bb97af8b43b92a81c884913c5c3ce244c18cb6f5334e0b2f8bc9eb0a92b2,https://www.xiaohongshu.com/search_result/67612f9a000000000b00e083?xsec_token=ABP7Z7DiXDA_W41SbGedDmAFzkmYgxZcXF4Fh3DQqnH1I=&xsec_source=,否,否
小红书,小红书-东三省旅游景区.json,东三省旅游景区,东北旅游景点,吉林各地区都有什么特点呢？,地舆世界,https://www.xiaohongshu.com/user/profile/67c82271000000000d00a056?channel_type=web_search_result_notes&parent_page_channel_type=web_profile_board&xsec_token=ABYIifea1R-ydKerdvgsG99kRJftW7mZN-K7a1AEjBOdg=&xsec_source=pc_search,2025-09-11,2025-09-11,2026-03-25,1122,1122,https://www.xiaohongshu.com/search_result?keyword=%25E4%25B8%259C%25E5%258C%2597%25E6%2597%2585%25E6%25B8%25B8%25E6%2599%25AF%25E7%2582%25B9&source=web_explore_feed,https://www.xiaohongshu.com/search_result/68c22370000000001c03f3e5?xsec_token=ABjAeX3N8hw-QaeAFggUK1sxXh6bB1JsQr1AM1yvUUz24=&xsec_source=,https://sns-webpic-qc.xhscdn.com/202603251952/1841036b2ce12cf7d3068d676c968d7f/1040g2sg31m99280tkqk05pu849oj982mlgbfn68!nc_n_webp_mw_1,2a3e8f14679bc191a66d5783210f0f6fa6c93836153880cb8500019f14b99a89,https://www.xiaohongshu.com/search_result/68c22370000000001c03f3e5?xsec_token=ABjAeX3N8hw-QaeAFggUK1sxXh6bB1JsQr1AM1yvUUz24=&xsec_source=,否,否
小红书,小红书-东三省旅游景区.json,东三省旅游景区,东北旅游景点,,阿锐追梦之旅,https://www.xiaohongshu.com/user/profile/61fbf4490000000010009733?channel_type=web_search_result_notes&parent_page_channel_type=web_profile_board&xsec_token=ABiDBYzoQwtvAzRey38B7t_xwB9ow9IWz6ze0_9DgZomA=&xsec_source=pc_search,02-07,2026-02-07,2026-03-25,2006,2006,https://www.xiaohongshu.com/search_result?keyword=%25E4%25B8%259C%25E5%258C%2597%25E6%2597%2585%25E6%25B8%25B8%25E6%2599%25AF%25E7%2582%25B9&source=web_explore_feed,https://www.xiaohongshu.com/search_result/6986c249000000001d025777?xsec_token=ABcuaCQh0qTHDj1bU7wXTVN1yo2Ub3aIgoO-xvGQ67N_w=&xsec_source=,https://sns-webpic-qc.xhscdn.com/202603251952/031941837f13a1420b9c68d2da76749e/1040g2sg31s999a2nlme05ofruh4k15pjdbl7ojg!nc_n_webp_mw_1,d3456fa474e10d2ee3977d264f2b4db1fe7059c604cc64fdd51179909a5bad37,https://www.xiaohongshu.com/search_result/6986c249000000001d025777?xsec_token=ABcuaCQh0qTHDj1bU7wXTVN1yo2Ub3aIgoO-xvGQ67N_w=&xsec_source=,是,否
小红书,小红书-东三省旅游景区.json,东三省旅游景区,东北旅游景点,,,,,,2026-03-25,,0,https://www.xiaohongshu.com/search_result?keyword=%25E4%25B8%259C%25E5%258C%2597%25E6%2597%2585%25E6%25B8%25B8%25E6%2599%25AF%25E7%2582%25B9&source=web_explore_feed,,http://sns-na-i4.xhscdn.com/1040g2sg31gril0rg3sng5pes5s6192t6b397nvg?imageView2/1/h/132/w/480/format/jpg&ap=5&sc=HOT_QRY&sign=acb155dfc81440f52d2778bb580dde63&t=69c3cc71&origin=0,bc042a8db6f0d18a2f13f2fcb59e7b5027f949d2e5c36c8a165904ecef159080,9c5bcd3ca19e5d458ed6741af1c5fd9447e2f1c273820474b244568a53783597,是,是
小红书,小红书-东三省旅游景区.json,东三省旅游景区,东北旅游景点,,边缘自驾,https://www.xiaohongshu.com/user/profile/64a6c11d000000002a037044?channel_type=web_search_result_notes&parent_page_channel_type=web_profile_board&xsec_token=ABP7I7EQ2TlyBin1RhyWFTO6sf-x8jaDuHh_IFoSNRz_s=&xsec_source=pc_search,2025-12-25,2025-12-25,2026-03-25,574,574,https://www.xiaohongshu.com/search_result?keyword=%25E4%25B8%259C%25E5%258C%2597%25E6%2597%2585%25E6%25B8%25B8%25E6%2599%25AF%25E7%2582%25B9&source=web_explore_feed,https://www.xiaohongshu.com/search_result/694c8bde000000001b032f1d?xsec_token=ABLHtabwvCXO2bWh83BjIlBt4Gkjis7ntlnHqRRCGO41Q=&xsec_source=,https://sns-webpic-qc.xhscdn.com/202603251952/86998df350c6da804b669dc5a78930c3/1040g2sg31qge805n7ge05p56o4eqms24bihgne8!nc_n_webp_mw_1,d3e346c44d953d35875d2b6aaada86194e7dddfe6d85a68e35ac97291c4dab7c,https://www.xiaohongshu.com/search_result/694c8bde000000001b032f1d?xsec_token=ABLHtabwvCXO2bWh83BjIlBt4Gkjis7ntlnHqRRCGO41Q=&xsec_source=,是,否
小红书,小红书-东三省旅游景区.json,东三省旅游景区,东北旅游景点,吉林市冬季一日游→独属吉林的浪漫,原来是一家人呀,https://www.xiaohongshu.com/user/profile/662998070000000007007ccf?channel_type=web_search_result_notes&parent_page_channel_type=web_profile_board&xsec_token=ABdXvi6lPZRdCnr7FLzoU4IGEUxvHOpvCl33j_Jf-X-NU=&xsec_source=pc_search,01-18,2026-01-18,2026-03-25,81,81,https://www.xiaohongshu.com/search_result?keyword=%25E4%25B8%259C%25E5%258C%2597%25E6%2597%2585%25E6%25B8%25B8%25E6%2599%25AF%25E7%2582%25B9&source=web_explore_feed,https://www.xiaohongshu.com/search_result/696cd599000000002203a8fa?xsec_token=ABJg2jBZXYuHA5U-pgzUhS4rBRidNBa5AqOLV9_LoH4K4=&xsec_source=,https://sns-webpic-qc.xhscdn.com/202603251952/529244288458720387f5039216be8115/notes_pre_post/1040g3k031rfv74flnu6g5ph9j03hov6frprk020!nc_n_webp_mw_1,ea4cf1a19339b69cbaa7fe9064ca833a1947f84381db2e7a29fa85ceaa087431,https://www.xiaohongshu.com/search_result/696cd599000000002203a8fa?xsec_token=ABJg2jBZXYuHA5U-pgzUhS4rBRidNBa5AqOLV9_LoH4K4=&xsec_source=,否,否
小红书,小红书-东三省旅游景区.json,东三省旅游景区,东北旅游景点,没有一座城市能在冬天战胜哈尔滨！,一个人的莎士比亚,https://www.xiaohongshu.com/user/profile/5ff85c680000000001003842?channel_type=web_search_result_notes&parent_page_channel_type=web_profile_board&xsec_token=ABVBwoFls8Hor8tMNEsn7DAS-dNQcSKfQfJZ35VPu4Qe4=&xsec_source=pc_search,03-11,2026-03-11,2026-03-25,2802,2802,https://www.xiaohongshu.com/search_result?keyword=%25E4%25B8%259C%25E5%258C%2597%25E6%2597%2585%25E6%25B8%25B8%25E6%2599%25AF%25E7%2582%25B9&source=web_explore_feed,https://www.xiaohongshu.com/search_result/6795ba17000000001800c264?xsec_token=ABO8wY1CzBejov0yBUpmhywBUFrYc-dzwBgpCMKvqU-qs=&xsec_source=,https://sns-webpic-qc.xhscdn.com/202603251952/73aad68592d1f75ed50444d481df01e6/spectrum/1040g34o31tij2t8v5e105nvobhk08e22n3otk7g!nc_n_webp_mw_1,b1331f76f18a4c5dd3209e3c44428c9720504ce0b6029e85d35919e00b86f3b3,https://www.xiaohongshu.com/search_result/6795ba17000000001800c264?xsec_token=ABO8wY1CzBejov0yBUpmhywBUFrYc-dzwBgpCMKvqU-qs=&xsec_source=,否,否
小红书,小红书-东三省旅游景区.json,东三省旅游景区,东北旅游景点,东北哪里好玩,Maxwell,https://www.xiaohongshu.com/user/profile/66fbd964000000001d020e97?channel_type=web_search_result_notes&parent_page_channel_type=web_profile_board&xsec_token=ABd3qGwfo0pZCuyCt7Y4vu1wGXdDDQjaRLAooCF54laX0=&xsec_source=pc_search,01-02,2026-01-02,2026-03-25,1,1,https://www.xiaohongshu.com/search_result?keyword=%25E4%25B8%259C%25E5%258C%2597%25E6%2597%2585%25E6%25B8%25B8%25E6%2599%25AF%25E7%2582%25B9&source=web_explore_feed,https://www.xiaohongshu.com/search_result/69561060000000001f00e467?xsec_token=ABYb4DQ6ubB9CAVS7-d00K2jT6YdHqU2QqR6e1VBy5G1Y=&xsec_source=,https://sns-webpic-qc.xhscdn.com/202603251952/0139fb6e85d87eb94992a6e368dad276/1040g00831qpnn8r30a605pnrr5i7c3knr1mer60!nc_n_webp_mw_1,f1eadec17f4416c6552cd6bfeb0c8f812506b6914210b96a518b99d8e643f37f,https://www.xiaohongshu.com/search_result/69561060000000001f00e467?xsec_token=ABYb4DQ6ubB9CAVS7-d00K2jT6YdHqU2QqR6e1VBy5G1Y=&xsec_source=,否,否
小红书,小红书-东三省旅游景区.json,东三省旅游景区,东北旅游景点,看来哈尔滨文旅已经和所有动物谈拢了,驭行纪Travel,https://www.xiaohongshu.com/user/profile/660bb32b000000000b00deb4?channel_type=web_search_result_notes&parent_page_channel_type=web_profile_board&xsec_token=ABA5SSmlIzB7g-_fyzNRR4hwiEQYcUe0g4OQWkRNCKjnU=&xsec_source=pc_search,2024-12-23,2024-12-23,2026-03-25,42.9万,429000,https://www.xiaohongshu.com/search_result?keyword=%25E4%25B8%259C%25E5%258C%2597%25E6%2597%2585%25E6%25B8%25B8%25E6%2599%25AF%25E7%2582%25B9&source=web_explore_feed,https://www.xiaohongshu.com/search_result/6768e234000000000900da2a?xsec_token=ABALDNi-n7m_6mur6DVCN4L7NR8RZwmj9UtfWZkXvEeQw=&xsec_source=,https://sns-webpic-qc.xhscdn.com/202603251952/6b75ea436926928795f6ee331c78a36e/spectrum/1040g0k031bo3raeeh2005pgbmclipnlkbt2upg8!nc_n_webp_mw_1,06f4b578e34a4c3057d379cc917a972a8cb9b39def5ca0b97431730738178c53,https://www.xiaohongshu.com/search_result/6768e234000000000900da2a?xsec_token=ABALDNi-n7m_6mur6DVCN4L7NR8RZwmj9UtfWZkXvEeQw=&xsec_source=,否,否
小红书,小红书-东三省旅游景区.json,东三省旅游景区,东北旅游景点,延吉｜与ch瓷一起的朝鲜族自治州一日游攻略！,_柏建,https://www.xiaohongshu.com/user/profile/5b545a65e8ac2b7b7a426037?channel_type=web_search_result_notes&parent_page_channel_type=web_profile_board&xsec_token=ABhlZBWQaFNuoIOP4XwgDwBoPdJtafXJntDWfzTWqqjLE=&xsec_source=pc_search,02-11,2026-02-11,2026-03-25,1623,1623,https://www.xiaohongshu.com/search_result?keyword=%25E4%25B8%259C%25E5%258C%2597%25E6%2597%2585%25E6%25B8%25B8%25E6%2599%25AF%25E7%2582%25B9&source=web_explore_feed,https://www.xiaohongshu.com/search_result/698c6b39000000000d009e22?xsec_token=ABxolZoGWtFrFN4Kf2qFsEAYamzXdd_i33SOTI1wv7FPQ=&xsec_source=,https://sns-webpic-qc.xhscdn.com/202603251952/df12ba77ef5d53246320a061325a0164/1040g2sg31sepujg45ke04a7d73d6ao1n7p0ul10!nc_n_webp_mw_1,8399ce18d0b05aa9c3ddcb315740cb9bed430907780b855b0944c3dc345b1a79,https://www.xiaohongshu.com/search_result/698c6b39000000000d009e22?xsec_token=ABxolZoGWtFrFN4Kf2qFsEAYamzXdd_i33SOTI1wv7FPQ=&xsec_source=,否,否
小红书,小红书-东三省旅游景区.json,东三省旅游景区,东北旅游景点,,煮熟的螃蟹,https://www.xiaohongshu.com/user/profile/5f26c3210000000001002615?channel_type=web_search_result_notes&parent_page_channel_type=web_profile_board&xsec_token=ABdxXNUyh0sUJEPKNBSCF6xwTcNoKmZ_a3kcFMG4z__F4=&xsec_source=pc_search,2025-01-06,2025-01-06,2026-03-25,296,296,https://www.xiaohongshu.com/search_result?keyword=%25E4%25B8%259C%25E5%258C%2597%25E6%2597%2585%25E6%25B8%25B8%25E6%2599%25AF%25E7%2582%25B9&source=web_explore_feed,https://www.xiaohongshu.com/search_result/677b93a6000000001a0341ec?xsec_token=ABKGupu86n4kCP6xmGu5AztDTLbf5t0o_6l8zCSUkQjE0=&xsec_source=,https://sns-webpic-qc.xhscdn.com/202603251952/5add81b2fac5cd3c7b466f2969f5c7ef/1040g00831cac0id8ge605np6ocgg89gloubj21o!nc_n_webp_mw_1,023657f02636059dc38c337e0c88273c23b41943566a12ff5e593b407d069fb1,https://www.xiaohongshu.com/search_result/677b93a6000000001a0341ec?xsec_token=ABKGupu86n4kCP6xmGu5AztDTLbf5t0o_6l8zCSUkQjE0=&xsec_source=,是,否
小红书,小红书-东三省旅游景区.json,东三省旅游景区,东北旅游景点,终于轮到我拍这个机位了！！！,宁小宁,https://www.xiaohongshu.com/user/profile/618222180000000010008c19?channel_type=web_search_result_notes&parent_page_channel_type=web_profile_board&xsec_token=ABMxpjSr4DbuCQK9ODYoVmfajR-w31WGFf6aS4k3iLp6U=&xsec_source=pc_search,2025-02-08,2025-02-08,2026-03-25,3274,3274,https://www.xiaohongshu.com/search_result?keyword=%25E4%25B8%259C%25E5%258C%2597%25E6%2597%2585%25E6%25B8%25B8%25E6%2599%25AF%25E7%2582%25B9&source=web_explore_feed,https://www.xiaohongshu.com/search_result/6796e963000000002a00dba8?xsec_token=ABWO2vjpjLjoT0Sq7KDRhq38p9n4Xsy1jcLve-IS7Bkzo=&xsec_source=,https://sns-webpic-qc.xhscdn.com/202603251952/a0a7acc2af4570d739217a1a3d8fb9ba/1040g00831d527eg0gc005oc248c4130p0is7an0!nc_n_webp_mw_1,6f732a8cc80c95e2523779d1020296713d06d2ff8df08914cf9d0a3ade40883b,https://www.xiaohongshu.com/search_result/6796e963000000002a00dba8?xsec_token=ABWO2vjpjLjoT0Sq7KDRhq38p9n4Xsy1jcLve-IS7Bkzo=&xsec_source=,否,否
小红书,小红书-东三省旅游景区.json,东三省旅游景区,东北旅游景点,东北旅游攻略,闲小闲,https://www.xiaohongshu.com/user/profile/5918930782ec39502cd6b713?channel_type=web_search_result_notes&parent_page_channel_type=web_profile_board&xsec_token=ABPfbuYl9HPq0agmuXcS481ZRRL-zyM3lZ9QrnOXef2jQ=&xsec_source=pc_search,2025-08-03,2025-08-03,2026-03-25,1108,1108,https://www.xiaohongshu.com/search_result?keyword=%25E4%25B8%259C%25E5%258C%2597%25E6%2597%2585%25E6%25B8%25B8%25E6%2599%25AF%25E7%2582%25B9&source=web_explore_feed,https://www.xiaohongshu.com/search_result/688efe48000000000500b13c?xsec_token=ABj98ZQyGMMrpUSpaeL53wX5Z3pWcXPhxCChafhOP1aTA=&xsec_source=,https://sns-webpic-qc.xhscdn.com/202603251952/1c9c89b6ec704e2d2030262c0200ecc9/110/0/01e88efe40b4bf07001000000001986e91549b_0.jpg!nc_n_webp_mw_1,2c957e5ddfed130eb0a8d3e2dd8ef6b29dfdde1ddd18ac0ddc9744f2937e3259,https://www.xiaohongshu.com/search_result/688efe48000000000500b13c?xsec_token=ABj98ZQyGMMrpUSpaeL53wX5Z3pWcXPhxCChafhOP1aTA=&xsec_source=,否,否
小红书,小红书-东三省旅游景区.json,东三省旅游景区,东北旅游景点,消费降级后照样能旅行-极限吃遍哈尔滨,一朵金花,https://www.xiaohongshu.com/user/profile/5cf0d92100000000160114cd?channel_type=web_search_result_notes&parent_page_channel_type=web_profile_board&xsec_token=AB8X0QIOv4gsQifSgP5NixFrQzPSjaMVhKVcZ3hNJJjgU=&xsec_source=pc_search,2025-12-12,2025-12-12,2026-03-25,6.1万,61000,https://www.xiaohongshu.com/search_result?keyword=%25E4%25B8%259C%25E5%258C%2597%25E6%2597%2585%25E6%25B8%25B8%25E6%2599%25AF%25E7%2582%25B9&source=web_explore_feed,https://www.xiaohongshu.com/search_result/67271504000000001b013baa?xsec_token=ABKxUQtLnnVXpQUVvk8_Rvh0bWak-kk7_qRXH32CAQPEc=&xsec_source=,https://sns-webpic-qc.xhscdn.com/202603251952/8e36622b9fa608bbd47e4c464eef682d/spectrum/1040g34o319nrhdcimu0g5n7gr4gli56dr73nan8!nc_n_webp_mw_1,3685d0e06a70647bdc7819a29f014b60a05e05c631cc0a5edede82edd15f6032,https://www.xiaohongshu.com/search_result/67271504000000001b013baa?xsec_token=ABKxUQtLnnVXpQUVvk8_Rvh0bWak-kk7_qRXH32CAQPEc=&xsec_source=,否,否
小红书,小红书-东三省旅游景区.json,东三省旅游景区,东北旅游景点,南方游客心中东北旅游景点江湖地位,辽宁人看城市那些事,https://www.xiaohongshu.com/user/profile/62a2cdc50000000019029de7?channel_type=web_search_result_notes&parent_page_channel_type=web_profile_board&xsec_token=ABb4WFgoSDku9Tn8aKDEilAiuAxYSIoKOpHUVddTBX9Vg=&xsec_source=pc_search,2024-11-30,2024-11-30,2026-03-25,32,32,https://www.xiaohongshu.com/search_result?keyword=%25E4%25B8%259C%25E5%258C%2597%25E6%2597%2585%25E6%25B8%25B8%25E6%2599%25AF%25E7%2582%25B9&source=web_explore_feed,https://www.xiaohongshu.com/search_result/674b05500000000006015d70?xsec_token=AB0o9oS62dceDawhHxGIpiv5mbnqJlQUyrGwA6BbGfHck=&xsec_source=,https://sns-webpic-qc.xhscdn.com/202603251952/76186fbfe5dc43b6ff73c78882158c72/1040g00831aquj06d7ad05ol2pn2md7f7qbprj18!nc_n_webp_mw_1,b9a021fad40751a590fb5b83f5c1d3c17d459053c4a8834f8f5b593299efee56,https://www.xiaohongshu.com/search_result/674b05500000000006015d70?xsec_token=AB0o9oS62dceDawhHxGIpiv5mbnqJlQUyrGwA6BbGfHck=&xsec_source=,否,否
小红书,小红书-东三省旅游景区.json,东三省旅游景区,东北旅游景点,,,,,,2026-03-25,,0,https://www.xiaohongshu.com/search_result?keyword=%25E4%25B8%259C%25E5%258C%2597%25E6%2597%2585%25E6%25B8%25B8%25E6%2599%25AF%25E7%2582%25B9&source=web_explore_feed,,http://sns-na-i4.xhscdn.com/1040g00831cjgobeggm6g5nkjm9208vvr2uc6n1g?imageView2/1/h/132/w/480/format/jpg&ap=5&sc=HOT_QRY&sign=07684d4e110eb1dcf38fd2e4c9bd5da6&t=69c3cc77&origin=0,ecc6d99012053d362a6b9828b640ccc25e307f43bfb1e3c6a2efeed40dfd0051,143eaec9dc8e6b823761d98f76e2448f968578db8e4f7f302f0d45e70feb2bba,是,是
小红书,小红书-东三省旅游景区.json,东三省旅游景区,东北旅游景点,去东北旅游 哪个城市好,炸洋芋🥔,https://www.xiaohongshu.com/user/profile/60a12295000000000100a1dd?channel_type=web_search_result_notes&parent_page_channel_type=web_profile_board&xsec_token=ABXLfkfHiOsjkhWQGUV33zH4lhujBHukprjmARf_XYeiA=&xsec_source=pc_search,2025-11-26,2025-11-26,2026-03-25,10,10,https://www.xiaohongshu.com/search_result?keyword=%25E4%25B8%259C%25E5%258C%2597%25E6%2597%2585%25E6%25B8%25B8%25E6%2599%25AF%25E7%2582%25B9&source=web_explore_feed,https://www.xiaohongshu.com/search_result/6926df02000000001d03b667?xsec_token=ABnLM1kvCC_vRBPIMdEp1WwFXAswShMpbGdbKvtgu-WAE=&xsec_source=,https://sns-webpic-qc.xhscdn.com/202603251952/96e73ba7d6cf7468b210d7937d631b87/1040g2sg31pbkuuv1i6dg5o514aag98etmbdh2s0!nc_n_webp_mw_1,20ff2614a8fd95f2f423a7ce669f34d6f0e852c41fe40fb5a0ce69daf8739742,https://www.xiaohongshu.com/search_result/6926df02000000001d03b667?xsec_token=ABnLM1kvCC_vRBPIMdEp1WwFXAswShMpbGdbKvtgu-WAE=&xsec_source=,否,否
小红书,小红书-东三省旅游景区.json,东三省旅游景区,东北旅游景点,,夏沫的旅課,https://www.xiaohongshu.com/user/profile/65e67da7000000000500f3d0?channel_type=web_search_result_notes&parent_page_channel_type=web_profile_board&xsec_token=ABucuPP8-251vsq0MUn9AwPJ10rTzDKMnaFq-N3GGwImI=&xsec_source=pc_search,2025-12-02,2025-12-02,2026-03-25,705,705,https://www.xiaohongshu.com/search_result?keyword=%25E4%25B8%259C%25E5%258C%2597%25E6%2597%2585%25E6%25B8%25B8%25E6%2599%25AF%25E7%2582%25B9&source=web_explore_feed,https://www.xiaohongshu.com/search_result/692e48d7000000000d03a70c?xsec_token=ABX0a4NFdljihGewtfdgSd3jjYCn82thVgDY0ov_-VMrE=&xsec_source=,https://sns-webpic-qc.xhscdn.com/202603251952/5e688b8abf495821cb6dba47df429f98/notes_pre_post/1040g3k831pisjsf1kgdg5pf6fmjh9sugfbs25g0!nc_n_webp_mw_1,1b0470c218917f31bef1c6179f0e288f0e9d658af8950074accca13d0bf6846b,https://www.xiaohongshu.com/search_result/692e48d7000000000d03a70c?xsec_token=ABX0a4NFdljihGewtfdgSd3jjYCn82thVgDY0ov_-VMrE=&xsec_source=,是,否
小红书,小红书-东三省旅游景区.json,东三省旅游景区,东北旅游景点,,,,,,2026-03-25,,0,https://www.xiaohongshu.com/search_result?keyword=%25E4%25B8%259C%25E5%258C%2597%25E6%2597%2585%25E6%25B8%25B8%25E6%2599%25AF%25E7%2582%25B9&source=web_explore_feed,,http://sns-na-i4.xhscdn.com/1040g2sg31gril0rg3sng5pes5s6192t6b397nvg?imageView2/1/h/132/w/480/format/jpg&ap=5&sc=HOT_QRY&sign=e8308285bc0575ff8a9f4f4ee62ea724&t=69c3cc77&origin=0,46bd37d2ebe73d93e730796cd78f6a2de81f215185bfe1e2de183ddfd9549d05,bc2b37e3e3bf9c287c3c6e3035354036530919aec5ad4a54a90250cc9bce7951,是,是
小红书,小红书-东三省旅游景区.json,东三省旅游景区,东北旅游景点,在叙事之外的东北,江纤维,https://www.xiaohongshu.com/user/profile/5710daa34775a770d4021ce8?channel_type=web_search_result_notes&parent_page_channel_type=web_profile_board&xsec_token=ABizkHPpRXu1604FM6w4qyEExXnO0ooScKlb-uP0lEDhc=&xsec_source=pc_search,1小时前,2026-03-25,2026-03-25,17,17,https://www.xiaohongshu.com/search_result?keyword=%25E4%25B8%259C%25E5%258C%2597%25E6%2597%2585%25E6%25B8%25B8%25E6%2599%25AF%25E7%2582%25B9&source=web_explore_feed,https://www.xiaohongshu.com/search_result/69c3b9bd000000002102edc1?xsec_token=AB1reXc9sceWHR16vHAmKSpMsS1J3N6rkYpxvFEsfg7yI=&xsec_source=,https://sns-webpic-qc.xhscdn.com/202603251952/be4fe8b7ee8cfd4392c0cbb5a6dbfe40/notes_pre_post/1040g3k031u4qk176ii0047vj5lda67789kf11g0!nc_n_webp_mw_1,8b418a93415784a7de507da5a335d8f67903a71cee0c52c93bf29d78ba739048,https://www.xiaohongshu.com/search_result/69c3b9bd000000002102edc1?xsec_token=AB1reXc9sceWHR16vHAmKSpMsS1J3N6rkYpxvFEsfg7yI=&xsec_source=,否,否
小红书,小红书-东三省旅游景区.json,东三省旅游景区,东北旅游景点,我的吉林省之行，太美了！,雨琳,https://www.xiaohongshu.com/user/profile/674d774c0000000008008211?channel_type=web_search_result_notes&parent_page_channel_type=web_profile_board&xsec_token=ABFwnq18dmnDQt_FgJYpE3nxvX5ye_njG-grxI4_RsVwc=&xsec_source=pc_search,2025-09-26,2025-09-26,2026-03-25,29,29,https://www.xiaohongshu.com/search_result?keyword=%25E4%25B8%259C%25E5%258C%2597%25E6%2597%2585%25E6%25B8%25B8%25E6%2599%25AF%25E7%2582%25B9&source=web_explore_feed,https://www.xiaohongshu.com/search_result/68d6383e000000000e023f0a?xsec_token=ABFkPAQR4_skZK-K8ByrOzuAY--Pz4a0EPHwRqI7DBwng=&xsec_source=,https://sns-webpic-qc.xhscdn.com/202603251952/b37a8c7bdaa04f843f04a4b118879e88/notes_pre_post/1040g3k831mssjf2hl8dg5pqdet6210ghrsh28po!nc_n_webp_mw_1,b84669d808dcf107b867cfa6910ad91e28b48ed8374e406fe7d742dfa771f440,https://www.xiaohongshu.com/search_result/68d6383e000000000e023f0a?xsec_token=ABFkPAQR4_skZK-K8ByrOzuAY--Pz4a0EPHwRqI7DBwng=&xsec_source=,否,否
小红书,小红书-东三省旅游景区.json,东三省旅游景区,东北旅游景点,东北好玩！下次还来🥳,Eden.z💿,https://www.xiaohongshu.com/user/profile/5d182e730000000012013a2d?channel_type=web_search_result_notes&parent_page_channel_type=web_profile_board&xsec_token=ABKUbEpbPXgfS0D0pCuFr10yuknN6R7QA6ks4NfTNte3Q=&xsec_source=pc_search,2025-02-10,2025-02-10,2026-03-25,9,9,https://www.xiaohongshu.com/search_result?keyword=%25E4%25B8%259C%25E5%258C%2597%25E6%2597%2585%25E6%25B8%25B8%25E6%2599%25AF%25E7%2582%25B9&source=web_explore_feed,https://www.xiaohongshu.com/search_result/67a9b4e1000000002900cc97?xsec_token=AB3djvQvO33sch2QIKFDucI3RzrxTpYsiPHQw-6MAmAPg=&xsec_source=,https://sns-webpic-qc.xhscdn.com/202603251952/1af2141a5941cbaddc8ff468d7a48f49/1040g00831dndiclc0s005n8o5ppkiehdsqmo7ug!nc_n_webp_mw_1,953777d98a77f6f418e2820fe73c487edd138ab17c7f2939be6d2c916e915bbd,https://www.xiaohongshu.com/search_result/67a9b4e1000000002900cc97?xsec_token=AB3djvQvO33sch2QIKFDucI3RzrxTpYsiPHQw-6MAmAPg=&xsec_source=,否,否
小红书,小红书-东三省旅游景区.json,东三省旅游景区,东北旅游景点,不止秋天 大兴安岭的冬才是人间真绝色❄️,郭得好,https://www.xiaohongshu.com/user/profile/5c74977f0000000012035823?channel_type=web_search_result_notes&parent_page_channel_type=web_profile_board&xsec_token=AB0p_fbBRSQ_oO7A5DcL5lh8sBSF2vU3TA3ZdJp0Wo2H8=&xsec_source=pc_search,01-31,2026-01-31,2026-03-25,6631,6631,https://www.xiaohongshu.com/search_result?keyword=%25E4%25B8%259C%25E5%258C%2597%25E6%2597%2585%25E6%25B8%25B8%25E6%2599%25AF%25E7%2582%25B9&source=web_explore_feed,https://www.xiaohongshu.com/search_result/68e907d60000000004029640?xsec_token=ABnUdZ9KWQz_4n7FPeg0OthczyU48WD6jgo3pAlj0EmOc=&xsec_source=,https://sns-webpic-qc.xhscdn.com/202603251952/abeb92bb5ebb22eb73154f157580d8f5/1040g2sg31rv6viokisf05onnak8njtuogiu8pt0!nc_n_webp_mw_1,ee84ae7e43e176db427d60ddaf83f94ebf3d49fcc24e73c1ed462356f9c45504,https://www.xiaohongshu.com/search_result/68e907d60000000004029640?xsec_token=ABnUdZ9KWQz_4n7FPeg0OthczyU48WD6jgo3pAlj0EmOc=&xsec_source=,否,否
小红书,小红书-东三省旅游景区.json,东三省旅游景区,东北旅游景点,想去东北旅游！没去过，不想踩坑😭,付律讲法,https://www.xiaohongshu.com/user/profile/68e1dcf4000000003702daa7?channel_type=web_search_result_notes&parent_page_channel_type=web_profile_board&xsec_token=ABrf_Fx9uvassvpgt4rBLCK_3R_0EhWfXwTa3xU0QV7CE=&xsec_source=pc_search,2025-12-26,2025-12-26,2026-03-25,4,4,https://www.xiaohongshu.com/search_result?keyword=%25E4%25B8%259C%25E5%258C%2597%25E6%2597%2585%25E6%25B8%25B8%25E6%2599%25AF%25E7%2582%25B9&source=web_explore_feed,https://www.xiaohongshu.com/search_result/694c85cc000000001e03866a?xsec_token=ABLHtabwvCXO2bWh83BjIlBmEKyym7k3wa6_na93AHB8U=&xsec_source=,https://sns-webpic-qc.xhscdn.com/202603251952/035bb001b066a3f9de385fb0f57dec39/1040g2sg31qgdiehj7udg5q71rjqdtml7enjnkl0!nc_n_webp_mw_1,79b4b97ecb9db817a7406362c78f89f5b9f6b87394279b2e0c131244d224ee99,https://www.xiaohongshu.com/search_result/694c85cc000000001e03866a?xsec_token=ABLHtabwvCXO2bWh83BjIlBmEKyym7k3wa6_na93AHB8U=&xsec_source=,否,否
小红书,小红书-东三省旅游景区.json,东三省旅游景区,东北旅游景点,,AAA暗点坏猫女主播,https://www.xiaohongshu.com/user/profile/5fd6e0240000000001005986?channel_type=web_search_result_notes&parent_page_channel_type=web_profile_board&xsec_token=AB3V3WN6o6Ox7ICoD7FqeHFODzKDbw_LPzzcLCkxaL75Y=&xsec_source=pc_search,昨天 21:46,,2026-03-25,赞,0,https://www.xiaohongshu.com/search_result?keyword=%25E4%25B8%259C%25E5%258C%2597%25E6%2597%2585%25E6%25B8%25B8%25E6%2599%25AF%25E7%2582%25B9&source=web_explore_feed,https://www.xiaohongshu.com/search_result/69c295a50000000022025583?xsec_token=ABAuN-uMyHf13iXQtcesaQUrnd1i7J0WuKaWV4rCop_x4=&xsec_source=,https://sns-webpic-qc.xhscdn.com/202603251952/bf220840174eb7d2dcc0b7c9be3bdf3f/1040g00831u3mvjc3io6g5nums0i08mc6islvlsg!nc_n_webp_mw_1,47697fafb02cd2fe60c38b8ff2a0e74a731766257fa2cbc5035095400c465441,https://www.xiaohongshu.com/search_result/69c295a50000000022025583?xsec_token=ABAuN-uMyHf13iXQtcesaQUrnd1i7J0WuKaWV4rCop_x4=&xsec_source=,是,否
小红书,小红书-东三省旅游景区.json,东三省旅游景区,东北旅游景点,日本东北JR pass10日游🌟盛岗游玩攻略,LZ看世界,https://www.xiaohongshu.com/user/profile/5a0909704eacab7fd44425ca?channel_type=web_search_result_notes&parent_page_channel_type=web_profile_board&xsec_token=ABhl95Cui28__6ci4LvsPSOZCs9L0wD6VOUgZJB18kXlU=&xsec_source=pc_search,2天前,2026-03-23,2026-03-25,4,4,https://www.xiaohongshu.com/search_result?keyword=%25E4%25B8%259C%25E5%258C%2597%25E6%2597%2585%25E6%25B8%25B8%25E6%2599%25AF%25E7%2582%25B9&source=web_explore_feed,https://www.xiaohongshu.com/search_result/69c0f5a6000000002301171a?xsec_token=ABXGtA7vIJAZGe07r2UGg1nAYZjvK7xkddaPLaQQx79eI=&xsec_source=,https://sns-webpic-qc.xhscdn.com/202603251952/29a395ac867473f62c5d49f2dd12fa4c/notes_pre_post/1040g3k831u22nl1q1a1g49vhcc4n09eaf2lja68!nc_n_webp_mw_1,315b6fc47a2acfad9a300f10e562dea7670af4fc653143b669007b3d38a94d8a,https://www.xiaohongshu.com/search_result/69c0f5a6000000002301171a?xsec_token=ABXGtA7vIJAZGe07r2UGg1nAYZjvK7xkddaPLaQQx79eI=&xsec_source=,否,否
小红书,小红书-东三省旅游景区.json,东三省旅游景区,东北旅游景点,,知了,https://www.xiaohongshu.com/user/profile/5b12927f4eacab3d34a099ec?channel_type=web_search_result_notes&parent_page_channel_type=web_profile_board&xsec_token=AB8dF4-8QdX0TcK51r-2d9ZZ-N4KSjd0q8-4XRVjUV_UA=&xsec_source=pc_search,2025-06-03,2025-06-03,2026-03-25,6,6,https://www.xiaohongshu.com/search_result?keyword=%25E4%25B8%259C%25E5%258C%2597%25E6%2597%2585%25E6%25B8%25B8%25E6%2599%25AF%25E7%2582%25B9&source=web_explore_feed,https://www.xiaohongshu.com/search_result/683ec5a5000000000303b077?xsec_token=ABP7pntW4Mkz0X3_1CD3K6dT2C723Oz3ct4it7xR3j3sk=&xsec_source=,https://sns-webpic-qc.xhscdn.com/202603251952/a4ad6f302c0cb001f79b0a16bcabbe3f/1040g2sg31i8vqtfs78e04a5sdt97v6fc28pvbm8!nc_n_webp_mw_1,42c7f6e5424c3c3e99d9b76f19e398142a8bf90b28eb0b7d78d3f4b9c7737c6c,https://www.xiaohongshu.com/search_result/683ec5a5000000000303b077?xsec_token=ABP7pntW4Mkz0X3_1CD3K6dT2C723Oz3ct4it7xR3j3sk=&xsec_source=,是,否
小红书,小红书-东三省旅游景区.json,东三省旅游景区,东北旅游景点,中国旅游地图（各省主要旅游景点）1️⃣,YiZhiYu鱼,https://www.xiaohongshu.com/user/profile/636dba8e000000001f01a88c?channel_type=web_search_result_notes&parent_page_channel_type=web_profile_board&xsec_token=AB-Z_75VraMv6VWAaZYNd2pQ1QhepwoBsiMVJAokbNcPU=&xsec_source=pc_search,03-11,2026-03-11,2026-03-25,1893,1893,https://www.xiaohongshu.com/search_result?keyword=%25E4%25B8%259C%25E5%258C%2597%25E6%2597%2585%25E6%25B8%25B8%25E6%2599%25AF%25E7%2582%25B9&source=web_explore_feed,https://www.xiaohongshu.com/search_result/699e9a8e000000001a034187?xsec_token=ABr037pU3G62HFpqtHmpyfpKbuit6EBJmerUD2VavFgoY=&xsec_source=,https://sns-webpic-qc.xhscdn.com/202603251952/26e2a886ad714f26ed02a813b49fbdab/notes_pre_post/1040g3k831timuublm2a05ordna77ra4cn2vd5lo!nc_n_webp_mw_1,ab8fcefa6bf4bec7d749b36f2057746395197e5263a6a5c3904f2cdfef52dd12,https://www.xiaohongshu.com/search_result/699e9a8e000000001a034187?xsec_token=ABr037pU3G62HFpqtHmpyfpKbuit6EBJmerUD2VavFgoY=&xsec_source=,否,否
小红书,小红书-东三省旅游景区.json,东三省旅游景区,东北旅游景点,,小平同学的热爱,https://www.xiaohongshu.com/user/profile/5c66179a0000000010034c55?channel_type=web_search_result_notes&parent_page_channel_type=web_profile_board&xsec_token=ABxyPSv_2IxMyX6Qpq7xj0BcUgtEa2s1Fbsd1QH9rXlrg=&xsec_source=pc_search,2025-06-14,2025-06-14,2026-03-25,7639,7639,https://www.xiaohongshu.com/search_result?keyword=%25E4%25B8%259C%25E5%258C%2597%25E6%2597%2585%25E6%25B8%25B8%25E6%2599%25AF%25E7%2582%25B9&source=web_explore_feed,https://www.xiaohongshu.com/search_result/684d8dbf0000000021001f00?xsec_token=ABK76e-uNNkKAzTNthq63K-Kj64MI0wo9X_QwZJPqjSjM=&xsec_source=,https://sns-webpic-qc.xhscdn.com/202603251952/3a32278960e03460f260221b9055cdee/1040g2sg31indpa2bhg005n362ud46j2lhd13fe0!nc_n_webp_mw_1,9d58826c634852f12a90e6014cfc8ea71bb8cd15e6df373589a0fab278b968a5,https://www.xiaohongshu.com/search_result/684d8dbf0000000021001f00?xsec_token=ABK76e-uNNkKAzTNthq63K-Kj64MI0wo9X_QwZJPqjSjM=&xsec_source=,是,否
小红书,小红书-东三省旅游景区.json,东三省旅游景区,东北旅游景点,哈尔滨,今晚暗鲨你,https://www.xiaohongshu.com/user/profile/601794e900000000010048a5?channel_type=web_search_result_notes&parent_page_channel_type=web_profile_board&xsec_token=AB8NHtJKdEBeflsa0EVSntC7NBOL59Ul3vuCj6OsSrTLs=&xsec_source=pc_search,2025-09-14,2025-09-14,2026-03-25,321,321,https://www.xiaohongshu.com/search_result?keyword=%25E4%25B8%259C%25E5%258C%2597%25E6%2597%2585%25E6%25B8%25B8%25E6%2599%25AF%25E7%2582%25B9&source=web_explore_feed,https://www.xiaohongshu.com/search_result/68c6b53b000000001d039918?xsec_token=ABXNa6SNNSS8XRU5bR1BPfNIAzDyPu3VizA1tBA9rbOAA=&xsec_source=,https://sns-webpic-qc.xhscdn.com/202603251952/cd9b8e701247e4d6aaf87d5ab17849e2/1040g2sg31mdnr8q65m005o0nijkg8i554r0ogj0!nc_n_webp_mw_1,6046289a19d44d750362a0c7f5f6fb050060bcc6e31df5331e5c3ec871a83e66,https://www.xiaohongshu.com/search_result/68c6b53b000000001d039918?xsec_token=ABXNa6SNNSS8XRU5bR1BPfNIAzDyPu3VizA1tBA9rbOAA=&xsec_source=,否,否
小红书,小红书-东三省旅游景区.json,东三省旅游景区,东北旅游景点,去什么日韩？冬天的延边不心动你来打我😉,爱葡萄的Miki,https://www.xiaohongshu.com/user/profile/5b45c66a4eacab3cb020ff0b?channel_type=web_search_result_notes&parent_page_channel_type=web_profile_board&xsec_token=AB4AbKLlgw2Aj26BW9zgrTCqQjdAeTxG6LNPJvCb8EMZs=&xsec_source=pc_search,2025-11-22,2025-11-22,2026-03-25,7815,7815,https://www.xiaohongshu.com/search_result?keyword=%25E4%25B8%259C%25E5%258C%2597%25E6%2597%2585%25E6%25B8%25B8%25E6%2599%25AF%25E7%2582%25B9&source=web_explore_feed,https://www.xiaohongshu.com/search_result/6921879e000000000d0343ea?xsec_token=AB3Pu4KHaY2yE_xnHK6Xw_sbeZ4kv-mXalcIsTArveeXs=&xsec_source=,https://sns-webpic-qc.xhscdn.com/202603251952/e3d3ea94e234900bd360241bf747818d/1040g2sg31p6dlqm7ioeg4a722v36lvobo7ci0r8!nc_n_webp_mw_1,b17b1a0609cfb3018a28b90282f54f6878c76c1e297a23c9aeb9b8829cef2091,https://www.xiaohongshu.com/search_result/6921879e000000000d0343ea?xsec_token=AB3Pu4KHaY2yE_xnHK6Xw_sbeZ4kv-mXalcIsTArveeXs=&xsec_source=,否,否
小红书,小红书-东三省旅游景区.json,东三省旅游景区,东北旅游景点,,西湖醋娱,https://www.xiaohongshu.com/user/profile/63398db400000000180229b0?channel_type=web_search_result_notes&parent_page_channel_type=web_profile_board&xsec_token=ABYz51MriHrjdyzvRoOovdnzaPhKfk3iMFdWbsH7Gi0Kc=&xsec_source=pc_search,01-08,2026-01-08,2026-03-25,1509,1509,https://www.xiaohongshu.com/search_result?keyword=%25E4%25B8%259C%25E5%258C%2597%25E6%2597%2585%25E6%25B8%25B8%25E6%2599%25AF%25E7%2582%25B9&source=web_explore_feed,https://www.xiaohongshu.com/search_result/695fa01600000000220311b1?xsec_token=ABCLsG-ADy2pmS_BHrLnDWvqQF1IUCG39urbb93EcZAzk=&xsec_source=,https://sns-webpic-qc.xhscdn.com/202603251952/7b413666c8b9f2eceac2d47832cada01/spectrum/1040g34o31r32h3q274105opphmq64adglatj19g!nc_n_webp_mw_1,ed5a219e6ee95593adf16a297b9b38a930c6c6770d24e47d1468fbc7ebaff9d3,https://www.xiaohongshu.com/search_result/695fa01600000000220311b1?xsec_token=ABCLsG-ADy2pmS_BHrLnDWvqQF1IUCG39urbb93EcZAzk=&xsec_source=,是,否
小红书,小红书-云南旅游景区.json,云南旅游景区,云南旅游景点,“我很少用震撼来形容一个地方！！！！！！！！！！！！”,MelonSeeds,https://www.xiaohongshu.com/user/profile/591662306a6a6967b63e7f16?channel_type=web_search_result_notes&parent_page_channel_type=web_profile_board&xsec_token=ABwbUgh5_nzsMLFyDpB-P91rEJ3iq64OtOgOgUQYgETeY=&xsec_source=pc_search,03-04,2026-03-04,2026-03-25,2.4万,24000,https://www.xiaohongshu.com/search_result?keyword=%25E4%25BA%2591%25E5%258D%2597%25E6%2597%2585%25E6%25B8%25B8%25E6%2599%25AF%25E7%2582%25B9&source=web_explore_feed,https://www.xiaohongshu.com/search_result/69a795a1000000001b01d339?xsec_token=ABagRB3Ju7gRZFrD2i1d4Wb3IXTH_3P_cBoeMyB8nxhBI=&xsec_source=,https://sns-webpic-qc.xhscdn.com/202603251947/37ad45ddbfe67791a1d6dc682c9f64a5/c/notes_pre_post/1040g3k831t9b5kss5mc049g5ujh30vom5tteu0o!nc_n_webp_mw_1,2989115757a900f7d3c960f4fa41768eae6c71feb16004bd2e0fa0abd4fc0885,https://www.xiaohongshu.com/search_result/69a795a1000000001b01d339?xsec_token=ABagRB3Ju7gRZFrD2i1d4Wb3IXTH_3P_cBoeMyB8nxhBI=&xsec_source=,否,否
小红书,小红书-云南旅游景区.json,云南旅游景区,云南旅游景点,昆明｜丰泽源植物园水中樱花3.20实况（附攻略,Kakii,https://www.xiaohongshu.com/user/profile/5f3d2cf800000000010031f5?channel_type=web_search_result_notes&parent_page_channel_type=web_profile_board&xsec_token=ABtxgUZ5nowfP3M6gvhD8x0-EBemBWi3Dsj5hLS1C_Jxc=&xsec_source=pc_search,4天前,2026-03-21,2026-03-25,393,393,https://www.xiaohongshu.com/search_result?keyword=%25E4%25BA%2591%25E5%258D%2597%25E6%2597%2585%25E6%25B8%25B8%25E6%2599%25AF%25E7%2582%25B9&source=web_explore_feed,https://www.xiaohongshu.com/search_result/69be135d0000000028009045?xsec_token=ABqItCO4Ir_VAvM3EXd_-pNbKzUvKghjXreXISf1EWXHM=&xsec_source=,https://sns-webpic-qc.xhscdn.com/202603251947/87960be908c5a9c2c20c634e3538c6a3/1040g2sg31tv9h2467ee05npt5js08cfl8lrhspg!nc_n_webp_mw_1,5b1d2eadeb29eb6a1fce751a83e3c6f825755481ea552a9d0bfe0ecaaee61072,https://www.xiaohongshu.com/search_result/69be135d0000000028009045?xsec_token=ABqItCO4Ir_VAvM3EXd_-pNbKzUvKghjXreXISf1EWXHM=&xsec_source=,否,否
小红书,小红书-云南旅游景区.json,云南旅游景区,云南旅游景点,云南之旅攻略,小东日常碎片,https://www.xiaohongshu.com/user/profile/66579db900000000030306dc?channel_type=web_search_result_notes&parent_page_channel_type=web_profile_board&xsec_token=ABmsf1mUXsxjV4L6rPhGyBvhgGqM1oDeNn-T4nKPkTX4M=&xsec_source=pc_search,03-05,2026-03-05,2026-03-25,1547,1547,https://www.xiaohongshu.com/search_result?keyword=%25E4%25BA%2591%25E5%258D%2597%25E6%2597%2585%25E6%25B8%25B8%25E6%2599%25AF%25E7%2582%25B9&source=web_explore_feed,https://www.xiaohongshu.com/search_result/69a97fa1000000001a01f0a5?xsec_token=ABiVc_7tees-hHAGAwZNWo7QC8lv8bA6wn1Q2K0K8uhj4=&xsec_source=,https://sns-webpic-qc.xhscdn.com/202603251947/0c0e62d0dede9cc641a633dd02e966b1/1040g00831tb6hmk4m86g5pinjmsgu1ms4r9q9jo!nc_n_webp_mw_1,14ce69236ab22bbea07ce3aa47ea04fae91939c0bfbd2ba625f660f6cb542461,https://www.xiaohongshu.com/search_result/69a97fa1000000001a01f0a5?xsec_token=ABiVc_7tees-hHAGAwZNWo7QC8lv8bA6wn1Q2K0K8uhj4=&xsec_source=,否,否
小红书,小红书-云南旅游景区.json,云南旅游景区,云南旅游景点,,小羊咩咩咩～,https://www.xiaohongshu.com/user/profile/68d7cee9000000002101e15e?channel_type=web_search_result_notes&parent_page_channel_type=web_profile_board&xsec_token=ABYRNnofDRXZRz9dVBKUu41iG1NY_U6rF1SrUlG9fYWEk=&xsec_source=pc_search,2025-12-02,2025-12-02,2026-03-25,1075,1075,https://www.xiaohongshu.com/search_result?keyword=%25E4%25BA%2591%25E5%258D%2597%25E6%2597%2585%25E6%25B8%25B8%25E6%2599%25AF%25E7%2582%25B9&source=web_explore_feed,https://www.xiaohongshu.com/search_result/692eeaaf000000001e022ba4?xsec_token=ABX0a4NFdljihGewtfdgSd3ov76vw6RDLMX1hJUFTW3Oc=&xsec_source=,https://sns-webpic-qc.xhscdn.com/202603251947/78589875c21eeb451132dff177fbe875/notes_pre_post/1040g3k831pjgc8ojkgrg5q6nprkoboaurevbco0!nc_n_webp_mw_1,ccfed152e988207ee538249997aab88f747bb2aa3e6053f3d793b865c38f6c81,https://www.xiaohongshu.com/search_result/692eeaaf000000001e022ba4?xsec_token=ABX0a4NFdljihGewtfdgSd3ov76vw6RDLMX1hJUFTW3Oc=&xsec_source=,是,否
小红书,小红书-云南旅游景区.json,云南旅游景区,云南旅游景点,不爬玉龙雪山🏔️只去蓝月谷的姐妹看这里👀,Sunniva,https://www.xiaohongshu.com/user/profile/56593a9c82718c10cc40c320?channel_type=web_search_result_notes&parent_page_channel_type=web_profile_board&xsec_token=ABu1TGAyG01YQ_NapJyzx-DhqRqu6R6OixXh0qimXhxV0=&xsec_source=pc_search,02-23,2026-02-23,2026-03-25,4280,4280,https://www.xiaohongshu.com/search_result?keyword=%25E4%25BA%2591%25E5%258D%2597%25E6%2597%2585%25E6%25B8%25B8%25E6%2599%25AF%25E7%2582%25B9&source=web_explore_feed,https://www.xiaohongshu.com/search_result/699c5dd20000000028008f94?xsec_token=AB3oejaDO308W00WkJc3rKjshborlKzdnk_rYpfQ4eZp8=&xsec_source=,https://sns-webpic-qc.xhscdn.com/202603251947/a22d8e162c115269a6e74916bc0311d2/notes_pre_post/1040g3k831sucn1ek687043cukft9pgp06r6tp90!nc_n_webp_mw_1,d5dd5908b25d11a85b93a01dec5a458212343335cfd4cbf413bc0503fe8f3d24,https://www.xiaohongshu.com/search_result/699c5dd20000000028008f94?xsec_token=AB3oejaDO308W00WkJc3rKjshborlKzdnk_rYpfQ4eZp8=&xsec_source=,否,否
小红书,小红书-云南旅游景区.json,云南旅游景区,云南旅游景点,谁还不知道！！云南可以这样玩！！,coco的攻略日记,https://www.xiaohongshu.com/user/profile/6770273b000000001801d2bc?channel_type=web_search_result_notes&parent_page_channel_type=web_profile_board&xsec_token=ABi_tO27B0aGO8glQnby410PjTzt0O6ZLw0f2_HdiHBaA=&xsec_source=pc_search,03-05,2026-03-05,2026-03-25,367,367,https://www.xiaohongshu.com/search_result?keyword=%25E4%25BA%2591%25E5%258D%2597%25E6%2597%2585%25E6%25B8%25B8%25E6%2599%25AF%25E7%2582%25B9&source=web_explore_feed,https://www.xiaohongshu.com/search_result/69a953d90000000016008214?xsec_token=ABiVc_7tees-hHAGAwZNWo7ZN3jl-IBIeD2f-8EfTuDD0=&xsec_source=,https://sns-webpic-qc.xhscdn.com/202603251947/62760ff2b33d7492bb9f260ff5dc2391/spectrum/1040g0k031tb1cqvo56005prg4stm3klsjh1lnu8!nc_n_webp_mw_1,932a4498db8da39fed6084edeaaa7bba17c1528cd770b501233041fb307f32fe,https://www.xiaohongshu.com/search_result/69a953d90000000016008214?xsec_token=ABiVc_7tees-hHAGAwZNWo7ZN3jl-IBIeD2f-8EfTuDD0=&xsec_source=,否,否
小红书,小红书-云南旅游景区.json,云南旅游景区,云南旅游景点,,,,,,2026-03-25,,0,https://www.xiaohongshu.com/search_result?keyword=%25E4%25BA%2591%25E5%258D%2597%25E6%2597%2585%25E6%25B8%25B8%25E6%2599%25AF%25E7%2582%25B9&source=web_explore_feed,,http://sns-na-i4.xhscdn.com/1040g2sg31dh63d6eh6705ok7mlnoddssocdtvro?imageView2/1/h/132/w/480/format/jpg&ap=5&sc=HOT_QRY&sign=83782d409c4d16e5f77037cdd6108e46&t=69c3cb56&origin=0,fd8dff10b0934b624431af67cfea79e9f3a09bf5f16f1d1c63d9a9df57767911,a2958d14ab721468726452c3dd152f30bebbbbd1ae1ee3c19cb118ab6957604f,是,是
小红书,小红书-云南旅游景区.json,云南旅游景区,云南旅游景点,,小恒旅游,https://www.xiaohongshu.com/user/profile/67769043000000001801c777?channel_type=web_search_result_notes&parent_page_channel_type=web_profile_board&xsec_token=ABMV8erFelbEpE3597V346Co5ZOw6QO3uu2fhoqrBxUOk=&xsec_source=pc_search,01-08,2026-01-08,2026-03-25,2244,2244,https://www.xiaohongshu.com/search_result?keyword=%25E4%25BA%2591%25E5%258D%2597%25E6%2597%2585%25E6%25B8%25B8%25E6%2599%25AF%25E7%2582%25B9&source=web_explore_feed,https://www.xiaohongshu.com/search_result/695f0a210000000022021a91?xsec_token=ABCLsG-ADy2pmS_BHrLnDWvh8UeQRgb09-pYkrY-tnbIk=&xsec_source=,https://sns-webpic-qc.xhscdn.com/202603251947/edb7911f5f4b2eea7fb1ab2bbba06412/1040g2sg31r20dqnlgm7g5o5pter0boubsavoqa8!nc_n_webp_mw_1,7dbb4bb93b7d5539e10320b79908060f27e174bf4522fe0a543def5d70425771,https://www.xiaohongshu.com/search_result/695f0a210000000022021a91?xsec_token=ABCLsG-ADy2pmS_BHrLnDWvh8UeQRgb09-pYkrY-tnbIk=&xsec_source=,是,否
小红书,小红书-云南旅游景区.json,云南旅游景区,云南旅游景点,大理｜苍山下的古镇 旅行记录,melon🍉,https://www.xiaohongshu.com/user/profile/64736c3400000000100357f2?channel_type=web_search_result_notes&parent_page_channel_type=web_profile_board&xsec_token=ABmM9ibsjfvrFVD0hQdxDor_9l1-rAyZsFxLjfgFNdQeE=&xsec_source=pc_search,02-25,2026-02-25,2026-03-25,93,93,https://www.xiaohongshu.com/search_result?keyword=%25E4%25BA%2591%25E5%258D%2597%25E6%2597%2585%25E6%25B8%25B8%25E6%2599%25AF%25E7%2582%25B9&source=web_explore_feed,https://www.xiaohongshu.com/search_result/699e3209000000001a02ac80?xsec_token=ABr037pU3G62HFpqtHmpyfpF4_OURdvcUdWuIY5uqa5XM=&xsec_source=,https://sns-webpic-qc.xhscdn.com/202603251947/6fced1cb1a019d1c2a4beb4cde8c76db/notes_pre_post/1040g3k031t05hjh7lk005p3jdgq46lvik4esb78!nc_n_webp_mw_1,c5a967f122a677ec73c012c3f0ad1ad76a835c35a5038d64cc211816e35700ac,https://www.xiaohongshu.com/search_result/699e3209000000001a02ac80?xsec_token=ABr037pU3G62HFpqtHmpyfpF4_OURdvcUdWuIY5uqa5XM=&xsec_source=,否,否
小红书,小红书-云南旅游景区.json,云南旅游景区,云南旅游景点,云南自驾第三天之抚仙湖！,CiCi,https://www.xiaohongshu.com/user/profile/5c999f50000000001600bd19?channel_type=web_search_result_notes&parent_page_channel_type=web_profile_board&xsec_token=ABzeYKLsv5Sn2lpVg9kdj4EYoPPZpqADIaRYpYzPIDROQ=&xsec_source=pc_search,02-03,2026-02-03,2026-03-25,1784,1784,https://www.xiaohongshu.com/search_result?keyword=%25E4%25BA%2591%25E5%258D%2597%25E6%2597%2585%25E6%25B8%25B8%25E6%2599%25AF%25E7%2582%25B9&source=web_explore_feed,https://www.xiaohongshu.com/search_result/698207f2000000000a0326f7?xsec_token=ABLUkPxYbAzww7_gD2IZnLRWBuZvl-sRE1VUNy6F_epYA=&xsec_source=,https://sns-webpic-qc.xhscdn.com/202603251947/7c44e3aa63fc94b43b0df5f59a9a57ff/notes_pre_post/1040g3k031s4l66fulc005n4pjt85hf8ppsjr9eg!nc_n_webp_mw_1,7df4b29a64130dc8d9c939ca8f71d20f5ac149f910346543c2554b6212dad7dd,https://www.xiaohongshu.com/search_result/698207f2000000000a0326f7?xsec_token=ABLUkPxYbAzww7_gD2IZnLRWBuZvl-sRE1VUNy6F_epYA=&xsec_source=,否,否
小红书,小红书-云南旅游景区.json,云南旅游景区,云南旅游景点,云南｜滇‌西南终极路线，一篇带你玩转 9城！,王小小仙,https://www.xiaohongshu.com/user/profile/5b4f3e066b58b7093cb39912?channel_type=web_search_result_notes&parent_page_channel_type=web_profile_board&xsec_token=ABTxs5S31k0fbWAhWOpzigFNncodBjOp1mj_Cm4oVESEk=&xsec_source=pc_search,01-26,2026-01-26,2026-03-25,457,457,https://www.xiaohongshu.com/search_result?keyword=%25E4%25BA%2591%25E5%258D%2597%25E6%2597%2585%25E6%25B8%25B8%25E6%2599%25AF%25E7%2582%25B9&source=web_explore_feed,https://www.xiaohongshu.com/search_result/694e8817000000001e000b41?xsec_token=AB_ZUZGQyesM95fb4qdysXpv5yJusi_ol5uufk5jLngds=&xsec_source=,https://sns-webpic-qc.xhscdn.com/202603251947/cfe554017dc7726d3483fcff662b1219/notes_pre_post/1040g3k031qic066sn20g4a78vlv0d68iiivvoj8!nc_n_webp_mw_1,5a5917aa5dc9695a12c94990e68ebc9c87b255e31cef3c3d4b2afcc7e9dbdaf9,https://www.xiaohongshu.com/search_result/694e8817000000001e000b41?xsec_token=AB_ZUZGQyesM95fb4qdysXpv5yJusi_ol5uufk5jLngds=&xsec_source=,否,否
小红书,小红书-云南旅游景区.json,云南旅游景区,云南旅游景点,没去雨崩，我去了正在消失的明永冰川,deemo,https://www.xiaohongshu.com/user/profile/5f30f4420000000001007105?channel_type=web_search_result_notes&parent_page_channel_type=web_profile_board&xsec_token=ABDDIZww04ST5JRyfIGjTxRImlsc5L1ef0R82hPKSPISA=&xsec_source=pc_search,02-04,2026-02-04,2026-03-25,456,456,https://www.xiaohongshu.com/search_result?keyword=%25E4%25BA%2591%25E5%258D%2597%25E6%2597%2585%25E6%25B8%25B8%25E6%2599%25AF%25E7%2582%25B9&source=web_explore_feed,https://www.xiaohongshu.com/search_result/698317fd0000000022023ec5?xsec_token=ABZnO7nK6k2jSRSTgCNZvI2vkLl1j5PdAb-IaGlSBQdq4=&xsec_source=,https://sns-webpic-qc.xhscdn.com/202603251947/745aaeece9ec0884390d5ef15b5214dc/1040g00831s5meckg5m005npguh108s851p7eg4g!nc_n_webp_mw_1,1afa3f6c727ed264cfd8e55eb0d7e36d602aeed90d9773c421190aafe6c4720b,https://www.xiaohongshu.com/search_result/698317fd0000000022023ec5?xsec_token=ABZnO7nK6k2jSRSTgCNZvI2vkLl1j5PdAb-IaGlSBQdq4=&xsec_source=,否,否
小红书,小红书-云南旅游景区.json,云南旅游景区,云南旅游景点,去云南赴一场千年的“火”约｜阿细祭火节,IRONZ,https://www.xiaohongshu.com/user/profile/5acf233fe8ac2b4d38f550b2?channel_type=web_search_result_notes&parent_page_channel_type=web_profile_board&xsec_token=ABzvUzPk4_q-Ol6HG3ZDAd4yxGkhHvezUlpQONbWrXaSY=&xsec_source=pc_search,8小时前,2026-03-25,2026-03-25,325,325,https://www.xiaohongshu.com/search_result?keyword=%25E4%25BA%2591%25E5%258D%2597%25E6%2597%2585%25E6%25B8%25B8%25E6%2599%25AF%25E7%2582%25B9&source=web_explore_feed,https://www.xiaohongshu.com/search_result/69bd856d000000002103b046?xsec_token=ABx7nDF0_zUeWbV3fpeG5hciI5yGefkCwEiSx8ON5-G5g=&xsec_source=,https://sns-webpic-qc.xhscdn.com/202603251947/642483a33e7789da88b12e2a943bfc78/1040g00831tuoinbomuk04a4fokhjuk5iddnopv8!nc_n_webp_mw_1,3dbe675ea1475b5076fd8add49f44c5940ed3f7f636325343fe629b37f00ea87,https://www.xiaohongshu.com/search_result/69bd856d000000002103b046?xsec_token=ABx7nDF0_zUeWbV3fpeG5hciI5yGefkCwEiSx8ON5-G5g=&xsec_source=,否,否
小红书,小红书-云南旅游景区.json,云南旅游景区,云南旅游景点,相见恨晚的滇南宝藏小城，玩了三天都没重样,Shirley雪梨酱,https://www.xiaohongshu.com/user/profile/5a78a2d74eacab6530bf11ae?channel_type=web_search_result_notes&parent_page_channel_type=web_profile_board&xsec_token=ABED-PasdldJltdZ24FnNp2J6FnbIxcmxuSyOOIatSfh8=&xsec_source=pc_search,03-03,2026-03-03,2026-03-25,89,89,https://www.xiaohongshu.com/search_result?keyword=%25E4%25BA%2591%25E5%258D%2597%25E6%2597%2585%25E6%25B8%25B8%25E6%2599%25AF%25E7%2582%25B9&source=web_explore_feed,https://www.xiaohongshu.com/search_result/69a6a8790000000016009209?xsec_token=ABNBm570u-D3QWZ5-gVK_z2Yldn43sgmIeD3TIqRcnzxA=&xsec_source=,https://sns-webpic-qc.xhscdn.com/202603251947/b85164f3dfbe4d0b43c3b2878733c306/notes_pre_post/1040g3k831t8e8q09m2704a19omhde4den0ho058!nc_n_webp_mw_1,dcdf4659a3f5bf48d5f23e19a7df98b648ffd380855d08b6fd4c70acc1ffe556,https://www.xiaohongshu.com/search_result/69a6a8790000000016009209?xsec_token=ABNBm570u-D3QWZ5-gVK_z2Yldn43sgmIeD3TIqRcnzxA=&xsec_source=,否,否
小红书,小红书-云南旅游景区.json,云南旅游景区,云南旅游景点,人均💰2.5k 云南昆明大理丽江5天4晚攻略,uuuuuuna（旅行攻略版）,https://www.xiaohongshu.com/user/profile/5b69b3e7cbbb35000112f363?channel_type=web_search_result_notes&parent_page_channel_type=web_profile_board&xsec_token=ABbql5mDVBs_esX7NlhtlKHfQMVEG9Lvfttm1KCxX_mcU=&xsec_source=pc_search,9小时前,2026-03-25,2026-03-25,16,16,https://www.xiaohongshu.com/search_result?keyword=%25E4%25BA%2591%25E5%258D%2597%25E6%2597%2585%25E6%25B8%25B8%25E6%2599%25AF%25E7%2582%25B9&source=web_explore_feed,https://www.xiaohongshu.com/search_result/69c2ac06000000001e00ea3f?xsec_token=ABAuN-uMyHf13iXQtcesaQUqWomYTWhox7auwzzAQmfyM=&xsec_source=,https://sns-webpic-qc.xhscdn.com/202603251947/a1fb621550ed90d876b1f7b43c62d3fa/1040g00831u4buum52g6g4aap0tpufsr3k3j502o!nc_n_webp_mw_1,30e9e077a9e4a88e5a95924de473b5acd57db1c918802cadf6b52e891cadfc95,https://www.xiaohongshu.com/search_result/69c2ac06000000001e00ea3f?xsec_token=ABAuN-uMyHf13iXQtcesaQUqWomYTWhox7auwzzAQmfyM=&xsec_source=,否,否
小红书,小红书-云南旅游景区.json,云南旅游景区,云南旅游景点,人生建议：去完这些地方再离开西双版纳 ……,晓阳海风,https://www.xiaohongshu.com/user/profile/5dfa1ee20000000001001cb3?channel_type=web_search_result_notes&parent_page_channel_type=web_profile_board&xsec_token=ABvumFQKJVBqdmkDL7EASrPNfFd2bQf7UbUb2IX7mrwKI=&xsec_source=pc_search,03-08,2026-03-08,2026-03-25,1684,1684,https://www.xiaohongshu.com/search_result?keyword=%25E4%25BA%2591%25E5%258D%2597%25E6%2597%2585%25E6%25B8%25B8%25E6%2599%25AF%25E7%2582%25B9&source=web_explore_feed,https://www.xiaohongshu.com/search_result/69a58514000000002800b7a3?xsec_token=ABDSFwEzuai9s-wQtQ6_0Ef3f50CldaJkOmRbng1-OsOI=&xsec_source=,https://sns-webpic-qc.xhscdn.com/202603251947/71aa73c23bb09b0f59a6c928092708b5/notes_pre_post/1040g3k031t9bmh4j5k605nfq3rh0875jao99ja0!nc_n_webp_mw_1,7c563445742372cd61366bc4624f07d1473e3081abf10503e94c48b5af069be7,https://www.xiaohongshu.com/search_result/69a58514000000002800b7a3?xsec_token=ABDSFwEzuai9s-wQtQ6_0Ef3f50CldaJkOmRbng1-OsOI=&xsec_source=,否,否
小红书,小红书-云南旅游景区.json,云南旅游景区,云南旅游景点,🔥大理4天3晚亲子游｜慢节奏不费妈,月半麻麻,https://www.xiaohongshu.com/user/profile/5e0d63c00000000001007b91?channel_type=web_search_result_notes&parent_page_channel_type=web_profile_board&xsec_token=ABs01H-G5k_IaUGsZNY5MD660wCEPkrD1iQ_sATqIVzuQ=&xsec_source=pc_search,4天前,2026-03-21,2026-03-25,343,343,https://www.xiaohongshu.com/search_result?keyword=%25E4%25BA%2591%25E5%258D%2597%25E6%2597%2585%25E6%25B8%25B8%25E6%2599%25AF%25E7%2582%25B9&source=web_explore_feed,https://www.xiaohongshu.com/search_result/69bd1607000000001e00ddd5?xsec_token=ABx7nDF0_zUeWbV3fpeG5hcok_nHPIz5ikBRS8yS13jSw=&xsec_source=,https://sns-webpic-qc.xhscdn.com/202603251947/92e2529c69f6928782db838aafe535ee/1040g2sg31tub3tdanee05ngdcf008ush8p14588!nc_n_webp_mw_1,a79254198623e5b13ffa00569eb86291fac15f7cdd99fdd7f8abd638889373cd,https://www.xiaohongshu.com/search_result/69bd1607000000001e00ddd5?xsec_token=ABx7nDF0_zUeWbV3fpeG5hcok_nHPIz5ikBRS8yS13jSw=&xsec_source=,否,否
小红书,小红书-云南旅游景区.json,云南旅游景区,云南旅游景点,西双版纳📍三日游，懒人版保姆级逛吃攻略,跟着云玺去旅行,https://www.xiaohongshu.com/user/profile/6728d03c0000000008008299?channel_type=web_search_result_notes&parent_page_channel_type=web_profile_board&xsec_token=ABF7UduZZ7kptiigqbmsvgn1jCdGNynNQdsjRr0_ugNe8=&xsec_source=pc_search,02-28,2026-02-28,2026-03-25,1729,1729,https://www.xiaohongshu.com/search_result?keyword=%25E4%25BA%2591%25E5%258D%2597%25E6%2597%2585%25E6%25B8%25B8%25E6%2599%25AF%25E7%2582%25B9&source=web_explore_feed,https://www.xiaohongshu.com/search_result/69a2b5980000000015021d94?xsec_token=ABVCDnStUM8_D2-4JssW956g4EvqJJCawGGSowAqC1OX4=&xsec_source=,https://sns-webpic-qc.xhscdn.com/202603251947/53605776e4800bb25449666aa54674bd/1040g2sg31t4i6s98m2gg5pp8q0u210kpuau8e38!nc_n_webp_mw_1,58217661e2c7b12294af5700e9412480b27e253f475702a3044837b3da0094ce,https://www.xiaohongshu.com/search_result/69a2b5980000000015021d94?xsec_token=ABVCDnStUM8_D2-4JssW956g4EvqJJCawGGSowAqC1OX4=&xsec_source=,否,否
小红书,小红书-云南旅游景区.json,云南旅游景区,云南旅游景点,这才是云南最值得打卡的20个地方。,勇敢的背包客,https://www.xiaohongshu.com/user/profile/67bbd4540000000007000a25?channel_type=web_search_result_notes&parent_page_channel_type=web_profile_board&xsec_token=AB0_MTXsfaM_3mQ8Ij1Hyg76_Zg-A5aztk92bhe3EUor4=&xsec_source=pc_search,2025-09-30,2025-09-30,2026-03-25,361,361,https://www.xiaohongshu.com/search_result?keyword=%25E4%25BA%2591%25E5%258D%2597%25E6%2597%2585%25E6%25B8%25B8%25E6%2599%25AF%25E7%2582%25B9&source=web_explore_feed,https://www.xiaohongshu.com/search_result/68dbb893000000000700c2d8?xsec_token=ABHnzqJI49jS1IuEM51edAGWyZujp0D3EN-86V1YXJcJA=&xsec_source=,https://sns-webpic-qc.xhscdn.com/202603251947/50d41c0943b1c85e181e8ed4d55d0c14/spectrum/1040g34o31n2871lq4q105ptrqha1o2h5vr2isjo!nc_n_webp_mw_1,1e10a20428589f8dedb515bdaf1b2420d8e66ff7165a3cd7d25da1d6f190aac8,https://www.xiaohongshu.com/search_result/68dbb893000000000700c2d8?xsec_token=ABHnzqJI49jS1IuEM51edAGWyZujp0D3EN-86V1YXJcJA=&xsec_source=,否,否
小红书,小红书-云南旅游景区.json,云南旅游景区,云南旅游景点,,山川漫记,https://www.xiaohongshu.com/user/profile/6912a880000000003201be50?channel_type=web_search_result_notes&parent_page_channel_type=web_profile_board&xsec_token=AB0nqMgpaJkyynGnVuvjqqt9rjWRhseFIcaCzP9BnoGbk=&xsec_source=pc_search,02-24,2026-02-24,2026-03-25,486,486,https://www.xiaohongshu.com/search_result?keyword=%25E4%25BA%2591%25E5%258D%2597%25E6%2597%2585%25E6%25B8%25B8%25E6%2599%25AF%25E7%2582%25B9&source=web_explore_feed,https://www.xiaohongshu.com/search_result/699c588d000000000b0123b0?xsec_token=AB3oejaDO308W00WkJc3rKjkf6H5uK7IcMoaF5S7ZLBSg=&xsec_source=,https://sns-webpic-qc.xhscdn.com/202603251947/7c2b93cb905b296c566f3ed38bd93c5f/spectrum/1040g0k031subm13o5e005q8il20cjfigamlh0s8!nc_n_webp_mw_1,3d243aa81b4df73244be60c598053a1e16bd88f2f2a72e48361f3deb708bcf58,https://www.xiaohongshu.com/search_result/699c588d000000000b0123b0?xsec_token=AB3oejaDO308W00WkJc3rKjkf6H5uK7IcMoaF5S7ZLBSg=&xsec_source=,是,否
小红书,小红书-云南旅游景区.json,云南旅游景区,云南旅游景点,震撼❗️云南边陲小镇绝美瀑布🌊美得超乎想象,百厌星,https://www.xiaohongshu.com/user/profile/65707bb80000000019011518?channel_type=web_search_result_notes&parent_page_channel_type=web_profile_board&xsec_token=ABLyxVNu_iEKf7h_8hEMtQVAYqMndp2-mHNuNhhYhnbF4=&xsec_source=pc_search,2025-10-01,2025-10-01,2026-03-25,152,152,https://www.xiaohongshu.com/search_result?keyword=%25E4%25BA%2591%25E5%258D%2597%25E6%2597%2585%25E6%25B8%25B8%25E6%2599%25AF%25E7%2582%25B9&source=web_explore_feed,https://www.xiaohongshu.com/search_result/68dd3aea00000000030228b7?xsec_token=ABmjoukSRiA5NxqdLPGaqm2A7CRLd5CplvQYY_JvCrkRk=&xsec_source=,https://sns-webpic-qc.xhscdn.com/202603251947/bee2e07a60c5e0827e837e8cde9ab97e/1040g00831n3lmoam6m705pbgfes6a58ou5feuj8!nc_n_webp_mw_1,fafd08f026e8469f3e5cdc9932ad2d139b6f2885dcc2a65b2ad831a482c4bc00,https://www.xiaohongshu.com/search_result/68dd3aea00000000030228b7?xsec_token=ABmjoukSRiA5NxqdLPGaqm2A7CRLd5CplvQYY_JvCrkRk=&xsec_source=,否,否
小红书,小红书-云南旅游景区.json,云南旅游景区,云南旅游景点,,,,,,2026-03-25,,0,https://www.xiaohongshu.com/search_result?keyword=%25E4%25BA%2591%25E5%258D%2597%25E6%2597%2585%25E6%25B8%25B8%25E6%2599%25AF%25E7%2582%25B9&source=web_explore_feed,,http://sns-na-i4.xhscdn.com/1040g2sg31fs4upis02d05pggp620ub4pdl86i98?imageView2/1/h/132/w/480/format/jpg&ap=5&sc=HOT_QRY&sign=859b4839504b24c356ee298dad1b9478&t=69c3cb57&origin=0,d29e05be89a359a9659f39348a4022daf058cb7eb23af8c0e7003fe153726a88,05460b77efe32e87944152ccc5fd7d9d3b6e4d3cea093304bf04887c0a772e88,是,是
小红书,小红书-云南旅游景区.json,云南旅游景区,云南旅游景点,大理最chill的地方都是最美的（live合集…）,白一达Zico,https://www.xiaohongshu.com/user/profile/59cced566eea882ade6d8b6a?channel_type=web_search_result_notes&parent_page_channel_type=web_profile_board&xsec_token=ABiXf2sSfVrrUqwqMXFr2PsMVr3T8yl5dP4GYUQtVTW-E=&xsec_source=pc_search,2025-12-10,2025-12-10,2026-03-25,5200,5200,https://www.xiaohongshu.com/search_result?keyword=%25E4%25BA%2591%25E5%258D%2597%25E6%2597%2585%25E6%25B8%25B8%25E6%2599%25AF%25E7%2582%25B9&source=web_explore_feed,https://www.xiaohongshu.com/search_result/69397f4c000000000d036d90?xsec_token=ABFIrxYq5dLWHQSVi5iDRpsUXMRyKfJzpaMZP67qsrO10=&xsec_source=,https://sns-webpic-qc.xhscdn.com/202603251947/a18522904e4567816948f9ba4d6269e5/1040g00831ptqjeh2km3049rictmld2ra69mf64g!nc_n_webp_mw_1,750de7bbe4e56f85787047c2eaaa24cfe646addf21d3f84414836b0bc943b649,https://www.xiaohongshu.com/search_result/69397f4c000000000d036d90?xsec_token=ABFIrxYq5dLWHQSVi5iDRpsUXMRyKfJzpaMZP67qsrO10=&xsec_source=,否,否
小红书,小红书-云南旅游景区.json,云南旅游景区,云南旅游景点,来云南🔥6天1080吃住行全含❤️快来收藏,一程一记旅行,https://www.xiaohongshu.com/user/profile/659193ad000000001f039ffc?channel_type=web_search_result_notes&parent_page_channel_type=web_profile_board&xsec_token=ABHKz4BlaiGe9QcuyYJWnOCTd83KHDgp1mnyj-syUd3T0=&xsec_source=pc_search,2025-10-29,2025-10-29,2026-03-25,2,2,https://www.xiaohongshu.com/search_result?keyword=%25E4%25BA%2591%25E5%258D%2597%25E6%2597%2585%25E6%25B8%25B8%25E6%2599%25AF%25E7%2582%25B9&source=web_explore_feed,https://www.xiaohongshu.com/search_result/6901dce7000000000401758f?xsec_token=ABlwhbqiVMT5uUkxVunpuUay4RXVfRzlHo_Pv2vtTy65c=&xsec_source=,https://sns-webpic-qc.xhscdn.com/202603251947/bf2ae3ce87c2842f28ab6f49665695f8/spectrum/1040g34o31o7gdvlk4s005pchiemnv7vsmc57qs8!nc_n_webp_mw_1,27a574e98deb6490eb1531c645bfdea40d132f0a695b546429880fccc6d8b973,https://www.xiaohongshu.com/search_result/6901dce7000000000401758f?xsec_token=ABlwhbqiVMT5uUkxVunpuUay4RXVfRzlHo_Pv2vtTy65c=&xsec_source=,否,否
小红书,小红书-云南旅游景区.json,云南旅游景区,云南旅游景点,3月20日，大理洱海实况！！！,滕王阁序的滕！,https://www.xiaohongshu.com/user/profile/5d84fe0d000000000101a3ee?channel_type=web_search_result_notes&parent_page_channel_type=web_profile_board&xsec_token=ABpaWX-Yx4NL3uRZmqHtXmoIo4n97qUSBHR3HtxyZEK5g=&xsec_source=pc_search,5天前,2026-03-20,2026-03-25,11,11,https://www.xiaohongshu.com/search_result?keyword=%25E4%25BA%2591%25E5%258D%2597%25E6%2597%2585%25E6%25B8%25B8%25E6%2599%25AF%25E7%2582%25B9&source=web_explore_feed,https://www.xiaohongshu.com/search_result/69bd103a0000000023022542?xsec_token=ABx7nDF0_zUeWbV3fpeG5hchQlNhnXh1IFibgHHj4SM6c=&xsec_source=,https://sns-webpic-qc.xhscdn.com/202603251947/677863db05fbfa29b70140cc359ab969/notes_pre_post/1040g3k031tuadbqd1g005nc4vo6gb8ve3ns8g48!nc_n_webp_mw_1,49e68d57d79142ab86797ca005c325f739e157253028e349959b160eb9165b34,https://www.xiaohongshu.com/search_result/69bd103a0000000023022542?xsec_token=ABx7nDF0_zUeWbV3fpeG5hchQlNhnXh1IFibgHHj4SM6c=&xsec_source=,否,否
小红书,小红书-云南旅游景区.json,云南旅游景区,云南旅游景点,暑假就去云南吧❗6天5玩超详攻略,小张的旅游日记,https://www.xiaohongshu.com/user/profile/6693b30f00000000030339b0?channel_type=web_search_result_notes&parent_page_channel_type=web_profile_board&xsec_token=ABhEl3XbR_DkI0r3SttQ-tSJry8t9JGn0bWZfYslX9I_o=&xsec_source=pc_search,2025-06-01,2025-06-01,2026-03-25,401,401,https://www.xiaohongshu.com/search_result?keyword=%25E4%25BA%2591%25E5%258D%2597%25E6%2597%2585%25E6%25B8%25B8%25E6%2599%25AF%25E7%2582%25B9&source=web_explore_feed,https://www.xiaohongshu.com/search_result/683c20d0000000000c03afa0?xsec_token=ABslcCzhyqYcpXR1HiYQ3D2gUo61ktvsbeio9oOo_dnIc=&xsec_source=,https://sns-webpic-qc.xhscdn.com/202603251947/226f6ebe836b5000130b7d276b6b764d/spectrum/1040g0k031i6cki4g6s7g5pkjmc7guedglrliktg!nc_n_webp_mw_1,4011e1d4606c2b61ed3d12a56bac112f2933b5d0bc5e48479f14ad38213f0bb1,https://www.xiaohongshu.com/search_result/683c20d0000000000c03afa0?xsec_token=ABslcCzhyqYcpXR1HiYQ3D2gUo61ktvsbeio9oOo_dnIc=&xsec_source=,否,否
小红书,小红书-云南旅游景区.json,云南旅游景区,云南旅游景点,🌴云南旅游攻略，一周时间玩转云南,cici和你玩转云南,https://www.xiaohongshu.com/user/profile/64c9e85c000000000b009e59?channel_type=web_search_result_notes&parent_page_channel_type=web_profile_board&xsec_token=ABnAY_vGBRWuTmQEYfMYSHgSo39tTjFaTwuKEqpilCgXY=&xsec_source=pc_search,1天前,2026-03-24,2026-03-25,13,13,https://www.xiaohongshu.com/search_result?keyword=%25E4%25BA%2591%25E5%258D%2597%25E6%2597%2585%25E6%25B8%25B8%25E6%2599%25AF%25E7%2582%25B9&source=web_explore_feed,https://www.xiaohongshu.com/search_result/69c25de7000000002102f3d3?xsec_token=ABAuN-uMyHf13iXQtcesaQUn2MSEEdqDoqYIE09b9qqbU=&xsec_source=,https://sns-webpic-qc.xhscdn.com/202603251947/f2299d781f8d4a2dca54076e858e6e96/1040g2sg31u3fttsc2icg5p69t1e2p7ipk5p7oe8!nc_n_webp_mw_1,446368c0421516159ae585c0fb0dd7dc9a2f89f850dff7e168edf5aa254155c3,https://www.xiaohongshu.com/search_result/69c25de7000000002102f3d3?xsec_token=ABAuN-uMyHf13iXQtcesaQUn2MSEEdqDoqYIE09b9qqbU=&xsec_source=,否,否
小红书,小红书-云南旅游景区.json,云南旅游景区,云南旅游景点,昆明2.28实况💐滇池春天油画花海美到窒息❗️,🍒啾酱哒风花雪月之旅🍃,https://www.xiaohongshu.com/user/profile/5ae82a7f11be103f9998173c?channel_type=web_search_result_notes&parent_page_channel_type=web_profile_board&xsec_token=ABQanhHiuowzfa_IIJZTUHbLaH6rHWrP2yg5MYD4p064Y=&xsec_source=pc_search,02-28,2026-02-28,2026-03-25,1419,1419,https://www.xiaohongshu.com/search_result?keyword=%25E4%25BA%2591%25E5%258D%2597%25E6%2597%2585%25E6%25B8%25B8%25E6%2599%25AF%25E7%2582%25B9&source=web_explore_feed,https://www.xiaohongshu.com/search_result/69a2d9c5000000001d0278e5?xsec_token=ABVCDnStUM8_D2-4JssW956oF5_4A65JInQC9eg0CxuP8=&xsec_source=,https://sns-webpic-qc.xhscdn.com/202603251947/b6852e756f7ee1450e2ad97729b07006/1040g00831t4n2bd85m004a4vb1l7u5pso6l9u38!nc_n_webp_mw_1,0f2c6bde01828ae7d0de09d77c3cae00c44fe18d18686d794b5fa2f7b9708d31,https://www.xiaohongshu.com/search_result/69a2d9c5000000001d0278e5?xsec_token=ABVCDnStUM8_D2-4JssW956oF5_4A65JInQC9eg0CxuP8=&xsec_source=,否,否
小红书,小红书-云南旅游景区.json,云南旅游景区,云南旅游景点,一生总要来一次的地方,Jooyee珠谊,https://www.xiaohongshu.com/user/profile/5d154243000000001601fbc1?channel_type=web_search_result_notes&parent_page_channel_type=web_profile_board&xsec_token=AB0mOVbXV-q05Xo3tn_YgZmDNPr38zo-lDrfioYQuWmus=&xsec_source=pc_search,2025-03-19,2025-03-19,2026-03-25,109,109,https://www.xiaohongshu.com/search_result?keyword=%25E4%25BA%2591%25E5%258D%2597%25E6%2597%2585%25E6%25B8%25B8%25E6%2599%25AF%25E7%2582%25B9&source=web_explore_feed,https://www.xiaohongshu.com/search_result/67da80fc000000001203ef44?xsec_token=AB0ZzMdeVzJpVkUWMsBJPTIQfa_S6Ga8pX0KSmukd_zVI=&xsec_source=,https://sns-webpic-qc.xhscdn.com/202603251947/54b1ba43c258071f9f0af36818281e49/1040g00831f72etoo6a005n8l891ljuu1gqh8eto!nc_n_webp_mw_1,e20c4ee3c04e26385a8614cf76565483a957eecee4464e0fef8bb940329a4704,https://www.xiaohongshu.com/search_result/67da80fc000000001203ef44?xsec_token=AB0ZzMdeVzJpVkUWMsBJPTIQfa_S6Ga8pX0KSmukd_zVI=&xsec_source=,否,否
小红书,小红书-云南旅游景区.json,云南旅游景区,云南旅游景点,滇东南9天环线❗️元阳梯田+罗平+普者黑,云程定制游,https://www.xiaohongshu.com/user/profile/62a489480000000021025ec2?channel_type=web_search_result_notes&parent_page_channel_type=web_profile_board&xsec_token=ABb0pEZmK1f2GcvnCBWZPMsQXjXqw9fUOBRdQtLRd81GI=&xsec_source=pc_search,02-15,2026-02-15,2026-03-25,160,160,https://www.xiaohongshu.com/search_result?keyword=%25E4%25BA%2591%25E5%258D%2597%25E6%2597%2585%25E6%25B8%25B8%25E6%2599%25AF%25E7%2582%25B9&source=web_explore_feed,https://www.xiaohongshu.com/search_result/69833ef0000000000e00d67d?xsec_token=ABZnO7nK6k2jSRSTgCNZvI2vcaX2NzeBAe8Rsa0sqBELo=&xsec_source=,https://sns-webpic-qc.xhscdn.com/202603251947/4f28bf242c9f06137bbea2c853804537/spectrum/1040g0k031s5r3jmol8005ol4h548cnm2b65f200!nc_n_webp_mw_1,29bd134888a0d3b7e403d0af57d3917ffded8fd13624c792ebb16ba7bf7cebb8,https://www.xiaohongshu.com/search_result/69833ef0000000000e00d67d?xsec_token=ABZnO7nK6k2jSRSTgCNZvI2vcaX2NzeBAe8Rsa0sqBELo=&xsec_source=,否,否
小红书,小红书-云南旅游景区.json,云南旅游景区,云南旅游景点,云南曲靖保姆级攻略～❤️❤️,小鸡仔🐣环游世界🌍,https://www.xiaohongshu.com/user/profile/5ef4ea0d000000000101fe79?channel_type=web_search_result_notes&parent_page_channel_type=web_profile_board&xsec_token=AB-1f03BXnFTava0Yu9aC7v64f9AQLUaMhu621jLc0f_I=&xsec_source=pc_search,2025-10-16,2025-10-16,2026-03-25,318,318,https://www.xiaohongshu.com/search_result?keyword=%25E4%25BA%2591%25E5%258D%2597%25E6%2597%2585%25E6%25B8%25B8%25E6%2599%25AF%25E7%2582%25B9&source=web_explore_feed,https://www.xiaohongshu.com/search_result/68f0fe1f0000000003010d92?xsec_token=ABXFulwxcwoEMNBUhO1zAaAck1RIgKJBgyvE-YHty369s=&xsec_source=,https://sns-webpic-qc.xhscdn.com/202603251947/3624542b60bc3c1823255550fba2c34e/notes_pre_post/1040g3k831nn17hcl5m005nnkt86gbvjpfe0dgd0!nc_n_webp_mw_1,da9dbccc427a0a117d983637a18752b3b1967cc9536935fc4bded96ca60d31cc,https://www.xiaohongshu.com/search_result/68f0fe1f0000000003010d92?xsec_token=ABXFulwxcwoEMNBUhO1zAaAck1RIgKJBgyvE-YHty369s=&xsec_source=,否,否
小红书,小红书-云南旅游景区.json,云南旅游景区,云南旅游景点,在昆明七彩云南欢乐世界，用宣传片换门票,小陈开拍,https://www.xiaohongshu.com/user/profile/607548820000000001000585?channel_type=web_search_result_notes&parent_page_channel_type=web_profile_board&xsec_token=ABYuddCeahER7Ld4TQKK1GYJTqEA4aLFbFwCr10p9pgNM=&xsec_source=pc_search,02-22,2026-02-22,2026-03-25,41.2万,412000,https://www.xiaohongshu.com/search_result?keyword=%25E4%25BA%2591%25E5%258D%2597%25E6%2597%2585%25E6%25B8%25B8%25E6%2599%25AF%25E7%2582%25B9&source=web_explore_feed,https://www.xiaohongshu.com/search_result/6999c063000000001a02e9f1?xsec_token=ABBaz75lFOUF6QrfJo6WJiYsMRjwbS8hGFo-2-SZBwG-c=&xsec_source=,https://sns-webpic-qc.xhscdn.com/202603251947/79a42687c8357bd42216881922acb721/1040g00831srqr4h8lm005o3l921081c5r7qg2gg!nc_n_webp_mw_1,3ba40c1cd4c8e6dcf3062deaeea6415444f3a2586da775def1bbea52e9343ad7,https://www.xiaohongshu.com/search_result/6999c063000000001a02e9f1?xsec_token=ABBaz75lFOUF6QrfJo6WJiYsMRjwbS8hGFo-2-SZBwG-c=&xsec_source=,否,否
小红书,小红书-云南旅游景区.json,云南旅游景区,云南旅游景点,我国333个地级行政区系列07：云南各地市州,邓老师的自游部落,https://www.xiaohongshu.com/user/profile/5f7d5f990000000001001ab7?channel_type=web_search_result_notes&parent_page_channel_type=web_profile_board&xsec_token=ABCHhfE8fvH2BTnUjpS3-fKmqw9f-yWaJSo6YmwYn8qYw=&xsec_source=pc_search,2025-05-05,2025-05-05,2026-03-25,226,226,https://www.xiaohongshu.com/search_result?keyword=%25E4%25BA%2591%25E5%258D%2597%25E6%2597%2585%25E6%25B8%25B8%25E6%2599%25AF%25E7%2582%25B9&source=web_explore_feed,https://www.xiaohongshu.com/search_result/681894c5000000002100c87e?xsec_token=ABr1ZgC4aEujk3Zy34g6etqhxys57ceLbaTOTQDbla-gc=&xsec_source=,https://sns-webpic-qc.xhscdn.com/202603251947/ab7b49c2caad9864dbf64eb295465c5c/1040g00831h3m53sa3q605nrtbucg86ln4as45g8!nc_n_webp_mw_1,fd2f6ea9df9b35e07c05876031010565d757a737260a764c9b966d18e9845517,https://www.xiaohongshu.com/search_result/681894c5000000002100c87e?xsec_token=ABr1ZgC4aEujk3Zy34g6etqhxys57ceLbaTOTQDbla-gc=&xsec_source=,否,否
小红书,小红书-云南旅游景区.json,云南旅游景区,云南旅游景点,云南十天九晚人均3k旅行攻略 ✈️🌿,管你爱来不来（见过泷泷版,https://www.xiaohongshu.com/user/profile/5b87e41164e23a0001d2871f?channel_type=web_search_result_notes&parent_page_channel_type=web_profile_board&xsec_token=ABYfunnNF9TgIlJ0B4hbAogBCOW9iF9prrHnQf2Ip8_EM=&xsec_source=pc_search,2025-08-19,2025-08-19,2026-03-25,3696,3696,https://www.xiaohongshu.com/search_result?keyword=%25E4%25BA%2591%25E5%258D%2597%25E6%2597%2585%25E6%25B8%25B8%25E6%2599%25AF%25E7%2582%25B9&source=web_explore_feed,https://www.xiaohongshu.com/search_result/68a40091000000001d012691?xsec_token=ABZ8EG7eEsOSRNACnMS57IMRHrA6bLVd-PU2RKsg08C_U=&xsec_source=,https://sns-webpic-qc.xhscdn.com/202603251947/9143f271bd5de894a388932afcad6371/notes_pre_post/1040g3k831lbr9kb350cg4amdr9i131ov36sqnf8!nc_n_webp_mw_1,7be758da369eeb69ca4929dbbf3ca57a516058e9adffa7cd9a754964945dfb79,https://www.xiaohongshu.com/search_result/68a40091000000001d012691?xsec_token=ABZ8EG7eEsOSRNACnMS57IMRHrA6bLVd-PU2RKsg08C_U=&xsec_source=,否,否
小红书,小红书-云南旅游景区.json,云南旅游景区,云南旅游景点,云南文山保姆级攻略～❤️❤️,小鸡仔🐣环游世界🌍,https://www.xiaohongshu.com/user/profile/5ef4ea0d000000000101fe79?channel_type=web_search_result_notes&parent_page_channel_type=web_profile_board&xsec_token=AB-1f03BXnFTava0Yu9aC7v64f9AQLUaMhu621jLc0f_I=&xsec_source=pc_search,2025-10-14,2025-10-14,2026-03-25,172,172,https://www.xiaohongshu.com/search_result?keyword=%25E4%25BA%2591%25E5%258D%2597%25E6%2597%2585%25E6%25B8%25B8%25E6%2599%25AF%25E7%2582%25B9&source=web_explore_feed,https://www.xiaohongshu.com/search_result/68ee58af000000000303bb28?xsec_token=ABXqo-yfzK-ak6Sv2kpkdXgEK7WQPOzheH1990eico6WA=&xsec_source=,https://sns-webpic-qc.xhscdn.com/202603251947/937a83632278454be41a4375ca3ab8c9/notes_pre_post/1040g3k831nkeh75emg805nnkt86gbvjpf6i9lu8!nc_n_webp_mw_1,88eac2a96b20657c4bfbd9958d3a698cb372518acaaacd99df8b728ed4efa1de,https://www.xiaohongshu.com/search_result/68ee58af000000000303bb28?xsec_token=ABXqo-yfzK-ak6Sv2kpkdXgEK7WQPOzheH1990eico6WA=&xsec_source=,否,否
小红书,小红书-云南旅游景区.json,云南旅游景区,云南旅游景点,记录广西出发的云南滇中线自驾游记,莉娅,https://www.xiaohongshu.com/user/profile/65968ec30000000022014b41?channel_type=web_search_result_notes&parent_page_channel_type=web_profile_board&xsec_token=ABdRF9ez8KgmL_iSDGLOxuwilrwEa9BevYB-FIA1ZGSY0=&xsec_source=pc_search,02-17,2026-02-17,2026-03-25,2231,2231,https://www.xiaohongshu.com/search_result?keyword=%25E4%25BA%2591%25E5%258D%2597%25E6%2597%2585%25E6%25B8%25B8%25E6%2599%25AF%25E7%2582%25B9&source=web_explore_feed,https://www.xiaohongshu.com/search_result/698c9ba8000000001b016ca5?xsec_token=ABxolZoGWtFrFN4Kf2qFsEAbc9cbBxfmpxIGgF1OneMhw=&xsec_source=,https://sns-webpic-qc.xhscdn.com/202603251947/24360464dca98a8700209929c1fd99de/1040g00831sf0i0rdls005pcmhr1oiiq1uv11nto!nc_n_webp_mw_1,3ee4dc5693a7c0cf52291c29c8c47d90855e9225582b1130bbd9d35e287478a0,https://www.xiaohongshu.com/search_result/698c9ba8000000001b016ca5?xsec_token=ABxolZoGWtFrFN4Kf2qFsEAbc9cbBxfmpxIGgF1OneMhw=&xsec_source=,否,否
小红书,小红书-云南旅游景区.json,云南旅游景区,云南旅游景点,香格里拉citywalk攻略 ｜不走回头路🔖,带我去玩,https://www.xiaohongshu.com/user/profile/62386e3e0000000021024157?channel_type=web_search_result_notes&parent_page_channel_type=web_profile_board&xsec_token=AB-Jtf2MTkW31er4_XVVnmLRqpqdftwwJJ7MvQtTjZRB8=&xsec_source=pc_search,02-11,2026-02-11,2026-03-25,1159,1159,https://www.xiaohongshu.com/search_result?keyword=%25E4%25BA%2591%25E5%258D%2597%25E6%2597%2585%25E6%25B8%25B8%25E6%2599%25AF%25E7%2582%25B9&source=web_explore_feed,https://www.xiaohongshu.com/search_result/696f9669000000001a02feff?xsec_token=AB77uzi0EerVRpy94KBEYAZ2OegEQftnBIRtwtgrkEHrs=&xsec_source=,https://sns-webpic-qc.xhscdn.com/202603251947/98226158d7ec1abc333b5234a71c6461/notes_pre_post/1040g3k831rrocvnnim705ohodov8cganjneusm0!nc_n_webp_mw_1,cf73cb20dbf3206dd1f466f1a9c467087f881108b543fc6dfbfb50093cf3c0f2,https://www.xiaohongshu.com/search_result/696f9669000000001a02feff?xsec_token=AB77uzi0EerVRpy94KBEYAZ2OegEQftnBIRtwtgrkEHrs=&xsec_source=,否,否
小红书,小红书-云南旅游景区.json,云南旅游景区,云南旅游景点,,,,,,2026-03-25,,0,https://www.xiaohongshu.com/search_result?keyword=%25E4%25BA%2591%25E5%258D%2597%25E6%2597%2585%25E6%25B8%25B8%25E6%2599%25AF%25E7%2582%25B9&source=web_explore_feed,,https://sns-search-i2.xhscdn.com/hot-query-image-crop-web/v2/1000g00826800n6ofk00049utnq40l8js0e9ag7o?imageView2/1/h/132/w/480/format/jpg,1d4f41067f1f76b0e5b73385ad6593309d774696a51b91c0cd2abe186660539a,59c599bf910e4260d5377a762e6c298eeb61337df39661cb5558538bf03a316c,是,是
小红书,小红书-云南旅游景区.json,云南旅游景区,云南旅游景点,丽江三大古镇游玩攻略（地图版）,途家民宿云南攻略指南,https://www.xiaohongshu.com/user/profile/5d331a35000000001601bf1a?channel_type=web_search_result_notes&parent_page_channel_type=web_profile_board&xsec_token=ABz-vaJ6hltunuvIkvR3AjXZtBmVGpTsTP1bf4IWz5p9Q=&xsec_source=pc_search,2025-09-14,2025-09-14,2026-03-25,6688,6688,https://www.xiaohongshu.com/search_result?keyword=%25E4%25BA%2591%25E5%258D%2597%25E6%2597%2585%25E6%25B8%25B8%25E6%2599%25AF%25E7%2582%25B9&source=web_explore_feed,https://www.xiaohongshu.com/search_result/68c3d6e1000000001c03dcc3?xsec_token=ABWICcewRi9Fwqe0nQe-b6BGbHRWfGSpEuUJk_S79hU6I=&xsec_source=,https://sns-webpic-qc.xhscdn.com/202603251947/af21d44f568f345cddf7c3444cbb676c/spectrum/1040g0k031mau6gvf50005n9j38qljfoq0gt22ro!nc_n_webp_mw_1,d45b237c0180c034f794f875664b427d707dce0856c8583ff3430b6bc7824544,https://www.xiaohongshu.com/search_result/68c3d6e1000000001c03dcc3?xsec_token=ABWICcewRi9Fwqe0nQe-b6BGbHRWfGSpEuUJk_S79hU6I=&xsec_source=,否,否
小红书,小红书-云南旅游景区.json,云南旅游景区,云南旅游景点,逃进云南旅游地图里~,招财进🍔🍔🍔,https://www.xiaohongshu.com/user/profile/5b3b17034eacab3983b41b40?channel_type=web_search_result_notes&parent_page_channel_type=web_profile_board&xsec_token=AB3Nn_4h9xe40tziVfSNemwaaWCyh1PQrPXtrzQbAuxuw=&xsec_source=pc_search,2025-07-14,2025-07-14,2026-03-25,6019,6019,https://www.xiaohongshu.com/search_result?keyword=%25E4%25BA%2591%25E5%258D%2597%25E6%2597%2585%25E6%25B8%25B8%25E6%2599%25AF%25E7%2582%25B9&source=web_explore_feed,https://www.xiaohongshu.com/search_result/687461220000000012021eb0?xsec_token=AB-JOsMqPcHiWz7hC2o0qh9D2eOOWhNYYgX2XEhSF3kSU=&xsec_source=,https://sns-webpic-qc.xhscdn.com/202603251947/f7c473c4dced228e3a1ba12a4ae0d533/notes_pre_post/1040g3k831jtaso0hio704a6psobg66q0s686cb8!nc_n_webp_mw_1,3b84d6336385d4a93ea81d659cd608a9000b7d92b087d2eaf73c2513ebc27920,https://www.xiaohongshu.com/search_result/687461220000000012021eb0?xsec_token=AB-JOsMqPcHiWz7hC2o0qh9D2eOOWhNYYgX2XEhSF3kSU=&xsec_source=,否,否
小红书,小红书-云南旅游景区.json,云南旅游景区,云南旅游景点,不是国外去不起，而是云南更有性价比,爱玩的番茄,https://www.xiaohongshu.com/user/profile/67dd1edd000000000e02c940?channel_type=web_search_result_notes&parent_page_channel_type=web_profile_board&xsec_token=AB7p6_XEPoc9kokHGYl-hYAp_fVWMwsYazebaC5wWYGjo=&xsec_source=pc_search,2025-09-08,2025-09-08,2026-03-25,98,98,https://www.xiaohongshu.com/search_result?keyword=%25E4%25BA%2591%25E5%258D%2597%25E6%2597%2585%25E6%25B8%25B8%25E6%2599%25AF%25E7%2582%25B9&source=web_explore_feed,https://www.xiaohongshu.com/search_result/68bea078000000001d007712?xsec_token=ABNJDbazSkeyzzx5-V3aofJJRYoIaszMrLttOiXwSyJy0=&xsec_source=,https://sns-webpic-qc.xhscdn.com/202603251947/1ed42a2e078f6bb7b8005a42146ced9f/notes_pre_post/1040g3k031m5ra3mhkq605put3rejlia0kutosig!nc_n_webp_mw_1,77bde51b1aea483b60d02bc0967173862f2b41314dd22b18f69f91a6053001da,https://www.xiaohongshu.com/search_result/68bea078000000001d007712?xsec_token=ABNJDbazSkeyzzx5-V3aofJJRYoIaszMrLttOiXwSyJy0=&xsec_source=,否,否
小红书,小红书-云南旅游景区.json,云南旅游景区,云南旅游景点,,拾柒里,https://www.xiaohongshu.com/user/profile/67d24e28000000000a03e89d?channel_type=web_search_result_notes&parent_page_channel_type=web_profile_board&xsec_token=ABaqS66IK-Np8o4K1H-C0mJ7QO8w10Bvp10FpA8MwxtDU=&xsec_source=pc_search,02-28,2026-02-28,2026-03-25,24,24,https://www.xiaohongshu.com/search_result?keyword=%25E4%25BA%2591%25E5%258D%2597%25E6%2597%2585%25E6%25B8%25B8%25E6%2599%25AF%25E7%2582%25B9&source=web_explore_feed,https://www.xiaohongshu.com/search_result/69a29d56000000002202d62d?xsec_token=ABVCDnStUM8_D2-4JssW956j7BZ2IIpL9cFBlJhNqIy_E=&xsec_source=,https://sns-webpic-qc.xhscdn.com/202603251947/d024cb3f2333ada7e4cae03556d50e21/217/0/01e9a29c96280ad70010000000019ca333b92e_0.jpg!nc_n_webp_mw_1,bb67613833b331fb229cadb5285744cb2c368b5de5cc9265fe81c796d7c1a002,https://www.xiaohongshu.com/search_result/69a29d56000000002202d62d?xsec_token=ABVCDnStUM8_D2-4JssW956j7BZ2IIpL9cFBlJhNqIy_E=&xsec_source=,是,否
小红书,小红书-云南旅游景区.json,云南旅游景区,云南旅游景点,云南十大景区排行，第一名实至名归,云南导游 小杨芋,https://www.xiaohongshu.com/user/profile/68cb78f8000000002100d2a9?channel_type=web_search_result_notes&parent_page_channel_type=web_profile_board&xsec_token=ABe11JSFklLP1OdlY3c6sCMicTIlP4mjMKzQPFw5cLEoM=&xsec_source=pc_search,02-04,2026-02-04,2026-03-25,22,22,https://www.xiaohongshu.com/search_result?keyword=%25E4%25BA%2591%25E5%258D%2597%25E6%2597%2585%25E6%25B8%25B8%25E6%2599%25AF%25E7%2582%25B9&source=web_explore_feed,https://www.xiaohongshu.com/search_result/6982c17a000000002103e036?xsec_token=ABLUkPxYbAzww7_gD2IZnLRfucZM6OTWrxS3XpobjVwqw=&xsec_source=,https://sns-webpic-qc.xhscdn.com/202603251947/907113b2b63d0e29553032d1ec86ddcd/spectrum/1040g0k031s5c95825e005q6bf3s89kl90ru1868!nc_n_webp_mw_1,51354ebe1806962e901765a16ce38e3183a58a8406886b7b81b30fb2e27c12f0,https://www.xiaohongshu.com/search_result/6982c17a000000002103e036?xsec_token=ABLUkPxYbAzww7_gD2IZnLRfucZM6OTWrxS3XpobjVwqw=&xsec_source=,否,否
小红书,小红书-云南旅游景区.json,云南旅游景区,云南旅游景点,,阿敏-旅游推荐官,https://www.xiaohongshu.com/user/profile/68f89fa40000000037009eeb?channel_type=web_search_result_notes&parent_page_channel_type=web_profile_board&xsec_token=ABIAQ2qxwbcIHJ71x0g0hVij-zRzmTgoz-EIfhviktpcg=&xsec_source=pc_search,3天前,2026-03-22,2026-03-25,31,31,https://www.xiaohongshu.com/search_result?keyword=%25E4%25BA%2591%25E5%258D%2597%25E6%2597%2585%25E6%25B8%25B8%25E6%2599%25AF%25E7%2582%25B9&source=web_explore_feed,https://www.xiaohongshu.com/search_result/69bf654700000000230076c0?xsec_token=ABCqUKelMSCKMCxkEYIRl5HI4Aai1lXwYevro8rm9i-Ng=&xsec_source=,https://sns-webpic-qc.xhscdn.com/202603251947/eaab8c00c158ed2cce7a8a956eda1af5/1040g2sg31u0j9pi6nqe05q7ojuidp7nbhnvgvjo!nc_n_webp_mw_1,d23bb165fbe208e9ac6f7c5a907e4c23b46bcde9cf423c5a73ca96dbaf62141b,https://www.xiaohongshu.com/search_result/69bf654700000000230076c0?xsec_token=ABCqUKelMSCKMCxkEYIRl5HI4Aai1lXwYevro8rm9i-Ng=&xsec_source=,是,否
小红书,小红书-云南旅游景区.json,云南旅游景区,云南旅游景点,一定要去一次云南！,楝.,https://www.xiaohongshu.com/user/profile/5e07ea8b0000000001009f5c?channel_type=web_search_result_notes&parent_page_channel_type=web_profile_board&xsec_token=ABMt5rrDV99SWXDZXKW9rxCXy0RJn_syemx8oa8GjcE-0=&xsec_source=pc_search,2025-08-15,2025-08-15,2026-03-25,95,95,https://www.xiaohongshu.com/search_result?keyword=%25E4%25BA%2591%25E5%258D%2597%25E6%2597%2585%25E6%25B8%25B8%25E6%2599%25AF%25E7%2582%25B9&source=web_explore_feed,https://www.xiaohongshu.com/search_result/689f03cf000000001d022faf?xsec_token=ABnW5DvChLO6HiGxJULXKpCxKxyxtuGkf5g32_pJd1OEU=&xsec_source=,https://sns-webpic-qc.xhscdn.com/202603251947/dd34c440879abe6de9c9ff72a62bdd70/1040g2sg31l6v7lnh581g5ng7ta5g97qsu3cp73o!nc_n_webp_mw_1,ca575c58eac7a69e9a91b2a7128d468700a40beedca89e013e472d17ab4233b7,https://www.xiaohongshu.com/search_result/689f03cf000000001d022faf?xsec_token=ABnW5DvChLO6HiGxJULXKpCxKxyxtuGkf5g32_pJd1OEU=&xsec_source=,否,否
小红书,小红书-云南旅游景区.json,云南旅游景区,云南旅游景点,云南旅游攻略｜第一次去照着玩就很舒服,cici和你玩转云南,https://www.xiaohongshu.com/user/profile/64c9e85c000000000b009e59?channel_type=web_search_result_notes&parent_page_channel_type=web_profile_board&xsec_token=ABnAY_vGBRWuTmQEYfMYSHgSo39tTjFaTwuKEqpilCgXY=&xsec_source=pc_search,2天前,2026-03-23,2026-03-25,15,15,https://www.xiaohongshu.com/search_result?keyword=%25E4%25BA%2591%25E5%258D%2597%25E6%2597%2585%25E6%25B8%25B8%25E6%2599%25AF%25E7%2582%25B9&source=web_explore_feed,https://www.xiaohongshu.com/search_result/69c10db1000000001a02297a?xsec_token=ABWDHQoNZvvrvLq_EROGsa1UqO-qrKYoX__W162guShl4=&xsec_source=,https://sns-webpic-qc.xhscdn.com/202603251947/f33a57517c806d72f925e2bf56a39fe2/1040g2sg31u2730alnek05p69t1e2p7ipipup9uo!nc_n_webp_mw_1,8728b48a22766b14474cc09c5a50ff0e97bed9a14b16d0d06adf69de3f1b7e49,https://www.xiaohongshu.com/search_result/69c10db1000000001a02297a?xsec_token=ABWDHQoNZvvrvLq_EROGsa1UqO-qrKYoX__W162guShl4=&xsec_source=,否,否
小红书,小红书-云南旅游景区.json,云南旅游景区,云南旅游景点,云南迪庆旅游攻略来啦～❤️,小鸡仔🐣环游世界🌍,https://www.xiaohongshu.com/user/profile/5ef4ea0d000000000101fe79?channel_type=web_search_result_notes&parent_page_channel_type=web_profile_board&xsec_token=AB-1f03BXnFTava0Yu9aC7v64f9AQLUaMhu621jLc0f_I=&xsec_source=pc_search,2025-10-03,2025-10-03,2026-03-25,166,166,https://www.xiaohongshu.com/search_result?keyword=%25E4%25BA%2591%25E5%258D%2597%25E6%2597%2585%25E6%25B8%25B8%25E6%2599%25AF%25E7%2582%25B9&source=web_explore_feed,https://www.xiaohongshu.com/search_result/68dfb7cc000000000300feed?xsec_token=ABgaTV1xjn7SOR9YH8l2XvZa8EQokyIjvml_tCjK83aTE=&xsec_source=,https://sns-webpic-qc.xhscdn.com/202603251947/cf30a6af093b5fe094f5e900a6797006/notes_pre_post/1040g3k831n65cq1pmm005nnkt86gbvjpjvm17hg!nc_n_webp_mw_1,c775e71a1932408618940fc6638bf7fa6b568cf856996f3d659200d3b35df8d1,https://www.xiaohongshu.com/search_result/68dfb7cc000000000300feed?xsec_token=ABgaTV1xjn7SOR9YH8l2XvZa8EQokyIjvml_tCjK83aTE=&xsec_source=,否,否
小红书,小红书-云南旅游景区.json,云南旅游景区,云南旅游景点,,美途猫,https://www.xiaohongshu.com/user/profile/5b920f6eeaefb800016a186c?channel_type=web_search_result_notes&parent_page_channel_type=web_profile_board&xsec_token=ABDUWwC1nvbMXc68OU-ijdaMv5TCexphkzNdsMfMqSd5U=&xsec_source=pc_search,2025-12-27,2025-12-27,2026-03-25,502,502,https://www.xiaohongshu.com/search_result?keyword=%25E4%25BA%2591%25E5%258D%2597%25E6%2597%2585%25E6%25B8%25B8%25E6%2599%25AF%25E7%2582%25B9&source=web_explore_feed,https://www.xiaohongshu.com/search_result/694fbcc9000000001e01362d?xsec_token=ABkdCtYYqlY2vTx6viD3mCp0DiPVAGgQy4Nh6FM5ORx0c=&xsec_source=,https://sns-webpic-qc.xhscdn.com/202603251947/b34fd4c9d7356d1372920d1b7e422a70/notes_pre_post/1040g3k031qjbvm3v6u204art0g7ms63cafh4re0!nc_n_webp_mw_1,6df3adb92dbeb0ac5315e1afcf48ddabc6457cc93c8a3322302d21a575d18a93,https://www.xiaohongshu.com/search_result/694fbcc9000000001e01362d?xsec_token=ABkdCtYYqlY2vTx6viD3mCp0DiPVAGgQy4Nh6FM5ORx0c=&xsec_source=,是,否
小红书,小红书-云南旅游景区.json,云南旅游景区,云南旅游景点,云南必去十二大景点‼️旅游必看版,伤心大包菜,https://www.xiaohongshu.com/user/profile/64719dfe000000001f005ee3?channel_type=web_search_result_notes&parent_page_channel_type=web_profile_board&xsec_token=ABZ_CkUNMGg-0MQLJT9kSJ0mK1W-DlsEIJZTCt8pfg07g=&xsec_source=pc_search,2024-10-29,2024-10-29,2026-03-25,27,27,https://www.xiaohongshu.com/search_result?keyword=%25E4%25BA%2591%25E5%258D%2597%25E6%2597%2585%25E6%25B8%25B8%25E6%2599%25AF%25E7%2582%25B9&source=web_explore_feed,https://www.xiaohongshu.com/search_result/67204d9c00000000240157eb?xsec_token=AB8tIn4rOHyTAl4f0Fe1Lmo5vIpx_mYz_QP2M1p6m1KJc=&xsec_source=,https://sns-webpic-qc.xhscdn.com/202603251947/674736f198237a7a62094b71e013f207/spectrum/1040g34o319h7e5qoms0g5p3hjnv7onn3k6m40o8!nc_n_webp_mw_1,68da38b42ee711d1afc7c3a74cce9d11fa2a43df6cca195719c9be3210cb86d9,https://www.xiaohongshu.com/search_result/67204d9c00000000240157eb?xsec_token=AB8tIn4rOHyTAl4f0Fe1Lmo5vIpx_mYz_QP2M1p6m1KJc=&xsec_source=,否,否
小红书,小红书-云南旅游景区.json,云南旅游景区,云南旅游景点,,耀和旅行推荐官-小菡,https://www.xiaohongshu.com/user/profile/6523ab91000000002a035741?channel_type=web_search_result_notes&parent_page_channel_type=web_profile_board&xsec_token=AB4o72TL-hKcxGj7FAbO93i_92ChCN3T7YMUjnCFCoFVE=&xsec_source=pc_search,2025-06-19,2025-06-19,2026-03-25,25,25,https://www.xiaohongshu.com/search_result?keyword=%25E4%25BA%2591%25E5%258D%2597%25E6%2597%2585%25E6%25B8%25B8%25E6%2599%25AF%25E7%2582%25B9&source=web_explore_feed,https://www.xiaohongshu.com/search_result/6852b4520000000012021dd0?xsec_token=ABpt6DYBSy-fd5Q0FaZmGV0BIitHElZvEOSFm8IQJZ_Vc=&xsec_source=,https://sns-webpic-qc.xhscdn.com/202603251947/a5149de2a9de614eaa9242881d05cfd9/1040g2sg31iself0h1ee05p93le8qmlq1k92f24o!nc_n_webp_mw_1,1f6d3eb992afc82d0c48df6532814b4deda494ce876a71ee1b12d2b0f0df2e4e,https://www.xiaohongshu.com/search_result/6852b4520000000012021dd0?xsec_token=ABpt6DYBSy-fd5Q0FaZmGV0BIitHElZvEOSFm8IQJZ_Vc=&xsec_source=,是,否
小红书,小红书-云南旅游景区.json,云南旅游景区,云南旅游景点,来云南 不可错过的小众城市！,小卡游玩,https://www.xiaohongshu.com/user/profile/5bd5aa3916cabd0001e5267a?channel_type=web_search_result_notes&parent_page_channel_type=web_profile_board&xsec_token=ABe8JZdOglRfWqFMP-tfeRDWjirGb9IsaC8MaF0qJ-2xw=&xsec_source=pc_search,2024-12-26,2024-12-26,2026-03-25,498,498,https://www.xiaohongshu.com/search_result?keyword=%25E4%25BA%2591%25E5%258D%2597%25E6%2597%2585%25E6%25B8%25B8%25E6%2599%25AF%25E7%2582%25B9&source=web_explore_feed,https://www.xiaohongshu.com/search_result/676d00950000000013000fa3?xsec_token=AB3NgJ9lUNclTY_71oqnFmrhTuTRfV6dxMqhzMwi1cZGk=&xsec_source=,https://sns-webpic-qc.xhscdn.com/202603251947/ff1adab25d0bffb790eb5cc24a51b0d4/1040g00831bs4i2o50k6g4blb57l3i9jqbifvljg!nc_n_webp_mw_1,4ecaad7fc51658f1a48b16c853aa910bda5a15684fb2fd19aa27b13ba6d69c6d,https://www.xiaohongshu.com/search_result/676d00950000000013000fa3?xsec_token=AB3NgJ9lUNclTY_71oqnFmrhTuTRfV6dxMqhzMwi1cZGk=&xsec_source=,否,否
小红书,小红书-云南旅游景区.json,云南旅游景区,云南旅游景点,冬季躲进云南腾冲，来场私人定制游太香了！,云之楠旅行,https://www.xiaohongshu.com/user/profile/64d8697d000000000101331f?channel_type=web_search_result_notes&parent_page_channel_type=web_profile_board&xsec_token=ABK5v75_pxGj707ETe_y0ki8EyLN1tSD7L6geJd3dpDKI=&xsec_source=pc_search,2025-12-31,2025-12-31,2026-03-25,273,273,https://www.xiaohongshu.com/search_result?keyword=%25E4%25BA%2591%25E5%258D%2597%25E6%2597%2585%25E6%25B8%25B8%25E6%2599%25AF%25E7%2582%25B9&source=web_explore_feed,https://www.xiaohongshu.com/search_result/6954ff20000000001f00caf9?xsec_token=ABCe9DLjoXUjJJ31OwN_lWTEmgmHtj9Br2O087svUr2fk=&xsec_source=,https://sns-webpic-qc.xhscdn.com/202603251947/6029cabb7a5a65fbd5e15c63932801f7/notes_pre_post/1040g3k031qomc1v7no6g5p6od5ugacovb5krt58!nc_n_webp_mw_1,2e74e204654c7604636ccccd14cdc43f56ab57d0ad6403fa435710f4b9dfafa6,https://www.xiaohongshu.com/search_result/6954ff20000000001f00caf9?xsec_token=ABCe9DLjoXUjJJ31OwN_lWTEmgmHtj9Br2O087svUr2fk=&xsec_source=,否,否
小红书,小红书-云南旅游景区.json,云南旅游景区,云南旅游景点,,,,,,2026-03-25,,0,https://www.xiaohongshu.com/search_result?keyword=%25E4%25BA%2591%25E5%258D%2597%25E6%2597%2585%25E6%25B8%25B8%25E6%2599%25AF%25E7%2582%25B9&source=web_explore_feed,,http://sns-na-i4.xhscdn.com/1040g2sg31dh63d6eh6705ok7mlnoddssocdtvro?imageView2/1/h/132/w/480/format/jpg&ap=5&sc=HOT_QRY&sign=156ad552ed0aacdb22820ce21366c20b&t=69c3cb65&origin=0,65f84e63b1fa10bfc913c7ffb1158c99d57a9fb700cedbdf15426b82fa75fcea,4278a32f68592279c74de49feb274835ec50b4c6754184cba5da2c4fef8e2d11,是,是
小红书,小红书-云南旅游景区.json,云南旅游景区,云南旅游景点,云南必去景点！！！,小Q的日常碎片,https://www.xiaohongshu.com/user/profile/69770a03000000001d004c4f?channel_type=web_search_result_notes&parent_page_channel_type=web_profile_board&xsec_token=ABCtjxgG4zJv1UxTH_c3bApcD_cuk71aAlHqyxeFgz8Hg=&xsec_source=pc_search,01-26,2026-01-26,2026-03-25,1603,1603,https://www.xiaohongshu.com/search_result?keyword=%25E4%25BA%2591%25E5%258D%2597%25E6%2597%2585%25E6%25B8%25B8%25E6%2599%25AF%25E7%2582%25B9&source=web_explore_feed,https://www.xiaohongshu.com/search_result/69770bc800000000220326c2?xsec_token=ABCtjxgG4zJv1UxTH_c3bApQRsfp-LUXpFHhUKPGsZogQ=&xsec_source=,https://sns-webpic-qc.xhscdn.com/202603251947/b8d790a236e8e38f54d743323f18edc3/notes_pre_post/1040g3k831rpucasligdg5qbn181n8j2fuf8udp0!nc_n_webp_mw_1,c582714fe8a8a7711562c644d2ac36afe7c0e1dd50ccc4013be4993c07df96dc,https://www.xiaohongshu.com/search_result/69770bc800000000220326c2?xsec_token=ABCtjxgG4zJv1UxTH_c3bApQRsfp-LUXpFHhUKPGsZogQ=&xsec_source=,否,否
小红书,小红书-云南旅游景区.json,云南旅游景区,云南旅游景点,,瑞贝旅行推荐官-周周,https://www.xiaohongshu.com/user/profile/676bcd21000000001801e092?channel_type=web_search_result_notes&parent_page_channel_type=web_profile_board&xsec_token=ABJEq2LxNYjCYwC1pOFj8teRaFUyuz2bgq87zpn4n7_iw=&xsec_source=pc_search,2025-10-16,2025-10-16,2026-03-25,31,31,https://www.xiaohongshu.com/search_result?keyword=%25E4%25BA%2591%25E5%258D%2597%25E6%2597%2585%25E6%25B8%25B8%25E6%2599%25AF%25E7%2582%25B9&source=web_explore_feed,https://www.xiaohongshu.com/search_result/68f0c3f60000000003012d05?xsec_token=ABXFulwxcwoEMNBUhO1zAaAZL9NwxIw_EKsAWmu0wFNwY=&xsec_source=,https://sns-webpic-qc.xhscdn.com/202603251947/3eeb1c83a6a39f12b7465a0e722cbd5a/1040g2sg31nmq4k1jl8e05prbpkgm3o4ianf97f0!nc_n_webp_mw_1,355faa10908d813ee0910c1d301cc38f6f0e5647ee1ee000a81c7b0cdf4e0a37,https://www.xiaohongshu.com/search_result/68f0c3f60000000003012d05?xsec_token=ABXFulwxcwoEMNBUhO1zAaAZL9NwxIw_EKsAWmu0wFNwY=&xsec_source=,是,否
小红书,小红书-云南旅游景区.json,云南旅游景区,云南旅游景点,,拾柒里,https://www.xiaohongshu.com/user/profile/67d24e28000000000a03e89d?channel_type=web_search_result_notes&parent_page_channel_type=web_profile_board&xsec_token=ABaqS66IK-Np8o4K1H-C0mJ7QO8w10Bvp10FpA8MwxtDU=&xsec_source=pc_search,2025-04-30,2025-04-30,2026-03-25,237,237,https://www.xiaohongshu.com/search_result?keyword=%25E4%25BA%2591%25E5%258D%2597%25E6%2597%2585%25E6%25B8%25B8%25E6%2599%25AF%25E7%2582%25B9&source=web_explore_feed,https://www.xiaohongshu.com/search_result/68121cad000000002102d274?xsec_token=ABXG21PV2xincjRe1nRY15I_XE6RZy49w6-IJVarnm59I=&xsec_source=,https://sns-webpic-qc.xhscdn.com/202603251947/c0a3c2c296f4053f3db9954a2a52fde7/spectrum/1040g0k031gtc6v8pj8005pui9ok2nq4t906tq00!nc_n_webp_mw_1,66d0d8eeeceac61dbafa43416485c5c350998ab9fad019d17e0aca0bcaa69702,https://www.xiaohongshu.com/search_result/68121cad000000002102d274?xsec_token=ABXG21PV2xincjRe1nRY15I_XE6RZy49w6-IJVarnm59I=&xsec_source=,是,否
小红书,小红书-云南旅游景区.json,云南旅游景区,云南旅游景点,走了4年云南，推荐5个冷门又舒服古村,英子同学,https://www.xiaohongshu.com/user/profile/5adeb949e8ac2b75ab0bb402?channel_type=web_search_result_notes&parent_page_channel_type=web_profile_board&xsec_token=ABpzI_FtgOPVkls40W0HvR0vMFVBqXP4rr6MZyeZiGJns=&xsec_source=pc_search,2025-05-26,2025-05-26,2026-03-25,9480,9480,https://www.xiaohongshu.com/search_result?keyword=%25E4%25BA%2591%25E5%258D%2597%25E6%2597%2585%25E6%25B8%25B8%25E6%2599%25AF%25E7%2582%25B9&source=web_explore_feed,https://www.xiaohongshu.com/search_result/68340feb0000000022029d59?xsec_token=ABNNIWqzWQ-9he6Crv0bxlA2nV6cwoOfaOz9PkMtY-nTQ=&xsec_source=,https://sns-webpic-qc.xhscdn.com/202603251947/7c9832d03bc0f704a4b6eb330e700313/spectrum/1040g34o31hugh46oja0g4a4pdcskjd02re51tj8!nc_n_webp_mw_1,fef7514a0bad9dda1c223dd90d7025f1328c1a6be44281557fd09119fda2160b,https://www.xiaohongshu.com/search_result/68340feb0000000022029d59?xsec_token=ABNNIWqzWQ-9he6Crv0bxlA2nV6cwoOfaOz9PkMtY-nTQ=&xsec_source=,否,否
小红书,小红书-云南旅游景区.json,云南旅游景区,云南旅游景点,答应我！云南旅行，码住这12个封神打卡点❗,可乐爸爸会旅行,https://www.xiaohongshu.com/user/profile/6610c9840000000003032c99?channel_type=web_search_result_notes&parent_page_channel_type=web_profile_board&xsec_token=ABVbUdEBQ2Van7F653X75d5YgMkCGuJ63gY2KqNk349kI=&xsec_source=pc_search,2025-04-07,2025-04-07,2026-03-25,690,690,https://www.xiaohongshu.com/search_result?keyword=%25E4%25BA%2591%25E5%258D%2597%25E6%2597%2585%25E6%25B8%25B8%25E6%2599%25AF%25E7%2582%25B9&source=web_explore_feed,https://www.xiaohongshu.com/search_result/67f017c30000000007036e54?xsec_token=AB1WeCtSRdiLCu61LPQIXxex5mkrl8arq_0p73My9S2yw=&xsec_source=,https://sns-webpic-qc.xhscdn.com/202603251947/ca8e14571edebcedce25e37c88a28998/1040g2sg31fs4upis02d05pggp620ub4pdl86i98!nc_n_webp_mw_1,57ce66ce90377fe13580d43f3cddd2483bcbe1d2339286732129df1d5c11a6f3,https://www.xiaohongshu.com/search_result/67f017c30000000007036e54?xsec_token=AB1WeCtSRdiLCu61LPQIXxex5mkrl8arq_0p73My9S2yw=&xsec_source=,否,否
小红书,小红书-云南旅游景区.json,云南旅游景区,云南旅游景点,云南怒江旅游攻略来啦～❤️,小鸡仔🐣环游世界🌍,https://www.xiaohongshu.com/user/profile/5ef4ea0d000000000101fe79?channel_type=web_search_result_notes&parent_page_channel_type=web_profile_board&xsec_token=AB-1f03BXnFTava0Yu9aC7v64f9AQLUaMhu621jLc0f_I=&xsec_source=pc_search,2025-10-01,2025-10-01,2026-03-25,39,39,https://www.xiaohongshu.com/search_result?keyword=%25E4%25BA%2591%25E5%258D%2597%25E6%2597%2585%25E6%25B8%25B8%25E6%2599%25AF%25E7%2582%25B9&source=web_explore_feed,https://www.xiaohongshu.com/search_result/68dd18960000000003012091?xsec_token=ABmjoukSRiA5NxqdLPGaqm2A_sbVvSDLf8bWWsLyAmLpI=&xsec_source=,https://sns-webpic-qc.xhscdn.com/202603251947/2afd9163795f75fe3c190f21d750bb0c/notes_pre_post/1040g3k031n3jch9il8005nnkt86gbvjpq5ba5e0!nc_n_webp_mw_1,e53b7a63264a68a6dcadcff08cc52a6dbc2ec428dd2086b53d0261c347eba26d,https://www.xiaohongshu.com/search_result/68dd18960000000003012091?xsec_token=ABmjoukSRiA5NxqdLPGaqm2A_sbVvSDLf8bWWsLyAmLpI=&xsec_source=,否,否
小红书,小红书-云南旅游景区.json,云南旅游景区,云南旅游景点,,拾柒里,https://www.xiaohongshu.com/user/profile/67d24e28000000000a03e89d?channel_type=web_search_result_notes&parent_page_channel_type=web_profile_board&xsec_token=ABaqS66IK-Np8o4K1H-C0mJ7QO8w10Bvp10FpA8MwxtDU=&xsec_source=pc_search,2025-10-31,2025-10-31,2026-03-25,220,220,https://www.xiaohongshu.com/search_result?keyword=%25E4%25BA%2591%25E5%258D%2597%25E6%2597%2585%25E6%25B8%25B8%25E6%2599%25AF%25E7%2582%25B9&source=web_explore_feed,https://www.xiaohongshu.com/search_result/69047a0f000000000703238d?xsec_token=ABRWjMmzwTFHoDtiOuhz4IE58VDxA294RTEdbCKNu66KY=&xsec_source=,https://sns-webpic-qc.xhscdn.com/202603251947/4f8658db11f08a06d55af5532c83bc22/spectrum/1040g34o31oa1r5ibl20g5pui9ok2nq4t9hi9b6o!nc_n_webp_mw_1,2c3f331b8e7faac4f18e84d9d90491b7a13eeb5dd5bd049b9b49e63b2d5d298d,https://www.xiaohongshu.com/search_result/69047a0f000000000703238d?xsec_token=ABRWjMmzwTFHoDtiOuhz4IE58VDxA294RTEdbCKNu66KY=&xsec_source=,是,否
小红书,小红书-云南旅游景区.json,云南旅游景区,云南旅游景点,,拾柒里,https://www.xiaohongshu.com/user/profile/67d24e28000000000a03e89d?channel_type=web_search_result_notes&parent_page_channel_type=web_profile_board&xsec_token=ABaqS66IK-Np8o4K1H-C0mJ7QO8w10Bvp10FpA8MwxtDU=&xsec_source=pc_search,2025-05-17,2025-05-17,2026-03-25,158,158,https://www.xiaohongshu.com/search_result?keyword=%25E4%25BA%2591%25E5%258D%2597%25E6%2597%2585%25E6%25B8%25B8%25E6%2599%25AF%25E7%2582%25B9&source=web_explore_feed,https://www.xiaohongshu.com/search_result/6828936e000000002202a7d3?xsec_token=ABH1oNZFWxdrTR0CXHiv8zvsQfrZAv_DSqP-YHJc1pIik=&xsec_source=,https://sns-webpic-qc.xhscdn.com/202603251947/d611b1edcd2c82cf110655e58c72bbfc/spectrum/1040g0k031hja6ifeja005pui9ok2nq4tf4tebn0!nc_n_webp_mw_1,962ffa96bb9f88a9fe1610953c3befd343ea454a5c2c42bd4fe079966911b3a9,https://www.xiaohongshu.com/search_result/6828936e000000002202a7d3?xsec_token=ABH1oNZFWxdrTR0CXHiv8zvsQfrZAv_DSqP-YHJc1pIik=&xsec_source=,是,否
小红书,小红书-云南旅游景区.json,云南旅游景区,云南旅游景点,终于有人把版纳旅游说清楚了！！,美晨mizin,https://www.xiaohongshu.com/user/profile/5c3d6485000000000603bfcd?channel_type=web_search_result_notes&parent_page_channel_type=web_profile_board&xsec_token=AB_FOtMTddGm_Guxe5iCcMb0TkcjayIvn_CvSDmBZOB9M=&xsec_source=pc_search,2025-10-17,2025-10-17,2026-03-25,416,416,https://www.xiaohongshu.com/search_result?keyword=%25E4%25BA%2591%25E5%258D%2597%25E6%2597%2585%25E6%25B8%25B8%25E6%2599%25AF%25E7%2582%25B9&source=web_explore_feed,https://www.xiaohongshu.com/search_result/68f1b85700000000070164f2?xsec_token=ABzUtKj8H7c5LgBn8xqn5Dk6AXxWmn3oJO9Io0SnruUgE=&xsec_source=,https://sns-webpic-qc.xhscdn.com/202603251947/97c67981f0aa9ef9cbad8b57c60c9ffa/notes_pre_post/1040g3k031nnnudjm50505n1tci2hnfud7vc72i0!nc_n_webp_mw_1,481414e10715f10b28417258553ce698ed6283c8d13d6d58a53592650c1f7c85,https://www.xiaohongshu.com/search_result/68f1b85700000000070164f2?xsec_token=ABzUtKj8H7c5LgBn8xqn5Dk6AXxWmn3oJO9Io0SnruUgE=&xsec_source=,否,否
小红书,小红书-云南旅游景区.json,云南旅游景区,云南旅游景点,中国最值得去的十个顶级景区,bb,https://www.xiaohongshu.com/user/profile/68aef4bb000000001900dded?channel_type=web_search_result_notes&parent_page_channel_type=web_profile_board&xsec_token=ABjln3niM2jKK4A7sXdf0FVbu8QG4ocgjBtihAd6rHsWg=&xsec_source=pc_search,2025-11-21,2025-11-21,2026-03-25,2167,2167,https://www.xiaohongshu.com/search_result?keyword=%25E4%25BA%2591%25E5%258D%2597%25E6%2597%2585%25E6%25B8%25B8%25E6%2599%25AF%25E7%2582%25B9&source=web_explore_feed,https://www.xiaohongshu.com/search_result/691ff9b0000000001e037f71?xsec_token=ABrnBcjgE7wfp1TPZYLVHmY65dlqh4r8IQcRysgD88xfM=&xsec_source=,https://sns-webpic-qc.xhscdn.com/202603251947/f2ade894a66a9369bd07dc74028af036/1040g00831p4tclscio005q5euitm9nfdbqmo860!nc_n_webp_mw_1,e6f36468819bd1dd1eeea36740bff829d4dae5b20a6a75f2df2393a83105d39c,https://www.xiaohongshu.com/search_result/691ff9b0000000001e037f71?xsec_token=ABrnBcjgE7wfp1TPZYLVHmY65dlqh4r8IQcRysgD88xfM=&xsec_source=,否,否
小红书,小红书-云南旅游景区.json,云南旅游景区,云南旅游景点,云南旅游地图路线图,抱团养老旅居若灵,https://www.xiaohongshu.com/user/profile/64c31dcb00000000250351fb?channel_type=web_search_result_notes&parent_page_channel_type=web_profile_board&xsec_token=ABTD5VlBv0LwUX1fgFJsN2GVdrRFop_lfvSn_uvWoT4_U=&xsec_source=pc_search,2025-07-27,2025-07-27,2026-03-25,123,123,https://www.xiaohongshu.com/search_result?keyword=%25E4%25BA%2591%25E5%258D%2597%25E6%2597%2585%25E6%25B8%25B8%25E6%2599%25AF%25E7%2582%25B9&source=web_explore_feed,https://www.xiaohongshu.com/search_result/6885079d000000001d00d8a3?xsec_token=ABRxo_kPuUer5mEWqCdTVTwQoCKJzPy2aw0wNiSr8iwt8=&xsec_source=,https://sns-webpic-qc.xhscdn.com/202603251947/75bd043168e053a10c3c06e7d044d662/1040g2sg31kdjbjppj2kg5p633n5pekfrldqbq2g!nc_n_webp_mw_1,bdeedb56f2058058e68fa4c2b695e40a3d2f8d4c25bac58e17cfc38c97141415,https://www.xiaohongshu.com/search_result/6885079d000000001d00d8a3?xsec_token=ABRxo_kPuUer5mEWqCdTVTwQoCKJzPy2aw0wNiSr8iwt8=&xsec_source=,否,否
小红书,小红书-云南旅游景区.json,云南旅游景区,云南旅游景点,还分不清怎么玩云南吗？,山雾漫游日记,https://www.xiaohongshu.com/user/profile/678f2e48000000000d00a2e4?channel_type=web_search_result_notes&parent_page_channel_type=web_profile_board&xsec_token=ABAhtVzda3wg_ywIlG1A_ly_3f1koR3SEMzNrfxAVa5f4=&xsec_source=pc_search,2025-08-08,2025-08-08,2026-03-25,6347,6347,https://www.xiaohongshu.com/search_result?keyword=%25E4%25BA%2591%25E5%258D%2597%25E6%2597%2585%25E6%25B8%25B8%25E6%2599%25AF%25E7%2582%25B9&source=web_explore_feed,https://www.xiaohongshu.com/search_result/688986c1000000002302756a?xsec_token=ABUIF-nQ_vhFb7V8mVwGVJSWzTUf7bxAoorFldEn2FoFo=&xsec_source=,https://sns-webpic-qc.xhscdn.com/202603251947/9120789fc44b9ad3b77c18099690d18c/notes_pre_post/1040g3k031khvu66r30605psf5p4398n4qp43rk0!nc_n_webp_mw_1,ccae50abd3728bd317ecc7a780847a2f5b9f0968be89274a6d6f2e484ca2c666,https://www.xiaohongshu.com/search_result/688986c1000000002302756a?xsec_token=ABUIF-nQ_vhFb7V8mVwGVJSWzTUf7bxAoorFldEn2FoFo=&xsec_source=,否,否
小红书,小红书-云南旅游景区.json,云南旅游景区,云南旅游景点,云南滇西黄金路线五天四晚这么玩,七七带你游云南,https://www.xiaohongshu.com/user/profile/66e1145f000000001d03113d?channel_type=web_search_result_notes&parent_page_channel_type=web_profile_board&xsec_token=ABtCf6D69GPDlT7qojLLId6fChY2UXByUXRQkyUPUa3MI=&xsec_source=pc_search,2天前,2026-03-23,2026-03-25,3,3,https://www.xiaohongshu.com/search_result?keyword=%25E4%25BA%2591%25E5%258D%2597%25E6%2597%2585%25E6%25B8%25B8%25E6%2599%25AF%25E7%2582%25B9&source=web_explore_feed,https://www.xiaohongshu.com/search_result/69c0fae1000000002302522b?xsec_token=ABXGtA7vIJAZGe07r2UGg1nJSjeTciH7fBmd9hECxR36o=&xsec_source=,https://sns-webpic-qc.xhscdn.com/202603251947/ea4b09e5ee888273b74c6119ddd62b79/spectrum/1040g0k031u24mo0cgo005pn12hfne49t1vhaur8!nc_n_webp_mw_1,0cfe33f755b7946273b30a2ce4445523bf741c38672473d66d466e8d39b0cfdc,https://www.xiaohongshu.com/search_result/69c0fae1000000002302522b?xsec_token=ABXGtA7vIJAZGe07r2UGg1nJSjeTciH7fBmd9hECxR36o=&xsec_source=,否,否
小红书,小红书-云南旅游景区.json,云南旅游景区,云南旅游景点,芒市📍两日游｜懒人版不走回头路逛吃攻略,跟着云玺去旅行,https://www.xiaohongshu.com/user/profile/6728d03c0000000008008299?channel_type=web_search_result_notes&parent_page_channel_type=web_profile_board&xsec_token=ABF7UduZZ7kptiigqbmsvgn1jCdGNynNQdsjRr0_ugNe8=&xsec_source=pc_search,02-10,2026-02-10,2026-03-25,537,537,https://www.xiaohongshu.com/search_result?keyword=%25E4%25BA%2591%25E5%258D%2597%25E6%2597%2585%25E6%25B8%25B8%25E6%2599%25AF%25E7%2582%25B9&source=web_explore_feed,https://www.xiaohongshu.com/search_result/698af94d0000000015020ecb?xsec_token=ABJeyyRUm6nViNhGvMZxyOtUc-GtKarVaXrGB08dxSVB8=&xsec_source=,https://sns-webpic-qc.xhscdn.com/202603251947/5b0083daee24419912550e5658340398/notes_pre_post/1040g3k031sdd31orls6g5pp8q0u210kph5elbvo!nc_n_webp_mw_1,0640d6eb5d4f0c5af00797b448ef5f0a387497006b273967eabd7532a2bf0b98,https://www.xiaohongshu.com/search_result/698af94d0000000015020ecb?xsec_token=ABJeyyRUm6nViNhGvMZxyOtUc-GtKarVaXrGB08dxSVB8=&xsec_source=,否,否
小红书,小红书-云南旅游景区.json,云南旅游景区,云南旅游景点,云南保山旅游攻略来啦～❤️,小鸡仔🐣环游世界🌍,https://www.xiaohongshu.com/user/profile/5ef4ea0d000000000101fe79?channel_type=web_search_result_notes&parent_page_channel_type=web_profile_board&xsec_token=AB-1f03BXnFTava0Yu9aC7v64f9AQLUaMhu621jLc0f_I=&xsec_source=pc_search,2025-09-20,2025-09-20,2026-03-25,161,161,https://www.xiaohongshu.com/search_result?keyword=%25E4%25BA%2591%25E5%258D%2597%25E6%2597%2585%25E6%25B8%25B8%25E6%2599%25AF%25E7%2582%25B9&source=web_explore_feed,https://www.xiaohongshu.com/search_result/68ceaf8f000000001400ad71?xsec_token=ABtXNafBxCmJZG6FS2OE09jNeYvwl2uCuYxFZjC--GXMQ=&xsec_source=,https://sns-webpic-qc.xhscdn.com/202603251947/375de20674f7b42c7f335799070332c5/notes_pre_post/1040g3k831mlh4lvd5i005nnkt86gbvjpubm1ik8!nc_n_webp_mw_1,0dfc4a70dabc0c8b85e0b4ae188aa127470e8066e0b47eb67c0cb3e4bf80e494,https://www.xiaohongshu.com/search_result/68ceaf8f000000001400ad71?xsec_token=ABtXNafBxCmJZG6FS2OE09jNeYvwl2uCuYxFZjC--GXMQ=&xsec_source=,否,否
小红书,小红书-云南旅游景区.json,云南旅游景区,云南旅游景点,,,,,,2026-03-25,,0,https://www.xiaohongshu.com/search_result?keyword=%25E4%25BA%2591%25E5%258D%2597%25E6%2597%2585%25E6%25B8%25B8%25E6%2599%25AF%25E7%2582%25B9&source=web_explore_feed,,http://sns-na-i4.xhscdn.com/1040g2sg31dh63d6eh6705ok7mlnoddssocdtvro?imageView2/1/h/132/w/480/format/jpg&ap=5&sc=HOT_QRY&sign=8b4e5c4995502cd0d6eeed5a8c00201b&t=69c3cb68&origin=0,975c9a7179e951ea73bd5bf1b92b4a5c2a63b64addcc9c60e929c413e413d070,2fa7c19eef6c46bdbe2a9ba5918ba6d0795d4f22db290ad9de8ecde20d2b5775,是,是
小红书,小红书-云南旅游景区.json,云南旅游景区,云南旅游景点,一定要去洱海边看一次日出,大理三圣岛心邸咖啡,https://www.xiaohongshu.com/user/profile/59eb5116e8ac2b7309758a0d?channel_type=web_search_result_notes&parent_page_channel_type=web_profile_board&xsec_token=ABaFbysNSfe_Us1vLu1yYMJy1ZQtti5of7H7Fnzy_0pQo=&xsec_source=pc_search,2025-11-01,2025-11-01,2026-03-25,976,976,https://www.xiaohongshu.com/search_result?keyword=%25E4%25BA%2591%25E5%258D%2597%25E6%2597%2585%25E6%25B8%25B8%25E6%2599%25AF%25E7%2582%25B9&source=web_explore_feed,https://www.xiaohongshu.com/search_result/69061f6900000000030198f2?xsec_token=ABHP0dKDuxay__GeISMDBD9N95F57Q9QdCN1LrlJwVZlI=&xsec_source=,https://sns-webpic-qc.xhscdn.com/202603251947/47dd905ce6eba2c0fe3b0de425a9962c/1040g00831oblhiou060049up1i8hd2gdmthntm0!nc_n_webp_mw_1,63febd7848b9ba82803d0b0bed32b1e44564415fa4c7e42c94d57d584687f145,https://www.xiaohongshu.com/search_result/69061f6900000000030198f2?xsec_token=ABHP0dKDuxay__GeISMDBD9N95F57Q9QdCN1LrlJwVZlI=&xsec_source=,否,否
小红书,小红书-云南旅游景区.json,云南旅游景区,云南旅游景点,,拾柒里,https://www.xiaohongshu.com/user/profile/67d24e28000000000a03e89d?channel_type=web_search_result_notes&parent_page_channel_type=web_profile_board&xsec_token=ABaqS66IK-Np8o4K1H-C0mJ7QO8w10Bvp10FpA8MwxtDU=&xsec_source=pc_search,2025-06-07,2025-06-07,2026-03-25,288,288,https://www.xiaohongshu.com/search_result?keyword=%25E4%25BA%2591%25E5%258D%2597%25E6%2597%2585%25E6%25B8%25B8%25E6%2599%25AF%25E7%2582%25B9&source=web_explore_feed,https://www.xiaohongshu.com/search_result/6843d95e0000000021009050?xsec_token=ABBkhxxrInc4uTnTPXb0fs-juJtGHf4_t5ap9Go-N4DRs=&xsec_source=,https://sns-webpic-qc.xhscdn.com/202603251947/38cdaced2bf3c69b39ccf80c3accb916/spectrum/1040g34o31idugco2nq0g5pui9ok2nq4trvmvt3o!nc_n_webp_mw_1,ad416f097d093521e475f106ebd9d494cfd1399e1b3665f81c7a96d8d3b13e0c,https://www.xiaohongshu.com/search_result/6843d95e0000000021009050?xsec_token=ABBkhxxrInc4uTnTPXb0fs-juJtGHf4_t5ap9Go-N4DRs=&xsec_source=,是,否
小红书,小红书-云南旅游景区.json,云南旅游景区,云南旅游景点,这些梦一般的地方居然都在云南…,幽.,https://www.xiaohongshu.com/user/profile/63e460270000000028019713?channel_type=web_search_result_notes&parent_page_channel_type=web_profile_board&xsec_token=ABbXZx2f8gfx7xirFKROUtBhROFt-4kGEYDpm16HONa08=&xsec_source=pc_search,2024-10-31,2024-10-31,2026-03-25,6097,6097,https://www.xiaohongshu.com/search_result?keyword=%25E4%25BA%2591%25E5%258D%2597%25E6%2597%2585%25E6%25B8%25B8%25E6%2599%25AF%25E7%2582%25B9&source=web_explore_feed,https://www.xiaohongshu.com/search_result/67235a91000000003c01f2d3?xsec_token=ABlVCuB7oa2WRqVqqmLtCK8psKhNl6MGzDEZ_MBgwNgXk=&xsec_source=,https://sns-webpic-qc.xhscdn.com/202603251947/9f2910f02e5f8e7e883806cab39340ab/1040g2sg319k71jvvngd05ov4c0jq35ojs1b57g0!nc_n_webp_mw_1,9885fbda27de69ad5e21d65c5fb7c47119ea4273ccbc3cb33d0de8b5074be61c,https://www.xiaohongshu.com/search_result/67235a91000000003c01f2d3?xsec_token=ABlVCuB7oa2WRqVqqmLtCK8psKhNl6MGzDEZ_MBgwNgXk=&xsec_source=,否,否
小红书,小红书-云南旅游景区.json,云南旅游景区,云南旅游景点,,张舒克和黄贝塔,https://www.xiaohongshu.com/user/profile/5c2a0cd80000000007016838?channel_type=web_search_result_notes&parent_page_channel_type=web_profile_board&xsec_token=AB6FoWrxLHfOB457ot_FBe-jCuChDPunJvPdoWZna2_2Q=&xsec_source=pc_search,2025-09-06,2025-09-06,2026-03-25,2082,2082,https://www.xiaohongshu.com/search_result?keyword=%25E4%25BA%2591%25E5%258D%2597%25E6%2597%2585%25E6%25B8%25B8%25E6%2599%25AF%25E7%2582%25B9&source=web_explore_feed,https://www.xiaohongshu.com/search_result/68bbf823000000001d0171d4?xsec_token=ABNGb4z8wWik8q1Z_YQ_ldn22jMvRWQoz9X1Ksd25AYGs=&xsec_source=,https://sns-webpic-qc.xhscdn.com/202603251947/f1aca0192518faba4ad1c968dcd7047c/spectrum/1040g0k031m30bbjcl2005n1a1jc1qq1od761m5g!nc_n_webp_mw_1,48e6aabf883086e139dea08bb41b5f5b9f64954ca982a7989c19c02555bdf903,https://www.xiaohongshu.com/search_result/68bbf823000000001d0171d4?xsec_token=ABNGb4z8wWik8q1Z_YQ_ldn22jMvRWQoz9X1Ksd25AYGs=&xsec_source=,是,否
小红书,小红书-云南旅游景区.json,云南旅游景区,云南旅游景点,为了这座多巴胺城堡‼️我专门飞了趟云南✈️,姜胖达,https://www.xiaohongshu.com/user/profile/566eeac5e4251d556ad00e7c?channel_type=web_search_result_notes&parent_page_channel_type=web_profile_board&xsec_token=ABNsbWwKpY1adMz0pvgJInD4FCgikWMaSuJlGDCqjUuxY=&xsec_source=pc_search,2024-11-14,2024-11-14,2026-03-25,2087,2087,https://www.xiaohongshu.com/search_result?keyword=%25E4%25BA%2591%25E5%258D%2597%25E6%2597%2585%25E6%25B8%25B8%25E6%2599%25AF%25E7%2582%25B9&source=web_explore_feed,https://www.xiaohongshu.com/search_result/6735fc5c000000001a0366d9?xsec_token=ABXfO4aJ-3fv76hXisrZTxTZzFlAHSqmsmKN7_lOQTKMA=&xsec_source=,https://sns-webpic-qc.xhscdn.com/202603251947/bd49af352dae6fa7ff701beec0ca9d84/1040g00831a6d9gkq7g0044946qlca3jsprtqr3o!nc_n_webp_mw_1,7b25d7f30d134595896713d9cbc104eb0b6daf5e2f247ac8fdcb836dac1f4150,https://www.xiaohongshu.com/search_result/6735fc5c000000001a0366d9?xsec_token=ABXfO4aJ-3fv76hXisrZTxTZzFlAHSqmsmKN7_lOQTKMA=&xsec_source=,否,否
小红书,小红书-云南旅游景区.json,云南旅游景区,云南旅游景点,云南景点那么多，该怎么合理规划,大理云朗,https://www.xiaohongshu.com/user/profile/63616c430000000023025f45?channel_type=web_search_result_notes&parent_page_channel_type=web_profile_board&xsec_token=ABQn0_pknwjGDOwVeCAPbTA6GUywAus5bcLps-ma4eNBg=&xsec_source=pc_search,2025-04-30,2025-04-30,2026-03-25,192,192,https://www.xiaohongshu.com/search_result?keyword=%25E4%25BA%2591%25E5%258D%2597%25E6%2597%2585%25E6%25B8%25B8%25E6%2599%25AF%25E7%2582%25B9&source=web_explore_feed,https://www.xiaohongshu.com/search_result/6811de0f000000002101999e?xsec_token=ABt7rz1c__lv6hJzHVx5ACh-ZVWpttD7FA7w7Fv5uQn9E=&xsec_source=,https://sns-webpic-qc.xhscdn.com/202603251947/af4fe30af16f550b1bfd7f5cf4657962/1040g2sg31gt4e84ijq005or1dh1osnq59gb1kjg!nc_n_webp_mw_1,7f834f17f1337db85d2ec8635a1a0a8bc91f9f8afee558d0a2f82ca12efc79b7,https://www.xiaohongshu.com/search_result/6811de0f000000002101999e?xsec_token=ABt7rz1c__lv6hJzHVx5ACh-ZVWpttD7FA7w7Fv5uQn9E=&xsec_source=,否,否
小红书,小红书-云南旅游景区.json,云南旅游景区,云南旅游景点,云南石林详细讲解,简单的阿简,https://www.xiaohongshu.com/user/profile/641cdbc00000000011020b19?channel_type=web_search_result_notes&parent_page_channel_type=web_profile_board&xsec_token=AB7RfjAZxrKUpfU0KbHrIZM1mKu_SPQSRzY10iokuziX8=&xsec_source=pc_search,2025-06-18,2025-06-18,2026-03-25,1873,1873,https://www.xiaohongshu.com/search_result?keyword=%25E4%25BA%2591%25E5%258D%2597%25E6%2597%2585%25E6%25B8%25B8%25E6%2599%25AF%25E7%2582%25B9&source=web_explore_feed,https://www.xiaohongshu.com/search_result/6731f721000000003c019a19?xsec_token=ABSrHQ6i0WrciB_wIQXPhdOERjzhCt292Kietqe3gw-X8=&xsec_source=,https://sns-webpic-qc.xhscdn.com/202603251947/2743421527e6341b861011dff7676187/1040g2sg31a2fl5m0ncdg5p0srf04c2opsqr24jo!nc_n_webp_mw_1,55029796b4f1d547783dcb6a347a01a4cf00c112830ee770db12f05e6e6b365d,https://www.xiaohongshu.com/search_result/6731f721000000003c019a19?xsec_token=ABSrHQ6i0WrciB_wIQXPhdOERjzhCt292Kietqe3gw-X8=&xsec_source=,否,否
小红书,小红书-云南旅游景区.json,云南旅游景区,云南旅游景点,我嫉妒昆明人,见山川,https://www.xiaohongshu.com/user/profile/5e35733c000000000100bfa4?channel_type=web_search_result_notes&parent_page_channel_type=web_profile_board&xsec_token=AByZJdJ6lQT7v90fVlCjFXOgNbFTkrqui9d-Fh9_mnSEg=&xsec_source=pc_search,01-14,2026-01-14,2026-03-25,9339,9339,https://www.xiaohongshu.com/search_result?keyword=%25E4%25BA%2591%25E5%258D%2597%25E6%2597%2585%25E6%25B8%25B8%25E6%2599%25AF%25E7%2582%25B9&source=web_explore_feed,https://www.xiaohongshu.com/search_result/696377de000000000a03e337?xsec_token=ABAjs8d6JuRM4IrhJ4yTWkHITa1zj0xqrQQOTITHperbU=&xsec_source=,https://sns-webpic-qc.xhscdn.com/202603251947/9fca9d1f94c67ce0642a643981f4b6c2/1040g2sg31ra657j5n07g5nhlecu09ft4d1gpk78!nc_n_webp_mw_1,165d5ed6bfe01644ad8b9984659bfc1c8cfe4f866bf404a35480ef5a03ce4838,https://www.xiaohongshu.com/search_result/696377de000000000a03e337?xsec_token=ABAjs8d6JuRM4IrhJ4yTWkHITa1zj0xqrQQOTITHperbU=&xsec_source=,否,否
小红书,小红书-云南旅游景区.json,云南旅游景区,云南旅游景点,云南土著私藏！超全游玩指南，让你玩转云南,云南百事通,https://www.xiaohongshu.com/user/profile/6847960b000000001b021886?channel_type=web_search_result_notes&parent_page_channel_type=web_profile_board&xsec_token=ABJwEcE-UUGXqzIfm64HxzGMmrG-21E6D4jBrhv3XiYiE=&xsec_source=pc_search,2025-07-16,2025-07-16,2026-03-25,345,345,https://www.xiaohongshu.com/search_result?keyword=%25E4%25BA%2591%25E5%258D%2597%25E6%2597%2585%25E6%25B8%25B8%25E6%2599%25AF%25E7%2582%25B9&source=web_explore_feed,https://www.xiaohongshu.com/search_result/68774e400000000012016471?xsec_token=ABzw0RGmh7iPmMPwfCEGczkTCGu_UqjC_KnbkDxRYVfSI=&xsec_source=,https://sns-webpic-qc.xhscdn.com/202603251947/bb474c7d789401dc0b7e9631d04d025a/1040g2sg31k06ftqt48e05q27io5ms646le98r9o!nc_n_webp_mw_1,4c8af9cf79ced91e5175c3b8d1aa2dcff4268e6deb3d253caf3aa8f5d32810aa,https://www.xiaohongshu.com/search_result/68774e400000000012016471?xsec_token=ABzw0RGmh7iPmMPwfCEGczkTCGu_UqjC_KnbkDxRYVfSI=&xsec_source=,否,否
小红书,小红书-云南旅游景区.json,云南旅游景区,云南旅游景点,腾冲好适合吃吃喝喝的躺平式旅游,一条大肥鹅,https://www.xiaohongshu.com/user/profile/5943db4150c4b46ae56c4208?channel_type=web_search_result_notes&parent_page_channel_type=web_profile_board&xsec_token=AB_fV6ezxQLwwExX8En6gi0uzx8Ey5PgRlz3FYH7WRlmE=&xsec_source=pc_search,2025-08-04,2025-08-04,2026-03-25,4.9万,49000,https://www.xiaohongshu.com/search_result?keyword=%25E4%25BA%2591%25E5%258D%2597%25E6%2597%2585%25E6%25B8%25B8%25E6%2599%25AF%25E7%2582%25B9&source=web_explore_feed,https://www.xiaohongshu.com/search_result/688f2020000000002302c55f?xsec_token=ABGfcyWk2KDrhbzEq4p4wFRviPxl2AywKQvQp0dAXEEN4=&xsec_source=,https://sns-webpic-qc.xhscdn.com/202603251947/63d1ccf86aa6f873b39c09cd5f76fddf/1040g00831knesd1ij40049k9sgdk2gg8ohfcm8o!nc_n_webp_mw_1,6c215503a6831c282cd17dc52a6582600b0a1d43c0368bd95551a12850bf1870,https://www.xiaohongshu.com/search_result/688f2020000000002302c55f?xsec_token=ABGfcyWk2KDrhbzEq4p4wFRviPxl2AywKQvQp0dAXEEN4=&xsec_source=,否,否
小红书,小红书-云南旅游景区.json,云南旅游景区,云南旅游景点,我竟被玉龙雪山狠狠地“教育”了一顿？！,航子阿（你的旅行脚替）,https://www.xiaohongshu.com/user/profile/65deafe0000000000500eb96?channel_type=web_search_result_notes&parent_page_channel_type=web_profile_board&xsec_token=ABflMo00G7YGwboOKjaIxSieTdiaMq-Dz0C1PtXXT2P0Y=&xsec_source=pc_search,2025-05-11,2025-05-11,2026-03-25,1484,1484,https://www.xiaohongshu.com/search_result?keyword=%25E4%25BA%2591%25E5%258D%2597%25E6%2597%2585%25E6%25B8%25B8%25E6%2599%25AF%25E7%2582%25B9&source=web_explore_feed,https://www.xiaohongshu.com/search_result/681f5ca60000000022007dc1?xsec_token=ABAOswiNR0EQPojUEtAAXbVv7pqHqacmVqerMAchx6YYw=&xsec_source=,https://sns-webpic-qc.xhscdn.com/202603251947/4d4f42cea2122b970a5baee799a3114d/1040g2sg31ha97he73o605peulvg19qsmtfk071g!nc_n_webp_mw_1,cfd911d6be6b9ed5e24d9a9da756eeaa4db9092daaa0d3d16a625edc2497280e,https://www.xiaohongshu.com/search_result/681f5ca60000000022007dc1?xsec_token=ABAOswiNR0EQPojUEtAAXbVv7pqHqacmVqerMAchx6YYw=&xsec_source=,否,否
小红书,小红书-云南旅游景区.json,云南旅游景区,云南旅游景点,云南的朋友们，这是哪个景点？,长颈鹿和鸡不会动,https://www.xiaohongshu.com/user/profile/5a2aa71a4eacab082f768621?channel_type=web_search_result_notes&parent_page_channel_type=web_profile_board&xsec_token=ABmWCQAcncqXFO7x4gzQg_EZGpkqWXm7tOcycF87x8q34=&xsec_source=pc_search,2025-10-02,2025-10-02,2026-03-25,58,58,https://www.xiaohongshu.com/search_result?keyword=%25E4%25BA%2591%25E5%258D%2597%25E6%2597%2585%25E6%25B8%25B8%25E6%2599%25AF%25E7%2582%25B9&source=web_explore_feed,https://www.xiaohongshu.com/search_result/68de852e00000000050035c5?xsec_token=ABAg96FEhelIGOMy6ZV1IuVnW8UkyQ8062QjX3ThytBlg=&xsec_source=,https://sns-webpic-qc.xhscdn.com/202603251947/95b36f11c5c8db9bc712f3808c5dd666/1040g00831n4uifhu6m0g4a05l8jhl1h1ffmn59o!nc_n_webp_mw_1,ab918ba60532ccadfe218a187cdada3074cf0f3ce1b5e08a132f7d74087bff67,https://www.xiaohongshu.com/search_result/68de852e00000000050035c5?xsec_token=ABAg96FEhelIGOMy6ZV1IuVnW8UkyQ8062QjX3ThytBlg=&xsec_source=,否,否
小红书,小红书-云南旅游景区.json,云南旅游景区,云南旅游景点,,拾柒里,https://www.xiaohongshu.com/user/profile/67d24e28000000000a03e89d?channel_type=web_search_result_notes&parent_page_channel_type=web_profile_board&xsec_token=ABaqS66IK-Np8o4K1H-C0mJ7QO8w10Bvp10FpA8MwxtDU=&xsec_source=pc_search,2025-12-09,2025-12-09,2026-03-25,26,26,https://www.xiaohongshu.com/search_result?keyword=%25E4%25BA%2591%25E5%258D%2597%25E6%2597%2585%25E6%25B8%25B8%25E6%2599%25AF%25E7%2582%25B9&source=web_explore_feed,https://www.xiaohongshu.com/search_result/69377f140000000019026e22?xsec_token=ABqgniJhA_YP6Jp5YxFo_4KGHvIpfb38FyUuZxsHkL5Ig=&xsec_source=,https://sns-webpic-qc.xhscdn.com/202603251947/ff93e12ca5c2e2006a5552acf4c1ebbe/217/0/01e9377eec6043aa0010000000019b00c7dd2a_0.jpg!nc_n_webp_mw_1,f775eb092f983be6f84a83cc467c4e56d3d4a70e9c8941c600bbdeba952b8f7d,https://www.xiaohongshu.com/search_result/69377f140000000019026e22?xsec_token=ABqgniJhA_YP6Jp5YxFo_4KGHvIpfb38FyUuZxsHkL5Ig=&xsec_source=,是,否
小红书,小红书-云南旅游景区.json,云南旅游景区,云南旅游景点,,,,,,2026-03-25,,0,https://www.xiaohongshu.com/search_result?keyword=%25E4%25BA%2591%25E5%258D%2597%25E6%2597%2585%25E6%25B8%25B8%25E6%2599%25AF%25E7%2582%25B9&source=web_explore_feed,,http://sns-na-i4.xhscdn.com/1040g2sg31fv7g6517e705p406664mjjg9naebhg?imageView2/1/h/132/w/480/format/jpg&ap=5&sc=HOT_QRY&sign=53ff0896abf746eca79dea74bea32c9a&t=69c3cb6c&origin=0,5472ef405b6ce017009d5169485472ef4686261f6160709f9cdaec1e8aeb45c4,4e3975ce08ba0fbbe744c147816917bcb5b63a546ae769b29aaae234dba0701f,是,是
小红书,小红书-云南旅游景区.json,云南旅游景区,云南旅游景点,,拾柒里,https://www.xiaohongshu.com/user/profile/67d24e28000000000a03e89d?channel_type=web_search_result_notes&parent_page_channel_type=web_profile_board&xsec_token=ABaqS66IK-Np8o4K1H-C0mJ7QO8w10Bvp10FpA8MwxtDU=&xsec_source=pc_search,2025-12-21,2025-12-21,2026-03-25,86,86,https://www.xiaohongshu.com/search_result?keyword=%25E4%25BA%2591%25E5%258D%2597%25E6%2597%2585%25E6%25B8%25B8%25E6%2599%25AF%25E7%2582%25B9&source=web_explore_feed,https://www.xiaohongshu.com/search_result/6947affb000000001e024b38?xsec_token=ABZeCY_HHTf7E7Tr5UN9vIclhL1xrqRYeS8bRjpRlX_xs=&xsec_source=,https://sns-webpic-qc.xhscdn.com/202603251947/0904f9a0b0808bb4d437f739cd0e2685/spectrum/1040g34o31qbmeqtg6u105pui9ok2nq4tniu3pi8!nc_n_webp_mw_1,6a6a50f58fd0499ce8ea169111648e02dab2b428011fa13a53339aeaf829bb97,https://www.xiaohongshu.com/search_result/6947affb000000001e024b38?xsec_token=ABZeCY_HHTf7E7Tr5UN9vIclhL1xrqRYeS8bRjpRlX_xs=&xsec_source=,是,否
小红书,小红书-云南旅游景区.json,云南旅游景区,云南旅游景点,四天三夜云南游,番茄小辣椒,https://www.xiaohongshu.com/user/profile/5ba720b40700de0001aea963?channel_type=web_search_result_notes&parent_page_channel_type=web_profile_board&xsec_token=AB3sgefBgKLF7WdV7oaa5WSaHPOFgLWMECu0aDRRPtHzQ=&xsec_source=pc_search,2025-09-04,2025-09-04,2026-03-25,35,35,https://www.xiaohongshu.com/search_result?keyword=%25E4%25BA%2591%25E5%258D%2597%25E6%2597%2585%25E6%25B8%25B8%25E6%2599%25AF%25E7%2582%25B9&source=web_explore_feed,https://www.xiaohongshu.com/search_result/68b900e9000000001b032b3d?xsec_token=ABfT9oBRc2YPzsL-uVpygzWsC883WArJc4ng0NGnHLAhc=&xsec_source=,https://sns-webpic-qc.xhscdn.com/202603251947/b476342a429e8452caba93450431bb18/1040g00831m0bhsed5ue04b4afigb9ab3b32sqc0!nc_n_webp_mw_1,707083edd993c2b9a8a94b35ab5aca6de998de49d45892f6458e818368312aea,https://www.xiaohongshu.com/search_result/68b900e9000000001b032b3d?xsec_token=ABfT9oBRc2YPzsL-uVpygzWsC883WArJc4ng0NGnHLAhc=&xsec_source=,否,否
小红书,小红书-云南旅游景区.json,云南旅游景区,云南旅游景点,我们一起逛逛西双版纳吧,弋优,https://www.xiaohongshu.com/user/profile/5dc0c8820000000001009817?channel_type=web_search_result_notes&parent_page_channel_type=web_profile_board&xsec_token=ABsMS-2ibZK59zbE2sr5eyRDdwycxjoDBVpJl81maJTEQ=&xsec_source=pc_search,2025-04-10,2025-04-10,2026-03-25,1.1万,11000,https://www.xiaohongshu.com/search_result?keyword=%25E4%25BA%2591%25E5%258D%2597%25E6%2597%2585%25E6%25B8%25B8%25E6%2599%25AF%25E7%2582%25B9&source=web_explore_feed,https://www.xiaohongshu.com/search_result/67f744ff000000000f03072b?xsec_token=ABaQCpdYbdAu3BgwnfrGVKYxYZ59n2zTtm4nrB5nTSiXM=&xsec_source=,https://sns-webpic-qc.xhscdn.com/202603251947/90a75b01dc5bb05bd46b51a4260f65df/spectrum/1040g0k031g35b6tt0c005ne0p210960n9gu40gg!nc_n_webp_mw_1,171bbb824f0868486fa722d208b70b9a553718b64b4d20d75562479cd267179e,https://www.xiaohongshu.com/search_result/67f744ff000000000f03072b?xsec_token=ABaQCpdYbdAu3BgwnfrGVKYxYZ59n2zTtm4nrB5nTSiXM=&xsec_source=,否,否
小红书,小红书-云南旅游景区.json,云南旅游景区,云南旅游景点,,拾柒里,https://www.xiaohongshu.com/user/profile/67d24e28000000000a03e89d?channel_type=web_search_result_notes&parent_page_channel_type=web_profile_board&xsec_token=ABaqS66IK-Np8o4K1H-C0mJ7QO8w10Bvp10FpA8MwxtDU=&xsec_source=pc_search,02-08,2026-02-08,2026-03-25,9,9,https://www.xiaohongshu.com/search_result?keyword=%25E4%25BA%2591%25E5%258D%2597%25E6%2597%2585%25E6%25B8%25B8%25E6%2599%25AF%25E7%2582%25B9&source=web_explore_feed,https://www.xiaohongshu.com/search_result/6988474d000000001a03476c?xsec_token=AB-8a3h4HNHl-SVDO2CJJ3f8kCCcDxk0U7rWrsvNFQsKs=&xsec_source=,https://sns-webpic-qc.xhscdn.com/202603251947/4d62e0299b2740e7d22132e523daddc4/217/0/01e988464c9d03e60010000000019c3c52a7d7_0.jpg!nc_n_webp_mw_1,40b88ed48601f26a95b947d5e0f1070cbed215cc2e0e76a097ee61f36cfb2861,https://www.xiaohongshu.com/search_result/6988474d000000001a03476c?xsec_token=AB-8a3h4HNHl-SVDO2CJJ3f8kCCcDxk0U7rWrsvNFQsKs=&xsec_source=,是,否
小红书,小红书-云南旅游景区.json,云南旅游景区,云南旅游景点,,拾柒里,https://www.xiaohongshu.com/user/profile/67d24e28000000000a03e89d?channel_type=web_search_result_notes&parent_page_channel_type=web_profile_board&xsec_token=ABaqS66IK-Np8o4K1H-C0mJ7QO8w10Bvp10FpA8MwxtDU=&xsec_source=pc_search,2025-03-19,2025-03-19,2026-03-25,190,190,https://www.xiaohongshu.com/search_result?keyword=%25E4%25BA%2591%25E5%258D%2597%25E6%2597%2585%25E6%25B8%25B8%25E6%2599%25AF%25E7%2582%25B9&source=web_explore_feed,https://www.xiaohongshu.com/search_result/67da96390000000006029aae?xsec_token=AB0ZzMdeVzJpVkUWMsBJPTIVhConOucPmUYaAhq-m66Zo=&xsec_source=,https://sns-webpic-qc.xhscdn.com/202603251947/59272e07860e1eb9459e762389e84f5c/spectrum/1040g0k031f752aatls005pui9ok2nq4tu05ned8!nc_n_webp_mw_1,8f3b42d699f3cd5cd70cd1cef630d10c1e3563d03292a757e12469f7dbb81971,https://www.xiaohongshu.com/search_result/67da96390000000006029aae?xsec_token=AB0ZzMdeVzJpVkUWMsBJPTIVhConOucPmUYaAhq-m66Zo=&xsec_source=,是,否
小红书,小红书-云南旅游景区.json,云南旅游景区,云南旅游景点,大理-丽江-香格里拉7天保姆级攻略🌈,自在行旅游,https://www.xiaohongshu.com/user/profile/60c01e62000000000101d0d6?channel_type=web_search_result_notes&parent_page_channel_type=web_profile_board&xsec_token=ABgIMeGwjlICFrF8eH_nLca-pNfDF2Rv-2GP0-MEbzD-U=&xsec_source=pc_search,2025-11-11,2025-11-11,2026-03-25,46,46,https://www.xiaohongshu.com/search_result?keyword=%25E4%25BA%2591%25E5%258D%2597%25E6%2597%2585%25E6%25B8%25B8%25E6%2599%25AF%25E7%2582%25B9&source=web_explore_feed,https://www.xiaohongshu.com/search_result/6912d8ec000000000301b94d?xsec_token=AB0nqMgpaJkyynGnVuvjqqt1kaKlWHU-v2t3pvBIxFqF4=&xsec_source=,https://sns-webpic-qc.xhscdn.com/202603251947/f7ea64ffdffb8d6b7b264360ee705c9e/notes_pre_post/1040g3k831oo35jlh0gdg5o603ph0bk6mh1dr8tg!nc_n_webp_mw_1,a6e62f0c124bb5e9530fa680009ba70f6df1ec6cfe950a4d82e70db0b1dbf4f7,https://www.xiaohongshu.com/search_result/6912d8ec000000000301b94d?xsec_token=AB0nqMgpaJkyynGnVuvjqqt1kaKlWHU-v2t3pvBIxFqF4=&xsec_source=,否,否
小红书,小红书-云南旅游景区.json,云南旅游景区,云南旅游景点,,山野藏秋,https://www.xiaohongshu.com/user/profile/69c1610b000000002603a547?channel_type=web_search_result_notes&parent_page_channel_type=web_profile_board&xsec_token=ABWDHQoNZvvrvLq_EROGsa1QN6TibnaQZlxnikOv-jLDA=&xsec_source=pc_search,1天前,2026-03-24,2026-03-25,6,6,https://www.xiaohongshu.com/search_result?keyword=%25E4%25BA%2591%25E5%258D%2597%25E6%2597%2585%25E6%25B8%25B8%25E6%2599%25AF%25E7%2582%25B9&source=web_explore_feed,https://www.xiaohongshu.com/search_result/69c209450000000029032647?xsec_token=ABAuN-uMyHf13iXQtcesaQUsXWWQ2hp297C7aT7sRoG3E=&xsec_source=,https://sns-webpic-qc.xhscdn.com/202603251947/d686e7f2554e52cfb06977c43acad84c/oss-sg/notes/1040g3l031u35qk5uko6g5qe1c45pn9a7qtjosq8!nc_n_webp_mw_1,8c8f18ef28a478aa435062d9d1bd7bfed5191317cfd7d7f92b7802545f3f96ea,https://www.xiaohongshu.com/search_result/69c209450000000029032647?xsec_token=ABAuN-uMyHf13iXQtcesaQUsXWWQ2hp297C7aT7sRoG3E=&xsec_source=,是,否
小红书,小红书-云南旅游景区.json,云南旅游景区,云南旅游景点,,甄好玩旅行社,https://www.xiaohongshu.com/user/profile/61711bea000000000201ec9a?channel_type=web_search_result_notes&parent_page_channel_type=web_profile_board&xsec_token=ABt5DxyRmk6BIMnJv1MKqHFPuEiw0GGqFGGDwHZk-rEkg=&xsec_source=pc_search,2025-11-22,2025-11-22,2026-03-25,1246,1246,https://www.xiaohongshu.com/search_result?keyword=%25E4%25BA%2591%25E5%258D%2597%25E6%2597%2585%25E6%25B8%25B8%25E6%2599%25AF%25E7%2582%25B9&source=web_explore_feed,https://www.xiaohongshu.com/search_result/69213113000000001e028a87?xsec_token=AB3Pu4KHaY2yE_xnHK6Xw_sS8gEFixoXylfugKJYKw7a4=&xsec_source=,https://sns-webpic-qc.xhscdn.com/202603251947/83a5494e4cdc44514371e7fe6bc21918/1040g2sg31p63d9tligk05obh3fl0jr4qk6u67q8!nc_n_webp_mw_1,c3342f31eb2f6c9cbca828f0bd344c3a1bc456888aeb0ad71bf06e6608f4d4e7,https://www.xiaohongshu.com/search_result/69213113000000001e028a87?xsec_token=AB3Pu4KHaY2yE_xnHK6Xw_sS8gEFixoXylfugKJYKw7a4=&xsec_source=,是,否
小红书,小红书-云南旅游景区.json,云南旅游景区,云南旅游景点,,云滇印象I小谢,https://www.xiaohongshu.com/user/profile/60951d5f000000000101d415?channel_type=web_search_result_notes&parent_page_channel_type=web_profile_board&xsec_token=AB3GNquOWemUlflmm47J72GXqiUivtnhjVdd04o-7_SRM=&xsec_source=pc_search,01-02,2026-01-02,2026-03-25,25,25,https://www.xiaohongshu.com/search_result?keyword=%25E4%25BA%2591%25E5%258D%2597%25E6%2597%2585%25E6%25B8%25B8%25E6%2599%25AF%25E7%2582%25B9&source=web_explore_feed,https://www.xiaohongshu.com/search_result/695787e00000000021029f0b?xsec_token=ABeL_X4NUq-LFNpdHacAn9yEG6zoWCS8b2I55YARs-ZR4=&xsec_source=,https://sns-webpic-qc.xhscdn.com/202603251947/ae9c94335ffe09c42412b2544b79c5d2/1040g00831qr5ifc90a5g5o4l3lfgbl0lfeihup8!nc_n_webp_mw_1,7023d96d847c2b47b8744f7edc0ddad13729941ac9c5113e922a860c43b2431d,https://www.xiaohongshu.com/search_result/695787e00000000021029f0b?xsec_token=ABeL_X4NUq-LFNpdHacAn9yEG6zoWCS8b2I55YARs-ZR4=&xsec_source=,是,否
小红书,小红书-云南旅游景区.json,云南旅游景区,云南旅游景点,,小恒旅游,https://www.xiaohongshu.com/user/profile/67769043000000001801c777?channel_type=web_search_result_notes&parent_page_channel_type=web_profile_board&xsec_token=ABMV8erFelbEpE3597V346Co5ZOw6QO3uu2fhoqrBxUOk=&xsec_source=pc_search,02-10,2026-02-10,2026-03-25,19,19,https://www.xiaohongshu.com/search_result?keyword=%25E4%25BA%2591%25E5%258D%2597%25E6%2597%2585%25E6%25B8%25B8%25E6%2599%25AF%25E7%2582%25B9&source=web_explore_feed,https://www.xiaohongshu.com/search_result/698a9a1e000000001d0272a4?xsec_token=ABJeyyRUm6nViNhGvMZxyOtU0vB77venmp8EPBkWSPsxM=&xsec_source=,https://sns-webpic-qc.xhscdn.com/202603251947/9d2f14388d2e3fb1cb9c6682609ec15c/1040g00831sd1f2i962005prmi11m3hrnm0rjl30!nc_n_webp_mw_1,c891620b539398d5c35c9788dbb6e5bff533e8d70126af2a24dae148aabeae1c,https://www.xiaohongshu.com/search_result/698a9a1e000000001d0272a4?xsec_token=ABJeyyRUm6nViNhGvMZxyOtU0vB77venmp8EPBkWSPsxM=&xsec_source=,是,否
小红书,小红书-云南旅游景区.json,云南旅游景区,云南旅游景点,云南七日游,你说啥,https://www.xiaohongshu.com/user/profile/67976db0000000000d008fc8?channel_type=web_search_result_notes&parent_page_channel_type=web_profile_board&xsec_token=AB2lXKvPDyNgcHviKvInvjneNqLeW22HgeVEuviyWUrk4=&xsec_source=pc_search,03-09,2026-03-09,2026-03-25,2117,2117,https://www.xiaohongshu.com/search_result?keyword=%25E4%25BA%2591%25E5%258D%2597%25E6%2597%2585%25E6%25B8%25B8%25E6%2599%25AF%25E7%2582%25B9&source=web_explore_feed,https://www.xiaohongshu.com/search_result/69aee30f000000001600beee?xsec_token=ABJtzu5AOgVFrzx_hFKeApTG8Rvtpsbyl-2V2U5ABWwD8=&xsec_source=,https://sns-webpic-qc.xhscdn.com/202603251947/05a735144edc15ada9938d18a495b9c5/1040g00831tgfcjsvlm005psndmo393u8q8mfhq0!nc_n_webp_mw_1,f78d0b7b3a746dcd5d2985cb669a63084fdf32f2a01ace5b4c60fb4ea505a9fc,https://www.xiaohongshu.com/search_result/69aee30f000000001600beee?xsec_token=ABJtzu5AOgVFrzx_hFKeApTG8Rvtpsbyl-2V2U5ABWwD8=&xsec_source=,否,否
小红书,小红书-云南旅游景区.json,云南旅游景区,云南旅游景点,如果你有半个月的时间去云南~,远诚国旅,https://www.xiaohongshu.com/user/profile/6528e8d3000000002b002ad0?channel_type=web_search_result_notes&parent_page_channel_type=web_profile_board&xsec_token=ABRrGRpFxjd7_5FUBlTG2lTndz5wsqJVyuV_0TEUcQRUg=&xsec_source=pc_search,2025-12-06,2025-12-06,2026-03-25,1427,1427,https://www.xiaohongshu.com/search_result?keyword=%25E4%25BA%2591%25E5%258D%2597%25E6%2597%2585%25E6%25B8%25B8%25E6%2599%25AF%25E7%2582%25B9&source=web_explore_feed,https://www.xiaohongshu.com/search_result/69324282000000001e02d5fd?xsec_token=AB0lP28kP725mrJmYr7pCJNIogJZIJobBHNFmPR-PXinE=&xsec_source=,https://sns-webpic-qc.xhscdn.com/202603251947/d6efb31f75043172e1a36bd4dafa177b/spectrum/1040g34o31pmon6mg400g5p98t39qoamgdm1aveg!nc_n_webp_mw_1,2aa7984fc86d62f86ca9914daabdbf8603c86c3d73aedf2b61e641f644a08807,https://www.xiaohongshu.com/search_result/69324282000000001e02d5fd?xsec_token=AB0lP28kP725mrJmYr7pCJNIogJZIJobBHNFmPR-PXinE=&xsec_source=,否,否
小红书,小红书-云南旅游景区.json,云南旅游景区,云南旅游景点,大理📍全网最详细版攻略,途家民宿云南攻略指南,https://www.xiaohongshu.com/user/profile/5d331a35000000001601bf1a?channel_type=web_search_result_notes&parent_page_channel_type=web_profile_board&xsec_token=ABz-vaJ6hltunuvIkvR3AjXZtBmVGpTsTP1bf4IWz5p9Q=&xsec_source=pc_search,02-08,2026-02-08,2026-03-25,5611,5611,https://www.xiaohongshu.com/search_result?keyword=%25E4%25BA%2591%25E5%258D%2597%25E6%2597%2585%25E6%25B8%25B8%25E6%2599%25AF%25E7%2582%25B9&source=web_explore_feed,https://www.xiaohongshu.com/search_result/6985b7c4000000001a02c99f?xsec_token=ABtd-0lUL8H_9k9jtszhr1A21rK7tZfp2i3oxjnqpH2Xc=&xsec_source=,https://sns-webpic-qc.xhscdn.com/202603251947/b7aa0275e8b51f50551fe6ea9f3e9c6e/spectrum/1040g0k031s88tkqn58005n9j38qljfoql3f1nkg!nc_n_webp_mw_1,bd97287ecac25f973e6fd4ee3fab5a6ca156a9db062ec41d165bda410894e040,https://www.xiaohongshu.com/search_result/6985b7c4000000001a02c99f?xsec_token=ABtd-0lUL8H_9k9jtszhr1A21rK7tZfp2i3oxjnqpH2Xc=&xsec_source=,否,否
小红书,小红书-云南旅游景区.json,云南旅游景区,云南旅游景点,昆明2天深度游｜别再把它当云南中转站啦,芳姐的周末疗愈,https://www.xiaohongshu.com/user/profile/5f584a61000000000101f092?channel_type=web_search_result_notes&parent_page_channel_type=web_profile_board&xsec_token=ABq4-3sRceq_xROsQz1xerdJ60dDuie76w0XtW0DpCqbM=&xsec_source=pc_search,03-12,2026-03-12,2026-03-25,139,139,https://www.xiaohongshu.com/search_result?keyword=%25E4%25BA%2591%25E5%258D%2597%25E6%2597%2585%25E6%25B8%25B8%25E6%2599%25AF%25E7%2582%25B9&source=web_explore_feed,https://www.xiaohongshu.com/search_result/68da1069000000001101e553?xsec_token=AB_pS9qY2mv_VyIkBRQ7sNNOwcSmXMMz-wNcF76TUxv00=&xsec_source=,https://sns-webpic-qc.xhscdn.com/202603251947/cafc8fa315fc1ecc6995ce57710e1f63/1040g00831n0khjlm585g5nqo99ggbs4ilf8pvv8!nc_n_webp_mw_1,a2ff915f2d35c85e5c233e01526280d7541b6e2cd24bf5e27a72711e2d4a39f1,https://www.xiaohongshu.com/search_result/68da1069000000001101e553?xsec_token=AB_pS9qY2mv_VyIkBRQ7sNNOwcSmXMMz-wNcF76TUxv00=&xsec_source=,否,否
小红书,小红书-云南旅游景区.json,云南旅游景区,云南旅游景点,,娜美的宙斯,https://www.xiaohongshu.com/user/profile/61b76d09000000001000621c?channel_type=web_search_result_notes&parent_page_channel_type=web_profile_board&xsec_token=ABu_d0hK4K3MPDyLHPid6Fr4l2B0lY-5v6nuHcbl0QUwY=&xsec_source=pc_search,1天前,2026-03-24,2026-03-25,5,5,https://www.xiaohongshu.com/search_result?keyword=%25E4%25BA%2591%25E5%258D%2597%25E6%2597%2585%25E6%25B8%25B8%25E6%2599%25AF%25E7%2582%25B9&source=web_explore_feed,https://www.xiaohongshu.com/search_result/69c2446b000000002202b03a?xsec_token=ABAuN-uMyHf13iXQtcesaQUjjOUdsMwSF3bJQp2_ywvkU=&xsec_source=,https://sns-webpic-qc.xhscdn.com/202603251947/c788c96aa5fffbe16b3c5936ff4c6ec9/1040g00831u3cov932o005odndk4k0ogsnfenv68!nc_n_webp_mw_1,1edb158580ec275a866693df650d15c2b4bf48d96ccb87510c8067a666d65cad,https://www.xiaohongshu.com/search_result/69c2446b000000002202b03a?xsec_token=ABAuN-uMyHf13iXQtcesaQUjjOUdsMwSF3bJQp2_ywvkU=&xsec_source=,是,否
小红书,小红书-云南旅游景区.json,云南旅游景区,云南旅游景点,云南旅游,甜魅,https://www.xiaohongshu.com/user/profile/66b439dc000000000d025d7e?channel_type=web_search_result_notes&parent_page_channel_type=web_profile_board&xsec_token=ABywh8FUOvDUm9ir-WyJ2iB7VhbRzSeWd21hlhxroAoDI=&xsec_source=pc_search,2024-11-23,2024-11-23,2026-03-25,1659,1659,https://www.xiaohongshu.com/search_result?keyword=%25E4%25BA%2591%25E5%258D%2597%25E6%2597%2585%25E6%25B8%25B8%25E6%2599%25AF%25E7%2582%25B9&source=web_explore_feed,https://www.xiaohongshu.com/search_result/67416f850000000007029d4f?xsec_token=ABQdHQBBPVEjEe_QCRO3Q-AkyR0abO_NJLnbl-iZyW6qg=&xsec_source=,https://sns-webpic-qc.xhscdn.com/202603251947/a7f2dfbc120c4b9fd19a8c887f0a834e/1040g00831ahj3bhq6u5g5plk77e3cnbu610uie8!nc_n_webp_mw_1,32f0e812675a4c613ddccee62d6be591ed7883f12eb6f453b44eeaad9b0fc4f6,https://www.xiaohongshu.com/search_result/67416f850000000007029d4f?xsec_token=ABQdHQBBPVEjEe_QCRO3Q-AkyR0abO_NJLnbl-iZyW6qg=&xsec_source=,否,否
小红书,小红书-云南旅游景区.json,云南旅游景区,云南旅游景点,记录5天4晚云南之旅✈️,零下零度,https://www.xiaohongshu.com/user/profile/5aa29f4b4eacab34bd8ececa?channel_type=web_search_result_notes&parent_page_channel_type=web_profile_board&xsec_token=ABYgSeVptuQ2hm8JXn7d8WA_Rjcy1nE7LPVy_brFCsBPc=&xsec_source=pc_search,2025-08-13,2025-08-13,2026-03-25,564,564,https://www.xiaohongshu.com/search_result?keyword=%25E4%25BA%2591%25E5%258D%2597%25E6%2597%2585%25E6%25B8%25B8%25E6%2599%25AF%25E7%2582%25B9&source=web_explore_feed,https://www.xiaohongshu.com/search_result/689bedce000000001c009210?xsec_token=AB9MWQp0FeflCsFIp0si7jaUm6KG391K4ehravwfl40Nk=&xsec_source=,https://sns-webpic-qc.xhscdn.com/202603251947/def67685ef43381d20106cce2a51211d/notes_pre_post/1040g3k831l3uhi6p2o604a37k1fknjmasifg10o!nc_n_webp_mw_1,15c543c36d11983673b360e1adfdcd1e29b3454b36f0342496bc31fb0ab539ff,https://www.xiaohongshu.com/search_result/689bedce000000001c009210?xsec_token=AB9MWQp0FeflCsFIp0si7jaUm6KG391K4ehravwfl40Nk=&xsec_source=,否,否
小红书,小红书-云南旅游景区.json,云南旅游景区,云南旅游景点,,永小存,https://www.xiaohongshu.com/user/profile/5f8406340000000001004c1c?channel_type=web_search_result_notes&parent_page_channel_type=web_profile_board&xsec_token=ABZgFpwMB-rqMAEtg3XwRwQX_G7GgDjljss0X-I2OJXd4=&xsec_source=pc_search,2025-01-29,2025-01-29,2026-03-25,5,5,https://www.xiaohongshu.com/search_result?keyword=%25E4%25BA%2591%25E5%258D%2597%25E6%2597%2585%25E6%25B8%25B8%25E6%2599%25AF%25E7%2582%25B9&source=web_explore_feed,https://www.xiaohongshu.com/search_result/6799eaee000000001800eab2?xsec_token=AB0eUqWbozwVPxuuIlSzfy07IAt51T1D4wc3Fr3XgLx4U=&xsec_source=,https://sns-webpic-qc.xhscdn.com/202603251947/c44a091c9098dfc03c8f66a4a906e876/1040g00831d805h230s6g5ns40oq08j0sf2vbpj0!nc_n_webp_mw_1,70c255850261bf37456996c2ff88979d7ebf471b7b515e170051f8318fb98e34,https://www.xiaohongshu.com/search_result/6799eaee000000001800eab2?xsec_token=AB0eUqWbozwVPxuuIlSzfy07IAt51T1D4wc3Fr3XgLx4U=&xsec_source=,是,否
小红书,小红书-全国旅游景区1.json,全国旅游景区1,全国5A级景区,全国最顶的10个5A级景区，你去过哪一个？,中国旅行,https://www.xiaohongshu.com/user/profile/65a9ddef000000000800782d?channel_type=web_search_result_notes&parent_page_channel_type=web_profile_board&xsec_token=ABLojxw4xKG_bPupkO41yrtdV5hADl9-VDDlX_FKdP2o8=&xsec_source=pc_search,2025-09-30,2025-09-30,2026-03-25,2590,2590,https://www.xiaohongshu.com/search_result?keyword=%25E5%2585%25A8%25E5%259B%25BD5A%25E7%25BA%25A7%25E6%2599%25AF%25E5%258C%25BA&source=web_explore_feed,https://www.xiaohongshu.com/search_result/68db9e340000000003023e9a?xsec_token=ABHnzqJI49jS1IuEM51edAGTXm2p5pHsTkPPHrULuoht0=&xsec_source=,https://sns-webpic-qc.xhscdn.com/202603251933/8e8209b355e79bd7d5442805c1da316d/spectrum/1040g34o31n2556vgku0g5pd9rnni0u1d59pccfg!nc_n_webp_mw_1,cfb0e2439a64cdafa8407401aeca50b783dd7e7f1537a68c948f44f549803b66,https://www.xiaohongshu.com/search_result/68db9e340000000003023e9a?xsec_token=ABHnzqJI49jS1IuEM51edAGTXm2p5pHsTkPPHrULuoht0=&xsec_source=,否,否
小红书,小红书-全国旅游景区1.json,全国旅游景区1,全国5A级景区,,霞客,https://www.xiaohongshu.com/user/profile/6369fd0e000000001f01ae71?channel_type=web_search_result_notes&parent_page_channel_type=web_profile_board&xsec_token=ABEU6lIp8ctGLs4C5E2u0R8jYkh_Ll_u4JuDaEl7FJV6Q=&xsec_source=pc_search,03-16,2026-03-16,2026-03-25,667,667,https://www.xiaohongshu.com/search_result?keyword=%25E5%2585%25A8%25E5%259B%25BD5A%25E7%25BA%25A7%25E6%2599%25AF%25E5%258C%25BA&source=web_explore_feed,https://www.xiaohongshu.com/search_result/69b7c543000000001f003c19?xsec_token=ABaghI9l-PI5GO7EL1e75dw9GTJUX0dxsx8Wseu8dmX50=&xsec_source=,https://sns-webpic-qc.xhscdn.com/202603251933/24eb378d30e6da1b00c761f49a0b9f12/notes_pre_post/1040g3k031tp42kee72505or9vk77rbjhvpg9hg8!nc_n_webp_mw_1,14ef601525a1dcb279395727349c0befd2a4e775cd6fb39ec9d7ad85e2476db8,https://www.xiaohongshu.com/search_result/69b7c543000000001f003c19?xsec_token=ABaghI9l-PI5GO7EL1e75dw9GTJUX0dxsx8Wseu8dmX50=&xsec_source=,是,否
小红书,小红书-全国旅游景区1.json,全国旅游景区1,全国5A级景区,,旅游景点推荐官,https://www.xiaohongshu.com/user/profile/66582f680000000003033079?channel_type=web_search_result_notes&parent_page_channel_type=web_profile_board&xsec_token=ABzEj1_lX2ORKdoT8IA4FvnokU3aeBB02vnP7dYnC0hss=&xsec_source=pc_search,02-14,2026-02-14,2026-03-25,447,447,https://www.xiaohongshu.com/search_result?keyword=%25E5%2585%25A8%25E5%259B%25BD5A%25E7%25BA%25A7%25E6%2599%25AF%25E5%258C%25BA&source=web_explore_feed,https://www.xiaohongshu.com/search_result/69903bd30000000015033837?xsec_token=ABSsu-0JYWmoDoZW4g0rSIJMoFDguWfu70GtjyrAI6pUU=&xsec_source=,https://sns-webpic-qc.xhscdn.com/202603251933/09aaf924cc42313ff41d0f0aec8b150a/1040g2sg31sihh2llm8eg5pio5tk0uc3peurl07g!nc_n_webp_mw_1,4d1d66b3c683455bf231615891c10c575fe2bf6acf39105c2c2331e006e3358a,https://www.xiaohongshu.com/search_result/69903bd30000000015033837?xsec_token=ABSsu-0JYWmoDoZW4g0rSIJMoFDguWfu70GtjyrAI6pUU=&xsec_source=,是,否
小红书,小红书-全国旅游景区1.json,全国旅游景区1,全国5A级景区,国內十大免费5A级景区,黄山婷婷,https://www.xiaohongshu.com/user/profile/5b81184026cd5c00012b34f6?channel_type=web_search_result_notes&parent_page_channel_type=web_profile_board&xsec_token=ABbrRiItWCZ0Xxc_nf6x-WCv1pH3RPJxsxMcojaQol39k=&xsec_source=pc_search,03-15,2026-03-15,2026-03-25,250,250,https://www.xiaohongshu.com/search_result?keyword=%25E5%2585%25A8%25E5%259B%25BD5A%25E7%25BA%25A7%25E6%2599%25AF%25E5%258C%25BA&source=web_explore_feed,https://www.xiaohongshu.com/search_result/69b6331b000000002200d990?xsec_token=ABeDTEBcjMre0LrnOI0mxkOlrKl79X-JVcpd-bp701-ic=&xsec_source=,https://sns-webpic-qc.xhscdn.com/202603251933/24979e5c7f05194be573cf25d9a3acb6/1040g00831tnju0pfnu004ajkjpc40d7mhg3gm00!nc_n_webp_mw_1,e233a1b78aed686678d7bbd3cae0a984486a308dea23b3ec446e349e2874bdd4,https://www.xiaohongshu.com/search_result/69b6331b000000002200d990?xsec_token=ABeDTEBcjMre0LrnOI0mxkOlrKl79X-JVcpd-bp701-ic=&xsec_source=,否,否
小红书,小红书-全国旅游景区1.json,全国旅游景区1,全国5A级景区,十大最夯5A景区，你都去过几个,旧的科普,https://www.xiaohongshu.com/user/profile/68d5078f000000002102eb17?channel_type=web_search_result_notes&parent_page_channel_type=web_profile_board&xsec_token=ABuZP-Y5e8Yg30-kHP0Q3oWjAXMauPpQiShE3pXzEMHrc=&xsec_source=pc_search,4天前,2026-03-21,2026-03-25,17,17,https://www.xiaohongshu.com/search_result?keyword=%25E5%2585%25A8%25E5%259B%25BD5A%25E7%25BA%25A7%25E6%2599%25AF%25E5%258C%25BA&source=web_explore_feed,https://www.xiaohongshu.com/search_result/69be3d86000000001a02a962?xsec_token=ABqItCO4Ir_VAvM3EXd_-pNTJg4uCVGTDfV4cD8e1Xx10=&xsec_source=,https://sns-webpic-qc.xhscdn.com/202603251933/e3c3f1d1683a98c6df6392b8d19733f5/spectrum/1040g0k031tvf7fbl0s005q6l0u7odqonitdmmko!nc_n_webp_mw_1,fb18a931562d1180480bea1544a49cd1e6a35b8daaf537e6b3e8ff44e8fdbcf0,https://www.xiaohongshu.com/search_result/69be3d86000000001a02a962?xsec_token=ABqItCO4Ir_VAvM3EXd_-pNTJg4uCVGTDfV4cD8e1Xx10=&xsec_source=,否,否
小红书,小红书-全国旅游景区1.json,全国旅游景区1,全国5A级景区,大盘点 | 中国358个5A级景区最新整理,菜狗旅行版,https://www.xiaohongshu.com/user/profile/67a71b0d000000000e01f710?channel_type=web_search_result_notes&parent_page_channel_type=web_profile_board&xsec_token=ABtJP4dXf2Ov-5W1Pjw7pbE4S5WoQOpkVmwxvViPemkSs=&xsec_source=pc_search,2025-09-17,2025-09-17,2026-03-25,2538,2538,https://www.xiaohongshu.com/search_result?keyword=%25E5%2585%25A8%25E5%259B%25BD5A%25E7%25BA%25A7%25E6%2599%25AF%25E5%258C%25BA&source=web_explore_feed,https://www.xiaohongshu.com/search_result/68ca7d36000000001301660d?xsec_token=ABkIthCg-QntutkrBIY3StsHNWnevwy_A9uFpln_bpWb0=&xsec_source=,https://sns-webpic-qc.xhscdn.com/202603251933/15b11c8e67917cf25644d31d948b3ea5/spectrum/1040g34o31mhdvgdm4qe05pt73c6jjtogkcaqjs0!nc_n_webp_mw_1,4df4dafaff09ce6ce59ae801c0ee01615070953b38d4b92145953edc3d7c4419,https://www.xiaohongshu.com/search_result/68ca7d36000000001301660d?xsec_token=ABkIthCg-QntutkrBIY3StsHNWnevwy_A9uFpln_bpWb0=&xsec_source=,否,否
小红书,小红书-全国旅游景区1.json,全国旅游景区1,全国5A级景区,给所有想来湖南5A级景区的人泼一盆冷水,WILD牧野旅行,https://www.xiaohongshu.com/user/profile/5c8d29ed000000001200b9f0?channel_type=web_search_result_notes&parent_page_channel_type=web_profile_board&xsec_token=ABxo8hjwTq3cTPyM-yKEnRqG_0JYewgiHlECr2SA2uzcs=&xsec_source=pc_search,02-24,2026-02-24,2026-03-25,1691,1691,https://www.xiaohongshu.com/search_result?keyword=%25E5%2585%25A8%25E5%259B%25BD5A%25E7%25BA%25A7%25E6%2599%25AF%25E5%258C%25BA&source=web_explore_feed,https://www.xiaohongshu.com/search_result/699d848c0000000015039a40?xsec_token=ABy1sLQaDTPrJMK57EFt_kpoCH3gkg0DpE6QUq8-hmGGw=&xsec_source=,https://sns-webpic-qc.xhscdn.com/202603251933/3e52147a38f5267ccd153edfa445411b/spectrum/1040g0k031svg7vrql8005n4d57mkhefgrangbl8!nc_n_webp_mw_1,28aa8b0adaaa7b19ed9d691873cd3d822adb26728c66ae763abf5dd2ed91620e,https://www.xiaohongshu.com/search_result/699d848c0000000015039a40?xsec_token=ABy1sLQaDTPrJMK57EFt_kpoCH3gkg0DpE6QUq8-hmGGw=&xsec_source=,否,否
小红书,小红书-全国旅游景区1.json,全国旅游景区1,全国5A级景区,中国含金量超高的30个5A景区，你去过几个？,中国旅游推荐官,https://www.xiaohongshu.com/user/profile/6471cdce000000001f005b0e?channel_type=web_search_result_notes&parent_page_channel_type=web_profile_board&xsec_token=ABZ_CkUNMGg-0MQLJT9kSJ0oZJ13Zdi-belLs96S40jaM=&xsec_source=pc_search,2025-07-03,2025-07-03,2026-03-25,3187,3187,https://www.xiaohongshu.com/search_result?keyword=%25E5%2585%25A8%25E5%259B%25BD5A%25E7%25BA%25A7%25E6%2599%25AF%25E5%258C%25BA&source=web_explore_feed,https://www.xiaohongshu.com/search_result/6865ea14000000002201d68c?xsec_token=ABoeTg2SMVEzObN7ppiXYoErVHNoTSN8pxJnmStnGEWyU=&xsec_source=,https://sns-webpic-qc.xhscdn.com/202603251933/df7a56e615c463c267937e65769c449f/1040g00831jf71jj1io005p3hpn77omoevs2pof0!nc_n_webp_mw_1,5fb054619937e14ae9cb3ff5840e1e1ee7ff45270ab095c9dd6d35888c25a82b,https://www.xiaohongshu.com/search_result/6865ea14000000002201d68c?xsec_token=ABoeTg2SMVEzObN7ppiXYoErVHNoTSN8pxJnmStnGEWyU=&xsec_source=,否,否
小红书,小红书-全国旅游景区1.json,全国旅游景区1,全国5A级景区,,成都周边游,https://www.xiaohongshu.com/user/profile/5b22316e4eacab5ed7758e50?channel_type=web_search_result_notes&parent_page_channel_type=web_profile_board&xsec_token=ABvhkTu3USa_VnI0HVcpNLRsdd89V2Y1z3CCOkDp_gjf0=&xsec_source=pc_search,03-06,2026-03-06,2026-03-25,38,38,https://www.xiaohongshu.com/search_result?keyword=%25E5%2585%25A8%25E5%259B%25BD5A%25E7%25BA%25A7%25E6%2599%25AF%25E5%258C%25BA&source=web_explore_feed,https://www.xiaohongshu.com/search_result/69aa9e8f000000001a02c8b1?xsec_token=ABOxFzlMrZgCvQk8K5GRcCZ8vPK3_eAoyOAep_oesRoFw=&xsec_source=,https://sns-webpic-qc.xhscdn.com/202603251933/b9eb77d9a4d65a3a21242e8090340cc6/spectrum/1040g0k031tca2udf6e004a68d6omt3ig31ll9po!nc_n_webp_mw_1,9a1330842b3d8325e0af6b3fbd7263680fb81c7a892e85a1836f27f000d977ae,https://www.xiaohongshu.com/search_result/69aa9e8f000000001a02c8b1?xsec_token=ABOxFzlMrZgCvQk8K5GRcCZ8vPK3_eAoyOAep_oesRoFw=&xsec_source=,是,否
小红书,小红书-全国旅游景区1.json,全国旅游景区1,全国5A级景区,3月全国景区免票攻略，超多5A级景区！,携程金融,https://www.xiaohongshu.com/user/profile/6690d750000000001e00fc65?channel_type=web_search_result_notes&parent_page_channel_type=web_profile_board&xsec_token=ABq8Iqirj-BxOQiJPKsATpjMaQ1LzXbUvsU1vpQj36bzY=&xsec_source=pc_search,03-05,2026-03-05,2026-03-25,58,58,https://www.xiaohongshu.com/search_result?keyword=%25E5%2585%25A8%25E5%259B%25BD5A%25E7%25BA%25A7%25E6%2599%25AF%25E5%258C%25BA&source=web_explore_feed,https://www.xiaohongshu.com/search_result/69a7f8040000000022030761?xsec_token=ABagRB3Ju7gRZFrD2i1d4Wb7gpdCISbTqmM09oFJCOrWI=&xsec_source=,https://sns-webpic-qc.xhscdn.com/202603251933/bc429fad9e4ad449dcf8f7f196afe340/spectrum/1040g34o31t9mv5t46e3g5pkgqt87hv35ftsmq88!nc_n_webp_mw_1,8c388c984eee887c050fc2d6ffb1a0f2513afd9add5af2744c7470e598fb1255,https://www.xiaohongshu.com/search_result/69a7f8040000000022030761?xsec_token=ABagRB3Ju7gRZFrD2i1d4Wb7gpdCISbTqmM09oFJCOrWI=&xsec_source=,否,否
小红书,小红书-全国旅游景区1.json,全国旅游景区1,全国5A级景区,中国远超5A级景区的四大景点,小鱼,https://www.xiaohongshu.com/user/profile/694a77c900000000370307d7?channel_type=web_search_result_notes&parent_page_channel_type=web_profile_board&xsec_token=AB-Zd_bIf5kQPUWN0oXYmFQ-Kyk4Faz7ZyhHO9q73WGJo=&xsec_source=pc_search,2025-12-30,2025-12-30,2026-03-25,226,226,https://www.xiaohongshu.com/search_result?keyword=%25E5%2585%25A8%25E5%259B%25BD5A%25E7%25BA%25A7%25E6%2599%25AF%25E5%258C%25BA&source=web_explore_feed,https://www.xiaohongshu.com/search_result/6953c4a8000000001e02c29d?xsec_token=AB3X1mcEvAXbtXekXtFYJEMczJtJNJCEqxRgnqQaBBPRA=&xsec_source=,https://sns-webpic-qc.xhscdn.com/202603251933/b8803c3733033ef6556a1c358497637a/1040g00831qnflepdgal05qaaev4tu1unratpbog!nc_n_webp_mw_1,edffc518eadf62714a41d9c5e81b849bf68fef3c930201e4aa2e3ef837d13d95,https://www.xiaohongshu.com/search_result/6953c4a8000000001e02c29d?xsec_token=AB3X1mcEvAXbtXekXtFYJEMczJtJNJCEqxRgnqQaBBPRA=&xsec_source=,否,否
小红书,小红书-全国旅游景区1.json,全国旅游景区1,全国5A级景区,2026年春节全国5A景区游客量50强,城市数据♥鼎边糊,https://www.xiaohongshu.com/user/profile/66dfa0cf000000001d031842?channel_type=web_search_result_notes&parent_page_channel_type=web_profile_board&xsec_token=ABwu-tJzi8z2QwQr-lDFWorMvvHkLuvlfVpcbwpbyYiSY=&xsec_source=pc_search,6天前,2026-03-19,2026-03-25,100,100,https://www.xiaohongshu.com/search_result?keyword=%25E5%2585%25A8%25E5%259B%25BD5A%25E7%25BA%25A7%25E6%2599%25AF%25E5%258C%25BA&source=web_explore_feed,https://www.xiaohongshu.com/search_result/69ba9c6a000000001d01d9dc?xsec_token=AB0y8n16ucw_8Er5fiM5RIX9uLWnLdMsCGHEFDafifA4o=&xsec_source=,https://sns-webpic-qc.xhscdn.com/202603251933/86696388cecc407e39b538518003fe24/1040g00831ts3ssu66i505pmvk37ne622makofoo!nc_n_webp_mw_1,b229f278c2ede8572ce77e60862de19f2c4a5cc6bd5cdacd7635ca845d8a3951,https://www.xiaohongshu.com/search_result/69ba9c6a000000001d01d9dc?xsec_token=AB0y8n16ucw_8Er5fiM5RIX9uLWnLdMsCGHEFDafifA4o=&xsec_source=,否,否
小红书,小红书-全国旅游景区1.json,全国旅游景区1,全国5A级景区,一定要去的100个5A级景区,乍见&,https://www.xiaohongshu.com/user/profile/62d3ba1c000000000303d14e?channel_type=web_search_result_notes&parent_page_channel_type=web_profile_board&xsec_token=AB0TPK_cyiCRN_abkv40HyqnYnIFpHcHQYPL9kBWW8LPI=&xsec_source=pc_search,03-11,2026-03-11,2026-03-25,156,156,https://www.xiaohongshu.com/search_result?keyword=%25E5%2585%25A8%25E5%259B%25BD5A%25E7%25BA%25A7%25E6%2599%25AF%25E5%258C%25BA&source=web_explore_feed,https://www.xiaohongshu.com/search_result/69b10ee7000000002603e825?xsec_token=ABMzCp1PWYrM-bYA9LoyloEf62y-8fHBVgNl7k9B1BYPI=&xsec_source=,https://sns-webpic-qc.xhscdn.com/202603251933/eb10d9df3a7a0db35a382887b54c5a9d/1040g2sg31tij6p2blajg5omjn8e0vkae85p3kto!nc_n_webp_mw_1,fa1dd11f759552316768bdb9d95a69361b80e766159b6321dc9f4ae36cb8f527,https://www.xiaohongshu.com/search_result/69b10ee7000000002603e825?xsec_token=ABMzCp1PWYrM-bYA9LoyloEf62y-8fHBVgNl7k9B1BYPI=&xsec_source=,否,否
小红书,小红书-全国旅游景区1.json,全国旅游景区1,全国5A级景区,重庆旅游一定要去的5A景区❗️,重庆彤彤-牛犇定制游,https://www.xiaohongshu.com/user/profile/676ea17c000000001801407f?channel_type=web_search_result_notes&parent_page_channel_type=web_profile_board&xsec_token=AB7TWTGUlQO1MVXO3NYkUKFL0DsAIDuHlkzPTxBi-XTA0=&xsec_source=pc_search,2025-09-04,2025-09-04,2026-03-25,124,124,https://www.xiaohongshu.com/search_result?keyword=%25E5%2585%25A8%25E5%259B%25BD5A%25E7%25BA%25A7%25E6%2599%25AF%25E5%258C%25BA&source=web_explore_feed,https://www.xiaohongshu.com/search_result/68b843bb000000001c031a76?xsec_token=ABHPx4Z9x1Y7E1owqCCHJyXxWREgSesQ0H9cYEfRlGY1k=&xsec_source=,https://sns-webpic-qc.xhscdn.com/202603251933/f259401aa7a51fdf3a169c23b8d0c230/1040g2sg31luvs2jjlme05prek5u62g3vmsi796o!nc_n_webp_prv_1,ee5cd3fb7cb143a4a59057f3b7229e2c05e257302a95c6b323b00ce5bff2793e,https://www.xiaohongshu.com/search_result/68b843bb000000001c031a76?xsec_token=ABHPx4Z9x1Y7E1owqCCHJyXxWREgSesQ0H9cYEfRlGY1k=&xsec_source=,否,否
小红书,小红书-全国旅游景区1.json,全国旅游景区1,全国5A级景区,把音乐节搬进5A级景区，南宁你还是太宠粉了,nikko,https://www.xiaohongshu.com/user/profile/592b987c5e87e7530dece715?channel_type=web_search_result_notes&parent_page_channel_type=web_profile_board&xsec_token=ABBqCi8EBZROWvMh_rcShszvTtWuxutw9dB5QYCS6UfeY=&xsec_source=pc_search,2天前,2026-03-23,2026-03-25,1441,1441,https://www.xiaohongshu.com/search_result?keyword=%25E5%2585%25A8%25E5%259B%25BD5A%25E7%25BA%25A7%25E6%2599%25AF%25E5%258C%25BA&source=web_explore_feed,https://www.xiaohongshu.com/search_result/69c0f912000000002102c334?xsec_token=ABXGtA7vIJAZGe07r2UGg1nNEfQi-Qwyh4Cucfrn3oESA=&xsec_source=,https://sns-webpic-qc.xhscdn.com/202603251933/f9dfcb3e1646d3a57e4b52ef7981b762/notes_pre_post/1040g3k831u24k8bmne0049hmnpc7ppolcl13o5g!nc_n_webp_mw_1,f9bfac7e1ed9e1853ef05e384354b0521589bfc7f97b97cb35a0c70a39f7b6bc,https://www.xiaohongshu.com/search_result/69c0f912000000002102c334?xsec_token=ABXGtA7vIJAZGe07r2UGg1nNEfQi-Qwyh4Cucfrn3oESA=&xsec_source=,否,否
小红书,小红书-全国旅游景区1.json,全国旅游景区1,全国5A级景区,陕西省5A及4A级旅游景区,火爸朱剑笛,https://www.xiaohongshu.com/user/profile/5f570de4000000000100a009?channel_type=web_search_result_notes&parent_page_channel_type=web_profile_board&xsec_token=AB5obqWWRhCVVd0D2JWx3nuAh-leIIgHRnmqQOoVSfeqk=&xsec_source=pc_search,昨天 23:19,,2026-03-25,4,4,https://www.xiaohongshu.com/search_result?keyword=%25E5%2585%25A8%25E5%259B%25BD5A%25E7%25BA%25A7%25E6%2599%25AF%25E5%258C%25BA&source=web_explore_feed,https://www.xiaohongshu.com/search_result/69bff8d4000000001a031923?xsec_token=ABCqUKelMSCKMCxkEYIRl5HNvhsfK8irvH52r0edqZIaY=&xsec_source=,https://sns-webpic-qc.xhscdn.com/202603251933/88b6a006df464031f3bef518e41e0a20/1040g00831u3padh4io205nqn1ni098099f6igc8!nc_n_webp_mw_1,8c63e8e7d3baf74a1c42794069252f729c08eb3e1087e7263a7010d0d0f62a29,https://www.xiaohongshu.com/search_result/69bff8d4000000001a031923?xsec_token=ABCqUKelMSCKMCxkEYIRl5HNvhsfK8irvH52r0edqZIaY=&xsec_source=,否,否
小红书,小红书-全国旅游景区1.json,全国旅游景区1,全国5A级景区,湖北省有哪些国家5A级景区？,Albatross,https://www.xiaohongshu.com/user/profile/6497b524000000000a0208bf?channel_type=web_search_result_notes&parent_page_channel_type=web_profile_board&xsec_token=AB9vjss7PD3L3xY2Cwa4fMEI0LQFnac4qZfScNJOVE2CM=&xsec_source=pc_search,3天前,2026-03-22,2026-03-25,11,11,https://www.xiaohongshu.com/search_result?keyword=%25E5%2585%25A8%25E5%259B%25BD5A%25E7%25BA%25A7%25E6%2599%25AF%25E5%258C%25BA&source=web_explore_feed,https://www.xiaohongshu.com/search_result/69beb8cf000000001e00c466?xsec_token=ABqItCO4Ir_VAvM3EXd_-pNeQqT7JYbIklwR6LDtLTAW0=&xsec_source=,https://sns-webpic-qc.xhscdn.com/202603251933/92e47933e3ab6c4f53ed5b4528045c90/spectrum/1040g0k031tvu3sua1g105p4nmki2k25vil6mst8!nc_n_webp_mw_1,52b3aa3650cfa327bff50658b545ac7e42ee4d19683e750953c83114c7c1483c,https://www.xiaohongshu.com/search_result/69beb8cf000000001e00c466?xsec_token=ABqItCO4Ir_VAvM3EXd_-pNeQqT7JYbIklwR6LDtLTAW0=&xsec_source=,否,否
小红书,小红书-全国旅游景区1.json,全国旅游景区1,全国5A级景区,双5A三峡大坝+屈原故里，国之重器我泪目了,蔚蓝的天空,https://www.xiaohongshu.com/user/profile/62d6cf96000000000e00cc49?channel_type=web_search_result_notes&parent_page_channel_type=web_profile_board&xsec_token=AB1OqOZhHMb3Hnwv_b4eL10R6dNHJnKPVl5RLhlHUlktg=&xsec_source=pc_search,3天前,2026-03-22,2026-03-25,2,2,https://www.xiaohongshu.com/search_result?keyword=%25E5%2585%25A8%25E5%259B%25BD5A%25E7%25BA%25A7%25E6%2599%25AF%25E5%258C%25BA&source=web_explore_feed,https://www.xiaohongshu.com/search_result/69bfcc61000000001b003e5d?xsec_token=ABCqUKelMSCKMCxkEYIRl5HASVWrFz4cQTUpI__b-v4n0=&xsec_source=,https://sns-webpic-qc.xhscdn.com/202603251933/0095bc5c05c204f02195ccadfbe4ad94/notes_pre_post/1040g3k031u0vu4bc18005ommpub3hj29249o9fg!nc_n_webp_mw_1,87ceda07f2278a6f8ed93f474e80a6e614a5ec309421732ba490a247125451a7,https://www.xiaohongshu.com/search_result/69bfcc61000000001b003e5d?xsec_token=ABCqUKelMSCKMCxkEYIRl5HASVWrFz4cQTUpI__b-v4n0=&xsec_source=,否,否
小红书,小红书-全国旅游景区1.json,全国旅游景区1,全国5A级景区,家门口的5A级徒步路线，世界级地质公园,露营叔,https://www.xiaohongshu.com/user/profile/5b3e11d36b58b721dde12e6d?channel_type=web_search_result_notes&parent_page_channel_type=web_profile_board&xsec_token=AB2pRDOsqwlZWv-RnDZMQsOvIHJawnH16l3XhieWBMejY=&xsec_source=pc_search,2025-07-08,2025-07-08,2026-03-25,1.7万,17000,https://www.xiaohongshu.com/search_result?keyword=%25E5%2585%25A8%25E5%259B%25BD5A%25E7%25BA%25A7%25E6%2599%25AF%25E5%258C%25BA&source=web_explore_feed,https://www.xiaohongshu.com/search_result/686cade7000000000d024523?xsec_token=ABFlhRyYXRJRY1R3K0e1aq86VK2WccW4rWaIHYtwVUhgc=&xsec_source=,https://sns-webpic-qc.xhscdn.com/202603251933/9c60cc9f90d1d649255647e9d8d51cd7/spectrum/1040g0k031jlq8jgr36004a6sdn8t6bjdoiehmoo!nc_n_webp_mw_1,2e161bb1fcce60baec671e1499cebbdb314f29d0687df158b126b50df5490097,https://www.xiaohongshu.com/search_result/686cade7000000000d024523?xsec_token=ABFlhRyYXRJRY1R3K0e1aq86VK2WccW4rWaIHYtwVUhgc=&xsec_source=,否,否
小红书,小红书-全国旅游景区1.json,全国旅游景区1,全国5A级景区,世界上只有浙江才有的12个5A级景区。,中国旅游推荐官,https://www.xiaohongshu.com/user/profile/6471cdce000000001f005b0e?channel_type=web_search_result_notes&parent_page_channel_type=web_profile_board&xsec_token=ABZ_CkUNMGg-0MQLJT9kSJ0oZJ13Zdi-belLs96S40jaM=&xsec_source=pc_search,2025-05-03,2025-05-03,2026-03-25,1648,1648,https://www.xiaohongshu.com/search_result?keyword=%25E5%2585%25A8%25E5%259B%25BD5A%25E7%25BA%25A7%25E6%2599%25AF%25E5%258C%25BA&source=web_explore_feed,https://www.xiaohongshu.com/search_result/6814efad0000000022004aa6?xsec_token=ABxMsl8L4_X_6cfChe4mo-Jt17N1nWNo76bV2QRW2yEwg=&xsec_source=,https://sns-webpic-qc.xhscdn.com/202603251933/6868f694efbe26bd2e2a587f852508c1/1040g2sg31h04fh4kjoe05p3hpn77omoe85hmoq8!nc_n_webp_mw_1,9c6e496ed2bc14aee7feda0b147c1ebe8a4307388d2a8194c40ac44dd5b5ab21,https://www.xiaohongshu.com/search_result/6814efad0000000022004aa6?xsec_token=ABxMsl8L4_X_6cfChe4mo-Jt17N1nWNo76bV2QRW2yEwg=&xsec_source=,否,否
小红书,小红书-全国旅游景区1.json,全国旅游景区1,全国5A级景区,全国5A级景区大汇总，您去过几个,多啦爱A梦,https://www.xiaohongshu.com/user/profile/599ecbc86a6a692cb8a5662a?channel_type=web_search_result_notes&parent_page_channel_type=web_profile_board&xsec_token=ABM20B79I6ABE6HlMdD52A6W5rotJDMMO_k3T1nuRnS4E=&xsec_source=pc_search,2025-07-04,2025-07-04,2026-03-25,421,421,https://www.xiaohongshu.com/search_result?keyword=%25E5%2585%25A8%25E5%259B%25BD5A%25E7%25BA%25A7%25E6%2599%25AF%25E5%258C%25BA&source=web_explore_feed,https://www.xiaohongshu.com/search_result/6867d3730000000017034d51?xsec_token=ABbdNP8-nmBFbLhJHaPk9a_mL02O_Tfxpf67XrdMlZvxA=&xsec_source=,https://sns-webpic-qc.xhscdn.com/202603251933/7a2a0617574c9a8e23942e3a0c7c4b9a/1040g00831jh2pk77320049om7q5sgpha601e2v8!nc_n_webp_mw_1,533a8f473f1d0961e0442700810f281fcd4bdb53263bcdd0a36a1e720ae20e0a,https://www.xiaohongshu.com/search_result/6867d3730000000017034d51?xsec_token=ABbdNP8-nmBFbLhJHaPk9a_mL02O_Tfxpf67XrdMlZvxA=&xsec_source=,否,否
小红书,小红书-全国旅游景区1.json,全国旅游景区1,全国5A级景区,全国多个5A景区，背诵诗词可免门票！,长沙本地宝,https://www.xiaohongshu.com/user/profile/640ed002000000000e00a967?channel_type=web_search_result_notes&parent_page_channel_type=web_profile_board&xsec_token=ABx3QMzDT9RCgDNOd8VytOrLTsVtn0LPOEG1GFAUNMgjQ=&xsec_source=pc_search,02-06,2026-02-06,2026-03-25,13,13,https://www.xiaohongshu.com/search_result?keyword=%25E5%2585%25A8%25E5%259B%25BD5A%25E7%25BA%25A7%25E6%2599%25AF%25E5%258C%25BA&source=web_explore_feed,https://www.xiaohongshu.com/search_result/6983f99e000000001a02d2f9?xsec_token=ABZnO7nK6k2jSRSTgCNZvI2u4MDZ2vCMhQUcpYyXVnK_Y=&xsec_source=,https://sns-webpic-qc.xhscdn.com/202603251933/dd75e8548245477b39e0a395af446173/spectrum/1040g0k031s6hgcch5a005p0eq013hab7k5goh6o!nc_n_webp_mw_1,a484ddb8f62eaa9254141b6ed16548fbe808260e261c04931011e5dd06f40c46,https://www.xiaohongshu.com/search_result/6983f99e000000001a02d2f9?xsec_token=ABZnO7nK6k2jSRSTgCNZvI2u4MDZ2vCMhQUcpYyXVnK_Y=&xsec_source=,否,否
小红书,小红书-全国旅游景区1.json,全国旅游景区1,全国5A级景区,,麦子同学一路游,https://www.xiaohongshu.com/user/profile/694e65df000000000300d91b?channel_type=web_search_result_notes&parent_page_channel_type=web_profile_board&xsec_token=AB_ZUZGQyesM95fb4qdysXprHXC1onhQ-6CUJJTblieoA=&xsec_source=pc_search,2天前,2026-03-23,2026-03-25,39,39,https://www.xiaohongshu.com/search_result?keyword=%25E5%2585%25A8%25E5%259B%25BD5A%25E7%25BA%25A7%25E6%2599%25AF%25E5%258C%25BA&source=web_explore_feed,https://www.xiaohongshu.com/search_result/69c0fc44000000001b021556?xsec_token=ABXGtA7vIJAZGe07r2UGg1nGNIy1V0ZFRAkWazxaMugvg=&xsec_source=,https://sns-webpic-qc.xhscdn.com/202603251933/e820291ec7c890101290205b39da6c99/1040g2sg31u24vq1h78405qaecnfgpm8r1r3f9n0!nc_n_webp_mw_1,11dc2d5b0350fe903ec83227f995ff373b91b42db81f8ddd49f760b07f31bae2,https://www.xiaohongshu.com/search_result/69c0fc44000000001b021556?xsec_token=ABXGtA7vIJAZGe07r2UGg1nGNIy1V0ZFRAkWazxaMugvg=&xsec_source=,是,否
小红书,小红书-全国旅游景区1.json,全国旅游景区1,全国5A级景区,,边缘自驾,https://www.xiaohongshu.com/user/profile/64a6c11d000000002a037044?channel_type=web_search_result_notes&parent_page_channel_type=web_profile_board&xsec_token=ABP7I7EQ2TlyBin1RhyWFTO6sf-x8jaDuHh_IFoSNRz_s=&xsec_source=pc_search,2025-07-30,2025-07-30,2026-03-25,726,726,https://www.xiaohongshu.com/search_result?keyword=%25E5%2585%25A8%25E5%259B%25BD5A%25E7%25BA%25A7%25E6%2599%25AF%25E5%258C%25BA&source=web_explore_feed,https://www.xiaohongshu.com/search_result/6889558f0000000003026cc1?xsec_token=ABUIF-nQ_vhFb7V8mVwGVJSU4St7BUHqNs1d6gfTQzGcw=&xsec_source=,https://sns-webpic-qc.xhscdn.com/202603251933/e2e3eb24fb95e35fb9dc957f38da3569/1040g00831khpsndnj2005p56o4eqms24pl9voro!nc_n_webp_mw_1,c88b35ca9784c8bd2d621e0f6cc0f598c8a94325bfb66e61f07bb904176782ea,https://www.xiaohongshu.com/search_result/6889558f0000000003026cc1?xsec_token=ABUIF-nQ_vhFb7V8mVwGVJSU4St7BUHqNs1d6gfTQzGcw=&xsec_source=,是,否
小红书,小红书-全国旅游景区1.json,全国旅游景区1,全国5A级景区,,臻享家旅行,https://www.xiaohongshu.com/user/profile/672ad188000000001d02c96f?channel_type=web_search_result_notes&parent_page_channel_type=web_profile_board&xsec_token=ABvi0P7vsut-Y3VZHB8mSRt8nTgS2tIPwUfqMS-CIXmHY=&xsec_source=pc_search,03-13,2026-03-13,2026-03-25,49,49,https://www.xiaohongshu.com/search_result?keyword=%25E5%2585%25A8%25E5%259B%25BD5A%25E7%25BA%25A7%25E6%2599%25AF%25E5%258C%25BA&source=web_explore_feed,https://www.xiaohongshu.com/search_result/69b361b50000000015032129?xsec_token=AB4rMNDfto1MChu9XqYCEnVSdJbOAQxNuhcxA2Iec_D24=&xsec_source=,https://sns-webpic-qc.xhscdn.com/202603251933/3143be847b6e2490dbbbd85c593d2392/spectrum/1040g34o31tinna3m6i105ppaq647dibfgqcnqs8!nc_n_webp_mw_1,3de045224d37d4ee30b852365993ea9c65f3ed058e74ae33cc8d435a9f2177e4,https://www.xiaohongshu.com/search_result/69b361b50000000015032129?xsec_token=AB4rMNDfto1MChu9XqYCEnVSdJbOAQxNuhcxA2Iec_D24=&xsec_source=,是,否
小红书,小红书-全国旅游景区1.json,全国旅游景区1,全国5A级景区,如果走完全国的5A级景区，腿是不是就废了,Again张,https://www.xiaohongshu.com/user/profile/59100da95e87e77e54dce38f?channel_type=web_search_result_notes&parent_page_channel_type=web_profile_board&xsec_token=ABD3anFiywmQ0WhFhSep_I9dL8Goo-DOekQn88Kvf0V6I=&xsec_source=pc_search,2025-07-31,2025-07-31,2026-03-25,859,859,https://www.xiaohongshu.com/search_result?keyword=%25E5%2585%25A8%25E5%259B%25BD5A%25E7%25BA%25A7%25E6%2599%25AF%25E5%258C%25BA&source=web_explore_feed,https://www.xiaohongshu.com/search_result/688732390000000017031aa9?xsec_token=ABhWmJVbFjov8Li414cizgtrqvqRZDP58xx7YQADBuHuM=&xsec_source=,https://sns-webpic-qc.xhscdn.com/202603251933/608904a752358acf75a25782b19bced0/spectrum/1040g34o31kjpil4ej61049fmeh6qjosfpo6h630!nc_n_webp_mw_1,15eb65fec52e9b99aa3750b490970f16fa0efe67dafccf28c988399b8641c842,https://www.xiaohongshu.com/search_result/688732390000000017031aa9?xsec_token=ABhWmJVbFjov8Li414cizgtrqvqRZDP58xx7YQADBuHuM=&xsec_source=,否,否
小红书,小红书-全国旅游景区1.json,全国旅游景区1,全国5A级景区,全国358个5A级景区~去过几个？,爱吃爱溜溜达达,https://www.xiaohongshu.com/user/profile/69311507000000000300e023?channel_type=web_search_result_notes&parent_page_channel_type=web_profile_board&xsec_token=ABjvOQhlrcGZAdZDghT9AVzYBtIfvhevsRwH9oGO0wAd4=&xsec_source=pc_search,03-17,2026-03-17,2026-03-25,3,3,https://www.xiaohongshu.com/search_result?keyword=%25E5%2585%25A8%25E5%259B%25BD5A%25E7%25BA%25A7%25E6%2599%25AF%25E5%258C%25BA&source=web_explore_feed,https://www.xiaohongshu.com/search_result/69b8bba6000000001d01b06b?xsec_token=ABd5Za_vky-CEvxpNpzXXO3r5qOTDuOlBpgbP1SAH9-OY=&xsec_source=,https://sns-webpic-qc.xhscdn.com/202603251933/cb130aee10c2ed466103ef0abc0bb849/1040g00831tq32bktga4g5q9h2k3gpo13j24u07o!nc_n_webp_mw_1,6f21a077001dec652eee66cb60f793afa211cd8fa88d0e8c0c84f7354159c3be,https://www.xiaohongshu.com/search_result/69b8bba6000000001d01b06b?xsec_token=ABd5Za_vky-CEvxpNpzXXO3r5qOTDuOlBpgbP1SAH9-OY=&xsec_source=,否,否
小红书,小红书-全国旅游景区1.json,全国旅游景区1,全国5A级景区,湖南12个5A有一半，不会玩等于白去,旅游老炮超奇,https://www.xiaohongshu.com/user/profile/6819d7e50000000018027b9d?channel_type=web_search_result_notes&parent_page_channel_type=web_profile_board&xsec_token=ABH92CQoYR9VkrBXxZKp7ZW1oWPNh7uCxU9cWOw5pSqSo=&xsec_source=pc_search,03-14,2026-03-14,2026-03-25,136,136,https://www.xiaohongshu.com/search_result?keyword=%25E5%2585%25A8%25E5%259B%25BD5A%25E7%25BA%25A7%25E6%2599%25AF%25E5%258C%25BA&source=web_explore_feed,https://www.xiaohongshu.com/search_result/69b53fe4000000001a03192b?xsec_token=ABY9EE42YTwHQagkHv0KQPE6WLvzW7pXENTb5jDfkdCUY=&xsec_source=,https://sns-webpic-qc.xhscdn.com/202603251933/d956ee45d5749b9ea7fc31f7d89300b5/spectrum/1040g34o31tmlb1g3mo105q0pqvim4ustm8rs80g!nc_n_webp_mw_1,5db1dc2e93475afe00bed9a7a7e59c804f4182eaff3bd239c5f3c42038fde5a4,https://www.xiaohongshu.com/search_result/69b53fe4000000001a03192b?xsec_token=ABY9EE42YTwHQagkHv0KQPE6WLvzW7pXENTb5jDfkdCUY=&xsec_source=,否,否
小红书,小红书-全国旅游景区1.json,全国旅游景区1,全国5A级景区,中国最值得去的5A景区第一名,要五三四八六七六要五四,https://www.xiaohongshu.com/user/profile/64d1f3e9000000000e026bcf?channel_type=web_search_result_notes&parent_page_channel_type=web_profile_board&xsec_token=AB6s3DWACfmozNuc7t13Z_ZNCIYo-VNnPuNTXf-3Lsv0A=&xsec_source=pc_search,03-18,2026-03-18,2026-03-25,18,18,https://www.xiaohongshu.com/search_result?keyword=%25E5%2585%25A8%25E5%259B%25BD5A%25E7%25BA%25A7%25E6%2599%25AF%25E5%258C%25BA&source=web_explore_feed,https://www.xiaohongshu.com/search_result/69b9c426000000001d01972d?xsec_token=ABFIhHdy0depI317RDqwZPwXk8kTz4yD6bdEwXUG2pI_c=&xsec_source=,https://sns-webpic-qc.xhscdn.com/202603251933/ca0d5c208380ab3acbc6fd6dd3c66182/1040g2sg31tr3de90moe05p6hufkjkquf931kun0!nc_n_webp_mw_1,d687895f26ab7ed5440aa518de5d866b90a6eb9d6cba727ef18003414d78d069,https://www.xiaohongshu.com/search_result/69b9c426000000001d01972d?xsec_token=ABFIhHdy0depI317RDqwZPwXk8kTz4yD6bdEwXUG2pI_c=&xsec_source=,否,否
小红书,小红书-全国旅游景区1.json,全国旅游景区1,全国5A级景区,,宁静致远,https://www.xiaohongshu.com/user/profile/61dd01f1000000001000ba28?channel_type=web_search_result_notes&parent_page_channel_type=web_profile_board&xsec_token=ABW6079DZVa0KvGwFOffH8kn315fis7QNBWVXykYoCoNU=&xsec_source=pc_search,2天前,2026-03-23,2026-03-25,2,2,https://www.xiaohongshu.com/search_result?keyword=%25E5%2585%25A8%25E5%259B%25BD5A%25E7%25BA%25A7%25E6%2599%25AF%25E5%258C%25BA&source=web_explore_feed,https://www.xiaohongshu.com/search_result/69c09d960000000021005186?xsec_token=ABXGtA7vIJAZGe07r2UGg1nF-zc0C04LXLAB-OM3SoBr8=&xsec_source=,https://sns-webpic-qc.xhscdn.com/202603251933/4dcdf882aa2ba27451c4f81b80a46246/notes_pre_post/1040g3k031u1pelegha605oet07ok1eh8oaebqjg!nc_n_webp_mw_1,a448e78b8b6d3c3b693e4eb419e38c70eee378c191bd28c40594cc87496288f2,https://www.xiaohongshu.com/search_result/69c09d960000000021005186?xsec_token=ABXGtA7vIJAZGe07r2UGg1nF-zc0C04LXLAB-OM3SoBr8=&xsec_source=,是,否
小红书,小红书-全国旅游景区1.json,全国旅游景区1,全国5A级景区,中国最美十大5A级景区,驴友假期带你去旅行,https://www.xiaohongshu.com/user/profile/611af611000000000100813c?channel_type=web_search_result_notes&parent_page_channel_type=web_profile_board&xsec_token=ABP3gXiXPXEUqEbc5LgloacGeMAT139Szqtf1b_5NmwWQ=&xsec_source=pc_search,2025-04-04,2025-04-04,2026-03-25,48,48,https://www.xiaohongshu.com/search_result?keyword=%25E5%2585%25A8%25E5%259B%25BD5A%25E7%25BA%25A7%25E6%2599%25AF%25E5%258C%25BA&source=web_explore_feed,https://www.xiaohongshu.com/search_result/67efaee9000000001c012fe7?xsec_token=ABscsyx24BBDeRQHnv7WD1ri3UZd4kzUIa7nYAUsO20Ok=&xsec_source=,https://sns-webpic-qc.xhscdn.com/202603251933/598ad2ec2d24b0f6d01fda5dfbc65f55/1040g2sg31fro9lhmnedg5o8quo8g909sv65s8k0!nc_n_webp_mw_1,df0bf63e23091aef1b94599d64c8ae84c8fca39449052d155366b4bada7b85ae,https://www.xiaohongshu.com/search_result/67efaee9000000001c012fe7?xsec_token=ABscsyx24BBDeRQHnv7WD1ri3UZd4kzUIa7nYAUsO20Ok=&xsec_source=,否,否
小红书,小红书-全国旅游景区1.json,全国旅游景区1,全国5A级景区,100个5a景区你去过几个？,生椰拿铁的咖啡,https://www.xiaohongshu.com/user/profile/68cf12ed000000002202e11e?channel_type=web_search_result_notes&parent_page_channel_type=web_profile_board&xsec_token=ABjIGlC_a6EUL792mDd1lwTnsL1WWlvDMTJ_OlmEpeytk=&xsec_source=pc_search,01-31,2026-01-31,2026-03-25,11,11,https://www.xiaohongshu.com/search_result?keyword=%25E5%2585%25A8%25E5%259B%25BD5A%25E7%25BA%25A7%25E6%2599%25AF%25E5%258C%25BA&source=web_explore_feed,https://www.xiaohongshu.com/search_result/697ce371000000002203ab6a?xsec_token=ABS2c7J2NMPlF-u9RPCpOEk7B14gvXAkqGsbmojpguobY=&xsec_source=,https://sns-webpic-qc.xhscdn.com/202603251933/c6c39585fdbc3bff07e88a8b2b9a223a/notes_pre_post/1040g3k031rvksqdm4o005q6f2bmolo8u531inq0!nc_n_webp_mw_1,4170453492a3726eedb75a213011a81949f9b3dd76adecbf3c2eec0af171ed87,https://www.xiaohongshu.com/search_result/697ce371000000002203ab6a?xsec_token=ABS2c7J2NMPlF-u9RPCpOEk7B14gvXAkqGsbmojpguobY=&xsec_source=,否,否
小红书,小红书-全国旅游景区1.json,全国旅游景区1,全国5A级景区,福建12个5A景区，在我心中的排名,一个爱旅游的导游,https://www.xiaohongshu.com/user/profile/5e9d013900000000010072c9?channel_type=web_search_result_notes&parent_page_channel_type=web_profile_board&xsec_token=ABlxnz2q4Odsg3__x06fNLyoNjJJwVnhlud1ssBIx1gfE=&xsec_source=pc_search,2025-11-26,2025-11-26,2026-03-25,10,10,https://www.xiaohongshu.com/search_result?keyword=%25E5%2585%25A8%25E5%259B%25BD5A%25E7%25BA%25A7%25E6%2599%25AF%25E5%258C%25BA&source=web_explore_feed,https://www.xiaohongshu.com/search_result/6926c571000000001f008c68?xsec_token=ABnLM1kvCC_vRBPIMdEp1WwGja_bNHzSV5RIfhBILII7E=&xsec_source=,https://sns-webpic-qc.xhscdn.com/202603251933/4f986fa9764c7972998f6219933bbce4/spectrum/1040g0k031pbhr23c2a005nkt04sg8sm981eghq0!nc_n_webp_mw_1,a5c5a911fa256ff71ddc2d8d0227a9173ae896137772bc341d49c3a69f46df5a,https://www.xiaohongshu.com/search_result/6926c571000000001f008c68?xsec_token=ABnLM1kvCC_vRBPIMdEp1WwGja_bNHzSV5RIfhBILII7E=&xsec_source=,否,否
小红书,小红书-全国旅游景区1.json,全国旅游景区1,全国5A级景区,唐模鳌鱼灯观演指南丨五分钟车程即达💫,优昙谷,https://www.xiaohongshu.com/user/profile/6310ba5f000000001200fee0?channel_type=web_search_result_notes&parent_page_channel_type=web_profile_board&xsec_token=ABxUnJ9btdjEJCfLMp7ffMwW1uPIeu1jv-J-2SGj5y5p8=&xsec_source=pc_search,03-09,2026-03-09,2026-03-25,18,18,https://www.xiaohongshu.com/search_result?keyword=%25E5%2585%25A8%25E5%259B%25BD5A%25E7%25BA%25A7%25E6%2599%25AF%25E5%258C%25BA&source=web_explore_feed,https://www.xiaohongshu.com/search_result/69add932000000001a036846?xsec_token=ABqX8FRULvoaNQcmeGZhdVBEyBA0mmNfyNPOgueStvqhg=&xsec_source=,https://sns-webpic-qc.xhscdn.com/202603251933/eab327200ac20284c1d96b2073860c46/1040g00831tgccflpm2005oogn9fkhvn0qja9u10!nc_n_webp_mw_1,027e1e0963469dd77ad1ce8c7bbe79aa1569123e75dbfb945733d26d9d660ca9,https://www.xiaohongshu.com/search_result/69add932000000001a036846?xsec_token=ABqX8FRULvoaNQcmeGZhdVBEyBA0mmNfyNPOgueStvqhg=&xsec_source=,否,否
小红书,小红书-全国旅游景区1.json,全国旅游景区1,全国5A级景区,浙江22家全国5A级景区,云南水米,https://www.xiaohongshu.com/user/profile/6567267b0000000020035016?channel_type=web_search_result_notes&parent_page_channel_type=web_profile_board&xsec_token=ABMXRNBbLzp_YS3LqqauDyu2Zur_y7X5TGBCb662hPHQw=&xsec_source=pc_search,2025-11-09,2025-11-09,2026-03-25,14,14,https://www.xiaohongshu.com/search_result?keyword=%25E5%2585%25A8%25E5%259B%25BD5A%25E7%25BA%25A7%25E6%2599%25AF%25E5%258C%25BA&source=web_explore_feed,https://www.xiaohongshu.com/search_result/69100ad70000000004007b7f?xsec_token=ABr0YyVRe5GLgK9FWlNhEGbciqJ9MBVlnoF4F0OWWvkyo=&xsec_source=,https://sns-webpic-qc.xhscdn.com/202603251933/fa43016ef4c4c4d03aa2e2f4af18bb75/spectrum/1040g0k031olbhl9kku005pb74pto6k0mcla5goo!nc_n_webp_mw_1,21ec54c28a96f18efb501b42b59492d22ff1a9348a83a3bf97281cd335e842ba,https://www.xiaohongshu.com/search_result/69100ad70000000004007b7f?xsec_token=ABr0YyVRe5GLgK9FWlNhEGbciqJ9MBVlnoF4F0OWWvkyo=&xsec_source=,否,否
小红书,小红书-全国旅游景区1.json,全国旅游景区1,全国5A级景区,,阿春春,https://www.xiaohongshu.com/user/profile/5be0c1e56ac71800014aeac5?channel_type=web_search_result_notes&parent_page_channel_type=web_profile_board&xsec_token=ABVmXwzQPv5UGhiG7_R8SzTHMY-Z_9WQVWLi9nM_2llDE=&xsec_source=pc_search,2025-10-05,2025-10-05,2026-03-25,16,16,https://www.xiaohongshu.com/search_result?keyword=%25E5%2585%25A8%25E5%259B%25BD5A%25E7%25BA%25A7%25E6%2599%25AF%25E5%258C%25BA&source=web_explore_feed,https://www.xiaohongshu.com/search_result/68d1ed7a000000000e027499?xsec_token=ABZc4nnSTYCqQA08Kd1QjCphWHQO5CvldG7iTV4vctdtA=&xsec_source=,https://sns-webpic-qc.xhscdn.com/202603251933/70af0ef3a94555b7c51a33168101d54a/1040g2sg31momdl9nl8kg4bo9p60ubqm5ig75ado!nc_n_webp_mw_1,879f362ffa65ddc66c9cf111e72a0b8027f74bf7a40883eed5fa94dbc4dc5983,https://www.xiaohongshu.com/search_result/68d1ed7a000000000e027499?xsec_token=ABZc4nnSTYCqQA08Kd1QjCphWHQO5CvldG7iTV4vctdtA=&xsec_source=,是,否
小红书,小红书-全国旅游景区1.json,全国旅游景区1,全国5A级景区,,蔚蓝的天空,https://www.xiaohongshu.com/user/profile/62d6cf96000000000e00cc49?channel_type=web_search_result_notes&parent_page_channel_type=web_profile_board&xsec_token=AB1OqOZhHMb3Hnwv_b4eL10R6dNHJnKPVl5RLhlHUlktg=&xsec_source=pc_search,2025-10-19,2025-10-19,2026-03-25,19,19,https://www.xiaohongshu.com/search_result?keyword=%25E5%2585%25A8%25E5%259B%25BD5A%25E7%25BA%25A7%25E6%2599%25AF%25E5%258C%25BA&source=web_explore_feed,https://www.xiaohongshu.com/search_result/68f3b5d3000000000700be76?xsec_token=AB33bobCOtNZ0Dhe1qm1gRKvMLZGwRNkCXRgk8H3EEdvw=&xsec_source=,https://sns-webpic-qc.xhscdn.com/202603251933/01b6fa9b3254f46cc97e41de41ebcd54/notes_pre_post/1040g3k031nplv5k6ku6g5ommpub3hj29ce94c00!nc_n_webp_mw_1,2bb0a90f202baa822fca8ea288e81dca6b2569c51de3de42b336308229ccf7fa,https://www.xiaohongshu.com/search_result/68f3b5d3000000000700be76?xsec_token=AB33bobCOtNZ0Dhe1qm1gRKvMLZGwRNkCXRgk8H3EEdvw=&xsec_source=,是,否
小红书,小红书-全国旅游景区1.json,全国旅游景区1,全国5A级景区,,豆得儿豆,https://www.xiaohongshu.com/user/profile/5b572f0211be101b44175e4b?channel_type=web_search_result_notes&parent_page_channel_type=web_profile_board&xsec_token=ABUKmdYtZWoVSEaXQ1U6-5M3LvLDWTpXTENzdksNFYSP0=&xsec_source=pc_search,02-12,2026-02-12,2026-03-25,76,76,https://www.xiaohongshu.com/search_result?keyword=%25E5%2585%25A8%25E5%259B%25BD5A%25E7%25BA%25A7%25E6%2599%25AF%25E5%258C%25BA&source=web_explore_feed,https://www.xiaohongshu.com/search_result/698d91080000000015023455?xsec_token=AB_ZQYyOz-3qSdyWmkaQssICrkad56f052A2P4Zwm_lZQ=&xsec_source=,https://sns-webpic-qc.xhscdn.com/202603251933/2c4be82a864fa3403735765b4e240d5b/1040g2sg31sfu5djnlke04a7fa3ng4nib4g2eiko!nc_n_webp_mw_1,2a9b30057bf855b9671dc93d2bb1f1d3de63a38df9d71b1c466adce47332737a,https://www.xiaohongshu.com/search_result/698d91080000000015023455?xsec_token=AB_ZQYyOz-3qSdyWmkaQssICrkad56f052A2P4Zwm_lZQ=&xsec_source=,是,否
小红书,小红书-全国旅游景区1.json,全国旅游景区1,全国5A级景区,,七七爱旅游,https://www.xiaohongshu.com/user/profile/647cf5ff000000001001c226?channel_type=web_search_result_notes&parent_page_channel_type=web_profile_board&xsec_token=ABBgeSD64vXVvCeXlltIJEFKD3K5JqOwFSmL-5Cj4rFfM=&xsec_source=pc_search,2025-06-30,2025-06-30,2026-03-25,86,86,https://www.xiaohongshu.com/search_result?keyword=%25E5%2585%25A8%25E5%259B%25BD5A%25E7%25BA%25A7%25E6%2599%25AF%25E5%258C%25BA&source=web_explore_feed,https://www.xiaohongshu.com/search_result/6862930b000000000b01d356?xsec_token=ABciwDZZ5Le6BJo7vLHlRbQ7sdDk5IuaWNRoRmojLUnQU=&xsec_source=,https://sns-webpic-qc.xhscdn.com/202603251933/7441c71b18b1521e4f49bf7f3dbe92d4/1040g2sg31jbuks4u2e705p3sunvk3gh65r74528!nc_n_webp_mw_1,9defe6c59b1edb394fc9e20cdf365a3c4c54d2fbc9bdd7e84eba348ec1f58fc3,https://www.xiaohongshu.com/search_result/6862930b000000000b01d356?xsec_token=ABciwDZZ5Le6BJo7vLHlRbQ7sdDk5IuaWNRoRmojLUnQU=&xsec_source=,是,否
小红书,小红书-全国旅游景区1.json,全国旅游景区1,全国5A级景区,【5A中国】第21期：安徽13个5A景区,行夫走卒,https://www.xiaohongshu.com/user/profile/5b76605432f514000161a4ac?channel_type=web_search_result_notes&parent_page_channel_type=web_profile_board&xsec_token=AB4ihxsbrC8wAfUXOA_Vqeifc1vaM1yXb27jHuxBL8vLg=&xsec_source=pc_search,2025-12-20,2025-12-20,2026-03-25,371,371,https://www.xiaohongshu.com/search_result?keyword=%25E5%2585%25A8%25E5%259B%25BD5A%25E7%25BA%25A7%25E6%2599%25AF%25E5%258C%25BA&source=web_explore_feed,https://www.xiaohongshu.com/search_result/6946814f000000000d00d6a6?xsec_token=ABeM8stI0SbT-LdNtMfOChq1MVInk3RhdLCV6aj0OoIAQ=&xsec_source=,https://sns-webpic-qc.xhscdn.com/202603251933/38675d7da38d7ce257d0e22a16d35df1/spectrum/1040g34o31qah6ea174104affgjg5995ciabjeo8!nc_n_webp_mw_1,280ea69a00a503a07727f2fa4de905ed71e4792941b741dd64e126ad55cb4a50,https://www.xiaohongshu.com/search_result/6946814f000000000d00d6a6?xsec_token=ABeM8stI0SbT-LdNtMfOChq1MVInk3RhdLCV6aj0OoIAQ=&xsec_source=,否,否
小红书,小红书-全国旅游景区1.json,全国旅游景区1,全国5A级景区,,中国旅游指南,https://www.xiaohongshu.com/user/profile/656095b3000000000202ab7b?channel_type=web_search_result_notes&parent_page_channel_type=web_profile_board&xsec_token=ABxlC8AySJ7PYc4ANOOlRH3gaJr0UNBOP7zvvWEiYqUo0=&xsec_source=pc_search,2025-07-06,2025-07-06,2026-03-25,37,37,https://www.xiaohongshu.com/search_result?keyword=%25E5%2585%25A8%25E5%259B%25BD5A%25E7%25BA%25A7%25E6%2599%25AF%25E5%258C%25BA&source=web_explore_feed,https://www.xiaohongshu.com/search_result/6868bc21000000000d01ad33?xsec_token=ABV6GApdq5uDUor5ou9ilCMiCbSSmNXzakNih-jDQyNG8=&xsec_source=,https://sns-webpic-qc.xhscdn.com/202603251933/fc38e4f6340da73a4d26c9cac627c5fe/spectrum/1040g34o31jhv4gv336105pb0impglarr67b5vmg!nc_n_webp_mw_1,a147083eea874c51db11fbd625c51dd7463f6f480ad8c1294cf2cbb80be0e9dd,https://www.xiaohongshu.com/search_result/6868bc21000000000d01ad33?xsec_token=ABV6GApdq5uDUor5ou9ilCMiCbSSmNXzakNih-jDQyNG8=&xsec_source=,是,否
小红书,小红书-全国旅游景区1.json,全国旅游景区1,全国5A级景区,,旅行家_卡卡西,https://www.xiaohongshu.com/user/profile/688f31c7000000002802a66b?channel_type=web_search_result_notes&parent_page_channel_type=web_profile_board&xsec_token=ABGfcyWk2KDrhbzEq4p4wFRuAOLUO9iXlVPYIa7Nyb3Is=&xsec_source=pc_search,2025-12-28,2025-12-28,2026-03-25,32,32,https://www.xiaohongshu.com/search_result?keyword=%25E5%2585%25A8%25E5%259B%25BD5A%25E7%25BA%25A7%25E6%2599%25AF%25E5%258C%25BA&source=web_explore_feed,https://www.xiaohongshu.com/search_result/6950fc78000000001e02885b?xsec_token=ABeEulHDm2cMBMEsZIgKPweA-oHRsZperoI30dL0Ve83w=&xsec_source=,https://sns-webpic-qc.xhscdn.com/202603251933/ed5fbe55e3bb9ece5d50ec1aee2b4f8a/1040g2sg31qkp0267nue05q4f673q59jb9nle4qo!nc_n_webp_mw_1,b83ff072fd1b4f9806b95fddd6bc1ae910d767c5ce1e342eea480f1478f5d0f8,https://www.xiaohongshu.com/search_result/6950fc78000000001e02885b?xsec_token=ABeEulHDm2cMBMEsZIgKPweA-oHRsZperoI30dL0Ve83w=&xsec_source=,是,否
小红书,小红书-全国旅游景区1.json,全国旅游景区1,全国5A级景区,,小亚的旅游日记,https://www.xiaohongshu.com/user/profile/6845582c000000001e002cf7?channel_type=web_search_result_notes&parent_page_channel_type=web_profile_board&xsec_token=ABRTrK_6JsUw8TO3RdfGe9ERbAJTM5Z-M77lcQumX7Uss=&xsec_source=pc_search,2025-07-02,2025-07-02,2026-03-25,78,78,https://www.xiaohongshu.com/search_result?keyword=%25E5%2585%25A8%25E5%259B%25BD5A%25E7%25BA%25A7%25E6%2599%25AF%25E5%258C%25BA&source=web_explore_feed,https://www.xiaohongshu.com/search_result/6864fd23000000001203f66f?xsec_token=ABJL3s8KVb9llPEJdKXgdrR8uaI4XoTSWaJEv99ClFCG4=&xsec_source=,https://sns-webpic-qc.xhscdn.com/202603251933/aa1ef876754d4b4e5e7f8d7b35cfa8e2/1040g00831jea3qpk30605q25b0m7gb7n1v2akio!nc_n_webp_mw_1,f31f290cc16821301e723b6a76de116890939f48f8d0db436f43e5cb5cfb776c,https://www.xiaohongshu.com/search_result/6864fd23000000001203f66f?xsec_token=ABJL3s8KVb9llPEJdKXgdrR8uaI4XoTSWaJEv99ClFCG4=&xsec_source=,是,否
小红书,小红书-全国旅游景区1.json,全国旅游景区1,全国5A级景区,3月免票合集|全国多个景区都免费啦！！！,携程机票,https://www.xiaohongshu.com/user/profile/613849880000000002027255?channel_type=web_search_result_notes&parent_page_channel_type=web_profile_board&xsec_token=AByfLIOoD5JkzZ5V_ZELVBocfqZSfY-pTs64lODU5IaM8=&xsec_source=pc_search,03-02,2026-03-02,2026-03-25,135,135,https://www.xiaohongshu.com/search_result?keyword=%25E5%2585%25A8%25E5%259B%25BD5A%25E7%25BA%25A7%25E6%2599%25AF%25E5%258C%25BA&source=web_explore_feed,https://www.xiaohongshu.com/search_result/69a563cf000000002202383f?xsec_token=ABDSFwEzuai9s-wQtQ6_0Ef8nMVjqBjwblv3flvGrd0lA=&xsec_source=,https://sns-webpic-qc.xhscdn.com/202603251933/efca4e24478e5bab91cbe0119b1a8b5e/notes_pre_post/1040g3k031t75q8pv56405o9o9640ksildsct820!nc_n_webp_mw_1,39d38a84444b5a17712ab66aef1ddc37b570155190ad91ca6bbb220752ab3465,https://www.xiaohongshu.com/search_result/69a563cf000000002202383f?xsec_token=ABDSFwEzuai9s-wQtQ6_0Ef8nMVjqBjwblv3flvGrd0lA=&xsec_source=,否,否
小红书,小红书-全国旅游景区1.json,全国旅游景区1,全国5A级景区,齐云山免票福利+保姆级攻略！皖南仙山冲！,黄山旅游日记,https://www.xiaohongshu.com/user/profile/6688db74000000001e000cf5?channel_type=web_search_result_notes&parent_page_channel_type=web_profile_board&xsec_token=AB2bnOa0qTkAyn5mzqllIP49YoUM0ygVV9kmJp1XcOW0k=&xsec_source=pc_search,昨天 21:16,,2026-03-25,10,10,https://www.xiaohongshu.com/search_result?keyword=%25E5%2585%25A8%25E5%259B%25BD5A%25E7%25BA%25A7%25E6%2599%25AF%25E5%258C%25BA&source=web_explore_feed,https://www.xiaohongshu.com/search_result/69c28ec2000000001a024bc0?xsec_token=ABAuN-uMyHf13iXQtcesaQUiJ3_FaW_ppZ-OQScCN6PCc=&xsec_source=,https://sns-webpic-qc.xhscdn.com/202603251933/4f00b28d5af3e396776991702533cca1/notes_pre_post/1040g3k831u3m3rhvia005pk8rdq7g37lkv69hv8!nc_n_webp_mw_1,ef870ff5e4374ab53c9888cec319f6e10d4c4566c464f126a5d79d0038e8683a,https://www.xiaohongshu.com/search_result/69c28ec2000000001a024bc0?xsec_token=ABAuN-uMyHf13iXQtcesaQUiJ3_FaW_ppZ-OQScCN6PCc=&xsec_source=,否,否
小红书,小红书-全国旅游景区1.json,全国旅游景区1,全国5A级景区,,大美中国旅行推荐,https://www.xiaohongshu.com/user/profile/67a76b4f000000000a03fcc6?channel_type=web_search_result_notes&parent_page_channel_type=web_profile_board&xsec_token=ABtJP4dXf2Ov-5W1Pjw7pbE8hipj3nqge_1VK6pqXmbjs=&xsec_source=pc_search,2025-10-08,2025-10-08,2026-03-25,70,70,https://www.xiaohongshu.com/search_result?keyword=%25E5%2585%25A8%25E5%259B%25BD5A%25E7%25BA%25A7%25E6%2599%25AF%25E5%258C%25BA&source=web_explore_feed,https://www.xiaohongshu.com/search_result/68e639510000000005003953?xsec_token=ABBsBTFLMkuOV6byupYSczG5JC7_FJWfjcrLYDbQDXz0k=&xsec_source=,https://sns-webpic-qc.xhscdn.com/202603251933/98062b2e0740d2fb9ad393796ed1e3d6/1040g00831ncgmrikmg005pt7dd7inv663m35tmo!nc_n_webp_mw_1,931460aafaa0537ad09165cc406707b0dd2bcc04e4dc825d4639696c4f4b1386,https://www.xiaohongshu.com/search_result/68e639510000000005003953?xsec_token=ABBsBTFLMkuOV6byupYSczG5JC7_FJWfjcrLYDbQDXz0k=&xsec_source=,是,否
小红书,小红书-全国旅游景区1.json,全国旅游景区1,全国5A级景区,清明、五一假期景点优惠政策，快直接抄作业,潮新闻,https://www.xiaohongshu.com/user/profile/69a67e7100000000210231fe?channel_type=web_search_result_notes&parent_page_channel_type=web_profile_board&xsec_token=ABNBm570u-D3QWZ5-gVK_z2ZSv-AH0ojrMfUok_z6EJB4=&xsec_source=pc_search,1天前,2026-03-24,2026-03-25,3,3,https://www.xiaohongshu.com/search_result?keyword=%25E5%2585%25A8%25E5%259B%25BD5A%25E7%25BA%25A7%25E6%2599%25AF%25E5%258C%25BA&source=web_explore_feed,https://www.xiaohongshu.com/search_result/69c20342000000001d01cefd?xsec_token=ABAuN-uMyHf13iXQtcesaQUmxZRHp1_RlrVpEmkQya4I8=&xsec_source=,https://sns-webpic-qc.xhscdn.com/202603251933/50b144054e747cd16385013e3df9b0d7/spectrum/1040g34o31u3510jhha505qd6fpooccfu3rab0q8!nc_n_webp_mw_1,38170f80b45720fbb1fdbe12a7bef5bc1b7cdfc84badbfd9b84240c3227cf3ed,https://www.xiaohongshu.com/search_result/69c20342000000001d01cefd?xsec_token=ABAuN-uMyHf13iXQtcesaQUmxZRHp1_RlrVpEmkQya4I8=&xsec_source=,否,否
小红书,小红书-全国旅游景区1.json,全国旅游景区1,全国5A级景区,国内顶级景区,细游记,https://www.xiaohongshu.com/user/profile/667ac7fb00000000030305b5?channel_type=web_search_result_notes&parent_page_channel_type=web_profile_board&xsec_token=ABhrhc9oN-0tEcWqzpTCV-97sBwPU3CimgE2JSlF16uNg=&xsec_source=pc_search,03-17,2026-03-17,2026-03-25,13,13,https://www.xiaohongshu.com/search_result?keyword=%25E5%2585%25A8%25E5%259B%25BD5A%25E7%25BA%25A7%25E6%2599%25AF%25E5%258C%25BA&source=web_explore_feed,https://www.xiaohongshu.com/search_result/69b916a7000000001f0031ab?xsec_token=ABFIhHdy0depI317RDqwZPwX_AFYMt34uGc38tU3Q_SG0=&xsec_source=,https://sns-webpic-qc.xhscdn.com/202603251933/07efd2c4db55c6585f634e68489f270f/1040g00831tqe7skfn8005pjqovtgu1dlh54j46g!nc_n_webp_mw_1,e1b225a8464a9e4637dcf966a7d8c7d114977916ad863779220ffdb082efa483,https://www.xiaohongshu.com/search_result/69b916a7000000001f0031ab?xsec_token=ABFIhHdy0depI317RDqwZPwX_AFYMt34uGc38tU3Q_SG0=&xsec_source=,否,否
小红书,小红书-全国旅游景区1.json,全国旅游景区1,全国5A级景区,世界上只有河北才有的九个5A级景区,中国旅行,https://www.xiaohongshu.com/user/profile/5d0f23220000000010024d29?channel_type=web_search_result_notes&parent_page_channel_type=web_profile_board&xsec_token=ABPNMBh118z2-uW9yrPHs-T0gYd5eV9MF10zgY6RN-0qU=&xsec_source=pc_search,2025-09-05,2025-09-05,2026-03-25,56,56,https://www.xiaohongshu.com/search_result?keyword=%25E5%2585%25A8%25E5%259B%25BD5A%25E7%25BA%25A7%25E6%2599%25AF%25E5%258C%25BA&source=web_explore_feed,https://www.xiaohongshu.com/search_result/68bab9a0000000001d035c04?xsec_token=ABi2CAaW03vN9mzRuKV1eG7QpsmWM69KPkDnMIJrmUdJA=&xsec_source=,https://sns-webpic-qc.xhscdn.com/202603251933/9340015151ac06058e4225ebead6f1d7/1040g00831m21ad7l5m6g5n8f4ch44j99lr9mkso!nc_n_webp_mw_1,2e38dd5178f94c7e5ba7c399d762aa2a4f70b55395494ef21f8000ea1866b714,https://www.xiaohongshu.com/search_result/68bab9a0000000001d035c04?xsec_token=ABi2CAaW03vN9mzRuKV1eG7QpsmWM69KPkDnMIJrmUdJA=&xsec_source=,否,否
小红书,小红书-全国旅游景区1.json,全国旅游景区1,全国5A级景区,往返云南N次，最最最想推荐的旅行地出现了❗️,草莓cutecute,https://www.xiaohongshu.com/user/profile/5be98bd9deaaa800014e5e0c?channel_type=web_search_result_notes&parent_page_channel_type=web_profile_board&xsec_token=ABAktCW1kiSgsDR3YLd01ZWB47oDnTmskJ0xk4fMKBllo=&xsec_source=pc_search,01-05,2026-01-05,2026-03-25,1158,1158,https://www.xiaohongshu.com/search_result?keyword=%25E5%2585%25A8%25E5%259B%25BD5A%25E7%25BA%25A7%25E6%2599%25AF%25E5%258C%25BA&source=web_explore_feed,https://www.xiaohongshu.com/search_result/695ba857000000000a028fd3?xsec_token=ABWM8miKGqgxCDrsox1dwQzp5OboGhIWleAPhW87KpFvU=&xsec_source=,https://sns-webpic-qc.xhscdn.com/202603251933/0eb9d921f324dc9819ece36c4849d944/notes_pre_post/1040g3k031qv6g44qn4004bq8lu5tingc1qk4vng!nc_n_webp_mw_1,5bf58445c12a85289346247182fc40be582ac80d726c5722efcefd9ee9357353,https://www.xiaohongshu.com/search_result/695ba857000000000a028fd3?xsec_token=ABWM8miKGqgxCDrsox1dwQzp5OboGhIWleAPhW87KpFvU=&xsec_source=,否,否
小红书,小红书-全国旅游景区1.json,全国旅游景区1,全国5A级景区,浙江AAAAA景区盘点,阳仔在旅行,https://www.xiaohongshu.com/user/profile/66cdb708000000001d033d6b?channel_type=web_search_result_notes&parent_page_channel_type=web_profile_board&xsec_token=ABoREhdENlje44qmHw0tQhr1CRM65v5FBqbq8poSZthG0=&xsec_source=pc_search,2024-10-31,2024-10-31,2026-03-25,1061,1061,https://www.xiaohongshu.com/search_result?keyword=%25E5%2585%25A8%25E5%259B%25BD5A%25E7%25BA%25A7%25E6%2599%25AF%25E5%258C%25BA&source=web_explore_feed,https://www.xiaohongshu.com/search_result/6722f772000000001a01ec58?xsec_token=AB0v80BnAkTvMnrbfKuwoRpg9bjo8VEZQZQWPEgxa4l0c=&xsec_source=,https://sns-webpic-qc.xhscdn.com/202603251933/07baae35f77cead726615e0122c5c9d2/110/0/01e722f74976628b00100000000192e096058d_0.jpg!nc_n_webp_mw_1,f82f28f0f763bfed34c92d4ec1e0587a0ac3ff0fb0d03e1eebb0e220b93462de,https://www.xiaohongshu.com/search_result/6722f772000000001a01ec58?xsec_token=AB0v80BnAkTvMnrbfKuwoRpg9bjo8VEZQZQWPEgxa4l0c=&xsec_source=,否,否
小红书,小红书-全国旅游景区1.json,全国旅游景区1,全国5A级景区,西双版纳唯一5A景点,怎么跟你描述我是谁呢,https://www.xiaohongshu.com/user/profile/5bc893653f36440001163ddf?channel_type=web_search_result_notes&parent_page_channel_type=web_profile_board&xsec_token=ABWv7QxsYvfkP7wMi5zw1nCBBHaZOukAl9yZ4bbEpFCd8=&xsec_source=pc_search,03-02,2026-03-02,2026-03-25,52,52,https://www.xiaohongshu.com/search_result?keyword=%25E5%2585%25A8%25E5%259B%25BD5A%25E7%25BA%25A7%25E6%2599%25AF%25E5%258C%25BA&source=web_explore_feed,https://www.xiaohongshu.com/search_result/69a55617000000001a033261?xsec_token=ABDSFwEzuai9s-wQtQ6_0Ef87rNTxuD_agp5RkdgvENjg=&xsec_source=,https://sns-webpic-qc.xhscdn.com/202603251933/f4dc0e04f2437649186132e41ec8dc6b/notes_pre_post/1040g3k831t74ipollkd04bgsab9mafevlap5p7g!nc_n_webp_mw_1,7f3f252b744ea4cc52cb21cfa736066b27c8f9849e1f232eca1ff70da09ac45d,https://www.xiaohongshu.com/search_result/69a55617000000001a033261?xsec_token=ABDSFwEzuai9s-wQtQ6_0Ef87rNTxuD_agp5RkdgvENjg=&xsec_source=,否,否
小红书,小红书-全国旅游景区1.json,全国旅游景区1,全国5A级景区,中国最有可能升为6A的十大景区,中国旅行,https://www.xiaohongshu.com/user/profile/5d0f23220000000010024d29?channel_type=web_search_result_notes&parent_page_channel_type=web_profile_board&xsec_token=ABPNMBh118z2-uW9yrPHs-T0gYd5eV9MF10zgY6RN-0qU=&xsec_source=pc_search,2025-08-21,2025-08-21,2026-03-25,223,223,https://www.xiaohongshu.com/search_result?keyword=%25E5%2585%25A8%25E5%259B%25BD5A%25E7%25BA%25A7%25E6%2599%25AF%25E5%258C%25BA&source=web_explore_feed,https://www.xiaohongshu.com/search_result/68a6d908000000001d01e6ba?xsec_token=AB5kQ0T-g0eLbs9edcIB1YlBV_mAqe8RzpBp2PRGkI3ws=&xsec_source=,https://sns-webpic-qc.xhscdn.com/202603251933/3bee01680ae4a73682c3594b80f1d4c0/1040g00831lek3d5t5odg5n8f4ch44j99kpkhu88!nc_n_webp_mw_1,42c3412708185c0ca98f9d46ae83038ca6f66a07f892a01ee49ca0b7d92f8258,https://www.xiaohongshu.com/search_result/68a6d908000000001d01e6ba?xsec_token=AB5kQ0T-g0eLbs9edcIB1YlBV_mAqe8RzpBp2PRGkI3ws=&xsec_source=,否,否
小红书,小红书-全国旅游景区1.json,全国旅游景区1,全国5A级景区,新疆18家5A级景区真实点评，不吹不黑,旅游老炮超奇,https://www.xiaohongshu.com/user/profile/6819d7e50000000018027b9d?channel_type=web_search_result_notes&parent_page_channel_type=web_profile_board&xsec_token=ABH92CQoYR9VkrBXxZKp7ZW1oWPNh7uCxU9cWOw5pSqSo=&xsec_source=pc_search,2025-08-04,2025-08-04,2026-03-25,306,306,https://www.xiaohongshu.com/search_result?keyword=%25E5%2585%25A8%25E5%259B%25BD5A%25E7%25BA%25A7%25E6%2599%25AF%25E5%258C%25BA&source=web_explore_feed,https://www.xiaohongshu.com/search_result/689092f6000000002303694b?xsec_token=AB8lAqmzvnymtYqnuRUXz60LAJS9Ic8MvhXymf5023bts=&xsec_source=,https://sns-webpic-qc.xhscdn.com/202603251933/b6f4f0c24dce819ff16e44ef822cfa91/spectrum/1040g0k031koro3ui48005q0pqvim4usta17hls8!nc_n_webp_mw_1,02ac275346de07d191b534708d604eb98ea98036096d4bf39cad1dc0cc0efc76,https://www.xiaohongshu.com/search_result/689092f6000000002303694b?xsec_token=AB8lAqmzvnymtYqnuRUXz60LAJS9Ic8MvhXymf5023bts=&xsec_source=,否,否
小红书,小红书-全国旅游景区1.json,全国旅游景区1,全国5A级景区,哪些可以评为首批6A景区,华旅邦哥旅游定制,https://www.xiaohongshu.com/user/profile/65b7a5d100000000160223c6?channel_type=web_search_result_notes&parent_page_channel_type=web_profile_board&xsec_token=ABa5yE9IE04KPHPSbVnmpprtlXWO3oU2Gwu5B04o29Uk8=&xsec_source=pc_search,03-05,2026-03-05,2026-03-25,872,872,https://www.xiaohongshu.com/search_result?keyword=%25E5%2585%25A8%25E5%259B%25BD5A%25E7%25BA%25A7%25E6%2599%25AF%25E5%258C%25BA&source=web_explore_feed,https://www.xiaohongshu.com/search_result/69a5a5d60000000015022bd3?xsec_token=ABDSFwEzuai9s-wQtQ6_0Ef6aMUEqUk1lUI3KdSm8R7yU=&xsec_source=,https://sns-webpic-qc.xhscdn.com/202603251933/b62c7a32f0708a8b99da6b69d936fe1e/110/0/01e9a5a5c52c30880010000000019caf0f9948_0.jpg!nc_n_webp_mw_1,9ca05257061d7b5dba9eac11dc959d5ca73b0939af2e2f4a17118312f0ae75a5,https://www.xiaohongshu.com/search_result/69a5a5d60000000015022bd3?xsec_token=ABDSFwEzuai9s-wQtQ6_0Ef6aMUEqUk1lUI3KdSm8R7yU=&xsec_source=,否,否
小红书,小红书-全国旅游景区1.json,全国旅游景区1,全国5A级景区,国外有圣城，中国有神都,华夏地纪,https://www.xiaohongshu.com/user/profile/67db9c6e000000000d008b4e?channel_type=web_search_result_notes&parent_page_channel_type=web_profile_board&xsec_token=ABX1sS5xAQ8VOyW_IOz9n0CYRYj3T5GJmb3UA-0OQB-fw=&xsec_source=pc_search,02-16,2026-02-16,2026-03-25,895,895,https://www.xiaohongshu.com/search_result?keyword=%25E5%2585%25A8%25E5%259B%25BD5A%25E7%25BA%25A7%25E6%2599%25AF%25E5%258C%25BA&source=web_explore_feed,https://www.xiaohongshu.com/search_result/698edc2b000000001600b075?xsec_token=ABQt3kagwqlrU0r57owxFDf6i6YfS31DneI2aUvT7M5lU=&xsec_source=,https://sns-webpic-qc.xhscdn.com/202603251933/7e25edea78427c076f7aad696854b774/spectrum/1040g34o31sh61smble105purjhn392qe8fpfui8!nc_n_webp_mw_1,00c42e7c9465b4079a0b707760a347db8ea7426f83080ca907c759bd33723e58,https://www.xiaohongshu.com/search_result/698edc2b000000001600b075?xsec_token=ABQt3kagwqlrU0r57owxFDf6i6YfS31DneI2aUvT7M5lU=&xsec_source=,否,否
小红书,小红书-全国旅游景区1.json,全国旅游景区1,全国5A级景区,,王王王瑶ovo,https://www.xiaohongshu.com/user/profile/66a74672000000001d0327ba?channel_type=web_search_result_notes&parent_page_channel_type=web_profile_board&xsec_token=ABGSNNHx8wozp-ahUx24XzxengfFmYYBUoQL4UO1F-RfE=&xsec_source=pc_search,2025-05-16,2025-05-16,2026-03-25,22,22,https://www.xiaohongshu.com/search_result?keyword=%25E5%2585%25A8%25E5%259B%25BD5A%25E7%25BA%25A7%25E6%2599%25AF%25E5%258C%25BA&source=web_explore_feed,https://www.xiaohongshu.com/search_result/6826a14c0000000022006f53?xsec_token=ABLqS6tY-kWe73ZdC0oqMTOR6joCtBJE517dcxJ6WqQFQ=&xsec_source=,https://sns-webpic-qc.xhscdn.com/202603251933/410681b046130a295588eac2aaae5ed9/1040g2sg31hhddqskjqk05pl78pp7e9tqg4j8k2o!nc_n_webp_mw_1,bed639448bf5aec841720ab923d00518accf647b9afc7453a15005de0c45d277,https://www.xiaohongshu.com/search_result/6826a14c0000000022006f53?xsec_token=ABLqS6tY-kWe73ZdC0oqMTOR6joCtBJE517dcxJ6WqQFQ=&xsec_source=,是,否
小红书,小红书-全国旅游景区1.json,全国旅游景区1,全国5A级景区,广西5A及4A级旅游景区,火爸朱剑笛,https://www.xiaohongshu.com/user/profile/5f570de4000000000100a009?channel_type=web_search_result_notes&parent_page_channel_type=web_profile_board&xsec_token=AB5obqWWRhCVVd0D2JWx3nuAh-leIIgHRnmqQOoVSfeqk=&xsec_source=pc_search,03-15,2026-03-15,2026-03-25,95,95,https://www.xiaohongshu.com/search_result?keyword=%25E5%2585%25A8%25E5%259B%25BD5A%25E7%25BA%25A7%25E6%2599%25AF%25E5%258C%25BA&source=web_explore_feed,https://www.xiaohongshu.com/search_result/69b6c0f30000000021039792?xsec_token=ABeDTEBcjMre0LrnOI0mxkOvfHN-VyFavatFBwIs6E2F4=&xsec_source=,https://sns-webpic-qc.xhscdn.com/202603251933/d33aacc0e602ac019c5e488f50588e2e/1040g2sg31to51u6972jg5nqn1ni09809en12on0!nc_n_webp_mw_1,b649422e14d43f086a222de6b618f33b71521cf8bf0735da2f4f43fc3049c266,https://www.xiaohongshu.com/search_result/69b6c0f30000000021039792?xsec_token=ABeDTEBcjMre0LrnOI0mxkOvfHN-VyFavatFBwIs6E2F4=&xsec_source=,否,否
小红书,小红书-全国旅游景区1.json,全国旅游景区1,全国5A级景区,中国5A级前五景区,Top Archives,https://www.xiaohongshu.com/user/profile/5d4a9a130000000011022a0b?channel_type=web_search_result_notes&parent_page_channel_type=web_profile_board&xsec_token=ABDYHf5wt8Th0irk07LXX7lE2qX_K0ZH9h6HSHNcIrOYI=&xsec_source=pc_search,03-09,2026-03-09,2026-03-25,28,28,https://www.xiaohongshu.com/search_result?keyword=%25E5%2585%25A8%25E5%259B%25BD5A%25E7%25BA%25A7%25E6%2599%25AF%25E5%258C%25BA&source=web_explore_feed,https://www.xiaohongshu.com/search_result/69ae1e5e000000001a03734a?xsec_token=ABJtzu5AOgVFrzx_hFKeApTLGqN5LJ2DyKg36UV_71lQE=&xsec_source=,https://sns-webpic-qc.xhscdn.com/202603251933/1bbc4976b7866687eec4c5289389a626/1040g2sg31tfncjrb62dg5naaj89kcagblopbu5g!nc_n_webp_mw_1,9031f6419b8aa3b46f45d6c0961376339f46b6fe67091467fa61c50e88b634e5,https://www.xiaohongshu.com/search_result/69ae1e5e000000001a03734a?xsec_token=ABJtzu5AOgVFrzx_hFKeApTLGqN5LJ2DyKg36UV_71lQE=&xsec_source=,否,否
小红书,小红书-全国旅游景区1.json,全国旅游景区1,全国5A级景区,5A是景区的上限，不是九寨沟的上限,飞天小娱警,https://www.xiaohongshu.com/user/profile/63f71352000000000f011a47?channel_type=web_search_result_notes&parent_page_channel_type=web_profile_board&xsec_token=ABl4wL86QYiMqPAlUvIbdw-SgHVyVAzFvKKFOd6aOKEsU=&xsec_source=pc_search,2025-05-08,2025-05-08,2026-03-25,11.4万,114000,https://www.xiaohongshu.com/search_result?keyword=%25E5%2585%25A8%25E5%259B%25BD5A%25E7%25BA%25A7%25E6%2599%25AF%25E5%258C%25BA&source=web_explore_feed,https://www.xiaohongshu.com/search_result/681b8dc30000000023016351?xsec_token=ABikx15UfMmfS9BI2DdCfrVYx2138l7y_piTfOAvukqa8=&xsec_source=,https://sns-webpic-qc.xhscdn.com/202603251933/fdaf5f40b630ce9a2b18eb4567ab4c60/spectrum/1040g34o31h6j8elij83g5ovn2d93q6i74ocaui8!nc_n_webp_mw_1,c08c6057f7949e4b3a88a6bd7872f0f7a0675e4afd20cf8a4c5924df41767588,https://www.xiaohongshu.com/search_result/681b8dc30000000023016351?xsec_token=ABikx15UfMmfS9BI2DdCfrVYx2138l7y_piTfOAvukqa8=&xsec_source=,否,否
小红书,小红书-全国旅游景区1.json,全国旅游景区1,全国5A级景区,长春最内敛的5A级景区,郭佳,https://www.xiaohongshu.com/user/profile/5d40e7b100000000100362c5?channel_type=web_search_result_notes&parent_page_channel_type=web_profile_board&xsec_token=AB2dyj1ffScWiIizbranOmVXnqGGpbBBfQcxbd-deAyGs=&xsec_source=pc_search,2024-11-02,2024-11-02,2026-03-25,188,188,https://www.xiaohongshu.com/search_result?keyword=%25E5%2585%25A8%25E5%259B%25BD5A%25E7%25BA%25A7%25E6%2599%25AF%25E5%258C%25BA&source=web_explore_feed,https://www.xiaohongshu.com/search_result/67260140000000001b02b023?xsec_token=ABSefubot8OAUUU_nUcPpVpWBXNx-by_1WfdBME8S9E54=&xsec_source=,https://sns-webpic-qc.xhscdn.com/202603251933/447d35bb4e5a33c51ee530772e9bc654/110/0/01e726007374925e00100000000192ec71cbbe_0.jpg!nc_n_webp_mw_1,ccdc52df1a4d537ca6bf039decd7447e6bad8cb9db181c66ed884aa1cf68314c,https://www.xiaohongshu.com/search_result/67260140000000001b02b023?xsec_token=ABSefubot8OAUUU_nUcPpVpWBXNx-by_1WfdBME8S9E54=&xsec_source=,否,否
小红书,小红书-全国旅游景区1.json,全国旅游景区1,全国5A级景区,,旅游景点推荐官,https://www.xiaohongshu.com/user/profile/66582f680000000003033079?channel_type=web_search_result_notes&parent_page_channel_type=web_profile_board&xsec_token=ABzEj1_lX2ORKdoT8IA4FvnokU3aeBB02vnP7dYnC0hss=&xsec_source=pc_search,2025-10-22,2025-10-22,2026-03-25,23,23,https://www.xiaohongshu.com/search_result?keyword=%25E5%2585%25A8%25E5%259B%25BD5A%25E7%25BA%25A7%25E6%2599%25AF%25E5%258C%25BA&source=web_explore_feed,https://www.xiaohongshu.com/search_result/68f8344c000000000301fc9c?xsec_token=ABIAQ2qxwbcIHJ71x0g0hVin22O_kWmA7kG6YrBqtRkF4=&xsec_source=,https://sns-webpic-qc.xhscdn.com/202603251933/6548bb4a9730eec32911cdad5e5a2d90/1040g2sg31nu2jkfcl8705pio5tk0uc3pil77h9o!nc_n_webp_mw_1,2bd9836a70d88bc017078b6872370e38003d0bf8fc3d109f4154dc0eb0d739bc,https://www.xiaohongshu.com/search_result/68f8344c000000000301fc9c?xsec_token=ABIAQ2qxwbcIHJ71x0g0hVin22O_kWmA7kG6YrBqtRkF4=&xsec_source=,是,否
小红书,小红书-全国旅游景区1.json,全国旅游景区1,全国5A级景区,广东省A级旅游景区名录表,貌美如花的招财富婆,https://www.xiaohongshu.com/user/profile/55d5270262a60c185e00b52f?channel_type=web_search_result_notes&parent_page_channel_type=web_profile_board&xsec_token=ABUwUZVUsmpXJxsGgibFdtmIf0E7GFjFmKQX6fZrOC9XE=&xsec_source=pc_search,02-24,2026-02-24,2026-03-25,364,364,https://www.xiaohongshu.com/search_result?keyword=%25E5%2585%25A8%25E5%259B%25BD5A%25E7%25BA%25A7%25E6%2599%25AF%25E5%258C%25BA&source=web_explore_feed,https://www.xiaohongshu.com/search_result/699d73430000000015030763?xsec_token=ABy1sLQaDTPrJMK57EFt_kpgsDuIjId3hKTdMOa0U9XRs=&xsec_source=,https://sns-webpic-qc.xhscdn.com/202603251933/6339c5663f29869005adb2115b8e205b/1040g00831svf0cp1680041499njg5d9fcqmqtjg!nc_n_webp_mw_1,e0cbe92252da8384d4ae37f1029ef9d420fcb3c05160aeb41e272cecd3518adc,https://www.xiaohongshu.com/search_result/699d73430000000015030763?xsec_token=ABy1sLQaDTPrJMK57EFt_kpgsDuIjId3hKTdMOa0U9XRs=&xsec_source=,否,否
小红书,小红书-全国旅游景区1.json,全国旅游景区1,全国5A级景区,如果贵州旅游有段位，你是哪一段？,中国旅行,https://www.xiaohongshu.com/user/profile/65a9ddef000000000800782d?channel_type=web_search_result_notes&parent_page_channel_type=web_profile_board&xsec_token=ABLojxw4xKG_bPupkO41yrtdV5hADl9-VDDlX_FKdP2o8=&xsec_source=pc_search,2025-09-18,2025-09-18,2026-03-25,1629,1629,https://www.xiaohongshu.com/search_result?keyword=%25E5%2585%25A8%25E5%259B%25BD5A%25E7%25BA%25A7%25E6%2599%25AF%25E5%258C%25BA&source=web_explore_feed,https://www.xiaohongshu.com/search_result/68cc1897000000000e022d3b?xsec_token=ABfp0fTTv9EvHhm1ViJ7av8sr6VX8w5YPCdfNAgV7nFB0=&xsec_source=,https://sns-webpic-qc.xhscdn.com/202603251933/a35dd6920e8b43d873258f70ec6d2d7f/spectrum/1040g34o31mj02lm34s0g5pd9rnni0u1dg3u768o!nc_n_webp_mw_1,9673497eec2dcefc4cdfaf149063f4911aebbcbd8d647e9b68f568662903111d,https://www.xiaohongshu.com/search_result/68cc1897000000000e022d3b?xsec_token=ABfp0fTTv9EvHhm1ViJ7av8sr6VX8w5YPCdfNAgV7nFB0=&xsec_source=,否,否
小红书,小红书-全国旅游景区1.json,全国旅游景区1,全国5A级景区,乾陵出行指南：盛唐艺术的博物馆,上书房行走,https://www.xiaohongshu.com/user/profile/66a63247000000001d033f2b?channel_type=web_search_result_notes&parent_page_channel_type=web_profile_board&xsec_token=ABLKf-cn1s-m_rbIIIuCfYzGzPNaar_QhftR1RB-tasxw=&xsec_source=pc_search,2025-06-17,2025-06-17,2026-03-25,79,79,https://www.xiaohongshu.com/search_result?keyword=%25E5%2585%25A8%25E5%259B%25BD5A%25E7%25BA%25A7%25E6%2599%25AF%25E5%258C%25BA&source=web_explore_feed,https://www.xiaohongshu.com/search_result/685167a2000000002102dd3d?xsec_token=ABp3LPU2AFy6mF-POT1bnSbolPbD1eGNJHyzOEN9WGw74=&xsec_source=,https://sns-webpic-qc.xhscdn.com/202603251933/a24f1c3243d16995500fed8ec933ddac/notes_pre_post/1040g3k031ir63cv3he605pl6693nefpbrbk0lho!nc_n_webp_mw_1,0c0b788a2b4622f3e34ad90fb2765e7159baa6c1f97dba8cea15746a461aef97,https://www.xiaohongshu.com/search_result/685167a2000000002102dd3d?xsec_token=ABp3LPU2AFy6mF-POT1bnSbolPbD1eGNJHyzOEN9WGw74=&xsec_source=,否,否
小红书,小红书-全国旅游景区1.json,全国旅游景区1,全国5A级景区,国内含金量拉满的20大5A景区,妙妙,https://www.xiaohongshu.com/user/profile/609f546e0000000001005408?channel_type=web_search_result_notes&parent_page_channel_type=web_profile_board&xsec_token=ABQgguyxWodvan8wnoTTnOB-Loz8SGab_Zb7rrhaGlMBY=&xsec_source=pc_search,01-23,2026-01-23,2026-03-25,10,10,https://www.xiaohongshu.com/search_result?keyword=%25E5%2585%25A8%25E5%259B%25BD5A%25E7%25BA%25A7%25E6%2599%25AF%25E5%258C%25BA&source=web_explore_feed,https://www.xiaohongshu.com/search_result/6972ecf8000000000a02d887?xsec_token=ABMbE2p70nElIKAcNGmNhBPKCfFm7oMMNknR2cBDcf55c=&xsec_source=,https://sns-webpic-qc.xhscdn.com/202603251933/21381234faf2ad848d346ec2d76f81b4/1040g2sg31rltiphpi2705o4vahn08l08f6db96o!nc_n_webp_mw_1,2888dfb3eff1d69008c990ba8c0a7467c3c7bc5747be8ed11d946fb50f8ebc3c,https://www.xiaohongshu.com/search_result/6972ecf8000000000a02d887?xsec_token=ABMbE2p70nElIKAcNGmNhBPKCfFm7oMMNknR2cBDcf55c=&xsec_source=,否,否
小红书,小红书-全国旅游景区1.json,全国旅游景区1,全国5A级景区,绝对是浙江严重被低估的5A级景区|人少景美,白日梦想家王小异,https://www.xiaohongshu.com/user/profile/66a0d5f1000000002401d7e9?channel_type=web_search_result_notes&parent_page_channel_type=web_profile_board&xsec_token=AB4rayGsH5AsVuADQ9y45DtL69TkvUcCtoMa1LcwS3QIU=&xsec_source=pc_search,2025-02-11,2025-02-11,2026-03-25,7280,7280,https://www.xiaohongshu.com/search_result?keyword=%25E5%2585%25A8%25E5%259B%25BD5A%25E7%25BA%25A7%25E6%2599%25AF%25E5%258C%25BA&source=web_explore_feed,https://www.xiaohongshu.com/search_result/676ea196000000000800d1ee?xsec_token=AB7TWTGUlQO1MVXO3NYkUKFN5e1YmrSa47uZHjAEVWzuQ=&xsec_source=,https://sns-webpic-qc.xhscdn.com/202603251933/f17a4f6375d8bfaa60942ef2f14ab50b/1040g00831dp1rqub10005pl0qnop3lv9bjhaqo8!nc_n_webp_mw_1,11cdf2c49cb60baa6bacfb54f5a56e5d5673e6a97d85b7d6727e2c3bd59945ec,https://www.xiaohongshu.com/search_result/676ea196000000000800d1ee?xsec_token=AB7TWTGUlQO1MVXO3NYkUKFN5e1YmrSa47uZHjAEVWzuQ=&xsec_source=,否,否
小红书,小红书-全国旅游景区2.json,全国旅游景区2,5A级景区,国家5A级旅游景区名单358家,范进中举,https://www.xiaohongshu.com/user/profile/62c98be8000000000e00dcde?channel_type=web_search_result_notes&parent_page_channel_type=web_profile_board&xsec_token=AB3wOmB_O5RbVKBUF0L5ELvmOQ1SVYmNwMOMNOFDHVmlw=&xsec_source=pc_search,2025-09-30,2025-09-30,2026-03-25,1437,1437,https://www.xiaohongshu.com/search_result?keyword=5A%25E7%25BA%25A7%25E6%2599%25AF%25E5%258C%25BA&source=web_explore_feed,https://www.xiaohongshu.com/search_result/68db789b00000000030126bf?xsec_token=ABHnzqJI49jS1IuEM51edAGX3A_XyUSQJuMW1Axq2O4gc=&xsec_source=,https://sns-webpic-qc.xhscdn.com/202603251936/804f7086d0961beae3690cd95adbd51f/notes_pre_post/1040g3k031n20mt9j586g5om9hfk3hn6u6h6pj88!nc_n_webp_mw_1,4fb9d9194e0656b8c41a45cb52f8c9e963967cd92f1a92e8f2f19ca194dd97d5,https://www.xiaohongshu.com/search_result/68db789b00000000030126bf?xsec_token=ABHnzqJI49jS1IuEM51edAGX3A_XyUSQJuMW1Axq2O4gc=&xsec_source=,否,否
小红书,小红书-全国旅游景区2.json,全国旅游景区2,5A级景区,十大最夯5A景区，你都去过几个,旧的科普,https://www.xiaohongshu.com/user/profile/68d5078f000000002102eb17?channel_type=web_search_result_notes&parent_page_channel_type=web_profile_board&xsec_token=ABuZP-Y5e8Yg30-kHP0Q3oWjAXMauPpQiShE3pXzEMHrc=&xsec_source=pc_search,4天前,2026-03-21,2026-03-25,17,17,https://www.xiaohongshu.com/search_result?keyword=5A%25E7%25BA%25A7%25E6%2599%25AF%25E5%258C%25BA&source=web_explore_feed,https://www.xiaohongshu.com/search_result/69be3d86000000001a02a962?xsec_token=ABqItCO4Ir_VAvM3EXd_-pNTJg4uCVGTDfV4cD8e1Xx10=&xsec_source=,https://sns-webpic-qc.xhscdn.com/202603251936/e9c98caa87f5ae16cf0763522594bf69/spectrum/1040g0k031tvf7fbl0s005q6l0u7odqonitdmmko!nc_n_webp_mw_1,720d225ea72c078120368cd0020689ada8b7e79d969a9b1c5f9d2ef2850d103e,https://www.xiaohongshu.com/search_result/69be3d86000000001a02a962?xsec_token=ABqItCO4Ir_VAvM3EXd_-pNTJg4uCVGTDfV4cD8e1Xx10=&xsec_source=,否,否
小红书,小红书-全国旅游景区2.json,全国旅游景区2,5A级景区,给所有想来湖南5A级景区的人泼一盆冷水,WILD牧野旅行,https://www.xiaohongshu.com/user/profile/5c8d29ed000000001200b9f0?channel_type=web_search_result_notes&parent_page_channel_type=web_profile_board&xsec_token=ABxo8hjwTq3cTPyM-yKEnRqG_0JYewgiHlECr2SA2uzcs=&xsec_source=pc_search,02-24,2026-02-24,2026-03-25,1691,1691,https://www.xiaohongshu.com/search_result?keyword=5A%25E7%25BA%25A7%25E6%2599%25AF%25E5%258C%25BA&source=web_explore_feed,https://www.xiaohongshu.com/search_result/699d848c0000000015039a40?xsec_token=ABy1sLQaDTPrJMK57EFt_kpoCH3gkg0DpE6QUq8-hmGGw=&xsec_source=,https://sns-webpic-qc.xhscdn.com/202603251936/0bece7b5085062177bc54a45577d1903/spectrum/1040g0k031svg7vrql8005n4d57mkhefgrangbl8!nc_n_webp_mw_1,20bc9190e6869a839e46a6b11b361aaf65197f70fad11b6344d62f5bf32b05cf,https://www.xiaohongshu.com/search_result/699d848c0000000015039a40?xsec_token=ABy1sLQaDTPrJMK57EFt_kpoCH3gkg0DpE6QUq8-hmGGw=&xsec_source=,否,否
小红书,小红书-全国旅游景区2.json,全国旅游景区2,5A级景区,,霞客,https://www.xiaohongshu.com/user/profile/6369fd0e000000001f01ae71?channel_type=web_search_result_notes&parent_page_channel_type=web_profile_board&xsec_token=ABEU6lIp8ctGLs4C5E2u0R8jYkh_Ll_u4JuDaEl7FJV6Q=&xsec_source=pc_search,03-16,2026-03-16,2026-03-25,667,667,https://www.xiaohongshu.com/search_result?keyword=5A%25E7%25BA%25A7%25E6%2599%25AF%25E5%258C%25BA&source=web_explore_feed,https://www.xiaohongshu.com/search_result/69b7c543000000001f003c19?xsec_token=ABaghI9l-PI5GO7EL1e75dw9GTJUX0dxsx8Wseu8dmX50=&xsec_source=,https://sns-webpic-qc.xhscdn.com/202603251936/8dd9e50daf9a6148e8c851390799c668/notes_pre_post/1040g3k031tp42kee72505or9vk77rbjhvpg9hg8!nc_n_webp_mw_1,82fb28dd6ba0aa48c3c24b536953fc5f281e8e4f8a2e0ad5f985af6eca561c90,https://www.xiaohongshu.com/search_result/69b7c543000000001f003c19?xsec_token=ABaghI9l-PI5GO7EL1e75dw9GTJUX0dxsx8Wseu8dmX50=&xsec_source=,是,否
小红书,小红书-全国旅游景区2.json,全国旅游景区2,5A级景区,5个5A景区你去过哪个？,问旅中国,https://www.xiaohongshu.com/user/profile/674ea3f9000000001d02fe41?channel_type=web_search_result_notes&parent_page_channel_type=web_profile_board&xsec_token=AB1uPuXrT_DDKipOAHQPBhrqgN3vipUecPYcvxQ5kZMAY=&xsec_source=pc_search,2025-09-25,2025-09-25,2026-03-25,158,158,https://www.xiaohongshu.com/search_result?keyword=5A%25E7%25BA%25A7%25E6%2599%25AF%25E5%258C%25BA&source=web_explore_feed,https://www.xiaohongshu.com/search_result/68d51e460000000013008733?xsec_token=ABuZP-Y5e8Yg30-kHP0Q3oWjVsBsUn7RX0voSV51FWKz8=&xsec_source=,https://sns-webpic-qc.xhscdn.com/202603251936/a6e918387a0e088537761984e207d0b1/spectrum/1040g0k031mrpjjiv50005pqekfsndvi1ibma64o!nc_n_webp_mw_1,0da4a9f3edddec2f3f591fc1c3eed972dfaa347ff5fdaca9c906f7b9df045b94,https://www.xiaohongshu.com/search_result/68d51e460000000013008733?xsec_token=ABuZP-Y5e8Yg30-kHP0Q3oWjVsBsUn7RX0voSV51FWKz8=&xsec_source=,否,否
小红书,小红书-全国旅游景区2.json,全国旅游景区2,5A级景区,全国最顶的10个5A级景区，你去过哪一个？,中国旅行,https://www.xiaohongshu.com/user/profile/65a9ddef000000000800782d?channel_type=web_search_result_notes&parent_page_channel_type=web_profile_board&xsec_token=ABLojxw4xKG_bPupkO41yrtdV5hADl9-VDDlX_FKdP2o8=&xsec_source=pc_search,2025-09-30,2025-09-30,2026-03-25,2590,2590,https://www.xiaohongshu.com/search_result?keyword=5A%25E7%25BA%25A7%25E6%2599%25AF%25E5%258C%25BA&source=web_explore_feed,https://www.xiaohongshu.com/search_result/68db9e340000000003023e9a?xsec_token=ABHnzqJI49jS1IuEM51edAGTXm2p5pHsTkPPHrULuoht0=&xsec_source=,https://sns-webpic-qc.xhscdn.com/202603251936/0968423c468473aa612a6a8b2334850c/spectrum/1040g34o31n2556vgku0g5pd9rnni0u1d59pccfg!nc_n_webp_mw_1,2bc8be6879df45897dad182008eba09b79c62e77b2df2a7d4cf41907d05efdcb,https://www.xiaohongshu.com/search_result/68db9e340000000003023e9a?xsec_token=ABHnzqJI49jS1IuEM51edAGTXm2p5pHsTkPPHrULuoht0=&xsec_source=,否,否
小红书,小红书-全国旅游景区2.json,全国旅游景区2,5A级景区,刚从篁岭回来⚠️我愿称其为史上最坑5A景区,北京旅游小能手,https://www.xiaohongshu.com/user/profile/60b738d5000000000101d49b?channel_type=web_search_result_notes&parent_page_channel_type=web_profile_board&xsec_token=ABXoSmWUgcSQWkhBOEF3u6FMVlYiGBV_GrfkQjGXf9P28=&xsec_source=pc_search,3天前,2026-03-22,2026-03-25,93,93,https://www.xiaohongshu.com/search_result?keyword=5A%25E7%25BA%25A7%25E6%2599%25AF%25E5%258C%25BA&source=web_explore_feed,https://www.xiaohongshu.com/search_result/69bfc13d000000002102ec09?xsec_token=ABCqUKelMSCKMCxkEYIRl5HIcrLtpGWihZHhpBTjezfR0=&xsec_source=,https://sns-webpic-qc.xhscdn.com/202603251936/b3331b8c0dd22b5ceb5eecd6bb23d549/1040g00831u0t5sou78305o5n73agbl4r4psetq8!nc_n_webp_mw_1,bd7fc30ee0407a87737cb0cd98ae828c2e7a1247c44305fa92b38638845f8777,https://www.xiaohongshu.com/search_result/69bfc13d000000002102ec09?xsec_token=ABCqUKelMSCKMCxkEYIRl5HIcrLtpGWihZHhpBTjezfR0=&xsec_source=,否,否
小红书,小红书-全国旅游景区2.json,全国旅游景区2,5A级景区,把音乐节搬进5A级景区，南宁你还是太宠粉了,nikko,https://www.xiaohongshu.com/user/profile/592b987c5e87e7530dece715?channel_type=web_search_result_notes&parent_page_channel_type=web_profile_board&xsec_token=ABBqCi8EBZROWvMh_rcShszvTtWuxutw9dB5QYCS6UfeY=&xsec_source=pc_search,2天前,2026-03-23,2026-03-25,1441,1441,https://www.xiaohongshu.com/search_result?keyword=5A%25E7%25BA%25A7%25E6%2599%25AF%25E5%258C%25BA&source=web_explore_feed,https://www.xiaohongshu.com/search_result/69c0f912000000002102c334?xsec_token=ABXGtA7vIJAZGe07r2UGg1nNEfQi-Qwyh4Cucfrn3oESA=&xsec_source=,https://sns-webpic-qc.xhscdn.com/202603251936/df398a1cc29703681384a03c07f5a0f3/notes_pre_post/1040g3k831u24k8bmne0049hmnpc7ppolcl13o5g!nc_n_webp_mw_1,b17fd2b4f65cc0432bb016af341c9b5500ad96d15851e4048f8d82b108e951c7,https://www.xiaohongshu.com/search_result/69c0f912000000002102c334?xsec_token=ABXGtA7vIJAZGe07r2UGg1nNEfQi-Qwyh4Cucfrn3oESA=&xsec_source=,否,否
小红书,小红书-全国旅游景区2.json,全国旅游景区2,5A级景区,国內十大免费5A级景区,黄山婷婷,https://www.xiaohongshu.com/user/profile/5b81184026cd5c00012b34f6?channel_type=web_search_result_notes&parent_page_channel_type=web_profile_board&xsec_token=ABbrRiItWCZ0Xxc_nf6x-WCv1pH3RPJxsxMcojaQol39k=&xsec_source=pc_search,03-15,2026-03-15,2026-03-25,250,250,https://www.xiaohongshu.com/search_result?keyword=5A%25E7%25BA%25A7%25E6%2599%25AF%25E5%258C%25BA&source=web_explore_feed,https://www.xiaohongshu.com/search_result/69b6331b000000002200d990?xsec_token=ABeDTEBcjMre0LrnOI0mxkOlrKl79X-JVcpd-bp701-ic=&xsec_source=,https://sns-webpic-qc.xhscdn.com/202603251936/c78bef6571caac72b474c5e1b9397896/1040g00831tnju0pfnu004ajkjpc40d7mhg3gm00!nc_n_webp_mw_1,36674464504fc1d212884733ee41ae75674f9fe0911e88b53d22a0904f9b298a,https://www.xiaohongshu.com/search_result/69b6331b000000002200d990?xsec_token=ABeDTEBcjMre0LrnOI0mxkOlrKl79X-JVcpd-bp701-ic=&xsec_source=,否,否
小红书,小红书-全国旅游景区2.json,全国旅游景区2,5A级景区,湖北省有哪些国家5A级景区？,Albatross,https://www.xiaohongshu.com/user/profile/6497b524000000000a0208bf?channel_type=web_search_result_notes&parent_page_channel_type=web_profile_board&xsec_token=AB9vjss7PD3L3xY2Cwa4fMEI0LQFnac4qZfScNJOVE2CM=&xsec_source=pc_search,3天前,2026-03-22,2026-03-25,11,11,https://www.xiaohongshu.com/search_result?keyword=5A%25E7%25BA%25A7%25E6%2599%25AF%25E5%258C%25BA&source=web_explore_feed,https://www.xiaohongshu.com/search_result/69beb8cf000000001e00c466?xsec_token=ABqItCO4Ir_VAvM3EXd_-pNeQqT7JYbIklwR6LDtLTAW0=&xsec_source=,https://sns-webpic-qc.xhscdn.com/202603251936/0b72bd8e76d58d898d081443bdd1de1c/spectrum/1040g0k031tvu3sua1g105p4nmki2k25vil6mst8!nc_n_webp_mw_1,1d2e331254c50838b6c01520ee13e166b51005371a8eaa3bbffbe9b579fb86aa,https://www.xiaohongshu.com/search_result/69beb8cf000000001e00c466?xsec_token=ABqItCO4Ir_VAvM3EXd_-pNeQqT7JYbIklwR6LDtLTAW0=&xsec_source=,否,否
小红书,小红书-全国旅游景区2.json,全国旅游景区2,5A级景区,中国最美的五A级景区,旅游景点推荐,https://www.xiaohongshu.com/user/profile/6551d057000000000802df16?channel_type=web_search_result_notes&parent_page_channel_type=web_profile_board&xsec_token=ABGb0QD7HtT5zyBMuxgmnHqK2rPtECRlzKtw5jKX7_Odg=&xsec_source=pc_search,2025-12-09,2025-12-09,2026-03-25,66,66,https://www.xiaohongshu.com/search_result?keyword=5A%25E7%25BA%25A7%25E6%2599%25AF%25E5%258C%25BA&source=web_explore_feed,https://www.xiaohongshu.com/search_result/6937dc89000000001e031a9d?xsec_token=ABqgniJhA_YP6Jp5YxFo_4KBSZp5sIiaizcfbhjd2Vc9E=&xsec_source=,https://sns-webpic-qc.xhscdn.com/202603251936/e92d9b5cbd9c67929e61a5e183cb4d58/1040g2sg31ps7qicckgeg5pahq1bi5nomhtlm7j0!nc_n_webp_mw_1,3b82dbd47ff61aaa41abddde60dffdb4873dac2ef176a6f0ed016d383783f3a1,https://www.xiaohongshu.com/search_result/6937dc89000000001e031a9d?xsec_token=ABqgniJhA_YP6Jp5YxFo_4KBSZp5sIiaizcfbhjd2Vc9E=&xsec_source=,否,否
小红书,小红书-全国旅游景区2.json,全国旅游景区2,5A级景区,,足迹,https://www.xiaohongshu.com/user/profile/6606d227000000000b00fa3d?channel_type=web_search_result_notes&parent_page_channel_type=web_profile_board&xsec_token=AB9hOupZlO1VSr7nZcIISHJopniyOCEDy5GYK2skWclM4=&xsec_source=pc_search,02-28,2026-02-28,2026-03-25,481,481,https://www.xiaohongshu.com/search_result?keyword=5A%25E7%25BA%25A7%25E6%2599%25AF%25E5%258C%25BA&source=web_explore_feed,https://www.xiaohongshu.com/search_result/69a2f1a1000000000e00e5c9?xsec_token=ABVCDnStUM8_D2-4JssW956ruhKd6j06pAJEwF_AXsNFA=&xsec_source=,https://sns-webpic-qc.xhscdn.com/202603251936/dc6d9cef125c295bc50279148a99bc0e/1040g00831t4q7mc9m86g5pg6q8jipuhthl1mgeo!nc_n_webp_mw_1,493b656bd04b196c8b81632461b6b8cc4188a180991af4949d8ad2206383038b,https://www.xiaohongshu.com/search_result/69a2f1a1000000000e00e5c9?xsec_token=ABVCDnStUM8_D2-4JssW956ruhKd6j06pAJEwF_AXsNFA=&xsec_source=,是,否
小红书,小红书-全国旅游景区2.json,全国旅游景区2,5A级景区,,麦子同学一路游,https://www.xiaohongshu.com/user/profile/694e65df000000000300d91b?channel_type=web_search_result_notes&parent_page_channel_type=web_profile_board&xsec_token=AB_ZUZGQyesM95fb4qdysXprHXC1onhQ-6CUJJTblieoA=&xsec_source=pc_search,2天前,2026-03-23,2026-03-25,39,39,https://www.xiaohongshu.com/search_result?keyword=5A%25E7%25BA%25A7%25E6%2599%25AF%25E5%258C%25BA&source=web_explore_feed,https://www.xiaohongshu.com/search_result/69c0fc44000000001b021556?xsec_token=ABXGtA7vIJAZGe07r2UGg1nGNIy1V0ZFRAkWazxaMugvg=&xsec_source=,https://sns-webpic-qc.xhscdn.com/202603251936/397827988e45985efe6ca966c9e8a567/1040g2sg31u24vq1h78405qaecnfgpm8r1r3f9n0!nc_n_webp_mw_1,b3e2a3c3a53530b3de62ff24a82b3ee3c800ccad980cc2d4bd166d3c499d2552,https://www.xiaohongshu.com/search_result/69c0fc44000000001b021556?xsec_token=ABXGtA7vIJAZGe07r2UGg1nGNIy1V0ZFRAkWazxaMugvg=&xsec_source=,是,否
小红书,小红书-全国旅游景区2.json,全国旅游景区2,5A级景区,3.21实拍！！！春天的九寨沟真的杀疯了！！🌸,金小鱼,https://www.xiaohongshu.com/user/profile/565f12b750c4b43989f27252?channel_type=web_search_result_notes&parent_page_channel_type=web_profile_board&xsec_token=ABYuRfOA5zw80Ap_yliSpE4i_0MhP2vj04OEdTyaL3eRo=&xsec_source=pc_search,3天前,2026-03-22,2026-03-25,3296,3296,https://www.xiaohongshu.com/search_result?keyword=5A%25E7%25BA%25A7%25E6%2599%25AF%25E5%258C%25BA&source=web_explore_feed,https://www.xiaohongshu.com/search_result/69be9247000000001a023524?xsec_token=ABqItCO4Ir_VAvM3EXd_-pNWt2KI2uja5f2I_KZw5LH8k=&xsec_source=,https://sns-webpic-qc.xhscdn.com/202603251936/70f3e1a8488a0402821aa6d4da963f14/notes_pre_post/1040g3k031tvoic0cn81g43l0829besiilfadov8!nc_n_webp_mw_1,28d7a64dc1f467a62f39b3fe751ad0661a0b4c1b2be769c03096e06de9fa5784,https://www.xiaohongshu.com/search_result/69be9247000000001a023524?xsec_token=ABqItCO4Ir_VAvM3EXd_-pNWt2KI2uja5f2I_KZw5LH8k=&xsec_source=,否,否
小红书,小红书-全国旅游景区2.json,全国旅游景区2,5A级景区,全国5A景区全盘点🔥 358家精华速码,棉花糖FUFU,https://www.xiaohongshu.com/user/profile/67af0cb90000000007003b7f?channel_type=web_search_result_notes&parent_page_channel_type=web_profile_board&xsec_token=ABg4Uu_JAVQ2B2f7UO-uhDAM-H-A6tL8Ht70pAfAGkbHQ=&xsec_source=pc_search,5天前,2026-03-20,2026-03-25,201,201,https://www.xiaohongshu.com/search_result?keyword=5A%25E7%25BA%25A7%25E6%2599%25AF%25E5%258C%25BA&source=web_explore_feed,https://www.xiaohongshu.com/search_result/69bbc584000000002003a996?xsec_token=ABjIeGQcHr1BT9StHiIxRoEI1J0TR1bQ93LEWZ0uHEvt0=&xsec_source=,https://sns-webpic-qc.xhscdn.com/202603251936/3efcffc270cc492097e7a1c909bb604b/spectrum/1040g0k031tt1pquugs005ptf1ishoervln0r66g!nc_n_webp_mw_1,f34b3745b4f057072ebc0b59dddcb5879395073817a95b6f420cb98841fdb65c,https://www.xiaohongshu.com/search_result/69bbc584000000002003a996?xsec_token=ABjIeGQcHr1BT9StHiIxRoEI1J0TR1bQ93LEWZ0uHEvt0=&xsec_source=,否,否
小红书,小红书-全国旅游景区2.json,全国旅游景区2,5A级景区,,旅游景点分享,https://www.xiaohongshu.com/user/profile/6657070d0000000003031c58?channel_type=web_search_result_notes&parent_page_channel_type=web_profile_board&xsec_token=ABmsf1mUXsxjV4L6rPhGyBvs4Rx5maL5atHRtuJTS0Vk0=&xsec_source=pc_search,2025-11-04,2025-11-04,2026-03-25,618,618,https://www.xiaohongshu.com/search_result?keyword=5A%25E7%25BA%25A7%25E6%2599%25AF%25E5%258C%25BA&source=web_explore_feed,https://www.xiaohongshu.com/search_result/6909ab4d000000000503a517?xsec_token=AB-7kAMYTrCFlf2tPH_LtVO23kVTYnErarjLaEp72ya_U=&xsec_source=,https://sns-webpic-qc.xhscdn.com/202603251936/47ea56c3d8da490633d1f52140528b7e/1040g2sg31of4cv3b06005pin0s6gu72omosgcg8!nc_n_webp_mw_1,c15750f74d13a962d729443c214359348cfa14c151454a56290b8ee411c79f97,https://www.xiaohongshu.com/search_result/6909ab4d000000000503a517?xsec_token=AB-7kAMYTrCFlf2tPH_LtVO23kVTYnErarjLaEp72ya_U=&xsec_source=,是,否
小红书,小红书-全国旅游景区2.json,全国旅游景区2,5A级景区,,旅游推荐官,https://www.xiaohongshu.com/user/profile/67398b39000000001d02f3ff?channel_type=web_search_result_notes&parent_page_channel_type=web_profile_board&xsec_token=AB11WVXiK3Uzgx8Yw_6JhN_H4F68WO5Y5wMcX2B6EH_qk=&xsec_source=pc_search,02-07,2026-02-07,2026-03-25,160,160,https://www.xiaohongshu.com/search_result?keyword=5A%25E7%25BA%25A7%25E6%2599%25AF%25E5%258C%25BA&source=web_explore_feed,https://www.xiaohongshu.com/search_result/6987057b000000001b01ff1d?xsec_token=ABRZPfqiFOV6Mrgy4SysWLfIvlMREygdXw2RFHZlOvWHw=&xsec_source=,https://sns-webpic-qc.xhscdn.com/202603251936/0694804264c3f225bbf6748f63c72f74/1040g00831s9hks7nm20g5ppphcsndsvvllmr228!nc_n_webp_mw_1,43ae460285fd2d67b42077ee7b1998f0390d34a29fd895075239f1c1badf0305,https://www.xiaohongshu.com/search_result/6987057b000000001b01ff1d?xsec_token=ABRZPfqiFOV6Mrgy4SysWLfIvlMREygdXw2RFHZlOvWHw=&xsec_source=,是,否
小红书,小红书-全国旅游景区2.json,全国旅游景区2,5A级景区,最值得去的AAAAA的景区是🗺️#求助,momo,https://www.xiaohongshu.com/user/profile/60ba17d100000000010060b8?channel_type=web_search_result_notes&parent_page_channel_type=web_profile_board&xsec_token=ABS60fa0te-jkekkgLQp8qF-xiTBrI5OnzSI25aobCWIU=&xsec_source=pc_search,3天前,2026-03-22,2026-03-25,589,589,https://www.xiaohongshu.com/search_result?keyword=5A%25E7%25BA%25A7%25E6%2599%25AF%25E5%258C%25BA&source=web_explore_feed,https://www.xiaohongshu.com/search_result/69bf45c8000000001f004fa1?xsec_token=ABCqUKelMSCKMCxkEYIRl5HDr7ASb49cn0axG4wgSpiJw=&xsec_source=,https://sns-webpic-qc.xhscdn.com/202603251936/409200cff86a6d9abc6061b86d8fb6c0/notes_pre_post/1040g3k831u0fd150ne605o5q2v8g8o5of66t948!nc_n_webp_mw_1,2a6e57d435f4e14dd3cd1232452449faef53a22b4b0b149417141858c702f66c,https://www.xiaohongshu.com/search_result/69bf45c8000000001f004fa1?xsec_token=ABCqUKelMSCKMCxkEYIRl5HDr7ASb49cn0axG4wgSpiJw=&xsec_source=,否,否
小红书,小红书-全国旅游景区2.json,全国旅游景区2,5A级景区,中国远超5A级景区的四大景点,小鱼,https://www.xiaohongshu.com/user/profile/694a77c900000000370307d7?channel_type=web_search_result_notes&parent_page_channel_type=web_profile_board&xsec_token=AB-Zd_bIf5kQPUWN0oXYmFQ-Kyk4Faz7ZyhHO9q73WGJo=&xsec_source=pc_search,2025-12-30,2025-12-30,2026-03-25,226,226,https://www.xiaohongshu.com/search_result?keyword=5A%25E7%25BA%25A7%25E6%2599%25AF%25E5%258C%25BA&source=web_explore_feed,https://www.xiaohongshu.com/search_result/6953c4a8000000001e02c29d?xsec_token=AB3X1mcEvAXbtXekXtFYJEMczJtJNJCEqxRgnqQaBBPRA=&xsec_source=,https://sns-webpic-qc.xhscdn.com/202603251936/bc0dd8ff1ab45ce83e89d6e519456fc2/1040g00831qnflepdgal05qaaev4tu1unratpbog!nc_n_webp_mw_1,bca433cde50755ccb4e2d52657e10d846eeca74354133aced45cd713e3fd6384,https://www.xiaohongshu.com/search_result/6953c4a8000000001e02c29d?xsec_token=AB3X1mcEvAXbtXekXtFYJEMczJtJNJCEqxRgnqQaBBPRA=&xsec_source=,否,否
小红书,小红书-全国旅游景区2.json,全国旅游景区2,5A级景区,大盘点 | 中国358个5A级景区最新整理,菜狗旅行版,https://www.xiaohongshu.com/user/profile/67a71b0d000000000e01f710?channel_type=web_search_result_notes&parent_page_channel_type=web_profile_board&xsec_token=ABtJP4dXf2Ov-5W1Pjw7pbE4S5WoQOpkVmwxvViPemkSs=&xsec_source=pc_search,2025-09-17,2025-09-17,2026-03-25,2538,2538,https://www.xiaohongshu.com/search_result?keyword=5A%25E7%25BA%25A7%25E6%2599%25AF%25E5%258C%25BA&source=web_explore_feed,https://www.xiaohongshu.com/search_result/68ca7d36000000001301660d?xsec_token=ABkIthCg-QntutkrBIY3StsHNWnevwy_A9uFpln_bpWb0=&xsec_source=,https://sns-webpic-qc.xhscdn.com/202603251936/d30e147af6a45f21b80c069191b70dd0/spectrum/1040g34o31mhdvgdm4qe05pt73c6jjtogkcaqjs0!nc_n_webp_mw_1,78a03fd46a5fb1f670e5f6916e6bf916a5fc064d0b564ec0a7e1558bc5c36369,https://www.xiaohongshu.com/search_result/68ca7d36000000001301660d?xsec_token=ABkIthCg-QntutkrBIY3StsHNWnevwy_A9uFpln_bpWb0=&xsec_source=,否,否
小红书,小红书-全国旅游景区2.json,全国旅游景区2,5A级景区,全国5A级景区大汇总，您去过几个,多啦爱A梦,https://www.xiaohongshu.com/user/profile/599ecbc86a6a692cb8a5662a?channel_type=web_search_result_notes&parent_page_channel_type=web_profile_board&xsec_token=ABM20B79I6ABE6HlMdD52A6W5rotJDMMO_k3T1nuRnS4E=&xsec_source=pc_search,2025-07-04,2025-07-04,2026-03-25,421,421,https://www.xiaohongshu.com/search_result?keyword=5A%25E7%25BA%25A7%25E6%2599%25AF%25E5%258C%25BA&source=web_explore_feed,https://www.xiaohongshu.com/search_result/6867d3730000000017034d51?xsec_token=ABbdNP8-nmBFbLhJHaPk9a_mL02O_Tfxpf67XrdMlZvxA=&xsec_source=,https://sns-webpic-qc.xhscdn.com/202603251936/579b94ce66a16021dc66e7108aa2cbc5/1040g00831jh2pk77320049om7q5sgpha601e2v8!nc_n_webp_mw_1,67999ffb229efbc3066f50cac992129a14fb50acea243ce0e05990d9afbb0d52,https://www.xiaohongshu.com/search_result/6867d3730000000017034d51?xsec_token=ABbdNP8-nmBFbLhJHaPk9a_mL02O_Tfxpf67XrdMlZvxA=&xsec_source=,否,否
小红书,小红书-全国旅游景区2.json,全国旅游景区2,5A级景区,2025年最新版国家5A级景区名单⭐建议收藏,爱旅行的萌卿酱,https://www.xiaohongshu.com/user/profile/5ebf82f70000000001000597?channel_type=web_search_result_notes&parent_page_channel_type=web_profile_board&xsec_token=AB7bQyJci3fxXdI6-Q_XjpASbTxvihD7d1CHEPW8nRlls=&xsec_source=pc_search,2025-03-22,2025-03-22,2026-03-25,646,646,https://www.xiaohongshu.com/search_result?keyword=5A%25E7%25BA%25A7%25E6%2599%25AF%25E5%258C%25BA&source=web_explore_feed,https://www.xiaohongshu.com/search_result/67deb64b000000000703475d?xsec_token=ABy0jfgla1EBAQcJwGouauHxleleTLIyogqLxNE4ObwFs=&xsec_source=,https://sns-webpic-qc.xhscdn.com/202603251936/f2e892a58b59abfb8b79fab63254a6ca/1040g2sg31fb5jhc374jg5nlvgbrg81cngdef5io!nc_n_webp_mw_1,6265dc8fcb2c66245defad9000e9a7d9001714f7f4cf7e36578e35f132a0b817,https://www.xiaohongshu.com/search_result/67deb64b000000000703475d?xsec_token=ABy0jfgla1EBAQcJwGouauHxleleTLIyogqLxNE4ObwFs=&xsec_source=,否,否
小红书,小红书-全国旅游景区2.json,全国旅游景区2,5A级景区,如果走完全国的5A级景区，腿是不是就废了,Again张,https://www.xiaohongshu.com/user/profile/59100da95e87e77e54dce38f?channel_type=web_search_result_notes&parent_page_channel_type=web_profile_board&xsec_token=ABD3anFiywmQ0WhFhSep_I9dL8Goo-DOekQn88Kvf0V6I=&xsec_source=pc_search,2025-07-31,2025-07-31,2026-03-25,859,859,https://www.xiaohongshu.com/search_result?keyword=5A%25E7%25BA%25A7%25E6%2599%25AF%25E5%258C%25BA&source=web_explore_feed,https://www.xiaohongshu.com/search_result/688732390000000017031aa9?xsec_token=ABhWmJVbFjov8Li414cizgtrqvqRZDP58xx7YQADBuHuM=&xsec_source=,https://sns-webpic-qc.xhscdn.com/202603251936/069f85c4537ce9a92bb3299c76b4e57d/spectrum/1040g34o31kjpil4ej61049fmeh6qjosfpo6h630!nc_n_webp_mw_1,65f16cdf56e9fe32a8d8f011c0a5e8993631c44d08258bfa48bc7a95f8a26b22,https://www.xiaohongshu.com/search_result/688732390000000017031aa9?xsec_token=ABhWmJVbFjov8Li414cizgtrqvqRZDP58xx7YQADBuHuM=&xsec_source=,否,否
小红书,小红书-全国旅游景区2.json,全国旅游景区2,5A级景区,,西安打卡指南,https://www.xiaohongshu.com/user/profile/672da96d000000001d02d4c1?channel_type=web_search_result_notes&parent_page_channel_type=web_profile_board&xsec_token=ABuAJjmxdnbIjrrV8ZH6ZSycSRKTa69Z_TMmS79AY6wZw=&xsec_source=pc_search,2025-05-22,2025-05-22,2026-03-25,24,24,https://www.xiaohongshu.com/search_result?keyword=5A%25E7%25BA%25A7%25E6%2599%25AF%25E5%258C%25BA&source=web_explore_feed,https://www.xiaohongshu.com/search_result/682ef03e000000000f0303da?xsec_token=ABAul19yd7lQaVYytoShDOaol0CVjmGsk_CUJchoXn2vk=&xsec_source=,https://sns-webpic-qc.xhscdn.com/202603251936/7ca9168e837e798d0d4561fe28160de0/1040g2sg31hpg0tqcjuf05ppdl5mndl612cao1q0!nc_n_webp_mw_1,612cb4d50a48cad523b479330c868574eb1f7afcefc0956497628548667e37ee,https://www.xiaohongshu.com/search_result/682ef03e000000000f0303da?xsec_token=ABAul19yd7lQaVYytoShDOaol0CVjmGsk_CUJchoXn2vk=&xsec_source=,是,否
小红书,小红书-全国旅游景区2.json,全国旅游景区2,5A级景区,全中国最顶的十个5a景区，去过一半此生无憾,中国美景推荐,https://www.xiaohongshu.com/user/profile/67471f9b000000001d02d2df?channel_type=web_search_result_notes&parent_page_channel_type=web_profile_board&xsec_token=ABU9wxwUoWtTmuiacBQw4F4MGPfaSFRk5tnDC01ip2GCU=&xsec_source=pc_search,2025-06-19,2025-06-19,2026-03-25,1319,1319,https://www.xiaohongshu.com/search_result?keyword=5A%25E7%25BA%25A7%25E6%2599%25AF%25E5%258C%25BA&source=web_explore_feed,https://www.xiaohongshu.com/search_result/6853d95e000000000b02d7ef?xsec_token=ABBuBBQaPHGltMCS5PDPtQw4ecHGynVuTQGHYsc7XZeO0=&xsec_source=,https://sns-webpic-qc.xhscdn.com/202603251936/2e1e3190159f61fe3b65b0f365d07bfd/spectrum/1040g0k031itigbn11i005pq73udndkmv6t63ho8!nc_n_webp_mw_1,c463db64bd6f946972ec96f66f2d06eba6705fb5d0e171d9e5e2e5538e008c00,https://www.xiaohongshu.com/search_result/6853d95e000000000b02d7ef?xsec_token=ABBuBBQaPHGltMCS5PDPtQw4ecHGynVuTQGHYsc7XZeO0=&xsec_source=,否,否
小红书,小红书-全国旅游景区2.json,全国旅游景区2,5A级景区,这是我在新疆最喜欢的三个地方,长君,https://www.xiaohongshu.com/user/profile/62040099000000001000ff34?channel_type=web_search_result_notes&parent_page_channel_type=web_profile_board&xsec_token=ABT-qL5oymLoivI_xM4U16JFQXkJ4qFDWFIh2ag_55KWI=&xsec_source=pc_search,03-16,2026-03-16,2026-03-25,449,449,https://www.xiaohongshu.com/search_result?keyword=5A%25E7%25BA%25A7%25E6%2599%25AF%25E5%258C%25BA&source=web_explore_feed,https://www.xiaohongshu.com/search_result/69b5507a000000002202af21?xsec_token=ABY9EE42YTwHQagkHv0KQPE3RiI4zlFRw6YlR0sM57AG0=&xsec_source=,https://sns-webpic-qc.xhscdn.com/202603251936/8fc067e8f3d2cabe32b609539b1d939e/notes_pre_post/1040g3k831tmntffl72605og402ck1vpkkbrnpb8!nc_n_webp_mw_1,f07b99ce3a13e929d9d89699b38b67ce9d732d1ff2255239928bada6858295e5,https://www.xiaohongshu.com/search_result/69b5507a000000002202af21?xsec_token=ABY9EE42YTwHQagkHv0KQPE3RiI4zlFRw6YlR0sM57AG0=&xsec_source=,否,否
小红书,小红书-全国旅游景区2.json,全国旅游景区2,5A级景区,很失望的老牌5A级景区，突然变好玩了,木木小城游记,https://www.xiaohongshu.com/user/profile/5cad512f0000000016012541?channel_type=web_search_result_notes&parent_page_channel_type=web_profile_board&xsec_token=ABswZNqMb07jPK6bGwekjGavlqoTUU0ZYmBHJNWIyrYKE=&xsec_source=pc_search,02-19,2026-02-19,2026-03-25,462,462,https://www.xiaohongshu.com/search_result?keyword=5A%25E7%25BA%25A7%25E6%2599%25AF%25E5%258C%25BA&source=web_explore_feed,https://www.xiaohongshu.com/search_result/6996f435000000001d026ebb?xsec_token=ABjJw2jtIAGp8_rtuy1cMerb_HnoPYyrlLnHn2ptMe1dk=&xsec_source=,https://sns-webpic-qc.xhscdn.com/202603251936/394166bfb1e79db79780ba7ea854f4fe/notes_pre_post/1040g3k031sp3hn3hm2005n5da4nli9a1euu2q4o!nc_n_webp_mw_1,293d101eab18bdbfce0a6a0b1bc2116bf3d115a3c7b67fe62015f5b0dc876b12,https://www.xiaohongshu.com/search_result/6996f435000000001d026ebb?xsec_token=ABjJw2jtIAGp8_rtuy1cMerb_HnoPYyrlLnHn2ptMe1dk=&xsec_source=,否,否
小红书,小红书-全国旅游景区2.json,全国旅游景区2,5A级景区,,蔚蓝的天空,https://www.xiaohongshu.com/user/profile/62d6cf96000000000e00cc49?channel_type=web_search_result_notes&parent_page_channel_type=web_profile_board&xsec_token=AB1OqOZhHMb3Hnwv_b4eL10R6dNHJnKPVl5RLhlHUlktg=&xsec_source=pc_search,2025-10-19,2025-10-19,2026-03-25,19,19,https://www.xiaohongshu.com/search_result?keyword=5A%25E7%25BA%25A7%25E6%2599%25AF%25E5%258C%25BA&source=web_explore_feed,https://www.xiaohongshu.com/search_result/68f3b5d3000000000700be76?xsec_token=AB33bobCOtNZ0Dhe1qm1gRKvMLZGwRNkCXRgk8H3EEdvw=&xsec_source=,https://sns-webpic-qc.xhscdn.com/202603251936/5b5dca74280c33520a8ab981a9aa256e/notes_pre_post/1040g3k031nplv5k6ku6g5ommpub3hj29ce94c00!nc_n_webp_mw_1,b772021816abbca8456556042146bbf82ce1e42635996f575ade1e560a310234,https://www.xiaohongshu.com/search_result/68f3b5d3000000000700be76?xsec_token=AB33bobCOtNZ0Dhe1qm1gRKvMLZGwRNkCXRgk8H3EEdvw=&xsec_source=,是,否
小红书,小红书-全国旅游景区2.json,全国旅游景区2,5A级景区,江苏镇江 三山,云游梦想家,https://www.xiaohongshu.com/user/profile/682aa37e0000000018026cd9?channel_type=web_search_result_notes&parent_page_channel_type=web_profile_board&xsec_token=AB1VivpUrUhSsEMhnykxXZHNtYT_1EnScGpbaRGWlRv0A=&xsec_source=pc_search,2025-10-02,2025-10-02,2026-03-25,35,35,https://www.xiaohongshu.com/search_result?keyword=5A%25E7%25BA%25A7%25E6%2599%25AF%25E5%258C%25BA&source=web_explore_feed,https://www.xiaohongshu.com/search_result/68dba7c3000000000302e2c1?xsec_token=ABHnzqJI49jS1IuEM51edAGWWYpmKDOvyt2JFVcHJvXtE=&xsec_source=,https://sns-webpic-qc.xhscdn.com/202603251936/29f3c145bb2bc5f429008af067b24b63/spectrum/1040g34o31n269fpal28g5q1akdv64r6psa8rd40!nc_n_webp_mw_1,0b682328bf18951f79f4b7f608399d51e690f4331ff25d26218c5df2a23b6a3c,https://www.xiaohongshu.com/search_result/68dba7c3000000000302e2c1?xsec_token=ABHnzqJI49jS1IuEM51edAGWWYpmKDOvyt2JFVcHJvXtE=&xsec_source=,否,否
小红书,小红书-全国旅游景区2.json,全国旅游景区2,5A级景区,各省市5A级景区数量！,长安圣殿,https://www.xiaohongshu.com/user/profile/6666fb1d0000000003030922?channel_type=web_search_result_notes&parent_page_channel_type=web_profile_board&xsec_token=ABOVgpa9a_RQvgDwwf1CNziZMg5Ox1QAITblje_X8QTH4=&xsec_source=pc_search,2025-12-21,2025-12-21,2026-03-25,3,3,https://www.xiaohongshu.com/search_result?keyword=5A%25E7%25BA%25A7%25E6%2599%25AF%25E5%258C%25BA&source=web_explore_feed,https://www.xiaohongshu.com/search_result/6947c00b000000001e013788?xsec_token=ABZeCY_HHTf7E7Tr5UN9vIcvxUaxkgmdy-_kCu-fmSYhw=&xsec_source=,https://sns-webpic-qc.xhscdn.com/202603251936/8935fbaa42fd4a16fada669cafcaaf57/1040g2sg31qbodafin4s05pj6vcegu2925u1lsto!nc_n_webp_mw_1,ee5938be4156fb24efb33d967a0ba2084adb4deeedfc41f286ccde0676aedc66,https://www.xiaohongshu.com/search_result/6947c00b000000001e013788?xsec_token=ABZeCY_HHTf7E7Tr5UN9vIcvxUaxkgmdy-_kCu-fmSYhw=&xsec_source=,否,否
小红书,小红书-全国旅游景区2.json,全国旅游景区2,5A级景区,你心中的天花板是哪个？,亿点点百科,https://www.xiaohongshu.com/user/profile/5df0aff40000000001002159?channel_type=web_search_result_notes&parent_page_channel_type=web_profile_board&xsec_token=ABi9G6R0N7Wzll-ujRr_mT84a44sD5ayxMhxD6Y0qumfQ=&xsec_source=pc_search,03-02,2026-03-02,2026-03-25,4190,4190,https://www.xiaohongshu.com/search_result?keyword=5A%25E7%25BA%25A7%25E6%2599%25AF%25E5%258C%25BA&source=web_explore_feed,https://www.xiaohongshu.com/search_result/69a5074a000000001d010ba8?xsec_token=ABDSFwEzuai9s-wQtQ6_0Ef6CXb-TxYEXo34JMwGjB6BE=&xsec_source=,https://sns-webpic-qc.xhscdn.com/202603251936/10ab0dfbc5a85e8ff501a010c7de426b/spectrum/1040g0k031t6rc8omla005nfglvq088apvgfggf0!nc_n_webp_mw_1,4d34f671a0b2dcbd228dc3a4b4d828af7dce69bb0b7b83cd1e00c2623537c190,https://www.xiaohongshu.com/search_result/69a5074a000000001d010ba8?xsec_token=ABDSFwEzuai9s-wQtQ6_0Ef6CXb-TxYEXo34JMwGjB6BE=&xsec_source=,否,否
小红书,小红书-全国旅游景区2.json,全国旅游景区2,5A级景区,全国5A级景区名单,去玩吧5186,https://www.xiaohongshu.com/user/profile/6541f26a000000000301fc85?channel_type=web_search_result_notes&parent_page_channel_type=web_profile_board&xsec_token=AB0cjscERY_s_TebzcoAVhUgynJ1fxCheGhk4wEwPr8bw=&xsec_source=pc_search,01-03,2026-01-03,2026-03-25,4,4,https://www.xiaohongshu.com/search_result?keyword=5A%25E7%25BA%25A7%25E6%2599%25AF%25E5%258C%25BA&source=web_explore_feed,https://www.xiaohongshu.com/search_result/69578b0e000000002202d2b3?xsec_token=ABeL_X4NUq-LFNpdHacAn9yLH9sCIiRFc51SvnkCD7vuI=&xsec_source=,https://sns-webpic-qc.xhscdn.com/202603251936/d6dcadf765b3e53cea63c4628fed8fd7/spectrum/1040g34o31qrdvsapn20g5pa1u9l0rv45v0oer90!nc_n_webp_mw_1,4b706a1ea76086c28c42dfb4c0e91088fd9f7adbd3ced13f93aee79d5dcb1b11,https://www.xiaohongshu.com/search_result/69578b0e000000002202d2b3?xsec_token=ABeL_X4NUq-LFNpdHacAn9yLH9sCIiRFc51SvnkCD7vuI=&xsec_source=,否,否
小红书,小红书-全国旅游景区2.json,全国旅游景区2,5A级景区,,豆得儿豆,https://www.xiaohongshu.com/user/profile/5b572f0211be101b44175e4b?channel_type=web_search_result_notes&parent_page_channel_type=web_profile_board&xsec_token=ABUKmdYtZWoVSEaXQ1U6-5M3LvLDWTpXTENzdksNFYSP0=&xsec_source=pc_search,02-12,2026-02-12,2026-03-25,76,76,https://www.xiaohongshu.com/search_result?keyword=5A%25E7%25BA%25A7%25E6%2599%25AF%25E5%258C%25BA&source=web_explore_feed,https://www.xiaohongshu.com/search_result/698d91080000000015023455?xsec_token=AB_ZQYyOz-3qSdyWmkaQssICrkad56f052A2P4Zwm_lZQ=&xsec_source=,https://sns-webpic-qc.xhscdn.com/202603251936/246f89b6d35c3d987e6581e4fe7c2285/1040g2sg31sfu5djnlke04a7fa3ng4nib4g2eiko!nc_n_webp_mw_1,aaca44803f5f149a32d26913d12347b0d1a3f4d99fbbff5e6caf8c4b1694889b,https://www.xiaohongshu.com/search_result/698d91080000000015023455?xsec_token=AB_ZQYyOz-3qSdyWmkaQssICrkad56f052A2P4Zwm_lZQ=&xsec_source=,是,否
小红书,小红书-全国旅游景区2.json,全国旅游景区2,5A级景区,中国含金量超高的18个5A景区,静儿,https://www.xiaohongshu.com/user/profile/68aabfa7000000001900f6c9?channel_type=web_search_result_notes&parent_page_channel_type=web_profile_board&xsec_token=ABFlxkw2YLZ_8CRei4KhjevrvSHF_seGVkaEVol8JdgGw=&xsec_source=pc_search,02-18,2026-02-18,2026-03-25,73,73,https://www.xiaohongshu.com/search_result?keyword=5A%25E7%25BA%25A7%25E6%2599%25AF%25E5%258C%25BA&source=web_explore_feed,https://www.xiaohongshu.com/search_result/6990270d000000000b01352b?xsec_token=ABSsu-0JYWmoDoZW4g0rSIJKMjq8JVuYBt38VaMhsMSSc=&xsec_source=,https://sns-webpic-qc.xhscdn.com/202603251936/7f9ed67de29473ae45cd0fb3ab0d9a76/1040g2sg31sierrea5eeg5q5anujm9tm94atugs8!nc_n_webp_mw_1,f36722c1de9d16181afe94851bc0f1683cb7f136b95f29afdb6fee0a82f1bdd7,https://www.xiaohongshu.com/search_result/6990270d000000000b01352b?xsec_token=ABSsu-0JYWmoDoZW4g0rSIJKMjq8JVuYBt38VaMhsMSSc=&xsec_source=,否,否
小红书,小红书-全国旅游景区2.json,全国旅游景区2,5A级景区,跟风去了九寨沟，网上营销吹的太猛了！,大金子梦想环游世界,https://www.xiaohongshu.com/user/profile/60ff0bca00000000010080fa?channel_type=web_search_result_notes&parent_page_channel_type=web_profile_board&xsec_token=ABE3M8Bm0sZNmztFCYCy29IK-Vbc_Q9S1pAERxCS05jF0=&xsec_source=pc_search,2025-12-08,2025-12-08,2026-03-25,1447,1447,https://www.xiaohongshu.com/search_result?keyword=5A%25E7%25BA%25A7%25E6%2599%25AF%25E5%258C%25BA&source=web_explore_feed,https://www.xiaohongshu.com/search_result/69356f35000000001e00c08a?xsec_token=ABNAWfcwn4zvjjpBrow-789_Dp3DhjtxMbrH_rIBEIQCs=&xsec_source=,https://sns-webpic-qc.xhscdn.com/202603251936/2a87c1b136bc456b69a8d6bed4077131/1040g2sg31pqk2skl54005o7v1f50907qhtt5v50!nc_n_webp_mw_1,ca9a9d18eeff6e3f9d4a800f53707746a116bc648d104e604354eaf57901af9e,https://www.xiaohongshu.com/search_result/69356f35000000001e00c08a?xsec_token=ABNAWfcwn4zvjjpBrow-789_Dp3DhjtxMbrH_rIBEIQCs=&xsec_source=,否,否
小红书,小红书-全国旅游景区2.json,全国旅游景区2,5A级景区,全国5A景区前五名，评为5A是上限只到5A,旅行推荐小樱,https://www.xiaohongshu.com/user/profile/5affbf1ae8ac2b21d8409e44?channel_type=web_search_result_notes&parent_page_channel_type=web_profile_board&xsec_token=ABhEHCV_pLRR3sWMJqbh4pG7jVRzPw0hNMr8qPSe9hKJk=&xsec_source=pc_search,03-05,2026-03-05,2026-03-25,34,34,https://www.xiaohongshu.com/search_result?keyword=5A%25E7%25BA%25A7%25E6%2599%25AF%25E5%258C%25BA&source=web_explore_feed,https://www.xiaohongshu.com/search_result/69a948d7000000001b015ee8?xsec_token=ABiVc_7tees-hHAGAwZNWo7dWAWQwi-QE4TmuxOdurPgw=&xsec_source=,https://sns-webpic-qc.xhscdn.com/202603251936/bc3d23dc545314a474d497f44e306058/1040g00831tb0bho3m8004a5f1uvhl7i415vl4po!nc_n_webp_mw_1,492be6d45f2c65771b701585dbfbea9fd8b62ded5e91691fef7f8a75f615c83d,https://www.xiaohongshu.com/search_result/69a948d7000000001b015ee8?xsec_token=ABiVc_7tees-hHAGAwZNWo7dWAWQwi-QE4TmuxOdurPgw=&xsec_source=,否,否
小红书,小红书-全国旅游景区2.json,全国旅游景区2,5A级景区,,旅行家_卡卡西,https://www.xiaohongshu.com/user/profile/688f31c7000000002802a66b?channel_type=web_search_result_notes&parent_page_channel_type=web_profile_board&xsec_token=ABGfcyWk2KDrhbzEq4p4wFRuAOLUO9iXlVPYIa7Nyb3Is=&xsec_source=pc_search,2025-12-28,2025-12-28,2026-03-25,32,32,https://www.xiaohongshu.com/search_result?keyword=5A%25E7%25BA%25A7%25E6%2599%25AF%25E5%258C%25BA&source=web_explore_feed,https://www.xiaohongshu.com/search_result/6950fc78000000001e02885b?xsec_token=ABeEulHDm2cMBMEsZIgKPweA-oHRsZperoI30dL0Ve83w=&xsec_source=,https://sns-webpic-qc.xhscdn.com/202603251936/225b66795ef44e246260a8a6abb054d9/1040g2sg31qkp0267nue05q4f673q59jb9nle4qo!nc_n_webp_mw_1,fc515dc360ae32c2423e393f43b84ec2a8e8687453def439214e0ad5d5e39b0f,https://www.xiaohongshu.com/search_result/6950fc78000000001e02885b?xsec_token=ABeEulHDm2cMBMEsZIgKPweA-oHRsZperoI30dL0Ve83w=&xsec_source=,是,否
小红书,小红书-全国旅游景区2.json,全国旅游景区2,5A级景区,强推武夷山,晓亮（走起）,https://www.xiaohongshu.com/user/profile/5806401a50c4b42bf12f1009?channel_type=web_search_result_notes&parent_page_channel_type=web_profile_board&xsec_token=ABdm9qZllxJstYp3e4CqAajRbUR0rzfDQbXDnhYgqpc-4=&xsec_source=pc_search,03-12,2026-03-12,2026-03-25,1866,1866,https://www.xiaohongshu.com/search_result?keyword=5A%25E7%25BA%25A7%25E6%2599%25AF%25E5%258C%25BA&source=web_explore_feed,https://www.xiaohongshu.com/search_result/69b2938600000000090221e5?xsec_token=AB2CfFqaYiQohWioVuou-0LGHP1hmkOJI_78LJq4wL1hw=&xsec_source=,https://sns-webpic-qc.xhscdn.com/202603251936/e45d2807e9129e9843a881de20395822/1040g2sg31tk2i7el7q7g48pnnl01k409n7lvr98!nc_n_webp_mw_1,a61600326dc9bd6abdf9e016a02032442188832c875a3ffcde5c3f11634d4285,https://www.xiaohongshu.com/search_result/69b2938600000000090221e5?xsec_token=AB2CfFqaYiQohWioVuou-0LGHP1hmkOJI_78LJq4wL1hw=&xsec_source=,否,否
小红书,小红书-全国旅游景区2.json,全国旅游景区2,5A级景区,【5A中国】第13期：河北13个5A景区,行夫走卒,https://www.xiaohongshu.com/user/profile/5b76605432f514000161a4ac?channel_type=web_search_result_notes&parent_page_channel_type=web_profile_board&xsec_token=AB4ihxsbrC8wAfUXOA_Vqeifc1vaM1yXb27jHuxBL8vLg=&xsec_source=pc_search,2025-11-23,2025-11-23,2026-03-25,384,384,https://www.xiaohongshu.com/search_result?keyword=5A%25E7%25BA%25A7%25E6%2599%25AF%25E5%258C%25BA&source=web_explore_feed,https://www.xiaohongshu.com/search_result/6922dd7d000000001e023e83?xsec_token=ABvSg5AsVyFVAkOmOvlPvD71adbKg5RRIbCUCM5OFWlHw=&xsec_source=,https://sns-webpic-qc.xhscdn.com/202603251936/1edace13df3c89f52bb0e82b5b13bb58/spectrum/1040g0k031p7nj8b6i8004affgjg5995cbm10mq0!nc_n_webp_mw_1,ea253b1590e553d7d8692c638030143f11163a38c5a14a43ac6b207b40683103,https://www.xiaohongshu.com/search_result/6922dd7d000000001e023e83?xsec_token=ABvSg5AsVyFVAkOmOvlPvD71adbKg5RRIbCUCM5OFWlHw=&xsec_source=,否,否
小红书,小红书-全国旅游景区2.json,全国旅游景区2,5A级景区,大美中国之湖北15大5A景区,驴友假期带你去旅行,https://www.xiaohongshu.com/user/profile/611af611000000000100813c?channel_type=web_search_result_notes&parent_page_channel_type=web_profile_board&xsec_token=ABP3gXiXPXEUqEbc5LgloacGeMAT139Szqtf1b_5NmwWQ=&xsec_source=pc_search,2025-04-07,2025-04-07,2026-03-25,23,23,https://www.xiaohongshu.com/search_result?keyword=5A%25E7%25BA%25A7%25E6%2599%25AF%25E5%258C%25BA&source=web_explore_feed,https://www.xiaohongshu.com/search_result/67f34a95000000001202eb8d?xsec_token=ABKrGR_0-dRMiAT2qsxQHkN97d7G5Nng00IDakomwgIHg=&xsec_source=,https://sns-webpic-qc.xhscdn.com/202603251936/33a5bb3e8fb110bfd4fc9f179c891a10/1040g2sg31fv9224s0cd05o8quo8g909su1eeuh0!nc_n_webp_mw_1,4aeb188f04942ca84a8d92c4beb59e04d241c8d963d7f0f9c1ce77e49febcb45,https://www.xiaohongshu.com/search_result/67f34a95000000001202eb8d?xsec_token=ABKrGR_0-dRMiAT2qsxQHkN97d7G5Nng00IDakomwgIHg=&xsec_source=,否,否
小红书,小红书-全国旅游景区2.json,全国旅游景区2,5A级景区,重庆十二大5A景区，你最想去哪一个？,YH-Travel,https://www.xiaohongshu.com/user/profile/67007940000000001d0332be?channel_type=web_search_result_notes&parent_page_channel_type=web_profile_board&xsec_token=AB3XhLf8f1OlzYntPjoRUwmy6x3vsCS7VfNTDwULTiZWY=&xsec_source=pc_search,01-04,2026-01-04,2026-03-25,1328,1328,https://www.xiaohongshu.com/search_result?keyword=5A%25E7%25BA%25A7%25E6%2599%25AF%25E5%258C%25BA&source=web_explore_feed,https://www.xiaohongshu.com/search_result/695a097a000000001e02a8c4?xsec_token=ABS4HvhUxzDsfUgk6uUT2vfNttXWEJIjJ3louIhUcefBk=&xsec_source=,https://sns-webpic-qc.xhscdn.com/202603251936/4f2b2ff9e06754c681cea834c68481be/notes_pre_post/1040g3k831qtjr56s0a005po0f507eclu2nlhdl0!nc_n_webp_mw_1,4508c6dbb0efbb82e94f48e7b59e13ffcffbca54b14e086b49d7e17de93d1055,https://www.xiaohongshu.com/search_result/695a097a000000001e02a8c4?xsec_token=ABS4HvhUxzDsfUgk6uUT2vfNttXWEJIjJ3louIhUcefBk=&xsec_source=,否,否
小红书,小红书-全国旅游景区2.json,全国旅游景区2,5A级景区,,小亚的旅游日记,https://www.xiaohongshu.com/user/profile/6845582c000000001e002cf7?channel_type=web_search_result_notes&parent_page_channel_type=web_profile_board&xsec_token=ABRTrK_6JsUw8TO3RdfGe9ERbAJTM5Z-M77lcQumX7Uss=&xsec_source=pc_search,2025-09-19,2025-09-19,2026-03-25,61,61,https://www.xiaohongshu.com/search_result?keyword=5A%25E7%25BA%25A7%25E6%2599%25AF%25E5%258C%25BA&source=web_explore_feed,https://www.xiaohongshu.com/search_result/68cd284400000000130175ea?xsec_token=ABZbgCzPD6mDEnIdnuzt-p3bBpGYqXkJeTwRXkv2U-i_s=&xsec_source=,https://sns-webpic-qc.xhscdn.com/202603251936/ceee541560665b2b9293409d0cb95357/1040g2sg31mk1c2dimgk05q25b0m7gb7nlsv66fg!nc_n_webp_mw_1,decfd935e53e5f04294a888265b017440c50f141f45ecfad236507b2081748f2,https://www.xiaohongshu.com/search_result/68cd284400000000130175ea?xsec_token=ABZbgCzPD6mDEnIdnuzt-p3bBpGYqXkJeTwRXkv2U-i_s=&xsec_source=,是,否
小红书,小红书-全国旅游景区2.json,全国旅游景区2,5A级景区,,七七爱旅游,https://www.xiaohongshu.com/user/profile/647cf5ff000000001001c226?channel_type=web_search_result_notes&parent_page_channel_type=web_profile_board&xsec_token=ABBgeSD64vXVvCeXlltIJEFKD3K5JqOwFSmL-5Cj4rFfM=&xsec_source=pc_search,2025-06-30,2025-06-30,2026-03-25,86,86,https://www.xiaohongshu.com/search_result?keyword=5A%25E7%25BA%25A7%25E6%2599%25AF%25E5%258C%25BA&source=web_explore_feed,https://www.xiaohongshu.com/search_result/6862930b000000000b01d356?xsec_token=ABciwDZZ5Le6BJo7vLHlRbQ7sdDk5IuaWNRoRmojLUnQU=&xsec_source=,https://sns-webpic-qc.xhscdn.com/202603251936/b8061f7c14b5149853faf46a394bcc00/1040g2sg31jbuks4u2e705p3sunvk3gh65r74528!nc_n_webp_mw_1,58f80970571b032a6b352a65203d5f99b480b1d7ef8d4a69871089fb5a9ce2ae,https://www.xiaohongshu.com/search_result/6862930b000000000b01d356?xsec_token=ABciwDZZ5Le6BJo7vLHlRbQ7sdDk5IuaWNRoRmojLUnQU=&xsec_source=,是,否
小红书,小红书-全国旅游景区2.json,全国旅游景区2,5A级景区,这10大景点最有希望升6A，你同意吗？,超奇说旅游,https://www.xiaohongshu.com/user/profile/6811d412000000000500d742?channel_type=web_search_result_notes&parent_page_channel_type=web_profile_board&xsec_token=ABt7rz1c__lv6hJzHVx5ACh7qTyC4-Tv7KfpCCXVF8mbA=&xsec_source=pc_search,03-12,2026-03-12,2026-03-25,784,784,https://www.xiaohongshu.com/search_result?keyword=5A%25E7%25BA%25A7%25E6%2599%25AF%25E5%258C%25BA&source=web_explore_feed,https://www.xiaohongshu.com/search_result/69b29cd20000000026031823?xsec_token=AB2CfFqaYiQohWioVuou-0LB4UkyV7_FK19tWUagOCENg=&xsec_source=,https://sns-webpic-qc.xhscdn.com/202603251936/2299994417b241a8119ae834e266a79e/spectrum/1040g0k031tk2ohcrmk005q0hqg919lq2i7qmddo!nc_n_webp_mw_1,de2080f0e2bf469114cc646e516c0a987a501287e6cbbeb47da47566e8c0b49f,https://www.xiaohongshu.com/search_result/69b29cd20000000026031823?xsec_token=AB2CfFqaYiQohWioVuou-0LB4UkyV7_FK19tWUagOCENg=&xsec_source=,否,否
小红书,小红书-全国旅游景区2.json,全国旅游景区2,5A级景区,它是贵州唯一不收门票的5A级景区,WUJIANG航拍,https://www.xiaohongshu.com/user/profile/641c227b00000000140116c5?channel_type=web_search_result_notes&parent_page_channel_type=web_profile_board&xsec_token=AB7RfjAZxrKUpfU0KbHrIZM1xJF6uzuN15asPnxGy-4SQ=&xsec_source=pc_search,2025-04-12,2025-04-12,2026-03-25,1978,1978,https://www.xiaohongshu.com/search_result?keyword=5A%25E7%25BA%25A7%25E6%2599%25AF%25E5%258C%25BA&source=web_explore_feed,https://www.xiaohongshu.com/search_result/67f9dc22000000001c00801d?xsec_token=ABjLrBOOc0PN9fA897tHdgoSl2KbTcLME58eMFy3wlyyU=&xsec_source=,https://sns-webpic-qc.xhscdn.com/202603251936/4f268ef63fd63111b46c8467751ae499/spectrum/1040g0k031g5mbm44h8005p0s49tl25m5ad5udog!nc_n_webp_mw_1,4d1822869c1239d94a4c585f9f128cfd0adfc7946d581260ef56823f29766638,https://www.xiaohongshu.com/search_result/67f9dc22000000001c00801d?xsec_token=ABjLrBOOc0PN9fA897tHdgoSl2KbTcLME58eMFy3wlyyU=&xsec_source=,否,否
小红书,小红书-全国旅游景区2.json,全国旅游景区2,5A级景区,,中国旅游指南,https://www.xiaohongshu.com/user/profile/656095b3000000000202ab7b?channel_type=web_search_result_notes&parent_page_channel_type=web_profile_board&xsec_token=ABxlC8AySJ7PYc4ANOOlRH3gaJr0UNBOP7zvvWEiYqUo0=&xsec_source=pc_search,2025-07-06,2025-07-06,2026-03-25,37,37,https://www.xiaohongshu.com/search_result?keyword=5A%25E7%25BA%25A7%25E6%2599%25AF%25E5%258C%25BA&source=web_explore_feed,https://www.xiaohongshu.com/search_result/6868bc21000000000d01ad33?xsec_token=ABV6GApdq5uDUor5ou9ilCMiCbSSmNXzakNih-jDQyNG8=&xsec_source=,https://sns-webpic-qc.xhscdn.com/202603251936/81d5a980b847c078cac146606b97bda6/spectrum/1040g34o31jhv4gv336105pb0impglarr67b5vmg!nc_n_webp_mw_1,63d69c81df8c25d842735bd804c9f3010dd988ac079606e53fedcfdc5df6c348,https://www.xiaohongshu.com/search_result/6868bc21000000000d01ad33?xsec_token=ABV6GApdq5uDUor5ou9ilCMiCbSSmNXzakNih-jDQyNG8=&xsec_source=,是,否
小红书,小红书-全国旅游景区2.json,全国旅游景区2,5A级景区,含金量超高的4个5A级景区！！,幻想家Komorebi,https://www.xiaohongshu.com/user/profile/633c1834000000001901ed13?channel_type=web_search_result_notes&parent_page_channel_type=web_profile_board&xsec_token=ABU4zrKRtAo-uABiNULnyim4UWPXad0r8fAb1cyUrxIMw=&xsec_source=pc_search,2025-01-01,2025-01-01,2026-03-25,44,44,https://www.xiaohongshu.com/search_result?keyword=5A%25E7%25BA%25A7%25E6%2599%25AF%25E5%258C%25BA&source=web_explore_feed,https://www.xiaohongshu.com/search_result/6775155c000000000b020a8d?xsec_token=ABQjEpvL0MYG44IJpJukKc56ouuxvatcrSVeG5EvW_Yu0=&xsec_source=,https://sns-webpic-qc.xhscdn.com/202603251936/b5bdc8e98668e03b9eb9a0c3007c136b/1040g00831c4137oogk605ops30q6br8jra42uvg!nc_n_webp_mw_1,e1eed206b6f4aa35c05bf2bef2c1c279cc4d71b061823d137167d39718408e9e,https://www.xiaohongshu.com/search_result/6775155c000000000b020a8d?xsec_token=ABQjEpvL0MYG44IJpJukKc56ouuxvatcrSVeG5EvW_Yu0=&xsec_source=,否,否
小红书,小红书-全国旅游景区2.json,全国旅游景区2,5A级景区,5A级景区是景区的上限 而不是九寨沟的上限.,咕咕治愈风景,https://www.xiaohongshu.com/user/profile/6065a22a000000000100bed4?channel_type=web_search_result_notes&parent_page_channel_type=web_profile_board&xsec_token=ABYyALtRcQOnJ3Fv3l8KudpZj5IJuYGVEcbtp4yssqpBw=&xsec_source=pc_search,2025-07-31,2025-07-31,2026-03-25,831,831,https://www.xiaohongshu.com/search_result?keyword=5A%25E7%25BA%25A7%25E6%2599%25AF%25E5%258C%25BA&source=web_explore_feed,https://www.xiaohongshu.com/search_result/688b220f0000000023028ac0?xsec_token=ABRDjQaBvNvBN6TZUHyhLUhjipwAJev-hwu8zlEqF7tLw=&xsec_source=,https://sns-webpic-qc.xhscdn.com/202603251936/0ae4c357663b34d67e5c427afa575b38/1040g00831kjb58rv2u005o35k8l09fmk7afa740!nc_n_webp_mw_1,1e402cf70703e7dd5b3707715a90dfdcbfc8684b3ae1089df87eb5b741408547,https://www.xiaohongshu.com/search_result/688b220f0000000023028ac0?xsec_token=ABRDjQaBvNvBN6TZUHyhLUhjipwAJev-hwu8zlEqF7tLw=&xsec_source=,否,否
小红书,小红书-全国旅游景区2.json,全国旅游景区2,5A级景区,绝对是浙江严重被低估的5A级景区|人少景美,白日梦想家王小异,https://www.xiaohongshu.com/user/profile/66a0d5f1000000002401d7e9?channel_type=web_search_result_notes&parent_page_channel_type=web_profile_board&xsec_token=AB4rayGsH5AsVuADQ9y45DtL69TkvUcCtoMa1LcwS3QIU=&xsec_source=pc_search,2025-02-11,2025-02-11,2026-03-25,7280,7280,https://www.xiaohongshu.com/search_result?keyword=5A%25E7%25BA%25A7%25E6%2599%25AF%25E5%258C%25BA&source=web_explore_feed,https://www.xiaohongshu.com/search_result/676ea196000000000800d1ee?xsec_token=AB7TWTGUlQO1MVXO3NYkUKFN5e1YmrSa47uZHjAEVWzuQ=&xsec_source=,https://sns-webpic-qc.xhscdn.com/202603251936/4967d4287a5e6e46d46ab56d8c0c1ca1/1040g00831dp1rqub10005pl0qnop3lv9bjhaqo8!nc_n_webp_mw_1,8f93c5aab90a166cd3a345a6bb81900aab319099657fd48f98da77e33d3b3ec0,https://www.xiaohongshu.com/search_result/676ea196000000000800d1ee?xsec_token=AB7TWTGUlQO1MVXO3NYkUKFN5e1YmrSa47uZHjAEVWzuQ=&xsec_source=,否,否
小红书,小红书-全国旅游景区2.json,全国旅游景区2,5A级景区,国家5A级旅游景区标志,山水间,https://www.xiaohongshu.com/user/profile/68175548000000000e010e03?channel_type=web_search_result_notes&parent_page_channel_type=web_profile_board&xsec_token=ABrhIxYbqhanXVzuc_qpta1W4wT_c8VoAiReWptLanaYs=&xsec_source=pc_search,2025-05-26,2025-05-26,2026-03-25,4,4,https://www.xiaohongshu.com/search_result?keyword=5A%25E7%25BA%25A7%25E6%2599%25AF%25E5%258C%25BA&source=web_explore_feed,https://www.xiaohongshu.com/search_result/68342f800000000023016dd7?xsec_token=ABNNIWqzWQ-9he6Crv0bxlAzHbEdhGL-viIaE8ySfPifE=&xsec_source=,https://sns-webpic-qc.xhscdn.com/202603251936/b8a00af34c2ab0323a04a4e5c28b869f/notes_pre_post/1040g3k831hu5b3dgkqi05q0nal43i3g3qd72sio!nc_n_webp_mw_1,cfccd96003e254b2b7021142a498e9803e59a17c22a3e317eb7a85c6d175dab7,https://www.xiaohongshu.com/search_result/68342f800000000023016dd7?xsec_token=ABNNIWqzWQ-9he6Crv0bxlAzHbEdhGL-viIaE8ySfPifE=&xsec_source=,否,否
小红书,小红书-全国旅游景区2.json,全国旅游景区2,5A级景区,中国最美十大5A级景区,驴友假期带你去旅行,https://www.xiaohongshu.com/user/profile/611af611000000000100813c?channel_type=web_search_result_notes&parent_page_channel_type=web_profile_board&xsec_token=ABP3gXiXPXEUqEbc5LgloacGeMAT139Szqtf1b_5NmwWQ=&xsec_source=pc_search,2025-04-04,2025-04-04,2026-03-25,48,48,https://www.xiaohongshu.com/search_result?keyword=5A%25E7%25BA%25A7%25E6%2599%25AF%25E5%258C%25BA&source=web_explore_feed,https://www.xiaohongshu.com/search_result/67efaee9000000001c012fe7?xsec_token=ABscsyx24BBDeRQHnv7WD1ri3UZd4kzUIa7nYAUsO20Ok=&xsec_source=,https://sns-webpic-qc.xhscdn.com/202603251936/c9d9afaea3262fc762109140ab2ec715/1040g2sg31fro9lhmnedg5o8quo8g909sv65s8k0!nc_n_webp_mw_1,3a561457aa39c02cbd36a07f06fdec22d84c0842f82eb988be7e7e9b3bff8246,https://www.xiaohongshu.com/search_result/67efaee9000000001c012fe7?xsec_token=ABscsyx24BBDeRQHnv7WD1ri3UZd4kzUIa7nYAUsO20Ok=&xsec_source=,否,否
小红书,小红书-全国旅游景区2.json,全国旅游景区2,5A级景区,湖南被严重低估的5A景区 邵阳崀山,小白哥和王有路,https://www.xiaohongshu.com/user/profile/6532230b000000002a036761?channel_type=web_search_result_notes&parent_page_channel_type=web_profile_board&xsec_token=ABZNDQLwEfOL8M0HngKUJIHdNU6Rc6U5GNjp2zyQxc30Y=&xsec_source=pc_search,6天前,2026-03-19,2026-03-25,722,722,https://www.xiaohongshu.com/search_result?keyword=5A%25E7%25BA%25A7%25E6%2599%25AF%25E5%258C%25BA&source=web_explore_feed,https://www.xiaohongshu.com/search_result/69ba4d3c000000001f001fe6?xsec_token=AB0y8n16ucw_8Er5fiM5RIXzWu3Wwc9QzG0u6zg8LBwZY=&xsec_source=,https://sns-webpic-qc.xhscdn.com/202603251936/a20326adee21e510e25acde9da6041aa/spectrum/1040g34o31trk58h6mi105p9i4c5qmpr1iqkratg!nc_n_webp_mw_1,8d36e9966b43aa405764c0e7c382a9df251af231aabe6a2468a9bc0023f88dbb,https://www.xiaohongshu.com/search_result/69ba4d3c000000001f001fe6?xsec_token=AB0y8n16ucw_8Er5fiM5RIXzWu3Wwc9QzG0u6zg8LBwZY=&xsec_source=,否,否
小红书,小红书-全国旅游景区2.json,全国旅游景区2,5A级景区,全国5A级景区，哪些值得去,溜溜达达鸭,https://www.xiaohongshu.com/user/profile/646702a700000000100273c7?channel_type=web_search_result_notes&parent_page_channel_type=web_profile_board&xsec_token=ABEDsynYyerBW7uCQlpH78DffHMNYtd2ln2clZvYUWYTM=&xsec_source=pc_search,2025-08-19,2025-08-19,2026-03-25,898,898,https://www.xiaohongshu.com/search_result?keyword=5A%25E7%25BA%25A7%25E6%2599%25AF%25E5%258C%25BA&source=web_explore_feed,https://www.xiaohongshu.com/search_result/68947950000000000400161f?xsec_token=AB80m-t8insjYaOuDbW1EM1HGAW0TRz3oWXJg6S0N4RIw=&xsec_source=,https://sns-webpic-qc.xhscdn.com/202603251936/8f1b73414d45f45be795381dfce4fab7/notes_pre_post/1040g3k031ksloj5t30005p370ajk4su7vhifsng!nc_n_webp_mw_1,9d124dd7dd19008dee954096d001c049518f53f5131141be25ceed57c4953ed6,https://www.xiaohongshu.com/search_result/68947950000000000400161f?xsec_token=AB80m-t8insjYaOuDbW1EM1HGAW0TRz3oWXJg6S0N4RIw=&xsec_source=,否,否
小红书,小红书-全国旅游景区2.json,全国旅游景区2,5A级景区,5A是评级的上限 不是九寨沟的上限,C位小师妹,https://www.xiaohongshu.com/user/profile/5d326b1a0000000011014ebf?channel_type=web_search_result_notes&parent_page_channel_type=web_profile_board&xsec_token=AB2eHy_0SEdEsVoaSlsP3ND7PpEQXOzgikW7v22dvqStA=&xsec_source=pc_search,01-20,2026-01-20,2026-03-25,1148,1148,https://www.xiaohongshu.com/search_result?keyword=5A%25E7%25BA%25A7%25E6%2599%25AF%25E5%258C%25BA&source=web_explore_feed,https://www.xiaohongshu.com/search_result/696f448b000000002202eb77?xsec_token=AB77uzi0EerVRpy94KBEYAZ9pdKa4iy5dLG1N1qJQMpoc=&xsec_source=,https://sns-webpic-qc.xhscdn.com/202603251936/f39c2f9f7b392f175780f50f5df35f9b/spectrum/1040g0k031ribbie3i8105n9idcd4ajlvpih13g0!nc_n_webp_mw_1,5159e64efd6671f4fb7160c6c1fd52b04540d4f5334a44365557d2a3be8ce801,https://www.xiaohongshu.com/search_result/696f448b000000002202eb77?xsec_token=AB77uzi0EerVRpy94KBEYAZ9pdKa4iy5dLG1N1qJQMpoc=&xsec_source=,否,否
小红书,小红书-全国旅游景区2.json,全国旅游景区2,5A级景区,四川省5A级景区分布图,昭华历史,https://www.xiaohongshu.com/user/profile/65fcfb9e000000000600ddf1?channel_type=web_search_result_notes&parent_page_channel_type=web_profile_board&xsec_token=ABGLM0dE9aqmClr6oODE35q1Nzvky0TIU8cQ6DHT3nKbo=&xsec_source=pc_search,2025-04-18,2025-04-18,2026-03-25,486,486,https://www.xiaohongshu.com/search_result?keyword=5A%25E7%25BA%25A7%25E6%2599%25AF%25E5%258C%25BA&source=web_explore_feed,https://www.xiaohongshu.com/search_result/6802103200000000090177bd?xsec_token=ABOjRRGRmuKJZUaIVvMpcwSaaKNU2i8arWGl6EJHjWnBo=&xsec_source=,https://sns-webpic-qc.xhscdn.com/202603251936/226f1b616345b41fc76721e8698435ab/notes_pre_post/1040g3k831gdmi77n3odg5pfsvef1hnfh6vo9gao!nc_n_webp_mw_1,b1bd860bc516a2f763938ec49bfff9ebc48a4d0888f91b4f59207059c1506674,https://www.xiaohongshu.com/search_result/6802103200000000090177bd?xsec_token=ABOjRRGRmuKJZUaIVvMpcwSaaKNU2i8arWGl6EJHjWnBo=&xsec_source=,否,否
小红书,小红书-全国旅游景区2.json,全国旅游景区2,5A级景区,闹市里的5A级景区-白云山，果然没让我失望,雪菱-旅行与美,https://www.xiaohongshu.com/user/profile/6688b80f000000000f0366b5?channel_type=web_search_result_notes&parent_page_channel_type=web_profile_board&xsec_token=AB2bnOa0qTkAyn5mzqllIP466UPZUp_EZxsyBa_kj3CWk=&xsec_source=pc_search,2025-08-21,2025-08-21,2026-03-25,18,18,https://www.xiaohongshu.com/search_result?keyword=5A%25E7%25BA%25A7%25E6%2599%25AF%25E5%258C%25BA&source=web_explore_feed,https://www.xiaohongshu.com/search_result/68a6e206000000001d0282f0?xsec_token=AB5kQ0T-g0eLbs9edcIB1YlM3L511YS51dDe_C0M3BVhQ=&xsec_source=,https://sns-webpic-qc.xhscdn.com/202603251936/77c46d0e8c3c46488b5b111c56668820/1040g00831leksc095m5g5pk8n07jupllns2vkpo!nc_n_webp_mw_1,631b78fa48d6067f167324e8ecc45df61a04bddd550d09d9a135de3f1c8c6374,https://www.xiaohongshu.com/search_result/68a6e206000000001d0282f0?xsec_token=AB5kQ0T-g0eLbs9edcIB1YlM3L511YS51dDe_C0M3BVhQ=&xsec_source=,否,否
小红书,小红书-全国旅游景区2.json,全国旅游景区2,5A级景区,12月！陕西5A景区再➕1️⃣❗❗❗,小艾探西安,https://www.xiaohongshu.com/user/profile/66c6a3ea000000001d031053?channel_type=web_search_result_notes&parent_page_channel_type=web_profile_board&xsec_token=ABwxhsZpBpzLVQAVoBtLGpPG3ppyZDHfvm5PVN8h8HWpY=&xsec_source=pc_search,2024-12-18,2024-12-18,2026-03-25,13,13,https://www.xiaohongshu.com/search_result?keyword=5A%25E7%25BA%25A7%25E6%2599%25AF%25E5%258C%25BA&source=web_explore_feed,https://www.xiaohongshu.com/search_result/676144a5000000001402437f?xsec_token=ABP7Z7DiXDA_W41SbGedDmAIp6jbYkkzVoM-fes73ciZU=&xsec_source=,https://sns-webpic-qc.xhscdn.com/202603251936/445dc04f4183d30e36c61c67af1bc3e7/1040g00831bggoh730m0g5pm6kfl7e42jcenhq70!nc_n_webp_mw_1,cea0782167ca97d6f5b391e14b82a93e15776d506acd65547084a533c6bbb394,https://www.xiaohongshu.com/search_result/676144a5000000001402437f?xsec_token=ABP7Z7DiXDA_W41SbGedDmAIp6jbYkkzVoM-fes73ciZU=&xsec_source=,否,否
小红书,小红书-全国旅游景区2.json,全国旅游景区2,5A级景区,5A只是景区的上限，而不是九寨沟的上限。,暴走羊,https://www.xiaohongshu.com/user/profile/5e465ebb0000000001002ff2?channel_type=web_search_result_notes&parent_page_channel_type=web_profile_board&xsec_token=ABjeaCj_f7JRfwt1TlVWUV2lnYxgjii_FxPe1hSsaRFbY=&xsec_source=pc_search,2025-10-29,2025-10-29,2026-03-25,1825,1825,https://www.xiaohongshu.com/search_result?keyword=5A%25E7%25BA%25A7%25E6%2599%25AF%25E5%258C%25BA&source=web_explore_feed,https://www.xiaohongshu.com/search_result/6900d70c0000000005033d8d?xsec_token=AB0blA3KdXdSwQ1v6v608csognrXdtjvuTfs-OmuKQvZ8=&xsec_source=,https://sns-webpic-qc.xhscdn.com/202603251936/5dcc02621e855ac65abc7e13aaea7671/1040g00831o6fvs5u6m005ni6bqtg8bvi7na26d8!nc_n_webp_mw_1,a51c18fe757a97a1b8bf2b666d0411f004dcd97387306bad0bc53dac40b7ba8a,https://www.xiaohongshu.com/search_result/6900d70c0000000005033d8d?xsec_token=AB0blA3KdXdSwQ1v6v608csognrXdtjvuTfs-OmuKQvZ8=&xsec_source=,否,否
小红书,小红书-全国旅游景区2.json,全国旅游景区2,5A级景区,,大队长优化指南,https://www.xiaohongshu.com/user/profile/61e6df9c000000001000c14d?channel_type=web_search_result_notes&parent_page_channel_type=web_profile_board&xsec_token=ABiHP__-6J1Qn662vKOIn-NppYjipBvZKbzRyRYYYMdEk=&xsec_source=pc_search,01-22,2026-01-22,2026-03-25,1234,1234,https://www.xiaohongshu.com/search_result?keyword=5A%25E7%25BA%25A7%25E6%2599%25AF%25E5%258C%25BA&source=web_explore_feed,https://www.xiaohongshu.com/search_result/6971f124000000001a02a626?xsec_token=ABlos36NGFFohCJPA7-VsonBRXpKmxUj7lYkSvT7C5TcI=&xsec_source=,https://sns-webpic-qc.xhscdn.com/202603251936/5b13fada83593754cf72ec5da236d6a0/spectrum/1040g34o31rkusdebi4105of6rue41gad6pb98g0!nc_n_webp_mw_1,81609492825e9fe5064fe2d85468f60abed4bda56546b68aed894db148cf28df,https://www.xiaohongshu.com/search_result/6971f124000000001a02a626?xsec_token=ABlos36NGFFohCJPA7-VsonBRXpKmxUj7lYkSvT7C5TcI=&xsec_source=,是,否
小红书,小红书-全国旅游景区2.json,全国旅游景区2,5A级景区,乾陵出行指南：盛唐艺术的博物馆,上书房行走,https://www.xiaohongshu.com/user/profile/66a63247000000001d033f2b?channel_type=web_search_result_notes&parent_page_channel_type=web_profile_board&xsec_token=ABLKf-cn1s-m_rbIIIuCfYzGzPNaar_QhftR1RB-tasxw=&xsec_source=pc_search,2025-06-17,2025-06-17,2026-03-25,79,79,https://www.xiaohongshu.com/search_result?keyword=5A%25E7%25BA%25A7%25E6%2599%25AF%25E5%258C%25BA&source=web_explore_feed,https://www.xiaohongshu.com/search_result/685167a2000000002102dd3d?xsec_token=ABp3LPU2AFy6mF-POT1bnSbolPbD1eGNJHyzOEN9WGw74=&xsec_source=,https://sns-webpic-qc.xhscdn.com/202603251936/190c3d4bc3cf026b20f2b1f06985cab8/notes_pre_post/1040g3k031ir63cv3he605pl6693nefpbrbk0lho!nc_n_webp_mw_1,1eb59eda46935cf2a953cf4a2f3818774a8e56f3cca36362384289ead2bb086f,https://www.xiaohongshu.com/search_result/685167a2000000002102dd3d?xsec_token=ABp3LPU2AFy6mF-POT1bnSbolPbD1eGNJHyzOEN9WGw74=&xsec_source=,否,否
小红书,小红书-全国旅游景区2.json,全国旅游景区2,5A级景区,陕西5A级景区（六）：法门寺,漂泊蛋仔,https://www.xiaohongshu.com/user/profile/64f5b5610000000004025071?channel_type=web_search_result_notes&parent_page_channel_type=web_profile_board&xsec_token=ABTh0rzTC-mz4Q4qCQGWa_frufVuDnGLOWq1xFleoTsIk=&xsec_source=pc_search,2025-09-12,2025-09-12,2026-03-25,2,2,https://www.xiaohongshu.com/search_result?keyword=5A%25E7%25BA%25A7%25E6%2599%25AF%25E5%258C%25BA&source=web_explore_feed,https://www.xiaohongshu.com/search_result/68c43261000000001d013dfe?xsec_token=ABYKM2wyVTVeeeFBkGcasGbJmzsqvnHXVu8Dz54grL6qo=&xsec_source=,https://sns-webpic-qc.xhscdn.com/202603251936/fadf751a0284b02d560e444cdf73c35c/notes_pre_post/1040g3k031mb9chiv4s605p7lmlgh4k3hbobr32o!nc_n_webp_mw_1,05be1d9152def72b1907ef550fdcab22785182d79e6d1dfe4c845cccf923fe28,https://www.xiaohongshu.com/search_result/68c43261000000001d013dfe?xsec_token=ABYKM2wyVTVeeeFBkGcasGbJmzsqvnHXVu8Dz54grL6qo=&xsec_source=,否,否
小红书,小红书-全国旅游景区2.json,全国旅游景区2,5A级景区,国内十大绝景5A级风景区,MR杜,https://www.xiaohongshu.com/user/profile/5c9e245b000000001600d051?channel_type=web_search_result_notes&parent_page_channel_type=web_profile_board&xsec_token=ABIVWfW66t5nrw_buLDwXAFyLmcwWSfWRyWeF6Aio8nxs=&xsec_source=pc_search,2024-12-11,2024-12-11,2026-03-25,174,174,https://www.xiaohongshu.com/search_result?keyword=5A%25E7%25BA%25A7%25E6%2599%25AF%25E5%258C%25BA&source=web_explore_feed,https://www.xiaohongshu.com/search_result/6759207200000000020176f4?xsec_token=ABbjbNb67rb_85_d3IOswEmbhayrMagn7pcb_A5JvO-ok=&xsec_source=,https://sns-webpic-qc.xhscdn.com/202603251936/d0f8d112374a59c7834e33de2a1381f7/1040g2sg31b8nei067m005n4u4hdlhk2hrek8p70!nc_n_webp_mw_1,2f571733d63fd057affb5e83b0cb43a7b20fb7ca87dd1b72753f7a8c1bda9e91,https://www.xiaohongshu.com/search_result/6759207200000000020176f4?xsec_token=ABbjbNb67rb_85_d3IOswEmbhayrMagn7pcb_A5JvO-ok=&xsec_source=,否,否
小红书,小红书-全国旅游景区2.json,全国旅游景区2,5A级景区,中国最美的10个城市,心灵逆旅,https://www.xiaohongshu.com/user/profile/695c63c900000000370067a4?channel_type=web_search_result_notes&parent_page_channel_type=web_profile_board&xsec_token=AB_YbkzjGObYjT7JV6NHK-miyLE9XQouRb0pp_wcsN38c=&xsec_source=pc_search,01-06,2026-01-06,2026-03-25,220,220,https://www.xiaohongshu.com/search_result?keyword=5A%25E7%25BA%25A7%25E6%2599%25AF%25E5%258C%25BA&source=web_explore_feed,https://www.xiaohongshu.com/search_result/695cbc21000000000d0090b3?xsec_token=AB_YbkzjGObYjT7JV6NHK-mhvP9zGFdYi1668F4PDvDCw=&xsec_source=,https://sns-webpic-qc.xhscdn.com/202603251936/214af8766023abec41f62dee26e1c0bc/1040g2sg31r0867tm7ukg5qascf4topt4qsk5sl8!nc_n_webp_mw_1,7839953c4a2752b7527456eaa184f26444d63376cf679f808dd73499dab50293,https://www.xiaohongshu.com/search_result/695cbc21000000000d0090b3?xsec_token=AB_YbkzjGObYjT7JV6NHK-mhvP9zGFdYi1668F4PDvDCw=&xsec_source=,否,否
小红书,小红书-全国旅游景区2.json,全国旅游景区2,5A级景区,最有可能升6A的十大景区，你最看好哪一个？,国旅臻选,https://www.xiaohongshu.com/user/profile/6355ef65000000001901d2ec?channel_type=web_search_result_notes&parent_page_channel_type=web_profile_board&xsec_token=ABHjMeI6Ra5gLNNM6_a4j5v2nZIaNpQuI3DdyQiQ_8cTY=&xsec_source=pc_search,2025-12-03,2025-12-03,2026-03-25,3195,3195,https://www.xiaohongshu.com/search_result?keyword=5A%25E7%25BA%25A7%25E6%2599%25AF%25E5%258C%25BA&source=web_explore_feed,https://www.xiaohongshu.com/search_result/6930177a000000001f00a284?xsec_token=ABMA4ykMGOvP_9OmZPVi9Kg1VZGzMWwYyBwap1nCLrxnM=&xsec_source=,https://sns-webpic-qc.xhscdn.com/202603251936/bf2926301c627acedcda80645fd6e3ef/spectrum/1040g0k031pkl2n4j3u705oqlttimbknckhtjpo8!nc_n_webp_mw_1,51b8a2e12921ad65e3e87c33710783661cb030147705f25a1db7ec2d7b794996,https://www.xiaohongshu.com/search_result/6930177a000000001f00a284?xsec_token=ABMA4ykMGOvP_9OmZPVi9Kg1VZGzMWwYyBwap1nCLrxnM=&xsec_source=,否,否
小红书,小红书-全国旅游景区2.json,全国旅游景区2,5A级景区,我国哪个省份的5A级景区最多？,看点数据,https://www.xiaohongshu.com/user/profile/5ca326d8000000001101ebb3?channel_type=web_search_result_notes&parent_page_channel_type=web_profile_board&xsec_token=ABBCK6gMypWtl61BtVfo76t4eFLW3Dw8u8zfrZU6QaatI=&xsec_source=pc_search,2025-05-13,2025-05-13,2026-03-25,8,8,https://www.xiaohongshu.com/search_result?keyword=5A%25E7%25BA%25A7%25E6%2599%25AF%25E5%258C%25BA&source=web_explore_feed,https://www.xiaohongshu.com/search_result/68234707000000002202fd79?xsec_token=ABucENot4migPzOb_1p3oNSvtLIO36xfotMKXjtrW1FxA=&xsec_source=,https://sns-webpic-qc.xhscdn.com/202603251936/7460a5b6fc8fcb0c9b3e2253c747186a/spectrum/1040g34o31he4k08ck20g5n534rc4bqtjpnepul0!nc_n_webp_mw_1,37a9729cdda24af1a29ce2d5fddb0c9eff0f2734afebccf3a3d2a4aed0f03f04,https://www.xiaohongshu.com/search_result/68234707000000002202fd79?xsec_token=ABucENot4migPzOb_1p3oNSvtLIO36xfotMKXjtrW1FxA=&xsec_source=,否,否
小红书,小红书-全国旅游景区2.json,全国旅游景区2,5A级景区,我都不敢相信湖南只有11个5A景区,驴友假期带你去旅行,https://www.xiaohongshu.com/user/profile/611af611000000000100813c?channel_type=web_search_result_notes&parent_page_channel_type=web_profile_board&xsec_token=ABP3gXiXPXEUqEbc5LgloacGeMAT139Szqtf1b_5NmwWQ=&xsec_source=pc_search,2025-03-26,2025-03-26,2026-03-25,15,15,https://www.xiaohongshu.com/search_result?keyword=5A%25E7%25BA%25A7%25E6%2599%25AF%25E5%258C%25BA&source=web_explore_feed,https://www.xiaohongshu.com/search_result/67e34a5b000000001d014e27?xsec_token=ABjeR0_deBtXyEKNLdA5qXEK3IP7Fswnx1WOIwmNi7kaA=&xsec_source=,https://sns-webpic-qc.xhscdn.com/202603251936/40eea354ed02307045532cf4c72edba4/1040g2sg31ffl0jr570cg5o8quo8g909sevps99g!nc_n_webp_mw_1,192569231f25e470ef86b03d56a4992211d08458bd9c7917f5d2222f35ed08dc,https://www.xiaohongshu.com/search_result/67e34a5b000000001d014e27?xsec_token=ABjeR0_deBtXyEKNLdA5qXEK3IP7Fswnx1WOIwmNi7kaA=&xsec_source=,否,否
小红书,小红书-全国旅游景区2.json,全国旅游景区2,5A级景区,,Struggling.,https://www.xiaohongshu.com/user/profile/6468ee03000000000f006a7c?channel_type=web_search_result_notes&parent_page_channel_type=web_profile_board&xsec_token=ABLHJEL80rvOww3vhwLG99v4MO35CHhwRyl7orbexqquY=&xsec_source=pc_search,02-22,2026-02-22,2026-03-25,612,612,https://www.xiaohongshu.com/search_result?keyword=5A%25E7%25BA%25A7%25E6%2599%25AF%25E5%258C%25BA&source=web_explore_feed,https://www.xiaohongshu.com/search_result/699aa89d000000000b008bc8?xsec_token=ABuCQaJSJMG16hyLLfrSaDRZhOgPaoHU0oaoDgGRBggIg=&xsec_source=,https://sns-webpic-qc.xhscdn.com/202603251936/3ce6151a2b61529a0e8ceee797284e4b/notes_pre_post/1040g3k831ssn9mlll66g5p38to1joqjseq78v9o!nc_n_webp_mw_1,6f6c56c6e463c76a40c9e8afe07613963c82d8aa93d21dcf9651d2721f05da9a,https://www.xiaohongshu.com/search_result/699aa89d000000000b008bc8?xsec_token=ABuCQaJSJMG16hyLLfrSaDRZhOgPaoHU0oaoDgGRBggIg=&xsec_source=,是,否
小红书,小红书-全国旅游景区2.json,全国旅游景区2,5A级景区,,同程四川好玩攻略,https://www.xiaohongshu.com/user/profile/686cdb2b000000001d015d8c?channel_type=web_search_result_notes&parent_page_channel_type=web_profile_board&xsec_token=ABFlhRyYXRJRY1R3K0e1aq8xUyLIw7rEhkK4SrPqeGgjw=&xsec_source=pc_search,2025-09-02,2025-09-02,2026-03-25,11,11,https://www.xiaohongshu.com/search_result?keyword=5A%25E7%25BA%25A7%25E6%2599%25AF%25E5%258C%25BA&source=web_explore_feed,https://www.xiaohongshu.com/search_result/68b646e0000000001c012349?xsec_token=ABIb8BfI8XxFGFwNFn_ruB8aWNyPzycrv2Zn0vlvBUfUo=&xsec_source=,https://sns-webpic-qc.xhscdn.com/202603251936/9e0e5fd3b784b915e255ffae09bba797/spectrum/1040g34o31ltmc48cl0105q3crclnancclv8i0uo!nc_n_webp_mw_1,b4d7be52ad95268d0fd8509219684e1f90b6cf236b69b7717448211212cf23c8,https://www.xiaohongshu.com/search_result/68b646e0000000001c012349?xsec_token=ABIb8BfI8XxFGFwNFn_ruB8aWNyPzycrv2Zn0vlvBUfUo=&xsec_source=,是,否
小红书,小红书-全国旅游景区2.json,全国旅游景区2,5A级景区,,王哈哈（gāi溜子）,https://www.xiaohongshu.com/user/profile/65900a9a0000000022005e58?channel_type=web_search_result_notes&parent_page_channel_type=web_profile_board&xsec_token=ABfzQAYOC8uV1SpbFZmzpr7ykFHKWTPWEl31ePok8AbTY=&xsec_source=pc_search,2025-08-12,2025-08-12,2026-03-25,696,696,https://www.xiaohongshu.com/search_result?keyword=5A%25E7%25BA%25A7%25E6%2599%25AF%25E5%258C%25BA&source=web_explore_feed,https://www.xiaohongshu.com/search_result/689b1fd2000000001b034e8a?xsec_token=AB9MWQp0FeflCsFIp0si7jaQsShErEgaDsFLfjLhG3LXY=&xsec_source=,https://sns-webpic-qc.xhscdn.com/202603251936/e4114da5f075a5978346a82ab24e8f06/1040g00831l35q2iqj2605pcg1ad8gniotutiu48!nc_n_webp_mw_1,e4d8c7f0a2f01211c70934fa0247f82fc636423f5e9345d9a3edc1f4bda27bac,https://www.xiaohongshu.com/search_result/689b1fd2000000001b034e8a?xsec_token=AB9MWQp0FeflCsFIp0si7jaQsShErEgaDsFLfjLhG3LXY=&xsec_source=,是,否
小红书,小红书-全国旅游景区2.json,全国旅游景区2,5A级景区,我们来到贵州了！,小岳岳,https://www.xiaohongshu.com/user/profile/5f6ca1fc000000000100a355?channel_type=web_search_result_notes&parent_page_channel_type=web_profile_board&xsec_token=ABHZEnm6auX5QknFpt2XTvpc1XTlDCuB27ZXtVoTZVt4g=&xsec_source=pc_search,1天前,2026-03-24,2026-03-25,3,3,https://www.xiaohongshu.com/search_result?keyword=5A%25E7%25BA%25A7%25E6%2599%25AF%25E5%258C%25BA&source=web_explore_feed,https://www.xiaohongshu.com/search_result/69c24281000000002202a6f9?xsec_token=ABAuN-uMyHf13iXQtcesaQUtwiqdhkn7_TwL4--oaq8WY=&xsec_source=,https://sns-webpic-qc.xhscdn.com/202603251936/6e93409321bd22b07d78b1f3f716212c/1040g2sg31u3cqq7gial05nrck7u098qljsohis0!nc_n_webp_mw_1,27f7d98e29d5debc1f54e5db0ee787a51aa60b023129e00f169438e43d5b1166,https://www.xiaohongshu.com/search_result/69c24281000000002202a6f9?xsec_token=ABAuN-uMyHf13iXQtcesaQUtwiqdhkn7_TwL4--oaq8WY=&xsec_source=,否,否
小红书,小红书-全国旅游景区2.json,全国旅游景区2,5A级景区,哪个5A景区在你心目中称得上6A景区？,保温杯里有没有枸杞,https://www.xiaohongshu.com/user/profile/5485cf472e1d9372720bd542?channel_type=web_search_result_notes&parent_page_channel_type=web_profile_board&xsec_token=ABJAwVV4Qgya6CMsAvcBAsERJ5Cjp8y1hLRUSPTkRANTA=&xsec_source=pc_search,2025-06-30,2025-06-30,2026-03-25,赞,0,https://www.xiaohongshu.com/search_result?keyword=5A%25E7%25BA%25A7%25E6%2599%25AF%25E5%258C%25BA&source=web_explore_feed,https://www.xiaohongshu.com/search_result/6862921500000000100272ec?xsec_token=ABciwDZZ5Le6BJo7vLHlRbQwQBtZlVSH9GZHLzn61krzQ=&xsec_source=,https://sns-webpic-qc.xhscdn.com/202603251936/162f9d732c228bc5dd58928e9eb42092/1040g00831jbugouj2a00400r4c7kfla24rk75hg!nc_n_webp_mw_1,4ffc58cd62cb3471b7cf10d9a91e0cc22196d0ace48b2c267ad3f8efafc71106,https://www.xiaohongshu.com/search_result/6862921500000000100272ec?xsec_token=ABciwDZZ5Le6BJo7vLHlRbQwQBtZlVSH9GZHLzn61krzQ=&xsec_source=,否,否
小红书,小红书-全国旅游景区2.json,全国旅游景区2,5A级景区,山西的5A级景区以及地缘和历史,闲聊地缘,https://www.xiaohongshu.com/user/profile/5e0db52a00000000010008e4?channel_type=web_search_result_notes&parent_page_channel_type=web_profile_board&xsec_token=ABs01H-G5k_IaUGsZNY5MD6wiH53OATSQ77bvsdbxE0Fg=&xsec_source=pc_search,2025-07-26,2025-07-26,2026-03-25,87,87,https://www.xiaohongshu.com/search_result?keyword=5A%25E7%25BA%25A7%25E6%2599%25AF%25E5%258C%25BA&source=web_explore_feed,https://www.xiaohongshu.com/search_result/6884104500000000170375e3?xsec_token=AB_mdfAn5a0tt8S7KHvgjsmArQdXTrDAIV8CeTxaXOlHI=&xsec_source=,https://sns-webpic-qc.xhscdn.com/202603251936/e768a5fe6a4c8e8139d93d3b740f2b39/1040g00831kcl7atd34005ngdmkl08274mk3cl20!nc_n_webp_mw_1,b08550c71c72df29029f16b6cd92c2a5d0cacfeab721a8d1fecbdd1ed40bc89e,https://www.xiaohongshu.com/search_result/6884104500000000170375e3?xsec_token=AB_mdfAn5a0tt8S7KHvgjsmArQdXTrDAIV8CeTxaXOlHI=&xsec_source=,否,否
小红书,小红书-全国旅游景区2.json,全国旅游景区2,5A级景区,有没有政策性5A级景区这个说法？,相思,https://www.xiaohongshu.com/user/profile/6741f004000000001c01a5e8?channel_type=web_search_result_notes&parent_page_channel_type=web_profile_board&xsec_token=ABQdHQBBPVEjEe_QCRO3Q-Am39U1XAYpzC7MUh0fMiG2Q=&xsec_source=pc_search,2025-10-07,2025-10-07,2026-03-25,80,80,https://www.xiaohongshu.com/search_result?keyword=5A%25E7%25BA%25A7%25E6%2599%25AF%25E5%258C%25BA&source=web_explore_feed,https://www.xiaohongshu.com/search_result/68e4b66e000000000301076a?xsec_token=ABJG3Jvk9xIWIfHYMZ2nOS4lmNk1i9vGsz9SgezgctBa8=&xsec_source=,https://sns-webpic-qc.xhscdn.com/202603251936/65a8ad18ea49a55200afadccb4129101/1040g00831nb1ek13mg705pq1u02739f89f94280!nc_n_webp_mw_1,d3a26a3ac4ecd722a59aea122a0639984bb30e7f1d75380470e9bf4756421f34,https://www.xiaohongshu.com/search_result/68e4b66e000000000301076a?xsec_token=ABJG3Jvk9xIWIfHYMZ2nOS4lmNk1i9vGsz9SgezgctBa8=&xsec_source=,否,否
小红书,小红书-全国旅游景区2.json,全国旅游景区2,5A级景区,本地土著关于百里杜鹃的一些解答,榆~,https://www.xiaohongshu.com/user/profile/5c5c373a000000001a03d4a7?channel_type=web_search_result_notes&parent_page_channel_type=web_profile_board&xsec_token=ABVMxw1OsOHFLEZ5H65K6S0jMsvza3W6ZTUCDAWvdepHs=&xsec_source=pc_search,3天前,2026-03-22,2026-03-25,688,688,https://www.xiaohongshu.com/search_result?keyword=5A%25E7%25BA%25A7%25E6%2599%25AF%25E5%258C%25BA&source=web_explore_feed,https://www.xiaohongshu.com/search_result/69beb7dc0000000021013e71?xsec_token=ABqItCO4Ir_VAvM3EXd_-pNVO3Dne6WnjcSeO5Hms0Y48=&xsec_source=,https://sns-webpic-qc.xhscdn.com/202603251936/e0772da4a92a9b12cb69e8f392737d16/1040g2sg31u0hikm37e5g5n2s6st6nl57jbiuan0!nc_n_webp_mw_1,24c51058b010bc0df5a78a569b74047fcdde7804e165488aab34235779c85e6a,https://www.xiaohongshu.com/search_result/69beb7dc0000000021013e71?xsec_token=ABqItCO4Ir_VAvM3EXd_-pNVO3Dne6WnjcSeO5Hms0Y48=&xsec_source=,否,否
小红书,小红书-全国旅游景区2.json,全国旅游景区2,5A级景区,中俄边境小城-黑河必逛十大景点推荐~,原来是一家人呀,https://www.xiaohongshu.com/user/profile/662998070000000007007ccf?channel_type=web_search_result_notes&parent_page_channel_type=web_profile_board&xsec_token=ABdXvi6lPZRdCnr7FLzoU4IGEUxvHOpvCl33j_Jf-X-NU=&xsec_source=pc_search,2024-11-05,2024-11-05,2026-03-25,447,447,https://www.xiaohongshu.com/search_result?keyword=5A%25E7%25BA%25A7%25E6%2599%25AF%25E5%258C%25BA&source=web_explore_feed,https://www.xiaohongshu.com/search_result/6729953d000000003c01d57b?xsec_token=AB1i5E_Mu60oWMDKSF0cu4qr3zvWhmXBgbTimTdDgJ8uw=&xsec_source=,https://sns-webpic-qc.xhscdn.com/202603251936/39584c91280b8b4d17ea3f63f9727e94/1040g2sg319q9mo94ncdg5ph9j03hov6fs6f8cro!nc_n_webp_mw_1,4408c726c0542e90ba4f485c9ab234e5155300abd0662dca95d30b2d0f473361,https://www.xiaohongshu.com/search_result/6729953d000000003c01d57b?xsec_token=AB1i5E_Mu60oWMDKSF0cu4qr3zvWhmXBgbTimTdDgJ8uw=&xsec_source=,否,否
小红书,小红书-全国旅游景区2.json,全国旅游景区2,5A级景区,高端高端来了,爱悠悠0627,https://www.xiaohongshu.com/user/profile/598e9fe282ec3905c97a3843?channel_type=web_search_result_notes&parent_page_channel_type=web_profile_board&xsec_token=ABEVRmVRowTHByjuNupKG0WiZ2_3JSdB1ENxs6oNkwPR4=&xsec_source=pc_search,昨天 20:12,,2026-03-25,5,5,https://www.xiaohongshu.com/search_result?keyword=5A%25E7%25BA%25A7%25E6%2599%25AF%25E5%258C%25BA&source=web_explore_feed,https://www.xiaohongshu.com/search_result/69c27fb4000000001f006385?xsec_token=ABAuN-uMyHf13iXQtcesaQUjaUrYeWPjrFVE0UXVo5Jck=&xsec_source=,https://sns-webpic-qc.xhscdn.com/202603251936/60f2a3c67feed6aa94d461b1f080eec0/1040g2sg31u3jr1po2ic049ns19fu4e230sfk3co!nc_n_webp_mw_1,defbfe08bf7682ac98b5726b1bec4618160907100c0453ceaa63561f7d38027b,https://www.xiaohongshu.com/search_result/69c27fb4000000001f006385?xsec_token=ABAuN-uMyHf13iXQtcesaQUjaUrYeWPjrFVE0UXVo5Jck=&xsec_source=,否,否
小红书,小红书-全国旅游景区2.json,全国旅游景区2,5A级景区,新疆伊犁9天租车自驾游（2025年5月18,奶莓lynn,https://www.xiaohongshu.com/user/profile/58a7e6725e87e73a258f7848?channel_type=web_search_result_notes&parent_page_channel_type=web_profile_board&xsec_token=ABZkim2SamLrQPs0LYEBjPT65nc9saLTr1LO2C6Ecb5jI=&xsec_source=pc_search,4天前,2026-03-21,2026-03-25,163,163,https://www.xiaohongshu.com/search_result?keyword=5A%25E7%25BA%25A7%25E6%2599%25AF%25E5%258C%25BA&source=web_explore_feed,https://www.xiaohongshu.com/search_result/69bc156a000000001f0022ff?xsec_token=ABsE9u35f2_jmIKeN0HnsJ_WKmwjv_Q31jgtzq9KFrVU8=&xsec_source=,https://sns-webpic-qc.xhscdn.com/202603251936/ca5cc8de76efb9c799ce9051ad1260ae/notes_pre_post/1040g3k031ttas493781g495ql2j74u28r41rjeg!nc_n_webp_mw_1,5f7b7aaf5cc1651ff87558c0068398bafdc98a759a14053e92e8be560ef7e42c,https://www.xiaohongshu.com/search_result/69bc156a000000001f0022ff?xsec_token=ABsE9u35f2_jmIKeN0HnsJ_WKmwjv_Q31jgtzq9KFrVU8=&xsec_source=,否,否
小红书,小红书-全国旅游景区2.json,全国旅游景区2,5A级景区,海南的5A级景区到底有哪些？？好玩嘛？？？,嗯。,https://www.xiaohongshu.com/user/profile/635f66e30000000018029daf?channel_type=web_search_result_notes&parent_page_channel_type=web_profile_board&xsec_token=ABs5fwyDCVV45f30UYlFLHg2aFpA1CUE5-JMUiHmaD720=&xsec_source=pc_search,2025-11-27,2025-11-27,2026-03-25,赞,0,https://www.xiaohongshu.com/search_result?keyword=5A%25E7%25BA%25A7%25E6%2599%25AF%25E5%258C%25BA&source=web_explore_feed,https://www.xiaohongshu.com/search_result/691af80b000000001b0253ce?xsec_token=ABMVYQKCLxmQ5Txwz_I_FuqrtPqdLiw7gMbKXRv7IIhHw=&xsec_source=,https://sns-webpic-qc.xhscdn.com/202603251936/d87af69ffa11a2f41a3655a221ea9473/spectrum/1040g0k031p00kbq2260g5oqvcrhm57dfahi6l6o!nc_n_webp_mw_1,7ced2d31398d23956c08990e871fb117e85310f17eb40bae305dbb4cbab6972c,https://www.xiaohongshu.com/search_result/691af80b000000001b0253ce?xsec_token=ABMVYQKCLxmQ5Txwz_I_FuqrtPqdLiw7gMbKXRv7IIhHw=&xsec_source=,否,否
小红书,小红书-全国旅游景区2.json,全国旅游景区2,5A级景区,点了哪些“5A”景区？,呲呲,https://www.xiaohongshu.com/user/profile/6128cc9000000000010070ec?channel_type=web_search_result_notes&parent_page_channel_type=web_profile_board&xsec_token=ABQo7zK0Ofv_wraU6vkjhCUwM0ypjxB5sIZbh3YU6g7w8=&xsec_source=pc_search,2025-10-15,2025-10-15,2026-03-25,4,4,https://www.xiaohongshu.com/search_result?keyword=5A%25E7%25BA%25A7%25E6%2599%25AF%25E5%258C%25BA&source=web_explore_feed,https://www.xiaohongshu.com/search_result/68ef165a00000000040286d6?xsec_token=AB1UnLv0wfZG8eI15GTCIHmAfk-GNCG8f7XIY4h-8H8-I=&xsec_source=,https://sns-webpic-qc.xhscdn.com/202603251936/e8ecad45f433453d715cb21f3d652a90/notes_pre_post/1040g3k831nl5koc9l8705o98pi808s7c2pcuolg!nc_n_webp_mw_1,740d4a0e51f086cabf91cdce0ad46853e18de8ff094dce306c8c97195da96003,https://www.xiaohongshu.com/search_result/68ef165a00000000040286d6?xsec_token=AB1UnLv0wfZG8eI15GTCIHmAfk-GNCG8f7XIY4h-8H8-I=&xsec_source=,否,否
小红书,小红书-全国旅游景区2.json,全国旅游景区2,5A级景区,山西5A景区有哪些？你去过几个？😍,山西新东方文旅,https://www.xiaohongshu.com/user/profile/638ef794000000001f017312?channel_type=web_search_result_notes&parent_page_channel_type=web_profile_board&xsec_token=ABLYEDW4z_O0Rmw-QzWex6ROk4jDdq0RGMNGlPv7Bi9lU=&xsec_source=pc_search,2024-10-15,2024-10-15,2026-03-25,158,158,https://www.xiaohongshu.com/search_result?keyword=5A%25E7%25BA%25A7%25E6%2599%25AF%25E5%258C%25BA&source=web_explore_feed,https://www.xiaohongshu.com/search_result/670dcc0b0000000026034fe4?xsec_token=ABFojf7DmCAY0D88Vi-xDTVhXUPVoa9czMi3ggPY-xVac=&xsec_source=,https://sns-webpic-qc.xhscdn.com/202603251936/bba47fd208386110b1efb0676b9c0961/spectrum/1040g34o318v597pjgo0g5oseuua7qsoijsb7rho!nc_n_webp_mw_1,b24ec83817c23d480a38e6ce5b57ab91a06c1f030509e945906ebdf55375e1d2,https://www.xiaohongshu.com/search_result/670dcc0b0000000026034fe4?xsec_token=ABFojf7DmCAY0D88Vi-xDTVhXUPVoa9czMi3ggPY-xVac=&xsec_source=,否,否
小红书,小红书-全国旅游景区2.json,全国旅游景区2,5A级景区,新普5A级景区，你去过几个？,pitt的文旅世界,https://www.xiaohongshu.com/user/profile/5c8d182c000000001603d619?channel_type=web_search_result_notes&parent_page_channel_type=web_profile_board&xsec_token=ABxo8hjwTq3cTPyM-yKEnRqLLqxZ87AczgvlVuEcOwODU=&xsec_source=pc_search,2025-01-05,2025-01-05,2026-03-25,6,6,https://www.xiaohongshu.com/search_result?keyword=5A%25E7%25BA%25A7%25E6%2599%25AF%25E5%258C%25BA&source=web_explore_feed,https://www.xiaohongshu.com/search_result/677a0dac000000000901540d?xsec_token=ABPzMDbxy9hc0yCFxKxW6PQ7T4OPd8j8JaOPzrxkaPTo0=&xsec_source=,https://sns-webpic-qc.xhscdn.com/202603251936/22c7d0c5f4d560cecdd8db9b883136b9/1040g00831c8so9ljgu005n4d30m5nlgpq0jrbd0!nc_n_webp_mw_1,76b1dd763d2a00da7eb4af6d3abf12655e738be3e4d7b17b3b393dcb47927d8c,https://www.xiaohongshu.com/search_result/677a0dac000000000901540d?xsec_token=ABPzMDbxy9hc0yCFxKxW6PQ7T4OPd8j8JaOPzrxkaPTo0=&xsec_source=,否,否
小红书,小红书-全国旅游景区2.json,全国旅游景区2,5A级景区,马鞍山5A级景区，#寻幽采石矶公园,落叶飞雪guan,https://www.xiaohongshu.com/user/profile/5b2dc774e8ac2b33a26aeebe?channel_type=web_search_result_notes&parent_page_channel_type=web_profile_board&xsec_token=ABHTgqmltH1kpf7HyM8PHFXQR4jHiSKzl95tpeJt3ragc=&xsec_source=pc_search,2025-02-14,2025-02-14,2026-03-25,40,40,https://www.xiaohongshu.com/search_result?keyword=5A%25E7%25BA%25A7%25E6%2599%25AF%25E5%258C%25BA&source=web_explore_feed,https://www.xiaohongshu.com/search_result/67af589e000000001701d10c?xsec_token=ABg4Uu_JAVQ2B2f7UO-uhDANR_MaBkzfx19XfCe5F9aTk=&xsec_source=,https://sns-webpic-qc.xhscdn.com/202603251936/b0d351575af7e54c71b965fd00bc105d/1040g2sg31dstpbse0mdg4a6gls3n9rlusjsja8o!nc_n_webp_mw_1,39bdc8c194aeba5d675b9bf36ce6d6fb2f75a8ecbb5d5299a100bc1a5bf0554f,https://www.xiaohongshu.com/search_result/67af589e000000001701d10c?xsec_token=ABg4Uu_JAVQ2B2f7UO-uhDANR_MaBkzfx19XfCe5F9aTk=&xsec_source=,否,否
小红书,小红书-全国旅游景区2.json,全国旅游景区2,5A级景区,中国5A级前五景区,Top Archives,https://www.xiaohongshu.com/user/profile/5d4a9a130000000011022a0b?channel_type=web_search_result_notes&parent_page_channel_type=web_profile_board&xsec_token=ABDYHf5wt8Th0irk07LXX7lE2qX_K0ZH9h6HSHNcIrOYI=&xsec_source=pc_search,03-09,2026-03-09,2026-03-25,28,28,https://www.xiaohongshu.com/search_result?keyword=5A%25E7%25BA%25A7%25E6%2599%25AF%25E5%258C%25BA&source=web_explore_feed,https://www.xiaohongshu.com/search_result/69ae1e5e000000001a03734a?xsec_token=ABJtzu5AOgVFrzx_hFKeApTLGqN5LJ2DyKg36UV_71lQE=&xsec_source=,https://sns-webpic-qc.xhscdn.com/202603251936/218444db7fbd4520d6dcd778551057d7/1040g2sg31tfncjrb62dg5naaj89kcagblopbu5g!nc_n_webp_mw_1,59464fba5e3a8316c2bff5f686105c7d3b78c17b1aab93c00d804cd686809a28,https://www.xiaohongshu.com/search_result/69ae1e5e000000001a03734a?xsec_token=ABJtzu5AOgVFrzx_hFKeApTLGqN5LJ2DyKg36UV_71lQE=&xsec_source=,否,否
小红书,小红书-全国旅游景区2.json,全国旅游景区2,5A级景区,有没有都去过的举手🙋,宠知家,https://www.xiaohongshu.com/user/profile/695a632a00000000370311fe?channel_type=web_search_result_notes&parent_page_channel_type=web_profile_board&xsec_token=ABS4HvhUxzDsfUgk6uUT2vfDN6gm2S8vdNKRMcYE9S07w=&xsec_source=pc_search,5天前,2026-03-20,2026-03-25,赞,0,https://www.xiaohongshu.com/search_result?keyword=5A%25E7%25BA%25A7%25E6%2599%25AF%25E5%258C%25BA&source=web_explore_feed,https://www.xiaohongshu.com/search_result/69bc743f000000001a034465?xsec_token=ABsE9u35f2_jmIKeN0HnsJ_W2xrY_5HRRF7vZQd75iiZc=&xsec_source=,https://sns-webpic-qc.xhscdn.com/202603251936/1ba77df0871a73d154761589be19253e/1040g00831ttnctp76u5g5qaqccldu4fum0mv5fg!nc_n_webp_mw_1,efc2ae0cecb6237a8fddf2c4988857284c9ab8e53ffa39b4db660e48c6471b78,https://www.xiaohongshu.com/search_result/69bc743f000000001a034465?xsec_token=ABsE9u35f2_jmIKeN0HnsJ_W2xrY_5HRRF7vZQd75iiZc=&xsec_source=,否,否
小红书,小红书-全国旅游景区2.json,全国旅游景区2,5A级景区,,辉Lune,https://www.xiaohongshu.com/user/profile/6893b97d0000000028028f5a?channel_type=web_search_result_notes&parent_page_channel_type=web_profile_board&xsec_token=ABABWE0yYGFnUlE5a7GIvsbhsiQR_BOB2rJUDc3ZJV_1I=&xsec_source=pc_search,01-26,2026-01-26,2026-03-25,3232,3232,https://www.xiaohongshu.com/search_result?keyword=5A%25E7%25BA%25A7%25E6%2599%25AF%25E5%258C%25BA&source=web_explore_feed,https://www.xiaohongshu.com/search_result/6976f4ab000000000e00f67f?xsec_token=ABmRRO4EzMJQtmkeiQvZlkbGBRBE04kgNNCHmDqirMHbc=&xsec_source=,https://sns-webpic-qc.xhscdn.com/202603251936/af6b3fddf3ebe52fe701bf4c9bfc542e/1040g00831rprirmv2g5g5q4jn5uq53qq9h7b3g0!nc_n_webp_mw_1,b0482aeae44c9e8fecb92fc2999e5633930c8e1006fac2db68c72f7bdec196a0,https://www.xiaohongshu.com/search_result/6976f4ab000000000e00f67f?xsec_token=ABmRRO4EzMJQtmkeiQvZlkbGBRBE04kgNNCHmDqirMHbc=&xsec_source=,是,否
小红书,小红书-全国旅游景区2.json,全国旅游景区2,5A级景区,5A级景区旅游厕所如何打造,仕源说文旅,https://www.xiaohongshu.com/user/profile/6359346c000000001901d0a1?channel_type=web_search_result_notes&parent_page_channel_type=web_profile_board&xsec_token=ABPU0X6BjE0ZCxvG1RLoP2pB7_GxARztN5i87LhOQHCpI=&xsec_source=pc_search,2024-11-20,2024-11-20,2026-03-25,41,41,https://www.xiaohongshu.com/search_result?keyword=5A%25E7%25BA%25A7%25E6%2599%25AF%25E5%258C%25BA&source=web_explore_feed,https://www.xiaohongshu.com/search_result/673ade5c0000000007038315?xsec_token=ABcevs1aohn9egrVBorDimyrxXIwV-Q72upjf5Glybd3w=&xsec_source=,https://sns-webpic-qc.xhscdn.com/202603251936/f36d6a996b9aac3dceb9046c6a913135/spectrum/1040g34o31ab5l4e96u0g5oqp6hm6bk51td7b1bg!nc_n_webp_mw_1,747f9ef43bcb188a5b84c676c5052d50e87b14a3ef6b83e4451a3cd5c1603576,https://www.xiaohongshu.com/search_result/673ade5c0000000007038315?xsec_token=ABcevs1aohn9egrVBorDimyrxXIwV-Q72upjf5Glybd3w=&xsec_source=,否,否
小红书,小红书-全国旅游景区2.json,全国旅游景区2,5A级景区,江浙沪赏花徒步之南北湖，山海湖泊油菜花开,爱丽丝漫游在地球,https://www.xiaohongshu.com/user/profile/6195fac20000000021027f75?channel_type=web_search_result_notes&parent_page_channel_type=web_profile_board&xsec_token=ABrxnxUgD3xVo4Oku5F0eum-gQWNxFlj0F7K-m0jqBT8M=&xsec_source=pc_search,2天前,2026-03-23,2026-03-25,19,19,https://www.xiaohongshu.com/search_result?keyword=5A%25E7%25BA%25A7%25E6%2599%25AF%25E5%258C%25BA&source=web_explore_feed,https://www.xiaohongshu.com/search_result/69bffa0900000000230263f6?xsec_token=ABCqUKelMSCKMCxkEYIRl5HAgqYiOwrPRwj5w7HvQCHLw=&xsec_source=,https://sns-webpic-qc.xhscdn.com/202603251936/dc84dc524d15641cb8eea55dd61b0977/1040g00831u14shro18305oclvb18cvrlo4oc0no!nc_n_webp_mw_1,44b5a363da6b628d67a462f7d012cae681cd6eb0c731ab53981e35992e1c108c,https://www.xiaohongshu.com/search_result/69bffa0900000000230263f6?xsec_token=ABCqUKelMSCKMCxkEYIRl5HAgqYiOwrPRwj5w7HvQCHLw=&xsec_source=,否,否
小红书,小红书-全国旅游景区2.json,全国旅游景区2,5A级景区,走过路过不要错过这个深圳 5A 景区,喵喵安酱,https://www.xiaohongshu.com/user/profile/558bcae3484fb61a943b26aa?channel_type=web_search_result_notes&parent_page_channel_type=web_profile_board&xsec_token=ABt5MpeDE1E_DqC1yGfmF68GXxzYp1CXLp7xWw6TrE2wQ=&xsec_source=pc_search,3天前,2026-03-22,2026-03-25,2589,2589,https://www.xiaohongshu.com/search_result?keyword=5A%25E7%25BA%25A7%25E6%2599%25AF%25E5%258C%25BA&source=web_explore_feed,https://www.xiaohongshu.com/search_result/69bfb669000000002200132b?xsec_token=ABCqUKelMSCKMCxkEYIRl5HF1I2TwkhPeEA0uw24EUtHo=&xsec_source=,https://sns-webpic-qc.xhscdn.com/202603251936/0d52629e3e76d276ada85de15a6d0904/1040g2sg31u0sl167mus040sa7j5e69labe8fk50!nc_n_webp_mw_1,aacd71835098b1a14742cc5881df5553cd3c582565fc072e2f435d8a59188db0,https://www.xiaohongshu.com/search_result/69bfb669000000002200132b?xsec_token=ABCqUKelMSCKMCxkEYIRl5HF1I2TwkhPeEA0uw24EUtHo=&xsec_source=,否,否
小红书,小红书-全国旅游景区2.json,全国旅游景区2,5A级景区,河南14个5A景区清单！此生必打卡,我是静姐,https://www.xiaohongshu.com/user/profile/5f1eef550000000001004f6e?channel_type=web_search_result_notes&parent_page_channel_type=web_profile_board&xsec_token=ABvdl0doQXtHChQl_zeAQSfQ8zfISgNjm9DPLf-VDguVU=&xsec_source=pc_search,2025-09-17,2025-09-17,2026-03-25,3,3,https://www.xiaohongshu.com/search_result?keyword=5A%25E7%25BA%25A7%25E6%2599%25AF%25E5%258C%25BA&source=web_explore_feed,https://www.xiaohongshu.com/search_result/68ca25c5000000000b013204?xsec_token=ABkIthCg-QntutkrBIY3StsF1RcozVbeV17QyP3TDEgZ4=&xsec_source=,https://sns-webpic-qc.xhscdn.com/202603251936/838cb90f7cae4201b6a0e2489745b1c2/1040g2sg31mh36ni5lm005nouttag8jre7gbg0og!nc_n_webp_mw_1,162037a775f22c3c0d5db4920bafead873c890a69c60a7882bd9c9eee53fbc5e,https://www.xiaohongshu.com/search_result/68ca25c5000000000b013204?xsec_token=ABkIthCg-QntutkrBIY3StsF1RcozVbeV17QyP3TDEgZ4=&xsec_source=,否,否
小红书,小红书-全国旅游景区2.json,全国旅游景区2,5A级景区,韩国唯一的中国5A景区,晴朗公爵,https://www.xiaohongshu.com/user/profile/5ae28bf24eacab156a48c14d?channel_type=web_search_result_notes&parent_page_channel_type=web_profile_board&xsec_token=ABtVd7m1afApIrkAQucrdpbNHZ030CheXWM-7sophmKtk=&xsec_source=pc_search,2024-12-02,2024-12-02,2026-03-25,1.9万,19000,https://www.xiaohongshu.com/search_result?keyword=5A%25E7%25BA%25A7%25E6%2599%25AF%25E5%258C%25BA&source=web_explore_feed,https://www.xiaohongshu.com/search_result/674d246a000000000202924a?xsec_token=ABFwnq18dmnDQt_FgJYpE3n7a7skjSvRR2kFlgV2sb8DA=&xsec_source=,https://sns-webpic-qc.xhscdn.com/202603251936/6b9a51874b9c8e00a55b22f16f3e2a3a/1040g2sg31at0tu1r7e704a4s0f5v5gadmiqls08!nc_n_webp_mw_1,268eeb7c5e122e2e10414ab193ba25a32a14cbe3fad98bcf1055416d03daef4d,https://www.xiaohongshu.com/search_result/674d246a000000000202924a?xsec_token=ABFwnq18dmnDQt_FgJYpE3n7a7skjSvRR2kFlgV2sb8DA=&xsec_source=,否,否
小红书,小红书-全国旅游景区2.json,全国旅游景区2,5A级景区,小崽儿…欢乐谷…北京5A级景区,胖ai 病患者,https://www.xiaohongshu.com/user/profile/5a81213d11be10315cdc192c?channel_type=web_search_result_notes&parent_page_channel_type=web_profile_board&xsec_token=AB3pW9SLwFZbLLclLFzzL6MML7jhSzXRNNvgx4H_cC0jg=&xsec_source=pc_search,01-31,2026-01-31,2026-03-25,12,12,https://www.xiaohongshu.com/search_result?keyword=5A%25E7%25BA%25A7%25E6%2599%25AF%25E5%258C%25BA&source=web_explore_feed,https://www.xiaohongshu.com/search_result/697e07f6000000002801c01f?xsec_token=ABdcLQGu3T_J5x0MjBHJCqompa5Y0D2EpRT2UsK4z4qWo=&xsec_source=,https://sns-webpic-qc.xhscdn.com/202603251936/366f775b2cc84254a75e57fe0b556a94/1040g00831s0ojpjj4i004a1dk2gjq69cp12b8j0!nc_n_webp_mw_1,b0e84934845849dfcf7e88b9510d5f95bf1e907ed7a0638d2e2631bae2179393,https://www.xiaohongshu.com/search_result/697e07f6000000002801c01f?xsec_token=ABdcLQGu3T_J5x0MjBHJCqompa5Y0D2EpRT2UsK4z4qWo=&xsec_source=,否,否
小红书,小红书-全国旅游景区2.json,全国旅游景区2,5A级景区,,周彬Devin,https://www.xiaohongshu.com/user/profile/602d3c5a000000000101d7fd?channel_type=web_search_result_notes&parent_page_channel_type=web_profile_board&xsec_token=AB2IPjoT6hQLfLb_vMVFvk6sORkl2uHlGyEbWGxTgSipk=&xsec_source=pc_search,昨天 19:58,,2026-03-25,1,1,https://www.xiaohongshu.com/search_result?keyword=5A%25E7%25BA%25A7%25E6%2599%25AF%25E5%258C%25BA&source=web_explore_feed,https://www.xiaohongshu.com/search_result/69c27c730000000028009c73?xsec_token=ABAuN-uMyHf13iXQtcesaQUmYpALMYqYT9Wbcnk94-e4g=&xsec_source=,https://sns-webpic-qc.xhscdn.com/202603251936/c1ed9e4527493ccaca1a63edd7896f5f/1040g2sg31u3jr8u925g05o1d7hd0blvtpdggtmo!nc_n_webp_mw_1,fc5053730ffb5845c6e89118e93ae535bb1630f2654b50604c374ffa9167fc63,https://www.xiaohongshu.com/search_result/69c27c730000000028009c73?xsec_token=ABAuN-uMyHf13iXQtcesaQUmYpALMYqYT9Wbcnk94-e4g=&xsec_source=,是,否
小红书,小红书-全国旅游景区2.json,全国旅游景区2,5A级景区,💢高人气换来的是只逛不买⁉️西安大悦城,RUN商业实探锐评,https://www.xiaohongshu.com/user/profile/61d54de4000000001000fde5?channel_type=web_search_result_notes&parent_page_channel_type=web_profile_board&xsec_token=ABSxUslM62IYqtXdOBkXTNYq1dXI8Ka_0NVeCNUB7yjX4=&xsec_source=pc_search,2025-05-01,2025-05-01,2026-03-25,108,108,https://www.xiaohongshu.com/search_result?keyword=5A%25E7%25BA%25A7%25E6%2599%25AF%25E5%258C%25BA&source=web_explore_feed,https://www.xiaohongshu.com/search_result/68137fc0000000002202a2c6?xsec_token=AB7xc8f9gUyQQzI0WmeYmBZF-v1NF1EZQuobPnHJygFYk=&xsec_source=,https://sns-webpic-qc.xhscdn.com/202603251936/b08d9c1b75102cbe76ba0f2433479f5b/1040g00831gund2d4jc005oel9ni41vf5uf74170!nc_n_webp_mw_1,b42d8737c63cc66046f51ea1fed78c3f5102f2927e96fe2a0f4492ec3fff2dc1,https://www.xiaohongshu.com/search_result/68137fc0000000002202a2c6?xsec_token=AB7xc8f9gUyQQzI0WmeYmBZF-v1NF1EZQuobPnHJygFYk=&xsec_source=,否,否
小红书,小红书-全国旅游景区2.json,全国旅游景区2,5A级景区,在韩国发现了中国5A级风景区,小飞娱来了,https://www.xiaohongshu.com/user/profile/66cfed35000000001d0303dd?channel_type=web_search_result_notes&parent_page_channel_type=web_profile_board&xsec_token=ABsUCM2a3NPAudqj_fV8mhotUgHqRxiHOg51N9q_zu8i0=&xsec_source=pc_search,2024-12-02,2024-12-02,2026-03-25,2.4万,24000,https://www.xiaohongshu.com/search_result?keyword=5A%25E7%25BA%25A7%25E6%2599%25AF%25E5%258C%25BA&source=web_explore_feed,https://www.xiaohongshu.com/search_result/674d757c000000000203ba6d?xsec_token=ABFwnq18dmnDQt_FgJYpE3nzpUVWIsUPzNalunjhTEQew=&xsec_source=,https://sns-webpic-qc.xhscdn.com/202603251936/27145cb33240278c9a4f2d5669749944/1040g2sg31ataq439n2705pmftkqne0utdf20vio!nc_n_webp_mw_1,c7ff97c463c31a82f68d9ee77be1f40a4b96baab3587b66721458258f23166d3,https://www.xiaohongshu.com/search_result/674d757c000000000203ba6d?xsec_token=ABFwnq18dmnDQt_FgJYpE3nzpUVWIsUPzNalunjhTEQew=&xsec_source=,否,否
小红书,小红书-全国旅游景区2.json,全国旅游景区2,5A级景区,中国359家国家5A级景区分布,科技商业研究,https://www.xiaohongshu.com/user/profile/54e55e08b4c4d674d92a3f54?channel_type=web_search_result_notes&parent_page_channel_type=web_profile_board&xsec_token=ABRys4nBSAvh4dIILlfjOIlU8UIxBUnVclIkzizTcW_FU=&xsec_source=pc_search,2025-10-16,2025-10-16,2026-03-25,4,4,https://www.xiaohongshu.com/search_result?keyword=5A%25E7%25BA%25A7%25E6%2599%25AF%25E5%258C%25BA&source=web_explore_feed,https://www.xiaohongshu.com/search_result/68ec73530000000004014ccd?xsec_token=ABIHIjPub5LZ1ns1mD9Q-FRAM0foY_70rIMU2mxPZilpk=&xsec_source=,https://sns-webpic-qc.xhscdn.com/202603251936/a38e3aa16a7f1637d2e3c8274654c705/notes_pre_post/1040g3k831nii9eas52ag5pd2hlcohequpu66dgo!nc_n_webp_mw_1,ae7b022f03ddf104115cad45180a8f6eef8ec2bc4fd78673d1284988fbf46fb5,https://www.xiaohongshu.com/search_result/68ec73530000000004014ccd?xsec_token=ABIHIjPub5LZ1ns1mD9Q-FRAM0foY_70rIMU2mxPZilpk=&xsec_source=,否,否
小红书,小红书-全国旅游景区2.json,全国旅游景区2,5A级景区,西安景区民宿资金支持政策,西安陌路,https://www.xiaohongshu.com/user/profile/63e267db0000000027028737?channel_type=web_search_result_notes&parent_page_channel_type=web_profile_board&xsec_token=ABWgCDqYsML9q_Sgbzeli2T5RWy8-UsQarnreNutex7FM=&xsec_source=pc_search,2025-04-03,2025-04-03,2026-03-25,3,3,https://www.xiaohongshu.com/search_result?keyword=5A%25E7%25BA%25A7%25E6%2599%25AF%25E5%258C%25BA&source=web_explore_feed,https://www.xiaohongshu.com/search_result/67ede66d0000000009016f18?xsec_token=AB4f8daAirwt364sftB1GPT182bDtToUv0llnB9cKAVeQ=&xsec_source=,https://sns-webpic-qc.xhscdn.com/202603251936/ed61f8b3839335c0e31079d4f2355dd7/1040g2sg31fq04ng202cg5ov2cvdpt1pn152ghsg!nc_n_webp_mw_1,90969127ccc46f5a3df38e3f6f49ab5429666970e9e2b60ad55263ba218099a8,https://www.xiaohongshu.com/search_result/67ede66d0000000009016f18?xsec_token=AB4f8daAirwt364sftB1GPT182bDtToUv0llnB9cKAVeQ=&xsec_source=,否,否
小红书,小红书-全国旅游景区2.json,全国旅游景区2,5A级景区,山东5A景区全图鉴,寻路中国,https://www.xiaohongshu.com/user/profile/618ca7e4000000001000a367?channel_type=web_search_result_notes&parent_page_channel_type=web_profile_board&xsec_token=ABycT-tjRMl0QkxiQJeJX_NFw5gH7a_Jm77Sb-jLXEbYc=&xsec_source=pc_search,2025-09-02,2025-09-02,2026-03-25,5,5,https://www.xiaohongshu.com/search_result?keyword=5A%25E7%25BA%25A7%25E6%2599%25AF%25E5%258C%25BA&source=web_explore_feed,https://www.xiaohongshu.com/search_result/68b6d865000000001c00ab40?xsec_token=ABIb8BfI8XxFGFwNFn_ruB8Q4lB5HPRgOYUa4pHOjmPSc=&xsec_source=,https://sns-webpic-qc.xhscdn.com/202603251936/92826b7aaf98b9f4b91a222d47988e92/1040g00831lu845dclm005occkvi418r7ouurcvg!nc_n_webp_mw_1,6d03ee04234597aa0df2424ef77a116521912d8d507004d43633b60eb24c3733,https://www.xiaohongshu.com/search_result/68b6d865000000001c00ab40?xsec_token=ABIb8BfI8XxFGFwNFn_ruB8Q4lB5HPRgOYUa4pHOjmPSc=&xsec_source=,否,否
小红书,小红书-新疆5A旅游景区.json,新疆5A旅游景区,新疆5A级景区,新疆风景是中国最极致的浪漫,阳阳的夏天,https://www.xiaohongshu.com/user/profile/658d288e00000000220043b0?channel_type=web_search_result_notes&parent_page_channel_type=web_profile_board&xsec_token=ABNlGW5HZewh8RTx6-EnOmNlZ5IhIPkCCleAL1GXollNo=&xsec_source=pc_search,2025-11-07,2025-11-07,2026-03-25,8,8,https://www.xiaohongshu.com/search_result?keyword=%25E6%2596%25B0%25E7%2596%25865A%25E7%25BA%25A7%25E6%2599%25AF%25E5%258C%25BA&source=web_explore_feed,https://www.xiaohongshu.com/search_result/690d65d00000000004016081?xsec_token=ABpeJUYDlR0KvD3MnDdWK4rZi5nVzeMPhWmC0VLYO-NLw=&xsec_source=,https://sns-webpic-qc.xhscdn.com/202603251943/73e8f2b8c806d83df599827215e13b88/spectrum/1040g0k031oiot8fj4u005pcd5278ggtgq6l59go!nc_n_webp_mw_1,a01d46be1f0f3f495d818e1bc69a6fb9eb55cc7c8126f70a262626f59a2478cf,https://www.xiaohongshu.com/search_result/690d65d00000000004016081?xsec_token=ABpeJUYDlR0KvD3MnDdWK4rZi5nVzeMPhWmC0VLYO-NLw=&xsec_source=,否,否
小红书,小红书-新疆5A旅游景区.json,新疆5A旅游景区,新疆5A级景区,,边缘自驾,https://www.xiaohongshu.com/user/profile/64a6c11d000000002a037044?channel_type=web_search_result_notes&parent_page_channel_type=web_profile_board&xsec_token=ABP7I7EQ2TlyBin1RhyWFTO6sf-x8jaDuHh_IFoSNRz_s=&xsec_source=pc_search,2025-07-30,2025-07-30,2026-03-25,726,726,https://www.xiaohongshu.com/search_result?keyword=%25E6%2596%25B0%25E7%2596%25865A%25E7%25BA%25A7%25E6%2599%25AF%25E5%258C%25BA&source=web_explore_feed,https://www.xiaohongshu.com/search_result/6889558f0000000003026cc1?xsec_token=ABUIF-nQ_vhFb7V8mVwGVJSU4St7BUHqNs1d6gfTQzGcw=&xsec_source=,https://sns-webpic-qc.xhscdn.com/202603251943/5d7f4077eeaa614d7a0dc6fccdd0f894/1040g00831khpsndnj2005p56o4eqms24pl9voro!nc_n_webp_mw_1,d60cf47adaad97d83597a86c09f15a597b921c3ef56e20134e843dfb6d18678c,https://www.xiaohongshu.com/search_result/6889558f0000000003026cc1?xsec_token=ABUIF-nQ_vhFb7V8mVwGVJSU4St7BUHqNs1d6gfTQzGcw=&xsec_source=,是,否
小红书,小红书-新疆5A旅游景区.json,新疆5A旅游景区,新疆5A级景区,新疆17个5A景点分布图丨快晒晒解锁哪些景点,西西,https://www.xiaohongshu.com/user/profile/66614765000000000d025038?channel_type=web_search_result_notes&parent_page_channel_type=web_profile_board&xsec_token=AByRVPL_yZqbm4W5zcV2b8yoS_-EK9nHsNEPpN3ISMBT0=&xsec_source=pc_search,2025-05-09,2025-05-09,2026-03-25,80,80,https://www.xiaohongshu.com/search_result?keyword=%25E6%2596%25B0%25E7%2596%25865A%25E7%25BA%25A7%25E6%2599%25AF%25E5%258C%25BA&source=web_explore_feed,https://www.xiaohongshu.com/search_result/681d65f00000000022035bf8?xsec_token=ABwZc4jIVc6-ckSxNkYzCdY6qNL196Q4v2bYulZv1OnZg=&xsec_source=,https://sns-webpic-qc.xhscdn.com/202603251943/bb2d7f5b13ca6179dbc847f3549d6154/1040g00831h8ctvnmj8605pj18tijck1o7p2s7c0!nc_n_webp_mw_1,83da8df3b63168427e87d102a2ea83ad6c7bff9c797f04a115298cf11f5a7f06,https://www.xiaohongshu.com/search_result/681d65f00000000022035bf8?xsec_token=ABwZc4jIVc6-ckSxNkYzCdY6qNL196Q4v2bYulZv1OnZg=&xsec_source=,否,否
小红书,小红书-新疆5A旅游景区.json,新疆5A旅游景区,新疆5A级景区,新疆18家5A级景区真实点评，不吹不黑,WILD牧野旅行,https://www.xiaohongshu.com/user/profile/5c8d29ed000000001200b9f0?channel_type=web_search_result_notes&parent_page_channel_type=web_profile_board&xsec_token=ABxo8hjwTq3cTPyM-yKEnRqG_0JYewgiHlECr2SA2uzcs=&xsec_source=pc_search,2025-07-15,2025-07-15,2026-03-25,287,287,https://www.xiaohongshu.com/search_result?keyword=%25E6%2596%25B0%25E7%2596%25865A%25E7%25BA%25A7%25E6%2599%25AF%25E5%258C%25BA&source=web_explore_feed,https://www.xiaohongshu.com/search_result/6876367000000000110009cd?xsec_token=ABNkArbXmLKAKjykvzp_89FD6VtgNvHU9Q4lqZYzb8W3k=&xsec_source=,https://sns-webpic-qc.xhscdn.com/202603251943/c60be3d27675145d4ae24251e1194ebe/spectrum/1040g0k031jv4am9qig705n4d57mkhefg6spvd8g!nc_n_webp_mw_1,a98bbcf0bdcb73c1f03387f7083de17a36acb44a883eadbd1e4b54247bf1f699,https://www.xiaohongshu.com/search_result/6876367000000000110009cd?xsec_token=ABNkArbXmLKAKjykvzp_89FD6VtgNvHU9Q4lqZYzb8W3k=&xsec_source=,否,否
小红书,小红书-新疆5A旅游景区.json,新疆5A旅游景区,新疆5A级景区,新疆还没背导游词的看过来,一只眠杨学姐,https://www.xiaohongshu.com/user/profile/65b0eebd000000000e0028e7?channel_type=web_search_result_notes&parent_page_channel_type=web_profile_board&xsec_token=ABmh6GSNfOk-hqVh6eJHYd44PJfRxSp6SWDTQw0ti2GGg=&xsec_source=pc_search,2025-10-23,2025-10-23,2026-03-25,264,264,https://www.xiaohongshu.com/search_result?keyword=%25E6%2596%25B0%25E7%2596%25865A%25E7%25BA%25A7%25E6%2599%25AF%25E5%258C%25BA&source=web_explore_feed,https://www.xiaohongshu.com/search_result/68fa0cf7000000000703535d?xsec_token=ABpMZS1M_nTKM-IxGZHI65dNiy75V1GW25yA7HZ9jnbyk=&xsec_source=,https://sns-webpic-qc.xhscdn.com/202603251943/b9e678b7929b283b52bf02a2f8fbe462/notes_pre_post/1040g3k031nvsa2j152005pdgtqujga778l9jo38!nc_n_webp_mw_1,37c842b5861344f92c63496d90621a122b81b9eec3f22b0f640cfe2abb9e31cd,https://www.xiaohongshu.com/search_result/68fa0cf7000000000703535d?xsec_token=ABpMZS1M_nTKM-IxGZHI65dNiy75V1GW25yA7HZ9jnbyk=&xsec_source=,否,否
小红书,小红书-新疆5A旅游景区.json,新疆5A旅游景区,新疆5A级景区,打算今年五一节去新疆,HaruHaru,https://www.xiaohongshu.com/user/profile/5b4df1f6f7e8b9354c8b7030?channel_type=web_search_result_notes&parent_page_channel_type=web_profile_board&xsec_token=AB6oSA8p_YQ9bKXHY1xgf7v7O-Harx2WMnS92GdSLaxEY=&xsec_source=pc_search,01-07,2026-01-07,2026-03-25,171,171,https://www.xiaohongshu.com/search_result?keyword=%25E6%2596%25B0%25E7%2596%25865A%25E7%25BA%25A7%25E6%2599%25AF%25E5%258C%25BA&source=web_explore_feed,https://www.xiaohongshu.com/search_result/695e4042000000001a02642b?xsec_token=ABz8O9rWP3oG2B-jz_wxlD1F5B9sTcWjFQeAxq3fN0-qU=&xsec_source=,https://sns-webpic-qc.xhscdn.com/202603251943/13fb4d5ca4359b983d4dd07bc79840a5/notes_pre_post/1040g3k031r1nfpqh0a604a7861ovcs1giacres0!nc_n_webp_mw_1,45fe9b3b6a1570d15b68e4d8e0e821d219203fe5a72c3bd834894016fe10b733,https://www.xiaohongshu.com/search_result/695e4042000000001a02642b?xsec_token=ABz8O9rWP3oG2B-jz_wxlD1F5B9sTcWjFQeAxq3fN0-qU=&xsec_source=,否,否
小红书,小红书-新疆5A旅游景区.json,新疆5A旅游景区,新疆5A级景区,,,,,,2026-03-25,,0,https://www.xiaohongshu.com/search_result?keyword=%25E6%2596%25B0%25E7%2596%25865A%25E7%25BA%25A7%25E6%2599%25AF%25E5%258C%25BA&source=web_explore_feed,,http://sns-na-i4.xhscdn.com/1040g2sg31dku9l5e0e5g5o02c81g86pg3lv5lc8?imageView2/1/h/132/w/480/format/jpg&ap=5&sc=HOT_QRY&sign=6cc38641a71c3ff2b07c72d6d4836289&t=69c3ca66&origin=0,c35f35521e96c03405d4deef6a24e0430d559610df3436899b6df9d413763142,471a8dd95218c7519679909da4579afbc1c8caa9f2c421410ac068858fbece8c,是,是
小红书,小红书-新疆5A旅游景区.json,新疆5A旅游景区,新疆5A级景区,,途游西旅小峰,https://www.xiaohongshu.com/user/profile/65ab650c0000000014004275?channel_type=web_search_result_notes&parent_page_channel_type=web_profile_board&xsec_token=ABlR00U0Iijl-nvpK2ppdnZht-wB9GBcIPtAKhJ3tiHYo=&xsec_source=pc_search,2025-04-04,2025-04-04,2026-03-25,65,65,https://www.xiaohongshu.com/search_result?keyword=%25E6%2596%25B0%25E7%2596%25865A%25E7%25BA%25A7%25E6%2599%25AF%25E5%258C%25BA&source=web_explore_feed,https://www.xiaohongshu.com/search_result/67ef8068000000000f031e8e?xsec_token=ABscsyx24BBDeRQHnv7WD1rja8ySlfArSAJ6gHx1DzHbc=&xsec_source=,https://sns-webpic-qc.xhscdn.com/202603251943/13e08758852026ad42e01c115984aff1/1040g00831frijeu2g0605pdbck650gjlbp6sa4o!nc_n_webp_mw_1,8d801d0e3d5236f01734bba1d426116f0448a0d5b37a044b01c486df7196aad9,https://www.xiaohongshu.com/search_result/67ef8068000000000f031e8e?xsec_token=ABscsyx24BBDeRQHnv7WD1rja8ySlfArSAJ6gHx1DzHbc=&xsec_source=,是,否
小红书,小红书-新疆5A旅游景区.json,新疆5A旅游景区,新疆5A级景区,,新疆小唐,https://www.xiaohongshu.com/user/profile/683ba25c000000001d015c15?channel_type=web_search_result_notes&parent_page_channel_type=web_profile_board&xsec_token=ABUNVRSxOJvqR76senYfwTDP6YMUExqIwrHM-wgSjVnjs=&xsec_source=pc_search,02-25,2026-02-25,2026-03-25,11,11,https://www.xiaohongshu.com/search_result?keyword=%25E6%2596%25B0%25E7%2596%25865A%25E7%25BA%25A7%25E6%2599%25AF%25E5%258C%25BA&source=web_explore_feed,https://www.xiaohongshu.com/search_result/699e99ea000000001a037e5d?xsec_token=ABr037pU3G62HFpqtHmpyfpEwmun_gUaQGOdWa2BB2OjE=&xsec_source=,https://sns-webpic-qc.xhscdn.com/202603251943/9c0631f6683ab6e30329af8a976565ce/1040g00831t0iep5862d05q1rk9e7an0lnrshp50!nc_n_webp_mw_1,b9bbbe2e49b38eaeece8bb0ffed96270a460d81490b8f048d62a177f899da149,https://www.xiaohongshu.com/search_result/699e99ea000000001a037e5d?xsec_token=ABr037pU3G62HFpqtHmpyfpEwmun_gUaQGOdWa2BB2OjE=&xsec_source=,是,否
小红书,小红书-新疆5A旅游景区.json,新疆5A旅游景区,新疆5A级景区,这是我在新疆最喜欢的三个地方,长君,https://www.xiaohongshu.com/user/profile/62040099000000001000ff34?channel_type=web_search_result_notes&parent_page_channel_type=web_profile_board&xsec_token=ABT-qL5oymLoivI_xM4U16JFQXkJ4qFDWFIh2ag_55KWI=&xsec_source=pc_search,03-16,2026-03-16,2026-03-25,449,449,https://www.xiaohongshu.com/search_result?keyword=%25E6%2596%25B0%25E7%2596%25865A%25E7%25BA%25A7%25E6%2599%25AF%25E5%258C%25BA&source=web_explore_feed,https://www.xiaohongshu.com/search_result/69b5507a000000002202af21?xsec_token=ABY9EE42YTwHQagkHv0KQPE3RiI4zlFRw6YlR0sM57AG0=&xsec_source=,https://sns-webpic-qc.xhscdn.com/202603251943/4f8d9c8d20ba8d81381aab1a08b2fa49/notes_pre_post/1040g3k831tmntffl72605og402ck1vpkkbrnpb8!nc_n_webp_mw_1,64fdec07385cc446e6068739dd5023fe4a2857ddce2db7008e77d908b4620ad7,https://www.xiaohongshu.com/search_result/69b5507a000000002202af21?xsec_token=ABY9EE42YTwHQagkHv0KQPE3RiI4zlFRw6YlR0sM57AG0=&xsec_source=,否,否
小红书,小红书-新疆5A旅游景区.json,新疆5A旅游景区,新疆5A级景区,新疆｜那拉提绝对是被低估的5A景区,丝绒花花朵朵开,https://www.xiaohongshu.com/user/profile/63f26464000000001001c979?channel_type=web_search_result_notes&parent_page_channel_type=web_profile_board&xsec_token=ABMc8yOajT8CFpHNjMv_JF-qDxdw7tEWz33evxVUVV8PI=&xsec_source=pc_search,02-12,2026-02-12,2026-03-25,4,4,https://www.xiaohongshu.com/search_result?keyword=%25E6%2596%25B0%25E7%2596%25865A%25E7%25BA%25A7%25E6%2599%25AF%25E5%258C%25BA&source=web_explore_feed,https://www.xiaohongshu.com/search_result/6918824400000000040141cc?xsec_token=ABwo7PRzHr6fbyDm-TRjb_67AcL9juo5tQoPgbLy1IhIg=&xsec_source=,https://sns-webpic-qc.xhscdn.com/202603251943/7eb2afc3273153458d9a34e855ecd8ba/notes_pre_post/1040g3k831otjn995ha705ovichi43ibp2c2sr80!nc_n_webp_mw_1,d00348ce4005f9af9aead228e61c336fd49ee6954da03cb7bde2200dbcf568fc,https://www.xiaohongshu.com/search_result/6918824400000000040141cc?xsec_token=ABwo7PRzHr6fbyDm-TRjb_67AcL9juo5tQoPgbLy1IhIg=&xsec_source=,否,否
小红书,小红书-新疆5A旅游景区.json,新疆5A旅游景区,新疆5A级景区,新疆维吾尔自治区5A景区,momo,https://www.xiaohongshu.com/user/profile/642990d3000000001201147f?channel_type=web_search_result_notes&parent_page_channel_type=web_profile_board&xsec_token=ABB2UmKNcKqUBHc9YTl9JW1NzqnS9pBN29n4kgGxVRWlg=&xsec_source=pc_search,2024-12-02,2024-12-02,2026-03-25,33,33,https://www.xiaohongshu.com/search_result?keyword=%25E6%2596%25B0%25E7%2596%25865A%25E7%25BA%25A7%25E6%2599%25AF%25E5%258C%25BA&source=web_explore_feed,https://www.xiaohongshu.com/search_result/674d749000000000020286cf?xsec_token=ABFwnq18dmnDQt_FgJYpE3nwhmI-49BZqV0r8xpYSN9yQ=&xsec_source=,https://sns-webpic-qc.xhscdn.com/202603251943/9e4c0f4d34021e698ecf2c7720b0c1dd/1040g00831at8v6k27c2g5p19i39ki53vbh5e1rg!nc_n_webp_mw_1,9e12f1d5e151a76aa792436bf601d5a3d1d2f49eaa6d085958278a8ce6117291,https://www.xiaohongshu.com/search_result/674d749000000000020286cf?xsec_token=ABFwnq18dmnDQt_FgJYpE3nwhmI-49BZqV0r8xpYSN9yQ=&xsec_source=,否,否
小红书,小红书-新疆5A旅游景区.json,新疆5A旅游景区,新疆5A级景区,“答应我，今年的春天留给新疆好吗……”,涛涛在路上,https://www.xiaohongshu.com/user/profile/5fee738400000000010087f0?channel_type=web_search_result_notes&parent_page_channel_type=web_profile_board&xsec_token=AB02w3vfAHcguSlh2Mq3fux3X4F5MmHVqYFVbLLUKhUc8=&xsec_source=pc_search,1天前,2026-03-24,2026-03-25,4.9万,49000,https://www.xiaohongshu.com/search_result?keyword=%25E6%2596%25B0%25E7%2596%25865A%25E7%25BA%25A7%25E6%2599%25AF%25E5%258C%25BA&source=web_explore_feed,https://www.xiaohongshu.com/search_result/69abf6f80000000015039831?xsec_token=ABKnZ0VX7FR56NBc46AvZI5kfd3u4WS6xcvvlfkIulbuQ=&xsec_source=,https://sns-webpic-qc.xhscdn.com/202603251943/2f063f772e91013acd3af94c6df46ef4/1040g00831tdk2agc62005nveee2091vgooajf6o!nc_n_webp_mw_1,99adefd250889fa59de5f9a5a760e88f8f1ac84554aae603569ff9320db3344e,https://www.xiaohongshu.com/search_result/69abf6f80000000015039831?xsec_token=ABKnZ0VX7FR56NBc46AvZI5kfd3u4WS6xcvvlfkIulbuQ=&xsec_source=,否,否
小红书,小红书-新疆5A旅游景区.json,新疆5A旅游景区,新疆5A级景区,,新疆.月牙,https://www.xiaohongshu.com/user/profile/67deb3ce000000000e01e2b5?channel_type=web_search_result_notes&parent_page_channel_type=web_profile_board&xsec_token=ABy0jfgla1EBAQcJwGouauH5-klw1CjHRgYQcNNYTtEiQ=&xsec_source=pc_search,6天前,2026-03-19,2026-03-25,11,11,https://www.xiaohongshu.com/search_result?keyword=%25E6%2596%25B0%25E7%2596%25865A%25E7%25BA%25A7%25E6%2599%25AF%25E5%258C%25BA&source=web_explore_feed,https://www.xiaohongshu.com/search_result/69bb5ca600000000230246d1?xsec_token=ABjIeGQcHr1BT9StHiIxRoEGE_kI0UXXs4BXUEoyqKjyo=&xsec_source=,https://sns-webpic-qc.xhscdn.com/202603251943/d0cdca9f244607c3f3ae3abcee43d637/1040g00831tsl599v6q005puumf73joll3pdam20!nc_n_webp_mw_1,605235648d370f8057f120b9a002d097ecd0397c96bb90d3b25901e8eb8f86a3,https://www.xiaohongshu.com/search_result/69bb5ca600000000230246d1?xsec_token=ABjIeGQcHr1BT9StHiIxRoEGE_kI0UXXs4BXUEoyqKjyo=&xsec_source=,是,否
小红书,小红书-新疆5A旅游景区.json,新疆5A旅游景区,新疆5A级景区,,新疆马上出发旅行社,https://www.xiaohongshu.com/user/profile/66e04431000000001d033f9f?channel_type=web_search_result_notes&parent_page_channel_type=web_profile_board&xsec_token=ABf6iT22JZXrjvU_fBOckpSue6fog0BplLvRp13AuokDc=&xsec_source=pc_search,02-20,2026-02-20,2026-03-25,208,208,https://www.xiaohongshu.com/search_result?keyword=%25E6%2596%25B0%25E7%2596%25865A%25E7%25BA%25A7%25E6%2599%25AF%25E5%258C%25BA&source=web_explore_feed,https://www.xiaohongshu.com/search_result/69982ed0000000002801c2ad?xsec_token=ABfMiYQW9RyyzpzCEJzWc0VqydOfBk2rIwHxOTcZvyeDc=&xsec_source=,https://sns-webpic-qc.xhscdn.com/202603251943/7749c569fa13ad570bf3b87b16520803/spectrum/1040g34o31sq9sd705e105pn08gonefsve1pk700!nc_n_webp_mw_1,4bbec392e7acb950a4cb3471a17c2590f4597ba47e142e2c66b9b4b51b79dc12,https://www.xiaohongshu.com/search_result/69982ed0000000002801c2ad?xsec_token=ABfMiYQW9RyyzpzCEJzWc0VqydOfBk2rIwHxOTcZvyeDc=&xsec_source=,是,否
小红书,小红书-新疆5A旅游景区.json,新疆5A旅游景区,新疆5A级景区,2026年最新全国5A景区名单⛰️,克莱因小狐,https://www.xiaohongshu.com/user/profile/63271a260000000023025f0d?channel_type=web_search_result_notes&parent_page_channel_type=web_profile_board&xsec_token=AB9HHIwSfmLds1KxoLr270oD-EFkAnXnN5D0lPZ7fPrNo=&xsec_source=pc_search,03-12,2026-03-12,2026-03-25,1159,1159,https://www.xiaohongshu.com/search_result?keyword=%25E6%2596%25B0%25E7%2596%25865A%25E7%25BA%25A7%25E6%2599%25AF%25E5%258C%25BA&source=web_explore_feed,https://www.xiaohongshu.com/search_result/69b2d44a0000000015038796?xsec_token=AB2CfFqaYiQohWioVuou-0LD-SkZY0JsEB4eYTo9Te244=&xsec_source=,https://sns-webpic-qc.xhscdn.com/202603251943/84acbfbaf503787a757e1313e460f62e/notes_pre_post/1040g3k031tkafsq07q005op738j8snodf1mt0qg!nc_n_webp_mw_1,c146bd3c1ccf618b8d17853712e5d57b4faee39804f9fca6e421c827826e1e23,https://www.xiaohongshu.com/search_result/69b2d44a0000000015038796?xsec_token=AB2CfFqaYiQohWioVuou-0LD-SkZY0JsEB4eYTo9Te244=&xsec_source=,否,否
小红书,小红书-新疆5A旅游景区.json,新疆5A旅游景区,新疆5A级景区,新疆部分景区主观点评（上）,壹贰叁咔,https://www.xiaohongshu.com/user/profile/6193afee00000000020197eb?channel_type=web_search_result_notes&parent_page_channel_type=web_profile_board&xsec_token=AB_VfUCDh47epADlY-YNXw6AdZyIHtuNMaiYr-eXVC5Ok=&xsec_source=pc_search,02-11,2026-02-11,2026-03-25,775,775,https://www.xiaohongshu.com/search_result?keyword=%25E6%2596%25B0%25E7%2596%25865A%25E7%25BA%25A7%25E6%2599%25AF%25E5%258C%25BA&source=web_explore_feed,https://www.xiaohongshu.com/search_result/698c11e4000000001d024778?xsec_token=ABxolZoGWtFrFN4Kf2qFsEAeTwE0pyeQsX2cKBoy1PUME=&xsec_source=,https://sns-webpic-qc.xhscdn.com/202603251943/150c76460e172140b4c104b5fc36e3de/c/notes_pre_post/1040g3k831see9i0q5s005ocjlvn0j5vbkrph2s8!nc_n_webp_mw_1,b4ba77d66b43bbcab138f5cc54458b41041e94b37fff5f0524a86585e7c84642,https://www.xiaohongshu.com/search_result/698c11e4000000001d024778?xsec_token=ABxolZoGWtFrFN4Kf2qFsEAeTwE0pyeQsX2cKBoy1PUME=&xsec_source=,否,否
小红书,小红书-新疆5A旅游景区.json,新疆5A旅游景区,新疆5A级景区,新疆｜6月闯入神的自留地，这片土地美到犯规,Vicky,https://www.xiaohongshu.com/user/profile/5ab7128511be101908b436e7?channel_type=web_search_result_notes&parent_page_channel_type=web_profile_board&xsec_token=ABmbfIaTkH_duiGIeIygWvI0i5MTW5js5aujcGcYZRbf0=&xsec_source=pc_search,2025-03-31,2025-03-31,2026-03-25,421,421,https://www.xiaohongshu.com/search_result?keyword=%25E6%2596%25B0%25E7%2596%25865A%25E7%25BA%25A7%25E6%2599%25AF%25E5%258C%25BA&source=web_explore_feed,https://www.xiaohongshu.com/search_result/67ea352c000000001c03d453?xsec_token=ABsP2mMfew1gw6DzO_IHidavrSk_cJrfMU4iSTKQ-yIec=&xsec_source=,https://sns-webpic-qc.xhscdn.com/202603251943/08cf4ae4bf94fa5ed51747fefcee1f9d/1040g00831fmd7g6unk004a3stb98adn7k55g778!nc_n_webp_mw_1,fa0ac781d3418bd70aee6768242d275b69da78030374fb5270cac8f457d4fed5,https://www.xiaohongshu.com/search_result/67ea352c000000001c03d453?xsec_token=ABsP2mMfew1gw6DzO_IHidavrSk_cJrfMU4iSTKQ-yIec=&xsec_source=,否,否
小红书,小红书-新疆5A旅游景区.json,新疆5A旅游景区,新疆5A级景区,新疆18家5A级景区真实点评，不吹不黑,旅游老炮超奇,https://www.xiaohongshu.com/user/profile/6819d7e50000000018027b9d?channel_type=web_search_result_notes&parent_page_channel_type=web_profile_board&xsec_token=ABH92CQoYR9VkrBXxZKp7ZW1oWPNh7uCxU9cWOw5pSqSo=&xsec_source=pc_search,2025-08-04,2025-08-04,2026-03-25,306,306,https://www.xiaohongshu.com/search_result?keyword=%25E6%2596%25B0%25E7%2596%25865A%25E7%25BA%25A7%25E6%2599%25AF%25E5%258C%25BA&source=web_explore_feed,https://www.xiaohongshu.com/search_result/689092f6000000002303694b?xsec_token=AB8lAqmzvnymtYqnuRUXz60LAJS9Ic8MvhXymf5023bts=&xsec_source=,https://sns-webpic-qc.xhscdn.com/202603251943/f6267b707cac0d9ff51fcfa11591331e/spectrum/1040g0k031koro3ui48005q0pqvim4usta17hls8!nc_n_webp_mw_1,e77001737fb6e3217823406d1bc16ae91dc3b3f86ab24092f8df2d398b9f3e0e,https://www.xiaohongshu.com/search_result/689092f6000000002303694b?xsec_token=AB8lAqmzvnymtYqnuRUXz60LAJS9Ic8MvhXymf5023bts=&xsec_source=,否,否
小红书,小红书-新疆5A旅游景区.json,新疆5A旅游景区,新疆5A级景区,无滤镜实况下的新疆,羲嘎,https://www.xiaohongshu.com/user/profile/5c0eb1840000000005015cad?channel_type=web_search_result_notes&parent_page_channel_type=web_profile_board&xsec_token=AB03Hj1SS3iwcDjN2MOrcDeKeZQZaf20CWj6_pJbtRkzI=&xsec_source=pc_search,03-16,2026-03-16,2026-03-25,5.3万,53000,https://www.xiaohongshu.com/search_result?keyword=%25E6%2596%25B0%25E7%2596%25865A%25E7%25BA%25A7%25E6%2599%25AF%25E5%258C%25BA&source=web_explore_feed,https://www.xiaohongshu.com/search_result/69b2e8f2000000000503109a?xsec_token=AB2CfFqaYiQohWioVuou-0LAWn2nT8oYVWYS3aOfm46Kw=&xsec_source=,https://sns-webpic-qc.xhscdn.com/202603251943/9e2c9e83499a4aaa6f2cd2aec0808e2d/notes_uhdr/1040g3qg31tkd5l14n8004buvhaoo8n5dpicddbo!nc_n_webp_mw_1,7a8b6eb68004ea568a2a951f8e422177f2fcbfbf524c38de17f3496a742ed6d8,https://www.xiaohongshu.com/search_result/69b2e8f2000000000503109a?xsec_token=AB2CfFqaYiQohWioVuou-0LAWn2nT8oYVWYS3aOfm46Kw=&xsec_source=,否,否
小红书,小红书-新疆5A旅游景区.json,新疆5A旅游景区,新疆5A级景区,五月的那拉提,见山川,https://www.xiaohongshu.com/user/profile/5e35733c000000000100bfa4?channel_type=web_search_result_notes&parent_page_channel_type=web_profile_board&xsec_token=AByZJdJ6lQT7v90fVlCjFXOgNbFTkrqui9d-Fh9_mnSEg=&xsec_source=pc_search,2025-03-07,2025-03-07,2026-03-25,2.3万,23000,https://www.xiaohongshu.com/search_result?keyword=%25E6%2596%25B0%25E7%2596%25865A%25E7%25BA%25A7%25E6%2599%25AF%25E5%258C%25BA&source=web_explore_feed,https://www.xiaohongshu.com/search_result/67c2c3ce00000000290128a1?xsec_token=AB3swQ9xRSrgZJw2GcPwcKccXjO5sSzEaTZqaHRupvDPs=&xsec_source=,https://sns-webpic-qc.xhscdn.com/202603251943/7e70233e9955e4c59e84e061993319af/1040g00831efskm51ge005nhlecu09ft4mokbkig!nc_n_webp_mw_1,cadb93547988f00fa719001cf5a47ef4f7a2654befb1d5f7a492fc52c931eeea,https://www.xiaohongshu.com/search_result/67c2c3ce00000000290128a1?xsec_token=AB3swQ9xRSrgZJw2GcPwcKccXjO5sSzEaTZqaHRupvDPs=&xsec_source=,否,否
小红书,小红书-新疆5A旅游景区.json,新疆5A旅游景区,新疆5A级景区,大美新疆各地区都有什么特点呢？,地舆世界,https://www.xiaohongshu.com/user/profile/67c82271000000000d00a056?channel_type=web_search_result_notes&parent_page_channel_type=web_profile_board&xsec_token=ABYIifea1R-ydKerdvgsG99kRJftW7mZN-K7a1AEjBOdg=&xsec_source=pc_search,2025-09-08,2025-09-08,2026-03-25,2035,2035,https://www.xiaohongshu.com/search_result?keyword=%25E6%2596%25B0%25E7%2596%25865A%25E7%25BA%25A7%25E6%2599%25AF%25E5%258C%25BA&source=web_explore_feed,https://www.xiaohongshu.com/search_result/68be3fd3000000001d011c48?xsec_token=ABNJDbazSkeyzzx5-V3aofJLlXfz4FpjW9myWzcmRnmEM=&xsec_source=,https://sns-webpic-qc.xhscdn.com/202603251943/b8db461ab9a4ddb56936f935566b842b/1040g2sg31m5fh3klkukg5pu849oj982mj6nk9ug!nc_n_webp_mw_1,09994e48f3df01a42d7f7962999cc97066c0ec2a4c1b89e7c8fcc821d9019c7a,https://www.xiaohongshu.com/search_result/68be3fd3000000001d011c48?xsec_token=ABNJDbazSkeyzzx5-V3aofJLlXfz4FpjW9myWzcmRnmEM=&xsec_source=,否,否
小红书,小红书-新疆5A旅游景区.json,新疆5A旅游景区,新疆5A级景区,大美新疆-那拉提空中草原,日月无恙,https://www.xiaohongshu.com/user/profile/616595950000000002022c11?channel_type=web_search_result_notes&parent_page_channel_type=web_profile_board&xsec_token=ABa-qGc_UjhXogGePMfNcA733YbxqpJgxdydtIUbB75s0=&xsec_source=pc_search,2025-06-07,2025-06-07,2026-03-25,49,49,https://www.xiaohongshu.com/search_result?keyword=%25E6%2596%25B0%25E7%2596%25865A%25E7%25BA%25A7%25E6%2599%25AF%25E5%258C%25BA&source=web_explore_feed,https://www.xiaohongshu.com/search_result/68436dfe000000000c03bcdb?xsec_token=ABBkhxxrInc4uTnTPXb0fs-vksNfnWPs0C6VGT6vu33ns=&xsec_source=,https://sns-webpic-qc.xhscdn.com/202603251943/72826e0c421d357c1b48ccebdd7729d8/note_pre_post_uhdr/1040g3r031idgh0p8021g5ob5imagkb0hncuhpp0!nc_n_webp_mw_1,683f131e9c8f62710d2b5e5227948e2534a91d84eaf0926f6c360afed225e64e,https://www.xiaohongshu.com/search_result/68436dfe000000000c03bcdb?xsec_token=ABBkhxxrInc4uTnTPXb0fs-vksNfnWPs0C6VGT6vu33ns=&xsec_source=,否,否
小红书,小红书-新疆5A旅游景区.json,新疆5A旅游景区,新疆5A级景区,100个5a景区你去过几个？,生椰拿铁的咖啡,https://www.xiaohongshu.com/user/profile/68cf12ed000000002202e11e?channel_type=web_search_result_notes&parent_page_channel_type=web_profile_board&xsec_token=ABjIGlC_a6EUL792mDd1lwTnsL1WWlvDMTJ_OlmEpeytk=&xsec_source=pc_search,01-31,2026-01-31,2026-03-25,11,11,https://www.xiaohongshu.com/search_result?keyword=%25E6%2596%25B0%25E7%2596%25865A%25E7%25BA%25A7%25E6%2599%25AF%25E5%258C%25BA&source=web_explore_feed,https://www.xiaohongshu.com/search_result/697ce371000000002203ab6a?xsec_token=ABS2c7J2NMPlF-u9RPCpOEk7B14gvXAkqGsbmojpguobY=&xsec_source=,https://sns-webpic-qc.xhscdn.com/202603251943/429c8ae310d705c33cac8f2c8936cd63/notes_pre_post/1040g3k031rvksqdm4o005q6f2bmolo8u531inq0!nc_n_webp_mw_1,30f01fda2840612bd48dccad55c17f88c703bad12db6ff6bc59e830bb68bd03f,https://www.xiaohongshu.com/search_result/697ce371000000002203ab6a?xsec_token=ABS2c7J2NMPlF-u9RPCpOEk7B14gvXAkqGsbmojpguobY=&xsec_source=,否,否
小红书,小红书-新疆5A旅游景区.json,新疆5A旅游景区,新疆5A级景区,,霞客,https://www.xiaohongshu.com/user/profile/6369fd0e000000001f01ae71?channel_type=web_search_result_notes&parent_page_channel_type=web_profile_board&xsec_token=ABEU6lIp8ctGLs4C5E2u0R8jYkh_Ll_u4JuDaEl7FJV6Q=&xsec_source=pc_search,03-16,2026-03-16,2026-03-25,669,669,https://www.xiaohongshu.com/search_result?keyword=%25E6%2596%25B0%25E7%2596%25865A%25E7%25BA%25A7%25E6%2599%25AF%25E5%258C%25BA&source=web_explore_feed,https://www.xiaohongshu.com/search_result/69b7c543000000001f003c19?xsec_token=ABaghI9l-PI5GO7EL1e75dw9GTJUX0dxsx8Wseu8dmX50=&xsec_source=,https://sns-webpic-qc.xhscdn.com/202603251943/301331f2673321352cb8df4201c7e3f7/notes_pre_post/1040g3k031tp42kee72505or9vk77rbjhvpg9hg8!nc_n_webp_mw_1,d62d16a14e598e2ab9f1dd012caf9128ab8fa66edc8638eeaf0a31d322f1f110,https://www.xiaohongshu.com/search_result/69b7c543000000001f003c19?xsec_token=ABaghI9l-PI5GO7EL1e75dw9GTJUX0dxsx8Wseu8dmX50=&xsec_source=,是,否
小红书,小红书-新疆5A旅游景区.json,新疆5A旅游景区,新疆5A级景区,国家5A级旅游景区名单358家,范进中举,https://www.xiaohongshu.com/user/profile/62c98be8000000000e00dcde?channel_type=web_search_result_notes&parent_page_channel_type=web_profile_board&xsec_token=AB3wOmB_O5RbVKBUF0L5ELvmOQ1SVYmNwMOMNOFDHVmlw=&xsec_source=pc_search,2025-09-30,2025-09-30,2026-03-25,1437,1437,https://www.xiaohongshu.com/search_result?keyword=%25E6%2596%25B0%25E7%2596%25865A%25E7%25BA%25A7%25E6%2599%25AF%25E5%258C%25BA&source=web_explore_feed,https://www.xiaohongshu.com/search_result/68db789b00000000030126bf?xsec_token=ABHnzqJI49jS1IuEM51edAGX3A_XyUSQJuMW1Axq2O4gc=&xsec_source=,https://sns-webpic-qc.xhscdn.com/202603251943/33229d4782431297417d095eaa92f9ad/notes_pre_post/1040g3k031n20mt9j586g5om9hfk3hn6u6h6pj88!nc_n_webp_mw_1,84013dedcfdfb43aac22f0d7757fbbaeb8e30eb39760d5267a3f5d5e782cef2d,https://www.xiaohongshu.com/search_result/68db789b00000000030126bf?xsec_token=ABHnzqJI49jS1IuEM51edAGX3A_XyUSQJuMW1Axq2O4gc=&xsec_source=,否,否
小红书,小红书-新疆5A旅游景区.json,新疆5A旅游景区,新疆5A级景区,🌿 那拉提草原：新疆伊犁的立体童话世界,我们星球-轻奢定制游,https://www.xiaohongshu.com/user/profile/6911762a0000000037008b23?channel_type=web_search_result_notes&parent_page_channel_type=web_profile_board&xsec_token=ABvT5AIXi7UYMAD2O88OeplL-OhovcmeExLY8ijkyE1s0=&xsec_source=pc_search,1小时前,2026-03-25,2026-03-25,1,1,https://www.xiaohongshu.com/search_result?keyword=%25E6%2596%25B0%25E7%2596%25865A%25E7%25BA%25A7%25E6%2599%25AF%25E5%258C%25BA&source=web_explore_feed,https://www.xiaohongshu.com/search_result/69c3b604000000001a0237ea?xsec_token=AB1reXc9sceWHR16vHAmKSpNAjrd5xgKLQlY7UEEHY-MY=&xsec_source=,https://sns-webpic-qc.xhscdn.com/202603251943/cc31554d5e3f4203f883470ca63e8af8/notes_pre_post/1040g3k831u4q5b5digdg5q8heoldp2p3dfhf248!nc_n_webp_mw_1,11aedd3234467b79cdd61dce04df399a9dd26be23ba263e6073de38801a204bb,https://www.xiaohongshu.com/search_result/69c3b604000000001a0237ea?xsec_token=AB1reXc9sceWHR16vHAmKSpNAjrd5xgKLQlY7UEEHY-MY=&xsec_source=,否,否
小红书,小红书-新疆5A旅游景区.json,新疆5A旅游景区,新疆5A级景区,在吐鲁番被“埋”了,阿疆在北疆,https://www.xiaohongshu.com/user/profile/69bb7fbb000000003401998d?channel_type=web_search_result_notes&parent_page_channel_type=web_profile_board&xsec_token=ABjIeGQcHr1BT9StHiIxRoEBVZ1Lx7aaRdD0lJ3yAl7Lk=&xsec_source=pc_search,1天前,2026-03-24,2026-03-25,1,1,https://www.xiaohongshu.com/search_result?keyword=%25E6%2596%25B0%25E7%2596%25865A%25E7%25BA%25A7%25E6%2599%25AF%25E5%258C%25BA&source=web_explore_feed,https://www.xiaohongshu.com/search_result/69c2523c00000000230178fc?xsec_token=ABAuN-uMyHf13iXQtcesaQUii5jIIQ8wwmDqhEpZ3-Rls=&xsec_source=,https://sns-webpic-qc.xhscdn.com/202603251943/20d88e464ac318e57163acc2f8aec7ce/1040g2sg31u3el1cs2g705qdrfutt36cd6m0l0a8!nc_n_webp_mw_1,7587b7319bdec77e2c5d389c277699f51a3e06eee919a0958b85a8ee11469b2c,https://www.xiaohongshu.com/search_result/69c2523c00000000230178fc?xsec_token=ABAuN-uMyHf13iXQtcesaQUii5jIIQ8wwmDqhEpZ3-Rls=&xsec_source=,否,否
小红书,小红书-新疆5A旅游景区.json,新疆5A旅游景区,新疆5A级景区,5A级旅游景区最多的省，你的家乡有几个？,热的知识,https://www.xiaohongshu.com/user/profile/6737ed02000000001c019ea4?channel_type=web_search_result_notes&parent_page_channel_type=web_profile_board&xsec_token=ABF0I24lTJcnqbyP1zWjyehxH8YjWe4Tf3J3RGwGdQx3A=&xsec_source=pc_search,02-16,2026-02-16,2026-03-25,564,564,https://www.xiaohongshu.com/search_result?keyword=%25E6%2596%25B0%25E7%2596%25865A%25E7%25BA%25A7%25E6%2599%25AF%25E5%258C%25BA&source=web_explore_feed,https://www.xiaohongshu.com/search_result/6992e63f000000001d012fd5?xsec_token=AB0ufuJjyGAILZ63UXc51NqqLeEr4K3m_Nu-fGWuQuzpA=&xsec_source=,https://sns-webpic-qc.xhscdn.com/202603251943/cb6a3e90976efa3703e5b7cd00c1cc58/spectrum/1040g34o31sl4ndo65e0g5ppntk1737l49tr1fm0!nc_n_webp_mw_1,04680d9755f37b4db353a0fc583481a2b17e43c2515cedc8f5bde7d749071513,https://www.xiaohongshu.com/search_result/6992e63f000000001d012fd5?xsec_token=AB0ufuJjyGAILZ63UXc51NqqLeEr4K3m_Nu-fGWuQuzpA=&xsec_source=,否,否
小红书,小红书-新疆5A旅游景区.json,新疆5A旅游景区,新疆5A级景区,全国5A景区全盘点🔥 358家精华速码,棉花糖FUFU,https://www.xiaohongshu.com/user/profile/67af0cb90000000007003b7f?channel_type=web_search_result_notes&parent_page_channel_type=web_profile_board&xsec_token=ABg4Uu_JAVQ2B2f7UO-uhDAM-H-A6tL8Ht70pAfAGkbHQ=&xsec_source=pc_search,5天前,2026-03-20,2026-03-25,201,201,https://www.xiaohongshu.com/search_result?keyword=%25E6%2596%25B0%25E7%2596%25865A%25E7%25BA%25A7%25E6%2599%25AF%25E5%258C%25BA&source=web_explore_feed,https://www.xiaohongshu.com/search_result/69bbc584000000002003a996?xsec_token=ABjIeGQcHr1BT9StHiIxRoEI1J0TR1bQ93LEWZ0uHEvt0=&xsec_source=,https://sns-webpic-qc.xhscdn.com/202603251943/614ae3b7f0faed5d56a6a1b8aa33542f/spectrum/1040g0k031tt1pquugs005ptf1ishoervln0r66g!nc_n_webp_mw_1,a97c7310f4cd2d3b0fa7599b32413394553674daed91608da0b5a6d6022a98e2,https://www.xiaohongshu.com/search_result/69bbc584000000002003a996?xsec_token=ABjIeGQcHr1BT9StHiIxRoEI1J0TR1bQ93LEWZ0uHEvt0=&xsec_source=,否,否
小红书,小红书-新疆5A旅游景区.json,新疆5A旅游景区,新疆5A级景区,想去新疆玩的可以直接存图做攻略、很方便,新疆创野领队鹏鹏,https://www.xiaohongshu.com/user/profile/63a6a96d00000000260040e3?channel_type=web_search_result_notes&parent_page_channel_type=web_profile_board&xsec_token=ABlBJi6wij48-3GWMPlIDbBk4RFS4PYuZBBf09F7xtuYs=&xsec_source=pc_search,03-10,2026-03-10,2026-03-25,5,5,https://www.xiaohongshu.com/search_result?keyword=%25E6%2596%25B0%25E7%2596%25865A%25E7%25BA%25A7%25E6%2599%25AF%25E5%258C%25BA&source=web_explore_feed,https://www.xiaohongshu.com/search_result/69b01b010000000006008680?xsec_token=ABAqzZalDmw5p4uLuEBdFn7DghMfDe5aVnMTjFGxggVH4=&xsec_source=,https://sns-webpic-qc.xhscdn.com/202603251943/aac368fd5bbd9bd4d9f3130e2ce5c9f9/1040g2sg31thlai5ulkkg5ot6l5mpgg730qk5vbg!nc_n_webp_mw_1,98be7a871aef70d1bfe1eec91d205d08e08baaa2a4509ed61ddde79c45fe59bd,https://www.xiaohongshu.com/search_result/69b01b010000000006008680?xsec_token=ABAqzZalDmw5p4uLuEBdFn7DghMfDe5aVnMTjFGxggVH4=&xsec_source=,否,否
小红书,小红书-新疆5A旅游景区.json,新疆5A旅游景区,新疆5A级景区,新疆 大地镌刻的亿万年史诗,青柠甜猫酱,https://www.xiaohongshu.com/user/profile/61a9c47d000000001000428e?channel_type=web_search_result_notes&parent_page_channel_type=web_profile_board&xsec_token=ABbogJCJ5WzXUGfdywLaxwHvMoKCkkRFmu2PK2Vzp2rkI=&xsec_source=pc_search,2025-12-17,2025-12-17,2026-03-25,160,160,https://www.xiaohongshu.com/search_result?keyword=%25E6%2596%25B0%25E7%2596%25865A%25E7%25BA%25A7%25E6%2599%25AF%25E5%258C%25BA&source=web_explore_feed,https://www.xiaohongshu.com/search_result/6942672c000000000d00c6a4?xsec_token=ABsd9SwPzUucTHH7chJY2mPEDviDoSZzI1b_La4NMPEB0=&xsec_source=,https://sns-webpic-qc.xhscdn.com/202603251943/2f3b8aed75f7d18c946ca05e6f40ae5e/spectrum/1040g34o31q6hahpln0105od9ohuk0gkerj4dakg!nc_n_webp_mw_1,4fe8e4c1ca5342655b7d86d0e0ed09f916b9bbf35d480338d222fc7e8608c29e,https://www.xiaohongshu.com/search_result/6942672c000000000d00c6a4?xsec_token=ABsd9SwPzUucTHH7chJY2mPEDviDoSZzI1b_La4NMPEB0=&xsec_source=,否,否
小红书,小红书-新疆5A旅游景区.json,新疆5A旅游景区,新疆5A级景区,去新疆前刷到就好了！伊犁环线超详细攻略！,六斤Libra,https://www.xiaohongshu.com/user/profile/6486e2c6000000001f006265?channel_type=web_search_result_notes&parent_page_channel_type=web_profile_board&xsec_token=ABqhmx9Bd9q4M1hHjcWsfmZLIB70o45wAMS3Tqa2dSAkQ=&xsec_source=pc_search,2025-07-22,2025-07-22,2026-03-25,3557,3557,https://www.xiaohongshu.com/search_result?keyword=%25E6%2596%25B0%25E7%2596%25865A%25E7%25BA%25A7%25E6%2599%25AF%25E5%258C%25BA&source=web_explore_feed,https://www.xiaohongshu.com/search_result/687b66a80000000024008c38?xsec_token=AB8pyaGSN-liqyHF0rJwblMUzUOsIxiKKeAEP3izLMhmQ=&xsec_source=,https://sns-webpic-qc.xhscdn.com/202603251943/f886844dec682d055397ae45aaef54eb/spectrum/1040g34o31k84grjuj6105p46sb37ooj5okk52n0!nc_n_webp_mw_1,fdbdb5cba9f2180112b52ecd65779abef33968e26143ebf48c8aba0126945078,https://www.xiaohongshu.com/search_result/687b66a80000000024008c38?xsec_token=AB8pyaGSN-liqyHF0rJwblMUzUOsIxiKKeAEP3izLMhmQ=&xsec_source=,否,否
小红书,小红书-新疆5A旅游景区.json,新疆5A旅游景区,新疆5A级景区,如果走完全国的5A级景区，腿是不是就废了,Again张,https://www.xiaohongshu.com/user/profile/59100da95e87e77e54dce38f?channel_type=web_search_result_notes&parent_page_channel_type=web_profile_board&xsec_token=ABD3anFiywmQ0WhFhSep_I9dL8Goo-DOekQn88Kvf0V6I=&xsec_source=pc_search,2025-07-31,2025-07-31,2026-03-25,859,859,https://www.xiaohongshu.com/search_result?keyword=%25E6%2596%25B0%25E7%2596%25865A%25E7%25BA%25A7%25E6%2599%25AF%25E5%258C%25BA&source=web_explore_feed,https://www.xiaohongshu.com/search_result/688732390000000017031aa9?xsec_token=ABhWmJVbFjov8Li414cizgtrqvqRZDP58xx7YQADBuHuM=&xsec_source=,https://sns-webpic-qc.xhscdn.com/202603251943/c6c0002ce9d2961c5aac7c4649cd9028/spectrum/1040g34o31kjpil4ej61049fmeh6qjosfpo6h630!nc_n_webp_mw_1,9719963af14e31e73b8b4a7087f3572e71b78b7982aa15bc2c7fc95d1f374bdf,https://www.xiaohongshu.com/search_result/688732390000000017031aa9?xsec_token=ABhWmJVbFjov8Li414cizgtrqvqRZDP58xx7YQADBuHuM=&xsec_source=,否,否
小红书,小红书-新疆5A旅游景区.json,新疆5A旅游景区,新疆5A级景区,新疆旅游王者攻略,畅游家-野奢定制,https://www.xiaohongshu.com/user/profile/67f76664000000000a03dd02?channel_type=web_search_result_notes&parent_page_channel_type=web_profile_board&xsec_token=ABaQCpdYbdAu3BgwnfrGVKY3uJvaV0VXV_DDHq22aTkAM=&xsec_source=pc_search,2025-07-08,2025-07-08,2026-03-25,2164,2164,https://www.xiaohongshu.com/search_result?keyword=%25E6%2596%25B0%25E7%2596%25865A%25E7%25BA%25A7%25E6%2599%25AF%25E5%258C%25BA&source=web_explore_feed,https://www.xiaohongshu.com/search_result/6863a59500000000220309a7?xsec_token=AB_YVgesOSt2pLF2GX48qUnUrQfxibGKx_frJPKgl9LJg=&xsec_source=,https://sns-webpic-qc.xhscdn.com/202603251943/707df62dd589dea178575e98a693233a/spectrum/1040g34o31jcv5i242e0g5pvncpi2nn826t63iq8!nc_n_webp_mw_1,d5b752ab4d0e549f21cf985ba05f32d8a9d91284077c5c8ad3cca41bd72e8e6d,https://www.xiaohongshu.com/search_result/6863a59500000000220309a7?xsec_token=AB_YVgesOSt2pLF2GX48qUnUrQfxibGKx_frJPKgl9LJg=&xsec_source=,否,否
小红书,小红书-新疆5A旅游景区.json,新疆5A旅游景区,新疆5A级景区,全国含金量最高的十个5A景区,打工人小十（省钱版）,https://www.xiaohongshu.com/user/profile/67efb03a000000000e013004?channel_type=web_search_result_notes&parent_page_channel_type=web_profile_board&xsec_token=ABscsyx24BBDeRQHnv7WD1rnRxbcrSFdAx0qJot9dgkv8=&xsec_source=pc_search,2025-08-12,2025-08-12,2026-03-25,70,70,https://www.xiaohongshu.com/search_result?keyword=%25E6%2596%25B0%25E7%2596%25865A%25E7%25BA%25A7%25E6%2599%25AF%25E5%258C%25BA&source=web_explore_feed,https://www.xiaohongshu.com/search_result/6895d0c6000000000500566a?xsec_token=ABZsKe6S3qPtO-0YddEMIv-OpdjwE0EJ4OiyDs5OhyFJE=&xsec_source=,https://sns-webpic-qc.xhscdn.com/202603251943/ec113400ec963d885dced2b95cbf4bda/spectrum/1040g34o31ktvv9l348105pvfm0t3ic04gtsu5ho!nc_n_webp_mw_1,40784857aa64a3a099b74762f024c13990e9a78f3ed9116105bb4b37c7271fbc,https://www.xiaohongshu.com/search_result/6895d0c6000000000500566a?xsec_token=ABZsKe6S3qPtO-0YddEMIv-OpdjwE0EJ4OiyDs5OhyFJE=&xsec_source=,否,否
小红书,小红书-新疆5A旅游景区.json,新疆5A旅游景区,新疆5A级景区,,,,,,2026-03-25,,0,https://www.xiaohongshu.com/search_result?keyword=%25E6%2596%25B0%25E7%2596%25865A%25E7%25BA%25A7%25E6%2599%25AF%25E5%258C%25BA&source=web_explore_feed,,http://sns-na-i4.xhscdn.com/notes_pre_post/1040g3k831ki03k2k34c05n2ihr3mo6ts4qrivpo?imageView2/1/h/132/w/480/format/jpg&ap=5&sc=HOT_QRY&sign=b1be0463bf2940bf40d8f8ba0ae865f7&t=69c3ca6f&origin=0,1fc80c3afd71b83bbc65ba017bf634b4e93ab7495577f3017d1df5f0a81ad77b,9e1ffecfe593d75e3272c9bf01b82b03923ae889c9966beef6f7205a2322568b,是,是
小红书,小红书-新疆5A旅游景区.json,新疆5A旅游景区,新疆5A级景区,,旅游景点推荐官,https://www.xiaohongshu.com/user/profile/6551ca98000000000802f4c7?channel_type=web_search_result_notes&parent_page_channel_type=web_profile_board&xsec_token=ABGb0QD7HtT5zyBMuxgmnHqDNS2C0WWuEHR8XENrmQ79g=&xsec_source=pc_search,2025-12-20,2025-12-20,2026-03-25,112,112,https://www.xiaohongshu.com/search_result?keyword=%25E6%2596%25B0%25E7%2596%25865A%25E7%25BA%25A7%25E6%2599%25AF%25E5%258C%25BA&source=web_explore_feed,https://www.xiaohongshu.com/search_result/69468425000000001e00793a?xsec_token=ABeM8stI0SbT-LdNtMfOChq-K2jjhLe76o5abLngl2v_g=&xsec_source=,https://sns-webpic-qc.xhscdn.com/202603251943/34a77a2da578d23a0a3d09738592a9eb/1040g2sg31qah7ho6n20g5pahpac25t670a3fn8g!nc_n_webp_mw_1,13f40b1d11786155efacbebb3e0f3e8b6ba93eb03b9cbd89f31da5a18bc4621f,https://www.xiaohongshu.com/search_result/69468425000000001e00793a?xsec_token=ABeM8stI0SbT-LdNtMfOChq-K2jjhLe76o5abLngl2v_g=&xsec_source=,是,否
小红书,小红书-新疆5A旅游景区.json,新疆5A旅游景区,新疆5A级景区,新疆总结必体验的 17个AAAAA级景区,橘猫爱伊犁（伊犁车夫）,https://www.xiaohongshu.com/user/profile/6684a8b70000000003031e96?channel_type=web_search_result_notes&parent_page_channel_type=web_profile_board&xsec_token=ABDnNEl9Leu-WD-xj761JjudoN8sILNoD7UkYfKE6pZWk=&xsec_source=pc_search,1小时前,2026-03-25,2026-03-25,5,5,https://www.xiaohongshu.com/search_result?keyword=%25E6%2596%25B0%25E7%2596%25865A%25E7%25BA%25A7%25E6%2599%25AF%25E5%258C%25BA&source=web_explore_feed,https://www.xiaohongshu.com/search_result/69c22222000000002103a3be?xsec_token=ABAuN-uMyHf13iXQtcesaQUoGMCf5FI9UonDn9C3DyqUw=&xsec_source=,https://sns-webpic-qc.xhscdn.com/202603251943/a7a156b72c0ad04090eae983316bb290/1040g2sg31u38ltut7qe05pk4l2rgu7kmp689igo!nc_n_webp_mw_1,c7e1f0fa7176c8c0169b89a7e71ece068622295e0d2990cf6f798795cbc531a5,https://www.xiaohongshu.com/search_result/69c22222000000002103a3be?xsec_token=ABAuN-uMyHf13iXQtcesaQUoGMCf5FI9UonDn9C3DyqUw=&xsec_source=,否,否
小红书,小红书-新疆5A旅游景区.json,新疆5A旅游景区,新疆5A级景区,【5A中国】第27期：新疆18个5A景区,行夫走卒,https://www.xiaohongshu.com/user/profile/5b76605432f514000161a4ac?channel_type=web_search_result_notes&parent_page_channel_type=web_profile_board&xsec_token=AB4ihxsbrC8wAfUXOA_Vqeifc1vaM1yXb27jHuxBL8vLg=&xsec_source=pc_search,01-25,2026-01-25,2026-03-25,68,68,https://www.xiaohongshu.com/search_result?keyword=%25E6%2596%25B0%25E7%2596%25865A%25E7%25BA%25A7%25E6%2599%25AF%25E5%258C%25BA&source=web_explore_feed,https://www.xiaohongshu.com/search_result/697624410000000021028a48?xsec_token=ABmRRO4EzMJQtmkeiQvZlkbBoixgbo19rPR8qD9Q7eD-0=&xsec_source=,https://sns-webpic-qc.xhscdn.com/202603251943/4c1c37919596b4ec4b099817ea363f29/spectrum/1040g0k031rp0jfati0004affgjg5995cmhd48j8!nc_n_webp_mw_1,f30b4c111f50693ade32fb6343689019bc4bb622130a30db5536f475b618b2d4,https://www.xiaohongshu.com/search_result/697624410000000021028a48?xsec_token=ABmRRO4EzMJQtmkeiQvZlkbBoixgbo19rPR8qD9Q7eD-0=&xsec_source=,否,否
小红书,小红书-新疆5A旅游景区.json,新疆5A旅游景区,新疆5A级景区,,终南樵夫,https://www.xiaohongshu.com/user/profile/63351c53000000001901e5da?channel_type=web_search_result_notes&parent_page_channel_type=web_profile_board&xsec_token=ABozE_DVNhQHrrEytWJsg7C29kkZXd7U5m_l-b9HNH6s8=&xsec_source=pc_search,2025-08-09,2025-08-09,2026-03-25,71,71,https://www.xiaohongshu.com/search_result?keyword=%25E6%2596%25B0%25E7%2596%25865A%25E7%25BA%25A7%25E6%2599%25AF%25E5%258C%25BA&source=web_explore_feed,https://www.xiaohongshu.com/search_result/68972dd80000000002000666?xsec_token=ABwqrLUJZ83q6BcrD87rW2u7jWdBi9yKCblVezN7lO9ok=&xsec_source=,https://sns-webpic-qc.xhscdn.com/202603251943/cf3bf975c061222ab47a2f550840c8e7/notes_pre_post/1040g3k831kvai1pgj4kg5opl3h9mbpeql7favd8!nc_n_webp_mw_1,15a8f4311afd41f7d2c687565e43050a283743f3f8d086fd48015d96ecece1b2,https://www.xiaohongshu.com/search_result/68972dd80000000002000666?xsec_token=ABwqrLUJZ83q6BcrD87rW2u7jWdBi9yKCblVezN7lO9ok=&xsec_source=,是,否
小红书,小红书-新疆5A旅游景区.json,新疆5A旅游景区,新疆5A级景区,中国5A级前五景区,Top Archives,https://www.xiaohongshu.com/user/profile/5d4a9a130000000011022a0b?channel_type=web_search_result_notes&parent_page_channel_type=web_profile_board&xsec_token=ABDYHf5wt8Th0irk07LXX7lE2qX_K0ZH9h6HSHNcIrOYI=&xsec_source=pc_search,03-09,2026-03-09,2026-03-25,28,28,https://www.xiaohongshu.com/search_result?keyword=%25E6%2596%25B0%25E7%2596%25865A%25E7%25BA%25A7%25E6%2599%25AF%25E5%258C%25BA&source=web_explore_feed,https://www.xiaohongshu.com/search_result/69ae1e5e000000001a03734a?xsec_token=ABJtzu5AOgVFrzx_hFKeApTLGqN5LJ2DyKg36UV_71lQE=&xsec_source=,https://sns-webpic-qc.xhscdn.com/202603251943/118b33d6d3d7414210fc59c59668eb5e/1040g2sg31tfncjrb62dg5naaj89kcagblopbu5g!nc_n_webp_mw_1,845bd69fb98230be5ad68b15f27e3e502a31dc2e6b31f1578f5bb04624a52bac,https://www.xiaohongshu.com/search_result/69ae1e5e000000001a03734a?xsec_token=ABJtzu5AOgVFrzx_hFKeApTLGqN5LJ2DyKg36UV_71lQE=&xsec_source=,否,否
小红书,小红书-新疆5A旅游景区.json,新疆5A旅游景区,新疆5A级景区,来新疆旅游不用避雷的目的地——那拉提,吃游大世界,https://www.xiaohongshu.com/user/profile/5b719a57f3d016000140d813?channel_type=web_search_result_notes&parent_page_channel_type=web_profile_board&xsec_token=ABrAxTsBrLwA5Qev-DZUxq5I9r2B5NXR1ddjvEbs08b6Q=&xsec_source=pc_search,2024-09-30,2024-09-30,2026-03-25,2107,2107,https://www.xiaohongshu.com/search_result?keyword=%25E6%2596%25B0%25E7%2596%25865A%25E7%25BA%25A7%25E6%2599%25AF%25E5%258C%25BA&source=web_explore_feed,https://www.xiaohongshu.com/search_result/66fa95a6000000001a023354?xsec_token=ABEqxB_ad87bw4ay_6MWJCMqROKpHqcUUNC3FSC0Rsrwg=&xsec_source=,https://sns-webpic-qc.xhscdn.com/202603251943/11014893112481e5a7aebee3dc59846e/1040g2sg318cd0cjhgq704adphpd5fm0jh2sp2s8!nc_n_webp_mw_1,1fddc575b855643192a10628b93af980ad6be02e37548c5572224d53c3411cdd,https://www.xiaohongshu.com/search_result/66fa95a6000000001a023354?xsec_token=ABEqxB_ad87bw4ay_6MWJCMqROKpHqcUUNC3FSC0Rsrwg=&xsec_source=,否,否
小红书,小红书-新疆5A旅游景区.json,新疆5A旅游景区,新疆5A级景区,一个视频了解新疆的18个5A级景区！,雷雨看世界,https://www.xiaohongshu.com/user/profile/620e3b640000000010005761?channel_type=web_search_result_notes&parent_page_channel_type=web_profile_board&xsec_token=ABn4ChGuxQoul09zoNfoVrHGCKex-GJCc0NZMuaEaeJGE=&xsec_source=pc_search,2025-07-12,2025-07-12,2026-03-25,88,88,https://www.xiaohongshu.com/search_result?keyword=%25E6%2596%25B0%25E7%2596%25865A%25E7%25BA%25A7%25E6%2599%25AF%25E5%258C%25BA&source=web_explore_feed,https://www.xiaohongshu.com/search_result/68721b260000000022031123?xsec_token=ABbkBzND5vcBOjFSzlIB1fgb-y54LZGJNf8MoyP-Nj9S4=&xsec_source=,https://sns-webpic-qc.xhscdn.com/202603251943/f905a20dbc2bf19e8d7295930bbf10e2/spectrum/1040g34o31jr41ifk3q0g5oge7di40lr12ctm6l0!nc_n_webp_mw_1,c91f10aca0b9e5d74605c3ae3ca010c12b9ddce681e8384a3e4981410aaeacf3,https://www.xiaohongshu.com/search_result/68721b260000000022031123?xsec_token=ABbkBzND5vcBOjFSzlIB1fgb-y54LZGJNf8MoyP-Nj9S4=&xsec_source=,否,否
小红书,小红书-新疆5A旅游景区.json,新疆5A旅游景区,新疆5A级景区,新疆5A景区：17处绝美胜地，你去过几个？,新疆文创,https://www.xiaohongshu.com/user/profile/5ce3ed2d00000000120333b8?channel_type=web_search_result_notes&parent_page_channel_type=web_profile_board&xsec_token=ABKh7OBitz1gQdEZrrC5hLi6GiDo5T2zphtR3YCYabheM=&xsec_source=pc_search,2025-04-26,2025-04-26,2026-03-25,2,2,https://www.xiaohongshu.com/search_result?keyword=%25E6%2596%25B0%25E7%2596%25865A%25E7%25BA%25A7%25E6%2599%25AF%25E5%258C%25BA&source=web_explore_feed,https://www.xiaohongshu.com/search_result/680a1af7000000001200cc53?xsec_token=ABcmIv90fS5luPvPdmfHJnht8Tju_pAvVIciwpVn1ciIU=&xsec_source=,https://sns-webpic-qc.xhscdn.com/202603251943/e2f904ded0065623f9bbfd3040f38c9a/spectrum/1040g0k031glf45383c005n73tkmkmctomqp8lco!nc_n_webp_mw_1,3693001e1ec5b325656e957d333d6ea1b24b2f57dc785fd5377dad7d9276802b,https://www.xiaohongshu.com/search_result/680a1af7000000001200cc53?xsec_token=ABcmIv90fS5luPvPdmfHJnht8Tju_pAvVIciwpVn1ciIU=&xsec_source=,否,否
小红书,小红书-新疆5A旅游景区.json,新疆5A旅游景区,新疆5A级景区,各省市5A级景区数量！,长安圣殿,https://www.xiaohongshu.com/user/profile/6666fb1d0000000003030922?channel_type=web_search_result_notes&parent_page_channel_type=web_profile_board&xsec_token=ABOVgpa9a_RQvgDwwf1CNziZMg5Ox1QAITblje_X8QTH4=&xsec_source=pc_search,2025-12-21,2025-12-21,2026-03-25,3,3,https://www.xiaohongshu.com/search_result?keyword=%25E6%2596%25B0%25E7%2596%25865A%25E7%25BA%25A7%25E6%2599%25AF%25E5%258C%25BA&source=web_explore_feed,https://www.xiaohongshu.com/search_result/6947c00b000000001e013788?xsec_token=ABZeCY_HHTf7E7Tr5UN9vIcvxUaxkgmdy-_kCu-fmSYhw=&xsec_source=,https://sns-webpic-qc.xhscdn.com/202603251943/3d1b3992373fb4c6a8afeec50cb4a142/1040g2sg31qbodafin4s05pj6vcegu2925u1lsto!nc_n_webp_mw_1,d3c2936443c65acebc31d76ff9c9f7755005b6ba6927ee340c4c883b75fc8067,https://www.xiaohongshu.com/search_result/6947c00b000000001e013788?xsec_token=ABZeCY_HHTf7E7Tr5UN9vIcvxUaxkgmdy-_kCu-fmSYhw=&xsec_source=,否,否
小红书,小红书-新疆5A旅游景区.json,新疆5A旅游景区,新疆5A级景区,美丽的新疆我的家,搬运工,https://www.xiaohongshu.com/user/profile/5b31a7abe8ac2b73ec1d6134?channel_type=web_search_result_notes&parent_page_channel_type=web_profile_board&xsec_token=ABldhA515-oWtOqwL7kvI7EAvshcFGKOQNJ60BHeEEi58=&xsec_source=pc_search,02-25,2026-02-25,2026-03-25,4,4,https://www.xiaohongshu.com/search_result?keyword=%25E6%2596%25B0%25E7%2596%25865A%25E7%25BA%25A7%25E6%2599%25AF%25E5%258C%25BA&source=web_explore_feed,https://www.xiaohongshu.com/search_result/699ebb4c000000002801f30e?xsec_token=ABr037pU3G62HFpqtHmpyfpA04GZnnp25Xi3SSndcomoU=&xsec_source=,https://sns-webpic-qc.xhscdn.com/202603251943/33e793219a1dde3ebc34fb9a9526c12d/1040g00831t0mhpot62604a6j83jqmo9kjijg1hg!nc_n_webp_mw_1,6e922ff617f79bbcf7451cb3b0de975f883994d3328d10d2bdb686adde58b197,https://www.xiaohongshu.com/search_result/699ebb4c000000002801f30e?xsec_token=ABr037pU3G62HFpqtHmpyfpA04GZnnp25Xi3SSndcomoU=&xsec_source=,否,否
小红书,小红书-新疆5A旅游景区.json,新疆5A旅游景区,新疆5A级景区,5月新疆一人自由行日记,油条超爱晒太阳,https://www.xiaohongshu.com/user/profile/5ab21cede8ac2b5d81eb80b5?channel_type=web_search_result_notes&parent_page_channel_type=web_profile_board&xsec_token=ABbm2eUW7e8XNJ4aZphJBmKSy7TCScD_3DYROPaqn5g3I=&xsec_source=pc_search,1天前,2026-03-24,2026-03-25,13,13,https://www.xiaohongshu.com/search_result?keyword=%25E6%2596%25B0%25E7%2596%25865A%25E7%25BA%25A7%25E6%2599%25AF%25E5%258C%25BA&source=web_explore_feed,https://www.xiaohongshu.com/search_result/69be4b74000000001b023e4a?xsec_token=ABqItCO4Ir_VAvM3EXd_-pNUMq47GkFZ-hyZB3tPQ2gIo=&xsec_source=,https://sns-webpic-qc.xhscdn.com/202603251943/46157bacbf692180181807b8711e04db/notes_pre_post/1040g3k831tvgspnimudg4a3pg3eer05l7deqen8!nc_n_webp_mw_1,ae3e255386a67edca581de8ae0e7b91e6e12bc1d5402395dbccddb65d87851c1,https://www.xiaohongshu.com/search_result/69be4b74000000001b023e4a?xsec_token=ABqItCO4Ir_VAvM3EXd_-pNUMq47GkFZ-hyZB3tPQ2gIo=&xsec_source=,否,否
小红书,小红书-新疆5A旅游景区.json,新疆5A旅游景区,新疆5A级景区,,乘风破浪,https://www.xiaohongshu.com/user/profile/65fe3618000000000600faa2?channel_type=web_search_result_notes&parent_page_channel_type=web_profile_board&xsec_token=AB0_nK612VsuwpA7aiNPqFDySWVtcmHY4tyzkatbeh2Mk=&xsec_source=pc_search,4天前,2026-03-21,2026-03-25,2,2,https://www.xiaohongshu.com/search_result?keyword=%25E6%2596%25B0%25E7%2596%25865A%25E7%25BA%25A7%25E6%2599%25AF%25E5%258C%25BA&source=web_explore_feed,https://www.xiaohongshu.com/search_result/69bd3c0f000000001e00e51d?xsec_token=ABx7nDF0_zUeWbV3fpeG5hcmzDVmC4dZL46i8MqUk-bWU=&xsec_source=,https://sns-webpic-qc.xhscdn.com/202603251943/91619ed39e2e430b1131a49cb4c25716/1040g2sg31tufpd2k7ecg5pfu6oc1hul22o3e1ho!nc_n_webp_mw_1,d4c05b88efbb3a7aa77fb56f4f98d95dd9c79cd5d1e85c1c14a603d46b93522c,https://www.xiaohongshu.com/search_result/69bd3c0f000000001e00e51d?xsec_token=ABx7nDF0_zUeWbV3fpeG5hcmzDVmC4dZL46i8MqUk-bWU=&xsec_source=,是,否
小红书,小红书-新疆5A旅游景区.json,新疆5A旅游景区,新疆5A级景区,新疆｜赛里木湖环湖自驾1日游攻略📌附地图,山竹的旅行,https://www.xiaohongshu.com/user/profile/54af6699e77989297d43739b?channel_type=web_search_result_notes&parent_page_channel_type=web_profile_board&xsec_token=ABChljz8o5vJpUDHPvIktbpfjixZDtGxrdjp5qdF9aJ-M=&xsec_source=pc_search,01-29,2026-01-29,2026-03-25,58,58,https://www.xiaohongshu.com/search_result?keyword=%25E6%2596%25B0%25E7%2596%25865A%25E7%25BA%25A7%25E6%2599%25AF%25E5%258C%25BA&source=web_explore_feed,https://www.xiaohongshu.com/search_result/69107e4d000000000702092c?xsec_token=ABr0YyVRe5GLgK9FWlNhEGbSr0OXYKn7AyThp35l-SveI=&xsec_source=,https://sns-webpic-qc.xhscdn.com/202603251943/bf608163938a26f5ec5a9506321d98a2/1040g00831olp73i1l0204011n9j9issrfcu9up0!nc_n_webp_mw_1,934755c3b126937f005c87ecb758389bd462cdb44c182dc63f3544907fb33a00,https://www.xiaohongshu.com/search_result/69107e4d000000000702092c?xsec_token=ABr0YyVRe5GLgK9FWlNhEGbSr0OXYKn7AyThp35l-SveI=&xsec_source=,否,否
小红书,小红书-新疆5A旅游景区.json,新疆5A旅游景区,新疆5A级景区,最新通知！夏塔别跑空‼️,户外素人,https://www.xiaohongshu.com/user/profile/5f2db31d000000000100b0fa?channel_type=web_search_result_notes&parent_page_channel_type=web_profile_board&xsec_token=AB5wNdJL22uLk095rReYBpIW7PEwCkcpJk3HLvTNLAIQo=&xsec_source=pc_search,2天前,2026-03-23,2026-03-25,8,8,https://www.xiaohongshu.com/search_result?keyword=%25E6%2596%25B0%25E7%2596%25865A%25E7%25BA%25A7%25E6%2599%25AF%25E5%258C%25BA&source=web_explore_feed,https://www.xiaohongshu.com/search_result/69be35fd000000002800b29e?xsec_token=ABqItCO4Ir_VAvM3EXd_-pNaL78S9HTKolBm9PQxiWgJc=&xsec_source=,https://sns-webpic-qc.xhscdn.com/202603251943/3eb13fc75f5662bf7e41b8153fa91ec7/notes_pre_post/1040g3k031tve75fd6u2g5npdmceg9c7qs94e1mg!nc_n_webp_mw_1,70fdc4a366713faa5da220f38f9db3e2a355c524a40eb6802102074033d9eaf4,https://www.xiaohongshu.com/search_result/69be35fd000000002800b29e?xsec_token=ABqItCO4Ir_VAvM3EXd_-pNaL78S9HTKolBm9PQxiWgJc=&xsec_source=,否,否
小红书,小红书-新疆5A旅游景区.json,新疆5A旅游景区,新疆5A级景区,🔥新疆的夏天就是YYDS！不服来辩！,Gx,https://www.xiaohongshu.com/user/profile/5fdc5681000000000100b45f?channel_type=web_search_result_notes&parent_page_channel_type=web_profile_board&xsec_token=ABHyB1gKyYSmVH60tuHD4JzaPL6WOHctCF7y7OI2WeDV0=&xsec_source=pc_search,2025-04-06,2025-04-06,2026-03-25,1209,1209,https://www.xiaohongshu.com/search_result?keyword=%25E6%2596%25B0%25E7%2596%25865A%25E7%25BA%25A7%25E6%2599%25AF%25E5%258C%25BA&source=web_explore_feed,https://www.xiaohongshu.com/search_result/67f27705000000000d0175b7?xsec_token=ABAp1ko1MzWgH7KbkEs1itutcE_lh5WGhJ9DhljGnNLPo=&xsec_source=,https://sns-webpic-qc.xhscdn.com/202603251943/fe302855b9f6a6c9facf126f7ec6b8d3/spectrum/1040g34o31fuf7j3ani8g5nusaq0g9d2v9ras4m0!nc_n_webp_mw_1,0c49cba400290bf4098de48b35fbf2d3915f547ec5318fd5a524b4eaba31c781,https://www.xiaohongshu.com/search_result/67f27705000000000d0175b7?xsec_token=ABAp1ko1MzWgH7KbkEs1itutcE_lh5WGhJ9DhljGnNLPo=&xsec_source=,否,否
小红书,小红书-新疆5A旅游景区.json,新疆5A旅游景区,新疆5A级景区,,,,,,2026-03-25,,0,https://www.xiaohongshu.com/search_result?keyword=%25E6%2596%25B0%25E7%2596%25865A%25E7%25BA%25A7%25E6%2599%25AF%25E5%258C%25BA&source=web_explore_feed,,http://sns-na-i4.xhscdn.com/spectrum/1040g0k031s5oai5pla1g49fertiekd8k9pg6se0?imageView2/1/h/132/w/480/format/jpg&ap=5&sc=HOT_QRY&sign=c4dce321e7f951990b70ad29bc94f100&t=69c3ca73&origin=0,e08cca7fbff1b21e7a8084b6ea7f6c499c2e5a39707cb59e558f6e6bb25d3d08,fead794bfe3351a615cc10fffa6f01929c4f4ca07f00862bc0a29c6fe6197a4f,是,是
小红书,小红书-新疆5A旅游景区.json,新疆5A旅游景区,新疆5A级景区,韩国人第一次去新疆（上）,韩小喵,https://www.xiaohongshu.com/user/profile/62356a5b00000000100099d2?channel_type=web_search_result_notes&parent_page_channel_type=web_profile_board&xsec_token=ABS9FwVy-DcV7Ccl77FpIOEhAWD6l7C8oujgH_mNV-KWY=&xsec_source=pc_search,02-25,2026-02-25,2026-03-25,1.4万,14000,https://www.xiaohongshu.com/search_result?keyword=%25E6%2596%25B0%25E7%2596%25865A%25E7%25BA%25A7%25E6%2599%25AF%25E5%258C%25BA&source=web_explore_feed,https://www.xiaohongshu.com/search_result/699e99a8000000000e00cfba?xsec_token=ABr037pU3G62HFpqtHmpyfpJ_nRuSoViiUQ36QQB7K560=&xsec_source=,https://sns-webpic-qc.xhscdn.com/202603251943/947fcfe4bcbcc42dff548d99b43d771a/notes_pre_post/1040g3k831t0o6mus5m705ohld9dk16eiou8sf8g!nc_n_webp_mw_1,6a374a27a246ea0ff34600111c1e6a3c0f07f9723a8d2d87652af1fb48bd5667,https://www.xiaohongshu.com/search_result/699e99a8000000000e00cfba?xsec_token=ABr037pU3G62HFpqtHmpyfpJ_nRuSoViiUQ36QQB7K560=&xsec_source=,否,否
小红书,小红书-新疆5A旅游景区.json,新疆5A旅游景区,新疆5A级景区,新疆(六)天山天池,maomao,https://www.xiaohongshu.com/user/profile/5f3bd351000000000100472c?channel_type=web_search_result_notes&parent_page_channel_type=web_profile_board&xsec_token=AB7rw6ZK6RwkLDzuTnYlgUdDK5a-8NF7Smd08x7psg_dE=&xsec_source=pc_search,1天前,2026-03-24,2026-03-25,1,1,https://www.xiaohongshu.com/search_result?keyword=%25E6%2596%25B0%25E7%2596%25865A%25E7%25BA%25A7%25E6%2599%25AF%25E5%258C%25BA&source=web_explore_feed,https://www.xiaohongshu.com/search_result/69c211760000000023015447?xsec_token=ABAuN-uMyHf13iXQtcesaQUvndz2AgNXHtCmpsDXN6Vzw=&xsec_source=,https://sns-webpic-qc.xhscdn.com/202603251943/946567212ccc1905a4fefad08803c5d0/notes_pre_post/1040g3k031u3698tjn2505nprqd8g8hpcg6aslu0!nc_n_webp_mw_1,0b1c0fd943bbec4bce19cfe2b6c05f406e5d072f2e4500b5c6167ffa58c1443d,https://www.xiaohongshu.com/search_result/69c211760000000023015447?xsec_token=ABAuN-uMyHf13iXQtcesaQUvndz2AgNXHtCmpsDXN6Vzw=&xsec_source=,否,否
小红书,小红书-新疆5A旅游景区.json,新疆5A旅游景区,新疆5A级景区,,王sir在新疆,https://www.xiaohongshu.com/user/profile/67e672d0000000000e0109c7?channel_type=web_search_result_notes&parent_page_channel_type=web_profile_board&xsec_token=ABDOTP99-3yGEIwdz2ysb5NgI6nrKGKPfkSHPnp3vwbNg=&xsec_source=pc_search,02-07,2026-02-07,2026-03-25,933,933,https://www.xiaohongshu.com/search_result?keyword=%25E6%2596%25B0%25E7%2596%25865A%25E7%25BA%25A7%25E6%2599%25AF%25E5%258C%25BA&source=web_explore_feed,https://www.xiaohongshu.com/search_result/69874d320000000028022426?xsec_token=ABRZPfqiFOV6Mrgy4SysWLfMJYXe-_29bzNUIYsi27fVM=&xsec_source=,https://sns-webpic-qc.xhscdn.com/202603251943/9585a200f057904d8140dc7b4075bb42/1040g2sg31s9qcp4p62kg5pv6eb83i2e7g499sp8!nc_n_webp_mw_1,363928ebf320e188a591de91dd1535cb07dd27d78a2e34730358eac48da851f1,https://www.xiaohongshu.com/search_result/69874d320000000028022426?xsec_token=ABRZPfqiFOV6Mrgy4SysWLfMJYXe-_29bzNUIYsi27fVM=&xsec_source=,是,否
小红书,小红书-新疆5A旅游景区.json,新疆5A旅游景区,新疆5A级景区,大美中国之新疆18大5A景区,驴友假期带你去旅行,https://www.xiaohongshu.com/user/profile/611af611000000000100813c?channel_type=web_search_result_notes&parent_page_channel_type=web_profile_board&xsec_token=ABP3gXiXPXEUqEbc5LgloacGeMAT139Szqtf1b_5NmwWQ=&xsec_source=pc_search,2025-03-27,2025-03-27,2026-03-25,3,3,https://www.xiaohongshu.com/search_result?keyword=%25E6%2596%25B0%25E7%2596%25865A%25E7%25BA%25A7%25E6%2599%25AF%25E5%258C%25BA&source=web_explore_feed,https://www.xiaohongshu.com/search_result/67e48cf6000000001d018576?xsec_token=ABt6nlPXE1GgdKccFbjm36y_ui_6-7a3mPfNbvvg-oDKM=&xsec_source=,https://sns-webpic-qc.xhscdn.com/202603251943/2b1680c43bd4fdc11d173c80efe2c8f2/1040g00831fgscuj06q6g5o8quo8g909shl5b8d8!nc_n_webp_mw_1,426b25185472fb8713c1681781a3a7e691c7620c113c914d8d66678d003bf6b9,https://www.xiaohongshu.com/search_result/67e48cf6000000001d018576?xsec_token=ABt6nlPXE1GgdKccFbjm36y_ui_6-7a3mPfNbvvg-oDKM=&xsec_source=,否,否
小红书,小红书-新疆5A旅游景区.json,新疆5A旅游景区,新疆5A级景区,如果新疆景点有段位，那个是你心中的第一,小小爱旅行🎀,https://www.xiaohongshu.com/user/profile/67b59f87000000000d00b1d2?channel_type=web_search_result_notes&parent_page_channel_type=web_profile_board&xsec_token=ABQ0D2BcuEwHnrO5_hdkpoGltFYLMYzb3if4CZWRRX3Ag=&xsec_source=pc_search,03-18,2026-03-18,2026-03-25,2,2,https://www.xiaohongshu.com/search_result?keyword=%25E6%2596%25B0%25E7%2596%25865A%25E7%25BA%25A7%25E6%2599%25AF%25E5%258C%25BA&source=web_explore_feed,https://www.xiaohongshu.com/search_result/69ba6f1a000000001a034c66?xsec_token=AB0y8n16ucw_8Er5fiM5RIX7oVgDX_VG522jelzfuwviA=&xsec_source=,https://sns-webpic-qc.xhscdn.com/202603251943/f843937768a358b4ce45e97c62c386d5/1040g00831tro736jn2005ptlju3j9cei4nrakk8!nc_n_webp_mw_1,bc8fb92a28f5c00e07f6dd9a9f328dd058d6bf5f266d65d4c6697e2767c04a25,https://www.xiaohongshu.com/search_result/69ba6f1a000000001a034c66?xsec_token=AB0y8n16ucw_8Er5fiM5RIX7oVgDX_VG522jelzfuwviA=&xsec_source=,否,否
小红书,小红书-新疆5A旅游景区.json,新疆5A旅游景区,新疆5A级景区,我知道肯定是天气的问题，但这差距也太大了,航子阿（你的旅行脚替）,https://www.xiaohongshu.com/user/profile/65deafe0000000000500eb96?channel_type=web_search_result_notes&parent_page_channel_type=web_profile_board&xsec_token=ABflMo00G7YGwboOKjaIxSieTdiaMq-Dz0C1PtXXT2P0Y=&xsec_source=pc_search,2025-07-26,2025-07-26,2026-03-25,113,113,https://www.xiaohongshu.com/search_result?keyword=%25E6%2596%25B0%25E7%2596%25865A%25E7%25BA%25A7%25E6%2599%25AF%25E5%258C%25BA&source=web_explore_feed,https://www.xiaohongshu.com/search_result/6883d063000000002400bc31?xsec_token=ABmVnvI7JEN-RDhNok9quxgP6F_v1ypag_RDmwS0Ez3RY=&xsec_source=,https://sns-webpic-qc.xhscdn.com/202603251943/b4a3f0f28fa20cd4cea9baec84a80a12/110/0/01e883d05f701c6c0010000000019842e60d4b_0.jpg!nc_n_webp_mw_1,4872edba085316aceab26826a1dcb8fe618c2f4f5c285130d4f52d8db3f18498,https://www.xiaohongshu.com/search_result/6883d063000000002400bc31?xsec_token=ABmVnvI7JEN-RDhNok9quxgP6F_v1ypag_RDmwS0Ez3RY=&xsec_source=,否,否
小红书,小红书-新疆5A旅游景区.json,新疆5A旅游景区,新疆5A级景区,一张图，搞定新疆！,木木爱旅行🌾,https://www.xiaohongshu.com/user/profile/686b1c59000000000d02f677?channel_type=web_search_result_notes&parent_page_channel_type=web_profile_board&xsec_token=ABTGjBbHcJP02LO_msG-om4eDsXQouLTtpbjEJrmNH5_E=&xsec_source=pc_search,2025-10-20,2025-10-20,2026-03-25,6,6,https://www.xiaohongshu.com/search_result?keyword=%25E6%2596%25B0%25E7%2596%25865A%25E7%25BA%25A7%25E6%2599%25AF%25E5%258C%25BA&source=web_explore_feed,https://www.xiaohongshu.com/search_result/68f46922000000000300f67e?xsec_token=ABwTQeKiY7bL04ngO2UKI6Oh2iPkR9LHWfMssOZfsWQKA=&xsec_source=,https://sns-webpic-qc.xhscdn.com/202603251943/d37130e2baa4a5023d0e1f3797ceb5ef/spectrum/1040g0k031nqc16ig4q005q3b3hcjdtjnf82vkno!nc_n_webp_mw_1,4060c9780fe554be223281c88ada43a9691942f6b8fde7708db34966e35354ae,https://www.xiaohongshu.com/search_result/68f46922000000000300f67e?xsec_token=ABwTQeKiY7bL04ngO2UKI6Oh2iPkR9LHWfMssOZfsWQKA=&xsec_source=,否,否
小红书,小红书-新疆5A旅游景区.json,新疆5A旅游景区,新疆5A级景区,#赛里木湖 #中国最美的湖泊,胡哥9299_容舞阁,https://www.xiaohongshu.com/user/profile/668896d7000000000f035c81?channel_type=web_search_result_notes&parent_page_channel_type=web_profile_board&xsec_token=AB2bnOa0qTkAyn5mzqllIP45wXC4JSprTsu0QVssxFNlA=&xsec_source=pc_search,2025-03-02,2025-03-02,2026-03-25,9,9,https://www.xiaohongshu.com/search_result?keyword=%25E6%2596%25B0%25E7%2596%25865A%25E7%25BA%25A7%25E6%2599%25AF%25E5%258C%25BA&source=web_explore_feed,https://www.xiaohongshu.com/search_result/67c401eb0000000029010e91?xsec_token=AB-_aS778Q897e-9HktWSTvozbeHt8w-FAAfax4DZAPK4=&xsec_source=,https://sns-webpic-qc.xhscdn.com/202603251943/2a80ac62c6b798fe4f2c3c8407076c1d/1040g2sg31eh3faig12dg5pk8irbjun41fug66h0!nc_n_webp_mw_1,c05a66a4c5af9bca4be6c7d102855b77be0d9ec7264288954dad088b6c0a6dc3,https://www.xiaohongshu.com/search_result/67c401eb0000000029010e91?xsec_token=AB-_aS778Q897e-9HktWSTvozbeHt8w-FAAfax4DZAPK4=&xsec_source=,否,否
小红书,小红书-新疆5A旅游景区.json,新疆5A旅游景区,新疆5A级景区,听我一句劝‼️不做攻略千万不要去新疆😭,新疆趣哪里旅行社,https://www.xiaohongshu.com/user/profile/6950948a000000003700b02f?channel_type=web_search_result_notes&parent_page_channel_type=web_profile_board&xsec_token=ABeEulHDm2cMBMEsZIgKPweGZpFJQ9nFYpZ8pOi06q5Vg=&xsec_source=pc_search,1天前,2026-03-24,2026-03-25,20,20,https://www.xiaohongshu.com/search_result?keyword=%25E6%2596%25B0%25E7%2596%25865A%25E7%25BA%25A7%25E6%2599%25AF%25E5%258C%25BA&source=web_explore_feed,https://www.xiaohongshu.com/search_result/69bb91b10000000021011c63?xsec_token=ABjIeGQcHr1BT9StHiIxRoEBRRhBf9C__4i2JR-r1WSZc=&xsec_source=,https://sns-webpic-qc.xhscdn.com/202603251943/528d81ad5024c169667a623d5c4444d7/notes_pre_post/1040g3k031tsragms78bg5qagii5dpc1f8sgpp6o!nc_n_webp_mw_1,ed75f5ecdda129f6ce06c442ecab2bba8bd7684890ae12fd9371d2bd3e97e946,https://www.xiaohongshu.com/search_result/69bb91b10000000021011c63?xsec_token=ABjIeGQcHr1BT9StHiIxRoEBRRhBf9C__4i2JR-r1WSZc=&xsec_source=,否,否
小红书,小红书-新疆5A旅游景区.json,新疆5A旅游景区,新疆5A级景区,不走回头路最快的方式游遍新疆18个5A景区,丁丁在上海,https://www.xiaohongshu.com/user/profile/56585b35589de313618b078b?channel_type=web_search_result_notes&parent_page_channel_type=web_profile_board&xsec_token=ABuDLNBu15tHZMZK-cp87JzUtCJLsCAU9neg8JyBxyfsg=&xsec_source=pc_search,2025-03-27,2025-03-27,2026-03-25,4,4,https://www.xiaohongshu.com/search_result?keyword=%25E6%2596%25B0%25E7%2596%25865A%25E7%25BA%25A7%25E6%2599%25AF%25E5%258C%25BA&source=web_explore_feed,https://www.xiaohongshu.com/search_result/67e50859000000001c02e5d4?xsec_token=AB1_yUnVnFST2DGO0GusH8CZ7MHcWGUmq_tnGid9HSfDo=&xsec_source=,https://sns-webpic-qc.xhscdn.com/202603251943/aa7f488f2369e625c355d9227d04fca4/1040g00831fhbge875u6g43ar8hdja1sbnvn41no!nc_n_webp_mw_1,ce4d43628f731dba0de1312755aa803328619e5062de65f845d16bfde22e1858,https://www.xiaohongshu.com/search_result/67e50859000000001c02e5d4?xsec_token=AB1_yUnVnFST2DGO0GusH8CZ7MHcWGUmq_tnGid9HSfDo=&xsec_source=,否,否
小红书,小红书-新疆5A旅游景区.json,新疆5A旅游景区,新疆5A级景区,2025最新全国358家5A景区全名单,深雨月游记,https://www.xiaohongshu.com/user/profile/5d746ad8000000000100941d?channel_type=web_search_result_notes&parent_page_channel_type=web_profile_board&xsec_token=ABgB0tEdAr03jI7qMLMFRsgzaDQvfQmNCQKoQDzL5vrSo=&xsec_source=pc_search,2025-04-16,2025-04-16,2026-03-25,14,14,https://www.xiaohongshu.com/search_result?keyword=%25E6%2596%25B0%25E7%2596%25865A%25E7%25BA%25A7%25E6%2599%25AF%25E5%258C%25BA&source=web_explore_feed,https://www.xiaohongshu.com/search_result/67ff2598000000001d0227ea?xsec_token=ABonYyERNswcjc-YH3OmxRLvkn9JmmTGWcfz_z1NX0g24=&xsec_source=,https://sns-webpic-qc.xhscdn.com/202603251943/0f924cf5d0c8c14e77bc1d0076616a41/spectrum/1040g34o31gardips2a0g5nbkdbc0950t992iul8!nc_n_webp_mw_1,8d3748c9e21e63653d3716f5e2ba7123df0fcd7c26b46489cef5c086c5a3d6cb,https://www.xiaohongshu.com/search_result/67ff2598000000001d0227ea?xsec_token=ABonYyERNswcjc-YH3OmxRLvkn9JmmTGWcfz_z1NX0g24=&xsec_source=,否,否
小红书,小红书-新疆5A旅游景区.json,新疆5A旅游景区,新疆5A级景区,乌孙古道保姆级徒步攻略｜解锁6天5晚行程,蟹老板的户外Vlog,https://www.xiaohongshu.com/user/profile/61362d2d000000000201ae27?channel_type=web_search_result_notes&parent_page_channel_type=web_profile_board&xsec_token=ABUILXi-Me7CZcrD9CHVg1Ot_bnOQWfyimM1Hta-vbUdw=&xsec_source=pc_search,2025-08-01,2025-08-01,2026-03-25,3412,3412,https://www.xiaohongshu.com/search_result?keyword=%25E6%2596%25B0%25E7%2596%25865A%25E7%25BA%25A7%25E6%2599%25AF%25E5%258C%25BA&source=web_explore_feed,https://www.xiaohongshu.com/search_result/688c907a0000000003027585?xsec_token=ABkszoi_lYm0RvolnEfcbGPVJXzM6ACYRi7J0qMF4n4Fw=&xsec_source=,https://sns-webpic-qc.xhscdn.com/202603251943/f3d0f33a6628bf51f6972dedb6ca70ca/spectrum/1040g34o31kkupc8s36105o9m5kmgjbh7q1artc8!nc_n_webp_mw_1,57e0a3cb5bfdb8da10ca5aefa4914ea67b1fd908780d2557d563de38e4b0ba39,https://www.xiaohongshu.com/search_result/688c907a0000000003027585?xsec_token=ABkszoi_lYm0RvolnEfcbGPVJXzM6ACYRi7J0qMF4n4Fw=&xsec_source=,否,否
小红书,小红书-新疆5A旅游景区.json,新疆5A旅游景区,新疆5A级景区,去一次新疆等于去了全世界,小红薯6929E68D,https://www.xiaohongshu.com/user/profile/5d295c100000000012035bfa?channel_type=web_search_result_notes&parent_page_channel_type=web_profile_board&xsec_token=ABrUjbI97eecHYKw2XRXGgB05v3yVw8hmGE1PLwAPElAw=&xsec_source=pc_search,2025-06-16,2025-06-16,2026-03-25,1844,1844,https://www.xiaohongshu.com/search_result?keyword=%25E6%2596%25B0%25E7%2596%25865A%25E7%25BA%25A7%25E6%2599%25AF%25E5%258C%25BA&source=web_explore_feed,https://www.xiaohongshu.com/search_result/684fe83c0000000023000ffd?xsec_token=AB1cF0MY_ulYwbrkR9-qIeJDc9KVan0dU5ng1h6AU2OHo=&xsec_source=,https://sns-webpic-qc.xhscdn.com/202603251943/176ad98f998ef78ad37ea26cd6fe41aa/1040g2sg31ipn9odrgoe05n99bg84mmvq66qgejg!nc_n_webp_mw_1,808947b140994f8f05c6dcc484ae0fd98029f30fee68a2fe2ce547fe5817ca45,https://www.xiaohongshu.com/search_result/684fe83c0000000023000ffd?xsec_token=AB1cF0MY_ulYwbrkR9-qIeJDc9KVan0dU5ng1h6AU2OHo=&xsec_source=,否,否
小红书,小红书-新疆5A旅游景区.json,新疆5A旅游景区,新疆5A级景区,北疆 14 天！5大草原 + 3公路 +2秘境全解锁,爱旅游的小瑞,https://www.xiaohongshu.com/user/profile/61e5329000000000100041a8?channel_type=web_search_result_notes&parent_page_channel_type=web_profile_board&xsec_token=ABf5h7Tdu5VNmhR_usmdocQLzsLpXGYgByU3wPcVZPxBo=&xsec_source=pc_search,2025-07-06,2025-07-06,2026-03-25,3,3,https://www.xiaohongshu.com/search_result?keyword=%25E6%2596%25B0%25E7%2596%25865A%25E7%25BA%25A7%25E6%2599%25AF%25E5%258C%25BA&source=web_explore_feed,https://www.xiaohongshu.com/search_result/6867a19d000000002201e37d?xsec_token=ABbdNP8-nmBFbLhJHaPk9a_qOm-KcUzu8ruUUZf5f-Ing=&xsec_source=,https://sns-webpic-qc.xhscdn.com/202603251943/6a380a66b9a3ccec75dbe36ec6e37222/spectrum/1040g0k031jgr73q1j6005of56a840gd87upjtlo!nc_n_webp_mw_1,160cb529a21baafbc3b726d803b41d4d4a1e738ecd331928e651de119069fa46,https://www.xiaohongshu.com/search_result/6867a19d000000002201e37d?xsec_token=ABbdNP8-nmBFbLhJHaPk9a_qOm-KcUzu8ruUUZf5f-Ing=&xsec_source=,否,否
小红书,小红书-新疆5A旅游景区.json,新疆5A旅游景区,新疆5A级景区,新疆必打卡的十大绝美秘境，你去了吗？,中华旅行社,https://www.xiaohongshu.com/user/profile/67b2a626000000000d00ad5a?channel_type=web_search_result_notes&parent_page_channel_type=web_profile_board&xsec_token=ABfBXZQeNXemj_YkeF7hYgh1qcymth1c1cW2UzknFHqeU=&xsec_source=pc_search,2025-04-24,2025-04-24,2026-03-25,赞,0,https://www.xiaohongshu.com/search_result?keyword=%25E6%2596%25B0%25E7%2596%25865A%25E7%25BA%25A7%25E6%2599%25AF%25E5%258C%25BA&source=web_explore_feed,https://www.xiaohongshu.com/search_result/6809e017000000001c015c8f?xsec_token=ABs99AgTTk5-f-VZ4lG4O0M_mR98TX_cu3wIjt2wvOymM=&xsec_source=,https://sns-webpic-qc.xhscdn.com/202603251943/5f578f736fb4a18a7f8681288fd49b3f/spectrum/1040g0k031glar4us38005ptikoj39baqofbt5a0!nc_n_webp_mw_1,ff6e7f3444ba0a51f06a2151fcf28ae190d4806a1757dcdab735b69fbb4ea49a,https://www.xiaohongshu.com/search_result/6809e017000000001c015c8f?xsec_token=ABs99AgTTk5-f-VZ4lG4O0M_mR98TX_cu3wIjt2wvOymM=&xsec_source=,否,否
小红书,小红书-新疆5A旅游景区.json,新疆5A旅游景区,新疆5A级景区,,,,,,2026-03-25,,0,https://www.xiaohongshu.com/search_result?keyword=%25E6%2596%25B0%25E7%2596%25865A%25E7%25BA%25A7%25E6%2599%25AF%25E5%258C%25BA&source=web_explore_feed,,http://sns-na-i4.xhscdn.com/1040g2sg31c4a5e02h6705o8ea4rgbr7njlledn8?imageView2/1/h/132/w/480/format/jpg&ap=5&sc=HOT_QRY&sign=55aeb2033c52e60e946fdb64527502e4&t=69c3ca77&origin=0,372ceb367839eb8a48376b64cffc8fc44dd7d6c7a43b9306f910d6f7df567d19,d63241998d909b48b42480ff2a8fb574cecfee5853eadec39c024d1874d916cb,是,是
小红书,小红书-新疆5A旅游景区.json,新疆5A旅游景区,新疆5A级景区,含金量最高的4个5A景区！,小梁爱吃不胖,https://www.xiaohongshu.com/user/profile/5f60b748000000000101cbc6?channel_type=web_search_result_notes&parent_page_channel_type=web_profile_board&xsec_token=ABnWAwwtiLesn7gDqk5rWGPod-n32Fp3O_7JP7HxfYHZI=&xsec_source=pc_search,2025-11-13,2025-11-13,2026-03-25,61,61,https://www.xiaohongshu.com/search_result?keyword=%25E6%2596%25B0%25E7%2596%25865A%25E7%25BA%25A7%25E6%2599%25AF%25E5%258C%25BA&source=web_explore_feed,https://www.xiaohongshu.com/search_result/69156cdd0000000005003ca4?xsec_token=AB9AgVcvPgxjIVqmwdcz5lq_4nzwW-JC5mp5av_hgZmGA=&xsec_source=,https://sns-webpic-qc.xhscdn.com/202603251943/f2212b518710490750706e287edc718b/1040g00831oqjopet1k6g5nr0mt40biu6nl6soig!nc_n_webp_mw_1,1cd577c77e9ff0f37212c3402ce59f46e8fd2248751011590a80d7bbb64c61f5,https://www.xiaohongshu.com/search_result/69156cdd0000000005003ca4?xsec_token=AB9AgVcvPgxjIVqmwdcz5lq_4nzwW-JC5mp5av_hgZmGA=&xsec_source=,否,否
小红书,小红书-新疆5A旅游景区.json,新疆5A旅游景区,新疆5A级景区,2025年最新版国家5A级景区名单⭐建议收藏,爱旅行的萌卿酱,https://www.xiaohongshu.com/user/profile/5ebf82f70000000001000597?channel_type=web_search_result_notes&parent_page_channel_type=web_profile_board&xsec_token=AB7bQyJci3fxXdI6-Q_XjpASbTxvihD7d1CHEPW8nRlls=&xsec_source=pc_search,2025-03-22,2025-03-22,2026-03-25,646,646,https://www.xiaohongshu.com/search_result?keyword=%25E6%2596%25B0%25E7%2596%25865A%25E7%25BA%25A7%25E6%2599%25AF%25E5%258C%25BA&source=web_explore_feed,https://www.xiaohongshu.com/search_result/67deb64b000000000703475d?xsec_token=ABy0jfgla1EBAQcJwGouauHxleleTLIyogqLxNE4ObwFs=&xsec_source=,https://sns-webpic-qc.xhscdn.com/202603251943/b7902f114f2d373862053a11b050940b/1040g2sg31fb5jhc374jg5nlvgbrg81cngdef5io!nc_n_webp_mw_1,feb68cd8b8a1d1502309bd1a011cde0f1c748368ff121a86e08e909e6f7f12f0,https://www.xiaohongshu.com/search_result/67deb64b000000000703475d?xsec_token=ABy0jfgla1EBAQcJwGouauHxleleTLIyogqLxNE4ObwFs=&xsec_source=,否,否
小红书,小红书-新疆5A旅游景区.json,新疆5A旅游景区,新疆5A级景区,2024年5A景区,momo,https://www.xiaohongshu.com/user/profile/642990d3000000001201147f?channel_type=web_search_result_notes&parent_page_channel_type=web_profile_board&xsec_token=ABB2UmKNcKqUBHc9YTl9JW1NzqnS9pBN29n4kgGxVRWlg=&xsec_source=pc_search,2025-01-10,2025-01-10,2026-03-25,4,4,https://www.xiaohongshu.com/search_result?keyword=%25E6%2596%25B0%25E7%2596%25865A%25E7%25BA%25A7%25E6%2599%25AF%25E5%258C%25BA&source=web_explore_feed,https://www.xiaohongshu.com/search_result/6780c522000000001703cf75?xsec_token=ABymYN747h2zzFboYH5Ox2Cw-POvagERZ0BWvA83iNJ9Y=&xsec_source=,https://sns-webpic-qc.xhscdn.com/202603251943/a6c573a7fd38df93ea1bd9e8c439e7bd/1040g2sg31cfd3ptd10a05p19i39ki53vpovq5ng!nc_n_webp_mw_1,73061c685ddf184fd8c2368c4f45a4b70644125ddc4d297c370fa4f0438cfe90,https://www.xiaohongshu.com/search_result/6780c522000000001703cf75?xsec_token=ABymYN747h2zzFboYH5Ox2Cw-POvagERZ0BWvA83iNJ9Y=&xsec_source=,否,否
小红书,小红书-新疆5A旅游景区.json,新疆5A旅游景区,新疆5A级景区,娃睡觉去了，我声音小点,阿宝,https://www.xiaohongshu.com/user/profile/56d9141184edcd6204b84b43?channel_type=web_search_result_notes&parent_page_channel_type=web_profile_board&xsec_token=AB8eLmaFIUEvREwMnbjJgEUkqWRqqNTroHVaORczpT9Uc=&xsec_source=pc_search,2024-11-05,2024-11-05,2026-03-25,29,29,https://www.xiaohongshu.com/search_result?keyword=%25E6%2596%25B0%25E7%2596%25865A%25E7%25BA%25A7%25E6%2599%25AF%25E5%258C%25BA&source=web_explore_feed,https://www.xiaohongshu.com/search_result/672a32d1000000001d03a0a3?xsec_token=ABvi0P7vsut-Y3VZHB8mSRtxONS3YsFPa9xwfsqR4_STQ=&xsec_source=,https://sns-webpic-qc.xhscdn.com/202603251943/d90d24db0ec793460675a660a8134bd7/1040g2sg319qsqcjgne7046e0asa12iq3gnp4p6o!nc_n_webp_mw_1,848b7827da00c784a8161f1d17f719fc042f51f1e4e6e8c8a0bc22445a3534e8,https://www.xiaohongshu.com/search_result/672a32d1000000001d03a0a3?xsec_token=ABvi0P7vsut-Y3VZHB8mSRtxONS3YsFPa9xwfsqR4_STQ=&xsec_source=,否,否
小红书,小红书-新疆5A旅游景区.json,新疆5A旅游景区,新疆5A级景区,,,,,,2026-03-25,,0,https://www.xiaohongshu.com/search_result?keyword=%25E6%2596%25B0%25E7%2596%25865A%25E7%25BA%25A7%25E6%2599%25AF%25E5%258C%25BA&source=web_explore_feed,,http://sns-na-i4.xhscdn.com/1040g2sg31dku9l5e0e5g5o02c81g86pg3lv5lc8?imageView2/1/h/132/w/480/format/jpg&ap=5&sc=HOT_QRY&sign=d79b1377087e98d1800913eb3cea7ee1&t=69c3ca77&origin=0,1fe3ac62ebc8291f672363eb0196674885b40ba2ba4c6a48164d796d28dd927c,a9564162c8c0f08cfd788bc5d38b7cd60b9ff2125ccc5455d5ca4164dfd2cd56,是,是
小红书,小红书-新疆5A旅游景区.json,新疆5A旅游景区,新疆5A级景区,新疆全年赏花时间表 | 码住‼️月月有花看🌸,新疆山野纪旅行社,https://www.xiaohongshu.com/user/profile/6966146f000000003702fe26?channel_type=web_search_result_notes&parent_page_channel_type=web_profile_board&xsec_token=ABDKqUoDBJ-XdUqOTFm9s5gTGxzAeM7mpQkFva_M51q8Q=&xsec_source=pc_search,02-27,2026-02-27,2026-03-25,9,9,https://www.xiaohongshu.com/search_result?keyword=%25E6%2596%25B0%25E7%2596%25865A%25E7%25BA%25A7%25E6%2599%25AF%25E5%258C%25BA&source=web_explore_feed,https://www.xiaohongshu.com/search_result/69a13b9c000000001a0248f3?xsec_token=ABzo33lKsAwNNlfJ0xpBEO4wMLE9AYPZqxPRUKlBgBDbU=&xsec_source=,https://sns-webpic-qc.xhscdn.com/202603251943/f15ecc78071e8edc422cdb02f1c972c4/notes_pre_post/1040g3k831t34gj42ls7g5qb62hnttvh6svcbh80!nc_n_webp_mw_1,827958fd33eb25b9f729aa3a6b56338e50c1940789a6fa925d1b7ed561280c9d,https://www.xiaohongshu.com/search_result/69a13b9c000000001a0248f3?xsec_token=ABzo33lKsAwNNlfJ0xpBEO4wMLE9AYPZqxPRUKlBgBDbU=&xsec_source=,否,否
小红书,小红书-新疆5A旅游景区.json,新疆5A旅游景区,新疆5A级景区,中国含金量超高的14个5A级景区,嘻游记,https://www.xiaohongshu.com/user/profile/68007391000000000e012fc6?channel_type=web_search_result_notes&parent_page_channel_type=web_profile_board&xsec_token=AB2bsw-yW89FhrUsTUosc1BQ0Y9IyciHM9LBjghIlGpPg=&xsec_source=pc_search,2025-07-04,2025-07-04,2026-03-25,78,78,https://www.xiaohongshu.com/search_result?keyword=%25E6%2596%25B0%25E7%2596%25865A%25E7%25BA%25A7%25E6%2599%25AF%25E5%258C%25BA&source=web_explore_feed,https://www.xiaohongshu.com/search_result/686744b00000000015022a63?xsec_token=ABbdNP8-nmBFbLhJHaPk9a_pnho_6I9D7ZC74fkdLUR98=&xsec_source=,https://sns-webpic-qc.xhscdn.com/202603251943/9cf192dc56a5a31646817a240dfb8eab/spectrum/1040g0k031jghc3vpia005q00ee8jibu6q1s5b80!nc_n_webp_mw_1,6775c807335b72788aaba3d6d4a0c347294955a016f0a220875609f3e4c4e6e4,https://www.xiaohongshu.com/search_result/686744b00000000015022a63?xsec_token=ABbdNP8-nmBFbLhJHaPk9a_pnho_6I9D7ZC74fkdLUR98=&xsec_source=,否,否
小红书,小红书-新疆5A旅游景区.json,新疆5A旅游景区,新疆5A级景区,,漫剧教练局,https://www.xiaohongshu.com/user/profile/5f3d205100000000010066b7?channel_type=web_search_result_notes&parent_page_channel_type=web_profile_board&xsec_token=ABtxgUZ5nowfP3M6gvhD8x05_7lhQWsd_UFZf9teu66nE=&xsec_source=pc_search,2025-10-02,2025-10-02,2026-03-25,23,23,https://www.xiaohongshu.com/search_result?keyword=%25E6%2596%25B0%25E7%2596%25865A%25E7%25BA%25A7%25E6%2599%25AF%25E5%258C%25BA&source=web_explore_feed,https://www.xiaohongshu.com/search_result/68de8adc00000000070217c0?xsec_token=ABAg96FEhelIGOMy6ZV1IuVgpomsZmN9vPRDaev03oN5I=&xsec_source=,https://sns-webpic-qc.xhscdn.com/202603251943/1fa6c95ce1ebf52705ac9354e5155490/1040g00831n50m50m4q005npt418g8pln4oqu4l8!nc_n_webp_mw_1,b8982d5104465faca9b5af231fa08e78ed0eb24b56c70b3e4fb464321872fe3e,https://www.xiaohongshu.com/search_result/68de8adc00000000070217c0?xsec_token=ABAg96FEhelIGOMy6ZV1IuVgpomsZmN9vPRDaev03oN5I=&xsec_source=,是,否
小红书,小红书-新疆5A旅游景区.json,新疆5A旅游景区,新疆5A级景区,倒计时21天！导游词背的我想哭🥲,阿宝,https://www.xiaohongshu.com/user/profile/56d9141184edcd6204b84b43?channel_type=web_search_result_notes&parent_page_channel_type=web_profile_board&xsec_token=AB8eLmaFIUEvREwMnbjJgEUkqWRqqNTroHVaORczpT9Uc=&xsec_source=pc_search,2024-11-03,2024-11-03,2026-03-25,271,271,https://www.xiaohongshu.com/search_result?keyword=%25E6%2596%25B0%25E7%2596%25865A%25E7%25BA%25A7%25E6%2599%25AF%25E5%258C%25BA&source=web_explore_feed,https://www.xiaohongshu.com/search_result/67266b7d000000003c019284?xsec_token=ABSefubot8OAUUU_nUcPpVpXTyaFFsA92rrhD5HtFNn9g=&xsec_source=,https://sns-webpic-qc.xhscdn.com/202603251943/d6f31cbbd8f309a80d34d59e045bb1b0/1040g008319n6mvsh7e0046e0asa12iq38fvrugo!nc_n_webp_mw_1,077d98eaf7fb4311d547213390d3e47ae236524fa6018c75d1a369669b8d6801,https://www.xiaohongshu.com/search_result/67266b7d000000003c019284?xsec_token=ABSefubot8OAUUU_nUcPpVpXTyaFFsA92rrhD5HtFNn9g=&xsec_source=,否,否
小红书,小红书-新疆5A旅游景区.json,新疆5A旅游景区,新疆5A级景区,不知道这7点，来新疆旅游就是浪费钱,WILD牧野旅行,https://www.xiaohongshu.com/user/profile/5c8d29ed000000001200b9f0?channel_type=web_search_result_notes&parent_page_channel_type=web_profile_board&xsec_token=ABxo8hjwTq3cTPyM-yKEnRqG_0JYewgiHlECr2SA2uzcs=&xsec_source=pc_search,2025-12-01,2025-12-01,2026-03-25,9324,9324,https://www.xiaohongshu.com/search_result?keyword=%25E6%2596%25B0%25E7%2596%25865A%25E7%25BA%25A7%25E6%2599%25AF%25E5%258C%25BA&source=web_explore_feed,https://www.xiaohongshu.com/search_result/692d7496000000001e002f0d?xsec_token=ABRKcLQh6csbRkpVZ7FRvcJOAsF8t8AO9nmlnUNEoZjAA=&xsec_source=,https://sns-webpic-qc.xhscdn.com/202603251943/875a7fc53b73bdbe623ac44d609d7d08/spectrum/1040g0k031pi1bqr740005n4d57mkhefg1fudhk8!nc_n_webp_mw_1,3a221b358ee36c510950894b49b2bbdfd9f0fc0527001d514b8158e0fa110d19,https://www.xiaohongshu.com/search_result/692d7496000000001e002f0d?xsec_token=ABRKcLQh6csbRkpVZ7FRvcJOAsF8t8AO9nmlnUNEoZjAA=&xsec_source=,否,否
小红书,小红书-新疆5A旅游景区.json,新疆5A旅游景区,新疆5A级景区,听劝：把4-5月留给伊犁！（附攻略）,一起游西北,https://www.xiaohongshu.com/user/profile/65c1f17f0000000011014b9f?channel_type=web_search_result_notes&parent_page_channel_type=web_profile_board&xsec_token=AB__lbXjJQ1Y_PHhyHwjXWH0SAqm0Oi-KFNMx43ubcG88=&xsec_source=pc_search,1天前,2026-03-24,2026-03-25,1,1,https://www.xiaohongshu.com/search_result?keyword=%25E6%2596%25B0%25E7%2596%25865A%25E7%25BA%25A7%25E6%2599%25AF%25E5%258C%25BA&source=web_explore_feed,https://www.xiaohongshu.com/search_result/69c2540400000000230249a1?xsec_token=ABAuN-uMyHf13iXQtcesaQUgMjtZRyUJmKgzAliKo_EHM=&xsec_source=,https://sns-webpic-qc.xhscdn.com/202603251943/3b6eea5b84a3454adcdc5e8b00435aef/notes_pre_post/1040g3k831u3eupp8hu605pe1u5vkaisvbbuqmco!nc_n_webp_mw_1,6d810bc3e7ade25ad8859149348d7a0082c6b149b6bf846d14cb7822daca3738,https://www.xiaohongshu.com/search_result/69c2540400000000230249a1?xsec_token=ABAuN-uMyHf13iXQtcesaQUgMjtZRyUJmKgzAliKo_EHM=&xsec_source=,否,否
小红书,小红书-新疆5A旅游景区.json,新疆5A旅游景区,新疆5A级景区,新春新疆一5A级景区，限时免门票！,新疆资讯分享,https://www.xiaohongshu.com/user/profile/667d5fa30000000007006a6a?channel_type=web_search_result_notes&parent_page_channel_type=web_profile_board&xsec_token=ABrA5BD3HKOebaYcoLCl_wxcaEsG_WEzLm7UzDRBynOMQ=&xsec_source=pc_search,01-26,2026-01-26,2026-03-25,3,3,https://www.xiaohongshu.com/search_result?keyword=%25E6%2596%25B0%25E7%2596%25865A%25E7%25BA%25A7%25E6%2599%25AF%25E5%258C%25BA&source=web_explore_feed,https://www.xiaohongshu.com/search_result/69773849000000000a02c479?xsec_token=ABCtjxgG4zJv1UxTH_c3bApaaPwN2SoMHscTeoKJWHKpM=&xsec_source=,https://sns-webpic-qc.xhscdn.com/202603251943/6b6a9aa9d9038e28b135315d0a76d76f/spectrum/1040g34o31rq3pr6e26105pjtbuhhoqjaau3hp5o!nc_n_webp_mw_1,d0d458a987ab03f57e6bbb97ae46a516d0fcf9a8d6ffd5433767c86d705b2fd7,https://www.xiaohongshu.com/search_result/69773849000000000a02c479?xsec_token=ABCtjxgG4zJv1UxTH_c3bApaaPwN2SoMHscTeoKJWHKpM=&xsec_source=,否,否
小红书,小红书-新疆5A旅游景区.json,新疆5A旅游景区,新疆5A级景区,中国含金量超高的景区,旅途看世界,https://www.xiaohongshu.com/user/profile/6970b4ce000000001e013314?channel_type=web_search_result_notes&parent_page_channel_type=web_profile_board&xsec_token=ABB5VSH9pPWV93qJ5qH2NWN-2zs5DbOXrd4iDeqEA5I4s=&xsec_source=pc_search,03-08,2026-03-08,2026-03-25,81,81,https://www.xiaohongshu.com/search_result?keyword=%25E6%2596%25B0%25E7%2596%25865A%25E7%25BA%25A7%25E6%2599%25AF%25E5%258C%25BA&source=web_explore_feed,https://www.xiaohongshu.com/search_result/69ad62fa000000001a035ef0?xsec_token=ABqX8FRULvoaNQcmeGZhdVBAwhqFWPhwZvN4-GGGlRaSk=&xsec_source=,https://sns-webpic-qc.xhscdn.com/202603251943/88497dccd092c2bd2b737f65ec8addb9/1040g2sg31tf0hnc7lm705qbgmj77icok7hqeifo!nc_n_webp_mw_1,440857a8267adc40e70ca519a807e22f52c8b758c4d9a5087efa3b9265be4547,https://www.xiaohongshu.com/search_result/69ad62fa000000001a035ef0?xsec_token=ABqX8FRULvoaNQcmeGZhdVBAwhqFWPhwZvN4-GGGlRaSk=&xsec_source=,否,否
小红书,小红书-新疆5A旅游景区.json,新疆5A旅游景区,新疆5A级景区,“新疆的夏天提前拨动了我的DNA……”,瑶瑶在新疆,https://www.xiaohongshu.com/user/profile/69b3bfab000000003303601a?channel_type=web_search_result_notes&parent_page_channel_type=web_profile_board&xsec_token=AB4rMNDfto1MChu9XqYCEnVRnBM0CVImYqRdPtC9bqCiU=&xsec_source=pc_search,4小时前,2026-03-25,2026-03-25,1,1,https://www.xiaohongshu.com/search_result?keyword=%25E6%2596%25B0%25E7%2596%25865A%25E7%25BA%25A7%25E6%2599%25AF%25E5%258C%25BA&source=web_explore_feed,https://www.xiaohongshu.com/search_result/69c3884b0000000020038033?xsec_token=AB1reXc9sceWHR16vHAmKSpAfEQpoUh9uKhUK7Dp0-VH0=&xsec_source=,https://sns-webpic-qc.xhscdn.com/202603251943/cdffb559c5e0ef03f84042ab21a1b656/spectrum/1040g0k031u4kj7622u0g5qdjnulsuo0qf1ns4j0!nc_n_webp_mw_1,1997175df336bfd32ed7fcfd42b37ef6a9a67fa5cb16e7a3c669f8ca9c038c79,https://www.xiaohongshu.com/search_result/69c3884b0000000020038033?xsec_token=AB1reXc9sceWHR16vHAmKSpAfEQpoUh9uKhUK7Dp0-VH0=&xsec_source=,否,否
小红书,小红书-新疆5A旅游景区.json,新疆5A旅游景区,新疆5A级景区,新疆18个5A级景区，你去过哪几个。,小红薯69B81D89,https://www.xiaohongshu.com/user/profile/69b78a8a0000000032027a05?channel_type=web_search_result_notes&parent_page_channel_type=web_profile_board&xsec_token=ABaghI9l-PI5GO7EL1e75dw_zcGE0HpZYw8V6PMxaCBWc=&xsec_source=pc_search,5天前,2026-03-20,2026-03-25,赞,0,https://www.xiaohongshu.com/search_result?keyword=%25E6%2596%25B0%25E7%2596%25865A%25E7%25BA%25A7%25E6%2599%25AF%25E5%258C%25BA&source=web_explore_feed,https://www.xiaohongshu.com/search_result/69bcae6000000000200382fa?xsec_token=ABsE9u35f2_jmIKeN0HnsJ_dyO3tXzD4gASL_F9-5y4tk=&xsec_source=,https://sns-webpic-qc.xhscdn.com/202603251943/86dd6f4a2891d352b934631c9f42ac2e/1040g2sg31ttuecpbn2e05qdnha5ckug5l9c41r0!nc_n_webp_mw_1,07eab080e1809f3b6646bb4ba85bab58140bfce0e73ab787d37e64c299704700,https://www.xiaohongshu.com/search_result/69bcae6000000000200382fa?xsec_token=ABsE9u35f2_jmIKeN0HnsJ_dyO3tXzD4gASL_F9-5y4tk=&xsec_source=,否,否
小红书,小红书-新疆5A旅游景区.json,新疆5A旅游景区,新疆5A级景区,新疆伊犁環線最全公共交通攻略🚌,飞力士Felix,https://www.xiaohongshu.com/user/profile/5b5602e34eacab0a3e4c17db?channel_type=web_search_result_notes&parent_page_channel_type=web_profile_board&xsec_token=AB2VoJNKPDP0FKFLjU0raWQpAryLk_aRoHzUZr4i9S1QU=&xsec_source=pc_search,03-11,2026-03-11,2026-03-25,567,567,https://www.xiaohongshu.com/search_result?keyword=%25E6%2596%25B0%25E7%2596%25865A%25E7%25BA%25A7%25E6%2599%25AF%25E5%258C%25BA&source=web_explore_feed,https://www.xiaohongshu.com/search_result/69aff57e000000002203bdc8?xsec_token=AB7ipyvfzROKRbcm1Dz8AAZg9cHqsoDBt3zNWqDVfbYDY=&xsec_source=,https://sns-webpic-qc.xhscdn.com/202603251943/75be19cfdae60cca0af473f71d8ab830/notes_pre_post/1040g3k831thgpv9rme704a7eim1e65ur42eqv6g!nc_n_webp_mw_1,6bee958c5a4f19bb2e5d717dcdb66c2a803656edf97eb7ebd6e3ca40dc325c15,https://www.xiaohongshu.com/search_result/69aff57e000000002203bdc8?xsec_token=AB7ipyvfzROKRbcm1Dz8AAZg9cHqsoDBt3zNWqDVfbYDY=&xsec_source=,否,否
小红书,小红书-新疆5A旅游景区.json,新疆5A旅游景区,新疆5A级景区,,,,,,2026-03-25,,0,https://www.xiaohongshu.com/search_result?keyword=%25E6%2596%25B0%25E7%2596%25865A%25E7%25BA%25A7%25E6%2599%25AF%25E5%258C%25BA&source=web_explore_feed,,http://sns-na-i4.xhscdn.com/1040g2sg31c4a5e02h6705o8ea4rgbr7njlledn8?imageView2/1/h/132/w/480/format/jpg&ap=5&sc=HOT_QRY&sign=2fbdc1ed2e0681cf6ae6a505a7a71efb&t=69c3ca7b&origin=0,6c945fac2f8966f73501795258ae7e1d8643fcb8dbf8bfde8fbc095dca4e3aa0,2c0a7a7716f43788475226e19f26bc5213fa4b950f6ff682f2f9714093eda79b,是,是
小红书,小红书-新疆5A旅游景区.json,新疆5A旅游景区,新疆5A级景区,,小红薯6787A56D,https://www.xiaohongshu.com/user/profile/67863279000000000801e3ec?channel_type=web_search_result_notes&parent_page_channel_type=web_profile_board&xsec_token=ABbEH1iHXR7ggdp1pWk-Nt-xf7bFg52ZWxkzvHIWiJAsA=&xsec_source=pc_search,03-12,2026-03-12,2026-03-25,赞,0,https://www.xiaohongshu.com/search_result?keyword=%25E6%2596%25B0%25E7%2596%25865A%25E7%25BA%25A7%25E6%2599%25AF%25E5%258C%25BA&source=web_explore_feed,https://www.xiaohongshu.com/search_result/69b2cb9d0000000015020a6e?xsec_token=AB2CfFqaYiQohWioVuou-0LDYScrqBwiNgOnqBNXXAbyg=&xsec_source=,https://sns-webpic-qc.xhscdn.com/202603251943/ef9828f7af296afd9c48a8c6bcd3bf2a/notes_pre_post/1040g3k831tk9iaknmud05ps669si3ovceohjpa0!nc_n_webp_mw_1,dadc23fcaa359a4e19422eef1028c84b6b1f56412b41b658b36aa0afd1c8c729,https://www.xiaohongshu.com/search_result/69b2cb9d0000000015020a6e?xsec_token=AB2CfFqaYiQohWioVuou-0LDYScrqBwiNgOnqBNXXAbyg=&xsec_source=,是,否
小红书,小红书-新疆5A旅游景区.json,新疆5A旅游景区,新疆5A级景区,7月3号的阿禾公路实况,小强爱旅行,https://www.xiaohongshu.com/user/profile/67d4ed0f0000000006012709?channel_type=web_search_result_notes&parent_page_channel_type=web_profile_board&xsec_token=ABzO8GTR3WzZfCeuH5Tb0mWmYOpgnEuoHVursEYv1BvsI=&xsec_source=pc_search,2025-07-03,2025-07-03,2026-03-25,50,50,https://www.xiaohongshu.com/search_result?keyword=%25E6%2596%25B0%25E7%2596%25865A%25E7%25BA%25A7%25E6%2599%25AF%25E5%258C%25BA&source=web_explore_feed,https://www.xiaohongshu.com/search_result/68657c29000000000b02de5c?xsec_token=ABoeTg2SMVEzObN7ppiXYoEgAhd3HcH2GEXNRagoRlZOA=&xsec_source=,https://sns-webpic-qc.xhscdn.com/202603251943/443b496f65392ca96a085df5ae7c0f9c/1040g00831jepjv9pie005puktk7hi9o907gv9t0!nc_n_webp_mw_1,695a792d8baa541471bbd5472ffbfac63d04633d7ad243122198278e04135d81,https://www.xiaohongshu.com/search_result/68657c29000000000b02de5c?xsec_token=ABoeTg2SMVEzObN7ppiXYoEgAhd3HcH2GEXNRagoRlZOA=&xsec_source=,否,否
小红书,小红书-新疆5A旅游景区.json,新疆5A旅游景区,新疆5A级景区,"新疆必去景点,你打卡过几个？",木木爱旅行🌾,https://www.xiaohongshu.com/user/profile/686b1c59000000000d02f677?channel_type=web_search_result_notes&parent_page_channel_type=web_profile_board&xsec_token=ABTGjBbHcJP02LO_msG-om4eDsXQouLTtpbjEJrmNH5_E=&xsec_source=pc_search,2025-09-15,2025-09-15,2026-03-25,9,9,https://www.xiaohongshu.com/search_result?keyword=%25E6%2596%25B0%25E7%2596%25865A%25E7%25BA%25A7%25E6%2599%25AF%25E5%258C%25BA&source=web_explore_feed,https://www.xiaohongshu.com/search_result/68c7de04000000001c007219?xsec_token=ABlMPyuvPtJ3Pd8yCUWB6ogznB5-TMIctiWeQnPu9329g=&xsec_source=,https://sns-webpic-qc.xhscdn.com/202603251943/a25f6a1da88fb51cc58f8bcd72fb73c2/spectrum/1040g34o31mersti24u105q3b3hcjdtjnj6o0q7g!nc_n_webp_mw_1,04d22a73b1b88507eb0a520decb5f0f90fa09e798730cbec6f0fb421d1fb7d37,https://www.xiaohongshu.com/search_result/68c7de04000000001c007219?xsec_token=ABlMPyuvPtJ3Pd8yCUWB6ogznB5-TMIctiWeQnPu9329g=&xsec_source=,否,否
小红书,小红书-新疆5A旅游景区.json,新疆5A旅游景区,新疆5A级景区,,,,,,2026-03-25,,0,https://www.xiaohongshu.com/search_result?keyword=%25E6%2596%25B0%25E7%2596%25865A%25E7%25BA%25A7%25E6%2599%25AF%25E5%258C%25BA&source=web_explore_feed,,http://sns-na-i4.xhscdn.com/1040g2sg31dku9l5e0e5g5o02c81g86pg3lv5lc8?imageView2/1/h/132/w/480/format/jpg&ap=5&sc=HOT_QRY&sign=980d478d772402ddb6bbfd1d9a291e2f&t=69c3ca7b&origin=0,2520d2c448cfe755d43d295af0d0c803315e265e2be62a4b387b1d9c2055cc90,00691f78e579bd92d67d34e58aa200b7a336b31cf8717e085295c0e0417c4a66,是,是
小红书,小红书-新疆5A旅游景区.json,新疆5A旅游景区,新疆5A级景区,,wuansun,https://www.xiaohongshu.com/user/profile/64377859000000000d0182f1?channel_type=web_search_result_notes&parent_page_channel_type=web_profile_board&xsec_token=AB_JtdTCYI7NzgqXGrI05d8EpPFDipVFywGjKA7MGLaeM=&xsec_source=pc_search,01-09,2026-01-09,2026-03-25,23,23,https://www.xiaohongshu.com/search_result?keyword=%25E6%2596%25B0%25E7%2596%25865A%25E7%25BA%25A7%25E6%2599%25AF%25E5%258C%25BA&source=web_explore_feed,https://www.xiaohongshu.com/search_result/6960732d000000000a0333d7?xsec_token=ABI8QCBWvirli3CtIDwXHvG3VPbUU5Ndy9O73OHTSmJUs=&xsec_source=,https://sns-webpic-qc.xhscdn.com/202603251943/058149fa0e4d9502d33d7d713314bdf8/notes_pre_post/1040g3k831r3s92p0n0005p1nf1cjb0nhndvhjvg!nc_n_webp_mw_1,54879835f7dc987a28e75f66ee8b9629858a2daa2a49505292ec51e31f043eba,https://www.xiaohongshu.com/search_result/6960732d000000000a0333d7?xsec_token=ABI8QCBWvirli3CtIDwXHvG3VPbUU5Ndy9O73OHTSmJUs=&xsec_source=,是,否
小红书,小红书-新疆5A旅游景区.json,新疆5A旅游景区,新疆5A级景区,女生一个人公共交通游新疆 附攻略,一颗青苹果🍏,https://www.xiaohongshu.com/user/profile/5de48b4e000000000100240f?channel_type=web_search_result_notes&parent_page_channel_type=web_profile_board&xsec_token=AByEx3bWtCh2ybU8eCyD6Okvk9UZOh54vAr6o7pjItnfs=&xsec_source=pc_search,03-14,2026-03-14,2026-03-25,1095,1095,https://www.xiaohongshu.com/search_result?keyword=%25E6%2596%25B0%25E7%2596%25865A%25E7%25BA%25A7%25E6%2599%25AF%25E5%258C%25BA&source=web_explore_feed,https://www.xiaohongshu.com/search_result/69b3dce9000000001a029769?xsec_token=AB4rMNDfto1MChu9XqYCEnVXhl1KJJICt59z-gkAwA0DI=&xsec_source=,https://sns-webpic-qc.xhscdn.com/202603251943/185ea292e5c31423a5b73e8bba5603df/1040g2sg31tlagi4i7ee05nf4hd70890fh72jetg!nc_n_webp_mw_1,822163359f8d078f3ac98355496e3494bb7015f4b05a8602e5cdcb27f3144a67,https://www.xiaohongshu.com/search_result/69b3dce9000000001a029769?xsec_token=AB4rMNDfto1MChu9XqYCEnVXhl1KJJICt59z-gkAwA0DI=&xsec_source=,否,否
小红书,小红书-新疆5A旅游景区.json,新疆5A旅游景区,新疆5A级景区,5A景区达10个以上的省份,江水东流,https://www.xiaohongshu.com/user/profile/5b13f99811be1054d477a192?channel_type=web_search_result_notes&parent_page_channel_type=web_profile_board&xsec_token=AB2BlEFRpFXLmTdljNP2s92b6WHTtJT70N1jVb-CqeDIU=&xsec_source=pc_search,2025-10-22,2025-10-22,2026-03-25,56,56,https://www.xiaohongshu.com/search_result?keyword=%25E6%2596%25B0%25E7%2596%25865A%25E7%25BA%25A7%25E6%2599%25AF%25E5%258C%25BA&source=web_explore_feed,https://www.xiaohongshu.com/search_result/68f8bf4f00000000030383b5?xsec_token=ABIAQ2qxwbcIHJ71x0g0hVinqxd_VsinPTrRKYi5HO6A0=&xsec_source=,https://sns-webpic-qc.xhscdn.com/202603251943/83b658e0b9a5fb29659115b19f120bf8/1040g2sg31nujilljg6e04a5t91sph8cireb4fco!nc_n_webp_mw_1,033e97987d45b69364db7af2d6925f9f65e4f2221792958e72056a5a4a469c5e,https://www.xiaohongshu.com/search_result/68f8bf4f00000000030383b5?xsec_token=ABIAQ2qxwbcIHJ71x0g0hVinqxd_VsinPTrRKYi5HO6A0=&xsec_source=,否,否
小红书,小红书-新疆5A旅游景区.json,新疆5A旅游景区,新疆5A级景区,攒钱！五月去新疆‼️,伊莲137,https://www.xiaohongshu.com/user/profile/59a6cb275e87e77e065d77c5?channel_type=web_search_result_notes&parent_page_channel_type=web_profile_board&xsec_token=ABeZE2OO39vV95grP4ThENvEZFVS4l4oAlFafEI1e2rZc=&xsec_source=pc_search,2025-08-23,2025-08-23,2026-03-25,7479,7479,https://www.xiaohongshu.com/search_result?keyword=%25E6%2596%25B0%25E7%2596%25865A%25E7%25BA%25A7%25E6%2599%25AF%25E5%258C%25BA&source=web_explore_feed,https://www.xiaohongshu.com/search_result/67b1d341000000002802896f?xsec_token=ABPEm0WQUxzFZIkgJdXwRVaouib7UMHWhUEF89SpgONjA=&xsec_source=,https://sns-webpic-qc.xhscdn.com/202603251943/5a7f65367a86e026c223060281f30f19/1040g00831dvb4ms3080g49p0kg5ietu51d9g930!nc_n_webp_mw_1,385936b038d3a0d1c52e8d51c57fae679a2c00c5831b5294acaef8adaf943c08,https://www.xiaohongshu.com/search_result/67b1d341000000002802896f?xsec_token=ABPEm0WQUxzFZIkgJdXwRVaouib7UMHWhUEF89SpgONjA=&xsec_source=,否,否
小红书,小红书-新疆5A旅游景区.json,新疆5A旅游景区,新疆5A级景区,七月份来新疆不推荐的十二个景区,小强爱旅行,https://www.xiaohongshu.com/user/profile/67d4ed0f0000000006012709?channel_type=web_search_result_notes&parent_page_channel_type=web_profile_board&xsec_token=ABzO8GTR3WzZfCeuH5Tb0mWmYOpgnEuoHVursEYv1BvsI=&xsec_source=pc_search,2025-06-18,2025-06-18,2026-03-25,4796,4796,https://www.xiaohongshu.com/search_result?keyword=%25E6%2596%25B0%25E7%2596%25865A%25E7%25BA%25A7%25E6%2599%25AF%25E5%258C%25BA&source=web_explore_feed,https://www.xiaohongshu.com/search_result/68519dbd000000002202a590?xsec_token=ABp3LPU2AFy6mF-POT1bnSbgm_TpIi0DJNcPXtp54_6nw=&xsec_source=,https://sns-webpic-qc.xhscdn.com/202603251943/bc2dea00f54e2f43fc9bf69f151e619c/1040g00831irckp0f0u005puktk7hi9o927ivk50!nc_n_webp_mw_1,dbb7a312b0b87bb4588eb5b9b292d669854350e0a1ec26c26feb89d3ec26fe1c,https://www.xiaohongshu.com/search_result/68519dbd000000002202a590?xsec_token=ABp3LPU2AFy6mF-POT1bnSbgm_TpIi0DJNcPXtp54_6nw=&xsec_source=,否,否
小红书,小红书-新疆5A旅游景区.json,新疆5A旅游景区,新疆5A级景区,我在新疆赛里木湖，很想和你交换春天！,H.先森,https://www.xiaohongshu.com/user/profile/60fa3d13000000002002e0c0?channel_type=web_search_result_notes&parent_page_channel_type=web_profile_board&xsec_token=AB64WmdScfW6PHQhFdzi4qeQcZ-Uf7iOasf26P_u_XNx0=&xsec_source=pc_search,3天前,2026-03-22,2026-03-25,3051,3051,https://www.xiaohongshu.com/search_result?keyword=%25E6%2596%25B0%25E7%2596%25865A%25E7%25BA%25A7%25E6%2599%25AF%25E5%258C%25BA&source=web_explore_feed,https://www.xiaohongshu.com/search_result/69bf64010000000023027837?xsec_token=ABCqUKelMSCKMCxkEYIRl5HIKjwK8y3N8sgD6hzA8E2r0=&xsec_source=,https://sns-webpic-qc.xhscdn.com/202603251944/56b5556643aa67fddd8f69095e6d4fcf/1040g00831u0iln9pha6g5o7q7k9o5o603ndegc0!nc_n_webp_mw_1,5dc9afe95ddf29d7e27c71ffa42934f32afc1266b70059465be0bfc247313144,https://www.xiaohongshu.com/search_result/69bf64010000000023027837?xsec_token=ABCqUKelMSCKMCxkEYIRl5HIKjwK8y3N8sgD6hzA8E2r0=&xsec_source=,否,否
小红书,小红书-新疆5A旅游景区.json,新疆5A旅游景区,新疆5A级景区,今年夏天，总要去一次新疆吧！🌿,伊莲137,https://www.xiaohongshu.com/user/profile/59a6cb275e87e77e065d77c5?channel_type=web_search_result_notes&parent_page_channel_type=web_profile_board&xsec_token=ABeZE2OO39vV95grP4ThENvEZFVS4l4oAlFafEI1e2rZc=&xsec_source=pc_search,03-01,2026-03-01,2026-03-25,1801,1801,https://www.xiaohongshu.com/search_result?keyword=%25E6%2596%25B0%25E7%2596%25865A%25E7%25BA%25A7%25E6%2599%25AF%25E5%258C%25BA&source=web_explore_feed,https://www.xiaohongshu.com/search_result/69a41e570000000022032ba4?xsec_token=AB1rFJwmkscj6Wx6PfQOvvdo1GuSpgpBmBdrD7C3veXg8=&xsec_source=,https://sns-webpic-qc.xhscdn.com/202603251944/67aca022df4d4671f45cb07045402423/1040g2sg31t5q1bfll8f049p0kg5ietu5abd0hj8!nc_n_webp_mw_1,89ef19711c200a84beea9c087a1d2dc739bd74fc58905f7a3235c74f9d989306,https://www.xiaohongshu.com/search_result/69a41e570000000022032ba4?xsec_token=AB1rFJwmkscj6Wx6PfQOvvdo1GuSpgpBmBdrD7C3veXg8=&xsec_source=,否,否
小红书,小红书-新疆5A旅游景区.json,新疆5A旅游景区,新疆5A级景区,新疆｜铁腚行不了，就来了乌鲁木齐周边的草原,咸鱼丼,https://www.xiaohongshu.com/user/profile/59f7f146e8ac2b057306cc2a?channel_type=web_search_result_notes&parent_page_channel_type=web_profile_board&xsec_token=AB6-6iiKMf7uXnOAfqpdqoyBlstosrn6YJ0QLvLfn6EAk=&xsec_source=pc_search,2025-05-28,2025-05-28,2026-03-25,107,107,https://www.xiaohongshu.com/search_result?keyword=%25E6%2596%25B0%25E7%2596%25865A%25E7%25BA%25A7%25E6%2599%25AF%25E5%258C%25BA&source=web_explore_feed,https://www.xiaohongshu.com/search_result/6836f332000000002203564a?xsec_token=ABfgJJVfTPNkQAr84M0HS8q0hL6CXYudujnWsxrUWvmBw=&xsec_source=,https://sns-webpic-qc.xhscdn.com/202603251944/7bd75d91806e8812ef2d9494d795da69/notes_pre_post/1040g3k831i1b8fnd6ke049v1t0okdj1a0co4g2g!nc_n_webp_mw_1,0d4d3ebd7edeed4e0b1fd5327a77f80d77f6f3990d2fbbdcbcb5de9475a0e196,https://www.xiaohongshu.com/search_result/6836f332000000002203564a?xsec_token=ABfgJJVfTPNkQAr84M0HS8q0hL6CXYudujnWsxrUWvmBw=&xsec_source=,否,否
小红书,小红书-新疆5A旅游景区.json,新疆5A旅游景区,新疆5A级景区,,呆什么发,https://www.xiaohongshu.com/user/profile/601e6e040000000001002456?channel_type=web_search_result_notes&parent_page_channel_type=web_profile_board&xsec_token=ABMwWf837mrgeENBF18rMUYUx6Am6VOWZiaI84FlhsRpA=&xsec_source=pc_search,6天前,2026-03-19,2026-03-25,10,10,https://www.xiaohongshu.com/search_result?keyword=%25E6%2596%25B0%25E7%2596%25865A%25E7%25BA%25A7%25E6%2599%25AF%25E5%258C%25BA&source=web_explore_feed,https://www.xiaohongshu.com/search_result/69badef60000000023023ee9?xsec_token=AB0y8n16ucw_8Er5fiM5RIXwUIW9vdKNK4R8BvW1bXNvg=&xsec_source=,https://sns-webpic-qc.xhscdn.com/202603251944/de46fb00071f720aa06faf38a2b14455/notes_pre_post/1040g3k031ts2rsr66i0g5o0udo20892m897o6p8!nc_n_webp_mw_1,62bf75a4cecc893b113bf6ea3c263b4edc8bb06c877fc01a36096fbae0eb0f50,https://www.xiaohongshu.com/search_result/69badef60000000023023ee9?xsec_token=AB0y8n16ucw_8Er5fiM5RIXwUIW9vdKNK4R8BvW1bXNvg=&xsec_source=,是,否
小红书,小红书-新疆5A旅游景区.json,新疆5A旅游景区,新疆5A级景区,5月中旬去伊犁，求你们别把夏塔塞进行程了！,追逐新疆美食的火锅叛徒,https://www.xiaohongshu.com/user/profile/5a8d3603b1da147aec23871b?channel_type=web_search_result_notes&parent_page_channel_type=web_profile_board&xsec_token=ABL1bwD1yH-p8RGUh8i7WxmlfBQ_874V5dSkvXRToHeZ8=&xsec_source=pc_search,03-05,2026-03-05,2026-03-25,297,297,https://www.xiaohongshu.com/search_result?keyword=%25E6%2596%25B0%25E7%2596%25865A%25E7%25BA%25A7%25E6%2599%25AF%25E5%258C%25BA&source=web_explore_feed,https://www.xiaohongshu.com/search_result/69a6702d000000002800b7ac?xsec_token=ABNBm570u-D3QWZ5-gVK_z2X60DDWl7rteOwNRrJiIIJc=&xsec_source=,https://sns-webpic-qc.xhscdn.com/202603251944/9a87669ca3f666485ba0fd5b18f5a8f0/notes_pre_post/1040g3k831t873iiqls704a1l8tr071or7bopsno!nc_n_webp_mw_1,e12aa65f207e81f32e42b3fd672469200561e764cd5b3ac1ec68e0ee1c697609,https://www.xiaohongshu.com/search_result/69a6702d000000002800b7ac?xsec_token=ABNBm570u-D3QWZ5-gVK_z2X60DDWl7rteOwNRrJiIIJc=&xsec_source=,否,否
小红书,小红书-新疆5A旅游景区.json,新疆5A旅游景区,新疆5A级景区,新疆6天5晚不白来旅游攻略！保姆级！,咸的烂番茄,https://www.xiaohongshu.com/user/profile/5d026cf6000000001200ab29?channel_type=web_search_result_notes&parent_page_channel_type=web_profile_board&xsec_token=ABDuShL3zi-1CZG4ByHMQ4tFaGwWloijnDnzMKrAVtcDo=&xsec_source=pc_search,02-20,2026-02-20,2026-03-25,70,70,https://www.xiaohongshu.com/search_result?keyword=%25E6%2596%25B0%25E7%2596%25865A%25E7%25BA%25A7%25E6%2599%25AF%25E5%258C%25BA&source=web_explore_feed,https://www.xiaohongshu.com/search_result/69984a37000000001a0277ad?xsec_token=ABfMiYQW9RyyzpzCEJzWc0VtTtLqVpQmyC2P7ZSoK96hQ=&xsec_source=,https://sns-webpic-qc.xhscdn.com/202603251944/076cae16671f21d513ccaf644ec82afc/1040g00831sqd2iun5m1g5n82djr4hap9mbjghh8!nc_n_webp_mw_1,a896d9351df128dae588e96812b844c3ef53948c984dbf5ce6fd2328e173c1f5,https://www.xiaohongshu.com/search_result/69984a37000000001a0277ad?xsec_token=ABfMiYQW9RyyzpzCEJzWc0VtTtLqVpQmyC2P7ZSoK96hQ=&xsec_source=,否,否
小红书,小红书-新疆5A旅游景区.json,新疆5A旅游景区,新疆5A级景区,新疆丨8天7晚绝佳路线（赛里木湖+伊犁）,双皮羊🐏,https://www.xiaohongshu.com/user/profile/5c4d854c000000001100816b?channel_type=web_search_result_notes&parent_page_channel_type=web_profile_board&xsec_token=ABbCdmWArE9WYRfij4hNP9FNrORtIqk5vKYfTGLoT1Uuw=&xsec_source=pc_search,2025-05-18,2025-05-18,2026-03-25,79,79,https://www.xiaohongshu.com/search_result?keyword=%25E6%2596%25B0%25E7%2596%25865A%25E7%25BA%25A7%25E6%2599%25AF%25E5%258C%25BA&source=web_explore_feed,https://www.xiaohongshu.com/search_result/68287563000000001200387a?xsec_token=ABH1oNZFWxdrTR0CXHiv8zvrlXsVnY39WO2U8cQeoCbHQ=&xsec_source=,https://sns-webpic-qc.xhscdn.com/202603251944/b2fcdcbd514de3d736d1cd56a48e0594/1040g2sg31hjut5rfjog05n2dgl6490bbsufrh2g!nc_n_webp_mw_1,7295ce1480ce2d2691cfdc8f7f9aec74c75d5b51d730fa41b331cae1efefb7fa,https://www.xiaohongshu.com/search_result/68287563000000001200387a?xsec_token=ABH1oNZFWxdrTR0CXHiv8zvrlXsVnY39WO2U8cQeoCbHQ=&xsec_source=,否,否
小红书,小红书-新疆5A旅游景区.json,新疆5A旅游景区,新疆5A级景区,,拾柒里,https://www.xiaohongshu.com/user/profile/67d24e28000000000a03e89d?channel_type=web_search_result_notes&parent_page_channel_type=web_profile_board&xsec_token=ABaqS66IK-Np8o4K1H-C0mJ7QO8w10Bvp10FpA8MwxtDU=&xsec_source=pc_search,2025-10-29,2025-10-29,2026-03-25,16,16,https://www.xiaohongshu.com/search_result?keyword=%25E6%2596%25B0%25E7%2596%25865A%25E7%25BA%25A7%25E6%2599%25AF%25E5%258C%25BA&source=web_explore_feed,https://www.xiaohongshu.com/search_result/690184750000000004016567?xsec_token=ABlwhbqiVMT5uUkxVunpuUa4Jfrmr6JRliO5Hnkn8yeJI=&xsec_source=,https://sns-webpic-qc.xhscdn.com/202603251944/9cb7f817110227b54acd998e24ede15b/spectrum/1040g34o31o73slu8ks105pui9ok2nq4t8g9c04g!nc_n_webp_mw_1,efe100025132b7572011cf5f3b60c76b77a5043c02e4212818dd8a071bb9acfa,https://www.xiaohongshu.com/search_result/690184750000000004016567?xsec_token=ABlwhbqiVMT5uUkxVunpuUa4Jfrmr6JRliO5Hnkn8yeJI=&xsec_source=,是,否
小红书,小红书-新疆旅游景区.json,新疆旅游景区,新疆旅游景点,外国人必去新疆景点‼️,大玩家旅游国际旅行社,https://www.xiaohongshu.com/user/profile/57944aa76a6a694c9c339eec?channel_type=web_search_result_notes&parent_page_channel_type=web_profile_board&xsec_token=ABQARAYnJhD2_RvGXMONC7TzmALUYIU0sJxE16tJH31JE=&xsec_source=pc_search,2025-06-19,2025-06-19,2026-03-25,158,158,https://www.xiaohongshu.com/search_result?keyword=%25E6%2596%25B0%25E7%2596%2586%25E6%2597%2585%25E6%25B8%25B8%25E6%2599%25AF%25E7%2582%25B9&source=web_explore_feed,https://www.xiaohongshu.com/search_result/6853eff8000000000d02679d?xsec_token=ABBuBBQaPHGltMCS5PDPtQw88-ZcJ1-v155lW61SdENHo=&xsec_source=,https://sns-webpic-qc.xhscdn.com/202603251945/319e194a1a32641445f429d33c4e83e5/notes_pre_post/1040g3k031itkiipogu6g48iev95af7ncmfjofm0!nc_n_webp_mw_1,d8a31e324bb38cd82db212ba65aa1e27fcf86d9205c449faa8f07ee26034e989,https://www.xiaohongshu.com/search_result/6853eff8000000000d02679d?xsec_token=ABBuBBQaPHGltMCS5PDPtQw88-ZcJ1-v155lW61SdENHo=&xsec_source=,否,否
小红书,小红书-新疆旅游景区.json,新疆旅游景区,新疆旅游景点,老己 答应我26年再去一次赛里木湖好吗🥹,加辣鸡蛋饼oo,https://www.xiaohongshu.com/user/profile/5f98e81400000000010034d6?channel_type=web_search_result_notes&parent_page_channel_type=web_profile_board&xsec_token=AB_DFE-9IkQlXZiip5dBW_X-wvGIMHcjPbCTiVL9ivP7M=&xsec_source=pc_search,03-03,2026-03-03,2026-03-25,225,225,https://www.xiaohongshu.com/search_result?keyword=%25E6%2596%25B0%25E7%2596%2586%25E6%2597%2585%25E6%25B8%25B8%25E6%2599%25AF%25E7%2582%25B9&source=web_explore_feed,https://www.xiaohongshu.com/search_result/69a2a695000000002202d049?xsec_token=ABVCDnStUM8_D2-4JssW956tZbc8A6KaEvdBZ_LbzFnvI=&xsec_source=,https://sns-webpic-qc.xhscdn.com/202603251945/0dc0a715d0abad9a485cc7746c0a39ed/1040g00831fqa857kgc005nsot0a08d6meeqanr8!nc_n_webp_mw_1,62fb12d34b84aa5d7316d5ad55e2f515c64b8bfe06e1542ae71e2be8ba105c41,https://www.xiaohongshu.com/search_result/69a2a695000000002202d049?xsec_token=ABVCDnStUM8_D2-4JssW956tZbc8A6KaEvdBZ_LbzFnvI=&xsec_source=,否,否
小红书,小红书-新疆旅游景区.json,新疆旅游景区,新疆旅游景点,新疆伊犁五月封神路线✨（不走回头路版）,大酱紫,https://www.xiaohongshu.com/user/profile/65786ab30000000019013fb6?channel_type=web_search_result_notes&parent_page_channel_type=web_profile_board&xsec_token=ABqQi1MijqLeT0wpgb5Tu1vrasjkX8LkLsk7gYD8qGiwo=&xsec_source=pc_search,03-06,2026-03-06,2026-03-25,1559,1559,https://www.xiaohongshu.com/search_result?keyword=%25E6%2596%25B0%25E7%2596%2586%25E6%2597%2585%25E6%25B8%25B8%25E6%2599%25AF%25E7%2582%25B9&source=web_explore_feed,https://www.xiaohongshu.com/search_result/6993ee940000000028022c8f?xsec_token=ABlgCvyE6Nd5y4nYx2hrVA7qeTBy4v3MzDUMK9hNE2f6E=&xsec_source=,https://sns-webpic-qc.xhscdn.com/202603251945/668277b912938ecf49dbb68fa4ba868c/notes_pre_post/1040g3k831sm4vkn4lsdg5pbodapmaftmo9gufp0!nc_n_webp_mw_1,67be6d04e38975b6be9c3fdb32d8f27c5190ae1c2e49aa4b49c1c7cb754790d0,https://www.xiaohongshu.com/search_result/6993ee940000000028022c8f?xsec_token=ABlgCvyE6Nd5y4nYx2hrVA7qeTBy4v3MzDUMK9hNE2f6E=&xsec_source=,否,否
小红书,小红书-新疆旅游景区.json,新疆旅游景区,新疆旅游景点,“答应我，今年的春天留给新疆好吗……”,涛涛在路上,https://www.xiaohongshu.com/user/profile/5fee738400000000010087f0?channel_type=web_search_result_notes&parent_page_channel_type=web_profile_board&xsec_token=AB02w3vfAHcguSlh2Mq3fux3X4F5MmHVqYFVbLLUKhUc8=&xsec_source=pc_search,1天前,2026-03-24,2026-03-25,4.9万,49000,https://www.xiaohongshu.com/search_result?keyword=%25E6%2596%25B0%25E7%2596%2586%25E6%2597%2585%25E6%25B8%25B8%25E6%2599%25AF%25E7%2582%25B9&source=web_explore_feed,https://www.xiaohongshu.com/search_result/69abf6f80000000015039831?xsec_token=ABKnZ0VX7FR56NBc46AvZI5kfd3u4WS6xcvvlfkIulbuQ=&xsec_source=,https://sns-webpic-qc.xhscdn.com/202603251945/9cdb171245548b7ea59b3cb653081b4b/1040g00831tdk2agc62005nveee2091vgooajf6o!nc_n_webp_mw_1,5882d90dd61378ba5b8ac24543859baf10373cc2d9632fa916065d2892ac1fc2,https://www.xiaohongshu.com/search_result/69abf6f80000000015039831?xsec_token=ABKnZ0VX7FR56NBc46AvZI5kfd3u4WS6xcvvlfkIulbuQ=&xsec_source=,否,否
小红书,小红书-新疆旅游景区.json,新疆旅游景区,新疆旅游景点,新疆旅游王者攻略,畅游家-野奢定制,https://www.xiaohongshu.com/user/profile/67f76664000000000a03dd02?channel_type=web_search_result_notes&parent_page_channel_type=web_profile_board&xsec_token=ABaQCpdYbdAu3BgwnfrGVKY3uJvaV0VXV_DDHq22aTkAM=&xsec_source=pc_search,2025-07-08,2025-07-08,2026-03-25,2164,2164,https://www.xiaohongshu.com/search_result?keyword=%25E6%2596%25B0%25E7%2596%2586%25E6%2597%2585%25E6%25B8%25B8%25E6%2599%25AF%25E7%2582%25B9&source=web_explore_feed,https://www.xiaohongshu.com/search_result/6863a59500000000220309a7?xsec_token=AB_YVgesOSt2pLF2GX48qUnUrQfxibGKx_frJPKgl9LJg=&xsec_source=,https://sns-webpic-qc.xhscdn.com/202603251945/790ce99800aa9a15e4295b0a270728d9/spectrum/1040g34o31jcv5i242e0g5pvncpi2nn826t63iq8!nc_n_webp_mw_1,450111c5e497f32ed2f054ef0061066748e3d59c01470650d4c3fd57b372e904,https://www.xiaohongshu.com/search_result/6863a59500000000220309a7?xsec_token=AB_YVgesOSt2pLF2GX48qUnUrQfxibGKx_frJPKgl9LJg=&xsec_source=,否,否
小红书,小红书-新疆旅游景区.json,新疆旅游景区,新疆旅游景点,这是我在新疆最喜欢的三个地方,长君,https://www.xiaohongshu.com/user/profile/62040099000000001000ff34?channel_type=web_search_result_notes&parent_page_channel_type=web_profile_board&xsec_token=ABT-qL5oymLoivI_xM4U16JFQXkJ4qFDWFIh2ag_55KWI=&xsec_source=pc_search,03-16,2026-03-16,2026-03-25,449,449,https://www.xiaohongshu.com/search_result?keyword=%25E6%2596%25B0%25E7%2596%2586%25E6%2597%2585%25E6%25B8%25B8%25E6%2599%25AF%25E7%2582%25B9&source=web_explore_feed,https://www.xiaohongshu.com/search_result/69b5507a000000002202af21?xsec_token=ABY9EE42YTwHQagkHv0KQPE3RiI4zlFRw6YlR0sM57AG0=&xsec_source=,https://sns-webpic-qc.xhscdn.com/202603251945/749760a566838647d8ea5fb115ad9664/notes_pre_post/1040g3k831tmntffl72605og402ck1vpkkbrnpb8!nc_n_webp_mw_1,0351fde1b3b8e2558ab4c0e7f99bf7cda6f5109827f72ab494c17744552fb9e8,https://www.xiaohongshu.com/search_result/69b5507a000000002202af21?xsec_token=ABY9EE42YTwHQagkHv0KQPE3RiI4zlFRw6YlR0sM57AG0=&xsec_source=,否,否
小红书,小红书-新疆旅游景区.json,新疆旅游景区,新疆旅游景点,,,,,,2026-03-25,,0,https://www.xiaohongshu.com/search_result?keyword=%25E6%2596%25B0%25E7%2596%2586%25E6%2597%2585%25E6%25B8%25B8%25E6%2599%25AF%25E7%2582%25B9&source=web_explore_feed,,http://sns-na-i4.xhscdn.com/1040g2sg317v69rht46705nfthu1088m7uqi395g?imageView2/1/h/132/w/480/format/jpg&ap=5&sc=HOT_QRY&sign=7da431c1fb4f69b0fee37dd5925b2a45&t=69c3cae4&origin=0,41dea9c0f24f7dc367715f232599505c7ee6dd4ae774cc25948a4d99a09a4e1d,a8465ff4272706f56428c11d12b0e5692ca5477e843b99582bccafa01d379c1f,是,是
小红书,小红书-新疆旅游景区.json,新疆旅游景区,新疆旅游景点,,大美中国旅行家,https://www.xiaohongshu.com/user/profile/654e4aab000000000802e762?channel_type=web_search_result_notes&parent_page_channel_type=web_profile_board&xsec_token=ABgPB-xdo60j1BKBdPc4v7RhiWg5d5jYwHPbGgKiAkX-o=&xsec_source=pc_search,2025-11-26,2025-11-26,2026-03-25,23,23,https://www.xiaohongshu.com/search_result?keyword=%25E6%2596%25B0%25E7%2596%2586%25E6%2597%2585%25E6%25B8%25B8%25E6%2599%25AF%25E7%2582%25B9&source=web_explore_feed,https://www.xiaohongshu.com/search_result/6926d06f000000001e02f8db?xsec_token=ABnLM1kvCC_vRBPIMdEp1WwHfvDNnck1pgDs8L97qiyvg=&xsec_source=,https://sns-webpic-qc.xhscdn.com/202603251945/a281ba7a83819c5e6364e43a2342a1fe/spectrum/1040g0k031pbj4e4lic005pae9ali5pr2mbe2nf0!nc_n_webp_mw_1,70f830d153a864ebbba5921c98cd398eebf7db40543986334ca5bfc6344c8ff9,https://www.xiaohongshu.com/search_result/6926d06f000000001e02f8db?xsec_token=ABnLM1kvCC_vRBPIMdEp1WwHfvDNnck1pgDs8L97qiyvg=&xsec_source=,是,否
小红书,小红书-新疆旅游景区.json,新疆旅游景区,新疆旅游景点,新疆｜赛里木湖冬季蓝冰冰瀑天鹅童话世界🧊,Riyaaa,https://www.xiaohongshu.com/user/profile/5688f2fdb8ce1a26ed7b0aff?channel_type=web_search_result_notes&parent_page_channel_type=web_profile_board&xsec_token=ABn91_-1Iv3KbQ3heST2ZlDowURZ9fYiWGmRvkXMXZnRM=&xsec_source=pc_search,02-05,2026-02-05,2026-03-25,365,365,https://www.xiaohongshu.com/search_result?keyword=%25E6%2596%25B0%25E7%2596%2586%25E6%2597%2585%25E6%25B8%25B8%25E6%2599%25AF%25E7%2582%25B9&source=web_explore_feed,https://www.xiaohongshu.com/search_result/69818c76000000000b008002?xsec_token=ABQvxukLlgMuH70E7cdVHaeIDzJ7MQ60ZrWnhpkpoL1PY=&xsec_source=,https://sns-webpic-qc.xhscdn.com/202603251945/68b99ea55a37acf55b805df65dddb35d/notes_pre_post/1040g3k031s78r8c45c0g44vi99pfq2nvmetu7ko!nc_n_webp_mw_1,b9df8306e8e175169ed7aad51792209a747f8dc56ca33dbb8b01fc2c3ac8a0e9,https://www.xiaohongshu.com/search_result/69818c76000000000b008002?xsec_token=ABQvxukLlgMuH70E7cdVHaeIDzJ7MQ60ZrWnhpkpoL1PY=&xsec_source=,否,否
小红书,小红书-新疆旅游景区.json,新疆旅游景区,新疆旅游景点,新疆旅游必去九大景点看过来！,挞挞旅行日记,https://www.xiaohongshu.com/user/profile/69b76117000000003202f2d6?channel_type=web_search_result_notes&parent_page_channel_type=web_profile_board&xsec_token=ABaghI9l-PI5GO7EL1e75dw0kMWoZ34deCvX4h36aIsEA=&xsec_source=pc_search,03-16,2026-03-16,2026-03-25,5,5,https://www.xiaohongshu.com/search_result?keyword=%25E6%2596%25B0%25E7%2596%2586%25E6%2597%2585%25E6%25B8%25B8%25E6%2599%25AF%25E7%2582%25B9&source=web_explore_feed,https://www.xiaohongshu.com/search_result/69b7aa58000000001d01cebf?xsec_token=ABaghI9l-PI5GO7EL1e75dw_AVRs6bOXJ2hncTDySXcjs=&xsec_source=,https://sns-webpic-qc.xhscdn.com/202603251945/87b24c76531d90b607626e5ae7db396c/notes_pre_post/1040g3k031tp1oj21nu605qdnc4bslsmmt42j3mg!nc_n_webp_mw_1,f4afaefc629e221ae356bfa0ffd9447e7617af92b9d5967a9be5b6eb19b647e5,https://www.xiaohongshu.com/search_result/69b7aa58000000001d01cebf?xsec_token=ABaghI9l-PI5GO7EL1e75dw_AVRs6bOXJ2hncTDySXcjs=&xsec_source=,否,否
小红书,小红书-新疆旅游景区.json,新疆旅游景区,新疆旅游景点,夏天的新疆会让你反复怀念🎄🎄,小卷子扬,https://www.xiaohongshu.com/user/profile/62de82f0000000001e01f0d4?channel_type=web_search_result_notes&parent_page_channel_type=web_profile_board&xsec_token=ABNDellVUuURnshyf46mZ2Gt1rCgbFQBWhJjkixlXWhJ8=&xsec_source=pc_search,4天前,2026-03-21,2026-03-25,3,3,https://www.xiaohongshu.com/search_result?keyword=%25E6%2596%25B0%25E7%2596%2586%25E6%2597%2585%25E6%25B8%25B8%25E6%2599%25AF%25E7%2582%25B9&source=web_explore_feed,https://www.xiaohongshu.com/search_result/69bd3d02000000002202751d?xsec_token=ABx7nDF0_zUeWbV3fpeG5hcpHyWKITyoSg2ayqIL7oiY4=&xsec_source=,https://sns-webpic-qc.xhscdn.com/202603251945/3a492a62d5073a682a5dc76999b82558/notes_uhdr/1040g3qo31tufs0hp78705omugbo7js6k4v0kcig!nc_n_webp_mw_1,773f6f6dd3c616695dd6463c818758c6aa2d5fd153c2d7f6e799b71e7944fd33,https://www.xiaohongshu.com/search_result/69bd3d02000000002202751d?xsec_token=ABx7nDF0_zUeWbV3fpeG5hcpHyWKITyoSg2ayqIL7oiY4=&xsec_source=,否,否
小红书,小红书-新疆旅游景区.json,新疆旅游景区,新疆旅游景点,不是北欧！童话世界在阿勒泰具象化了！☃️,郑自由_Tsuki🌙,https://www.xiaohongshu.com/user/profile/6386c52e000000001f01e5f6?channel_type=web_search_result_notes&parent_page_channel_type=web_profile_board&xsec_token=ABLhYQVk4jBzmLayhb8V3o9gELilBos5b88ItPVpEDoDA=&xsec_source=pc_search,2025-12-31,2025-12-31,2026-03-25,410,410,https://www.xiaohongshu.com/search_result?keyword=%25E6%2596%25B0%25E7%2596%2586%25E6%2597%2585%25E6%25B8%25B8%25E6%2599%25AF%25E7%2582%25B9&source=web_explore_feed,https://www.xiaohongshu.com/search_result/6953b7140000000022008634?xsec_token=AB3X1mcEvAXbtXekXtFYJEMdtBEmDVfK0QZ8-1kvMfOpc=&xsec_source=,https://sns-webpic-qc.xhscdn.com/202603251945/6bd2d36d7ff169b5515a52835a956a13/notes_pre_post/1040g3k831qncm4ef7gag5os6okn7rpfmgv4fo90!nc_n_webp_mw_1,7a99aa9bbf03bef9ed161d359d0fd75aa4d802f0b71826ad7d4884d14bfb3b5e,https://www.xiaohongshu.com/search_result/6953b7140000000022008634?xsec_token=AB3X1mcEvAXbtXekXtFYJEMdtBEmDVfK0QZ8-1kvMfOpc=&xsec_source=,否,否
小红书,小红书-新疆旅游景区.json,新疆旅游景区,新疆旅游景点,赛里木湖超级详细游玩攻略,大喀旅行,https://www.xiaohongshu.com/user/profile/669bd401000000002401d6c1?channel_type=web_search_result_notes&parent_page_channel_type=web_profile_board&xsec_token=ABPhA9FUYaPTHhElgJBJT1nvt3e3OaPWsy4eFqYRL6NQY=&xsec_source=pc_search,2025-05-20,2025-05-20,2026-03-25,254,254,https://www.xiaohongshu.com/search_result?keyword=%25E6%2596%25B0%25E7%2596%2586%25E6%2597%2585%25E6%25B8%25B8%25E6%2599%25AF%25E7%2582%25B9&source=web_explore_feed,https://www.xiaohongshu.com/search_result/682b7c9e0000000022025746?xsec_token=ABi1vWA1LrPjf0CVwMO1B49Ac9Q_AO2lDOJ5EU4A8gn98=&xsec_source=,https://sns-webpic-qc.xhscdn.com/202603251945/795d8dd5cd1849a0508ee30d0b9f679b/spectrum/1040g34o31hm54h2fkq0g5pkrqg0p3lm1kndq5j8!nc_n_webp_mw_1,be66ef701c7a90f3b7ee8125dcc454c8a3d61c24a1104333c1c5449686fc1193,https://www.xiaohongshu.com/search_result/682b7c9e0000000022025746?xsec_token=ABi1vWA1LrPjf0CVwMO1B49Ac9Q_AO2lDOJ5EU4A8gn98=&xsec_source=,否,否
小红书,小红书-新疆旅游景区.json,新疆旅游景区,新疆旅游景点,,疆途日记,https://www.xiaohongshu.com/user/profile/61041ec9000000002002f566?channel_type=web_search_result_notes&parent_page_channel_type=web_profile_board&xsec_token=ABM4hSftxjELIRYfuwnopzKoZVA6ZQ23Xe88mjK-UCDJs=&xsec_source=pc_search,03-07,2026-03-07,2026-03-25,39,39,https://www.xiaohongshu.com/search_result?keyword=%25E6%2596%25B0%25E7%2596%2586%25E6%2597%2585%25E6%25B8%25B8%25E6%2599%25AF%25E7%2582%25B9&source=web_explore_feed,https://www.xiaohongshu.com/search_result/69abd573000000000d00b268?xsec_token=ABKnZ0VX7FR56NBc46AvZI5sV6mEWUde3uuT_1dd-DKaY=&xsec_source=,https://sns-webpic-qc.xhscdn.com/202603251945/1eca26fb968257199931cd4c24da807f/1040g00831tdft8smlm4g5o843r4o5tb6pe5oto8!nc_n_webp_mw_1,8ab535fb546b21d7c228e61f80f0bb92dd3b12100515537e8659f753be76eb1d,https://www.xiaohongshu.com/search_result/69abd573000000000d00b268?xsec_token=ABKnZ0VX7FR56NBc46AvZI5sV6mEWUde3uuT_1dd-DKaY=&xsec_source=,是,否
小红书,小红书-新疆旅游景区.json,新疆旅游景区,新疆旅游景点,赛里木湖冰推,新疆领队旅拍阿奇,https://www.xiaohongshu.com/user/profile/5f9bf1d0000000000100969c?channel_type=web_search_result_notes&parent_page_channel_type=web_profile_board&xsec_token=ABOM2chlrtQcGgpf4AXpD31YoLraB_biGf2lvv7spcDHc=&xsec_source=pc_search,02-03,2026-02-03,2026-03-25,108,108,https://www.xiaohongshu.com/search_result?keyword=%25E6%2596%25B0%25E7%2596%2586%25E6%2597%2585%25E6%25B8%25B8%25E6%2599%25AF%25E7%2582%25B9&source=web_explore_feed,https://www.xiaohongshu.com/search_result/698133d8000000000d008df5?xsec_token=ABQvxukLlgMuH70E7cdVHaeBSL-ICYlXrST_gTfiTZinM=&xsec_source=,https://sns-webpic-qc.xhscdn.com/202603251945/ee0ee74117388901c7208ae2fe04ca5d/1040g2sg31s3r5jjtm89g5nsru78095ksm30nh7g!nc_n_webp_mw_1,6809919f9d24b51c6dace099e30ee6f6e1fe2e6ac4c29e7cecf14d19954f6033,https://www.xiaohongshu.com/search_result/698133d8000000000d008df5?xsec_token=ABQvxukLlgMuH70E7cdVHaeBSL-ICYlXrST_gTfiTZinM=&xsec_source=,否,否
小红书,小红书-新疆旅游景区.json,新疆旅游景区,新疆旅游景点,坐在工位上怀念新疆,liu.锅包又,https://www.xiaohongshu.com/user/profile/5a322e544eacab0c4f68578a?channel_type=web_search_result_notes&parent_page_channel_type=web_profile_board&xsec_token=AB0CMZNZX_sGL9QN3neAXxOfAIXuv_SLRj5y7Hkv2NK1c=&xsec_source=pc_search,5天前,2026-03-20,2026-03-25,35,35,https://www.xiaohongshu.com/search_result?keyword=%25E6%2596%25B0%25E7%2596%2586%25E6%2597%2585%25E6%25B8%25B8%25E6%2599%25AF%25E7%2582%25B9&source=web_explore_feed,https://www.xiaohongshu.com/search_result/69a69b04000000002802190e?xsec_token=ABNBm570u-D3QWZ5-gVK_z2Vzo_tfkjSY3UD4DVbXyRRY=&xsec_source=,https://sns-webpic-qc.xhscdn.com/202603251945/79de0e791e63a0fd2cb0e02a40568bac/1040g2sg31t8b9c3em8604a099gn58lsap6t1vb0!nc_n_webp_mw_1,9c8ea8ddc9063dfa00455d68a826d56783cb71b0cfba286577256e138141f8e0,https://www.xiaohongshu.com/search_result/69a69b04000000002802190e?xsec_token=ABNBm570u-D3QWZ5-gVK_z2Vzo_tfkjSY3UD4DVbXyRRY=&xsec_source=,否,否
小红书,小红书-新疆旅游景区.json,新疆旅游景区,新疆旅游景点,打破信息差！2026最新新疆各景点全攻略！,小茗导游丨途悠悠旅行,https://www.xiaohongshu.com/user/profile/5a2e908fdb2e607f851c2416?channel_type=web_search_result_notes&parent_page_channel_type=web_profile_board&xsec_token=ABEmc0KuKCooQUYpZLesWJt5NxHJpJdgJvLIn8V_gDBG8=&xsec_source=pc_search,03-03,2026-03-03,2026-03-25,19,19,https://www.xiaohongshu.com/search_result?keyword=%25E6%2596%25B0%25E7%2596%2586%25E6%2597%2585%25E6%25B8%25B8%25E6%2599%25AF%25E7%2582%25B9&source=web_explore_feed,https://www.xiaohongshu.com/search_result/69a65594000000001a0271ed?xsec_token=ABNBm570u-D3QWZ5-gVK_z2eTLpgB0bTf_9SBxivNiXeA=&xsec_source=,https://sns-webpic-qc.xhscdn.com/202603251945/8d1a5c7d4ffdd47bd7aa59268e2f7507/1040g00831t8hh0e55k004a07i988u90mp3jvlto!nc_n_webp_mw_1,cdfb5fe6878a2a9168e0aacce69569e08073604d5cf3fb52703af62baa04a77f,https://www.xiaohongshu.com/search_result/69a65594000000001a0271ed?xsec_token=ABNBm570u-D3QWZ5-gVK_z2eTLpgB0bTf_9SBxivNiXeA=&xsec_source=,否,否
小红书,小红书-新疆旅游景区.json,新疆旅游景区,新疆旅游景点,3月底的禾木还是很美，淡季玩新疆的快乐谁懂,辣辣.,https://www.xiaohongshu.com/user/profile/67527c8b000000001c01b2a3?channel_type=web_search_result_notes&parent_page_channel_type=web_profile_board&xsec_token=AB8A7PiTM6eN-XMJGRljEFCNbMMBQEmtuR_67rAtnDz5Q=&xsec_source=pc_search,5天前,2026-03-20,2026-03-25,8,8,https://www.xiaohongshu.com/search_result?keyword=%25E6%2596%25B0%25E7%2596%2586%25E6%2597%2585%25E6%25B8%25B8%25E6%2599%25AF%25E7%2582%25B9&source=web_explore_feed,https://www.xiaohongshu.com/search_result/69bcccd4000000001d01a98a?xsec_token=ABsE9u35f2_jmIKeN0HnsJ_fhlzVPc1xxR99ouKINCuaY=&xsec_source=,https://sns-webpic-qc.xhscdn.com/202603251945/2f2a988acad3ddfcc52875e4df195ee8/1040g2sg31tu213g81a005pqifi5n3cl3rnut3d8!nc_n_webp_mw_1,0a95502ec98af6d64f8da8828809c5d54d898947e4dfec0a50da390d5c227db2,https://www.xiaohongshu.com/search_result/69bcccd4000000001d01a98a?xsec_token=ABsE9u35f2_jmIKeN0HnsJ_fhlzVPc1xxR99ouKINCuaY=&xsec_source=,否,否
小红书,小红书-新疆旅游景区.json,新疆旅游景区,新疆旅游景点,赛里木湖+库尔德宁3日游🌄附日出粉山攻略🤩,咕噜爱咕噜,https://www.xiaohongshu.com/user/profile/5ac59dcce8ac2b6fda29ee08?channel_type=web_search_result_notes&parent_page_channel_type=web_profile_board&xsec_token=ABW2G8mRP2axaAtFLfJ_1tJ3hcjcV1vX5zHlvDvqj6CLE=&xsec_source=pc_search,01-06,2026-01-06,2026-03-25,228,228,https://www.xiaohongshu.com/search_result?keyword=%25E6%2596%25B0%25E7%2596%2586%25E6%2597%2585%25E6%25B8%25B8%25E6%2599%25AF%25E7%2582%25B9&source=web_explore_feed,https://www.xiaohongshu.com/search_result/695ccea0000000000a033577?xsec_token=AB_YbkzjGObYjT7JV6NHK-mr-8T25w-r0dpAtTY2vo78M=&xsec_source=,https://sns-webpic-qc.xhscdn.com/202603251945/b8fbe17eb5c14cd265d0871850f0e8b3/note_pre_post_uhdr/1040g3r831r0abhg870a04a49uaesprg80bm90i0!nc_n_webp_mw_1,751ad1ffe6f968febf92aa81917be99c0be03d31b0ac3a13d22232f6e3db9c4d,https://www.xiaohongshu.com/search_result/695ccea0000000000a033577?xsec_token=AB_YbkzjGObYjT7JV6NHK-mr-8T25w-r0dpAtTY2vo78M=&xsec_source=,否,否
小红书,小红书-新疆旅游景区.json,新疆旅游景区,新疆旅游景点,总要去趟喀什吧✨赴一场西域之约,新疆西融精途定制旅行,https://www.xiaohongshu.com/user/profile/61bb18b400000000100082f4?channel_type=web_search_result_notes&parent_page_channel_type=web_profile_board&xsec_token=ABlU6bhcdEFXXOyX8GcEXqskAYj9oPiTGzEjLfCy6QpQM=&xsec_source=pc_search,2025-04-08,2025-04-08,2026-03-25,51,51,https://www.xiaohongshu.com/search_result?keyword=%25E6%2596%25B0%25E7%2596%2586%25E6%2597%2585%25E6%25B8%25B8%25E6%2599%25AF%25E7%2582%25B9&source=web_explore_feed,https://www.xiaohongshu.com/search_result/67f48ef6000000001b03f2ff?xsec_token=AB5R6BbPo5lL5A9aC-T0wucLDEhPO41RkTgCEoSlQURwU=&xsec_source=,https://sns-webpic-qc.xhscdn.com/202603251945/a3b8de09cae6571d7c991b137bf349d2/1040g2sg31g0gm8nhg2705odr32q410nkqovnmgo!nc_n_webp_mw_1,7186d8f6ba346ae9771d9e01627545fe90386eba00d79d6bb3cb2367dd5d9f0a,https://www.xiaohongshu.com/search_result/67f48ef6000000001b03f2ff?xsec_token=AB5R6BbPo5lL5A9aC-T0wucLDEhPO41RkTgCEoSlQURwU=&xsec_source=,否,否
小红书,小红书-新疆旅游景区.json,新疆旅游景区,新疆旅游景点,7-8月不去伊犁！就错过了最美的新疆！,携程旅行,https://www.xiaohongshu.com/user/profile/57085c44aed75809b1b2b49a?channel_type=web_search_result_notes&parent_page_channel_type=web_profile_board&xsec_token=ABGSCK-H9i78JcCEu_esB_fbnel17ujySxQ6aQPBrqs40=&xsec_source=pc_search,2025-06-30,2025-06-30,2026-03-25,109,109,https://www.xiaohongshu.com/search_result?keyword=%25E6%2596%25B0%25E7%2596%2586%25E6%2597%2585%25E6%25B8%25B8%25E6%2599%25AF%25E7%2582%25B9&source=web_explore_feed,https://www.xiaohongshu.com/search_result/68621783000000000d025f6c?xsec_token=ABciwDZZ5Le6BJo7vLHlRbQ8vAGt_89qQHn68D46T3TZI=&xsec_source=,https://sns-webpic-qc.xhscdn.com/202603251945/0e64290929833c211e049f77f7f72596/notes_pre_post/1040g3k831jactp44j6fg47q4q8e49d4qml9eaig!nc_n_webp_mw_1,2eae39e595829fb2f5ca9a727145b7edab2700662588641688ab1f340d0b921e,https://www.xiaohongshu.com/search_result/68621783000000000d025f6c?xsec_token=ABciwDZZ5Le6BJo7vLHlRbQ8vAGt_89qQHn68D46T3TZI=&xsec_source=,否,否
小红书,小红书-新疆旅游景区.json,新疆旅游景区,新疆旅游景点,新疆必去的12大景点，都去过才算圆满🔥,可乐爸爸会旅行,https://www.xiaohongshu.com/user/profile/6610c9840000000003032c99?channel_type=web_search_result_notes&parent_page_channel_type=web_profile_board&xsec_token=ABVbUdEBQ2Van7F653X75d5YgMkCGuJ63gY2KqNk349kI=&xsec_source=pc_search,2025-12-07,2025-12-07,2026-03-25,782,782,https://www.xiaohongshu.com/search_result?keyword=%25E6%2596%25B0%25E7%2596%2586%25E6%2597%2585%25E6%25B8%25B8%25E6%2599%25AF%25E7%2582%25B9&source=web_explore_feed,https://www.xiaohongshu.com/search_result/6934ef38000000000d03d59b?xsec_token=ABGYrEEwZ2nL_-8mca55bmO8h8UIXsEa1Pi6pfDd8HrvA=&xsec_source=,https://sns-webpic-qc.xhscdn.com/202603251945/e0a45eacc3c4598a7b04cbbe87d0d4c3/notes_pre_post/1040g3k031ppce547526g5pggp620ub4pcrba27g!nc_n_webp_mw_1,7a6804546fb460d9e13b1aed5455ec55473f0d297627252d851e0c0f7ae1dc5d,https://www.xiaohongshu.com/search_result/6934ef38000000000d03d59b?xsec_token=ABGYrEEwZ2nL_-8mca55bmO8h8UIXsEa1Pi6pfDd8HrvA=&xsec_source=,否,否
小红书,小红书-新疆旅游景区.json,新疆旅游景区,新疆旅游景点,,,,,,2026-03-25,,0,https://www.xiaohongshu.com/search_result?keyword=%25E6%2596%25B0%25E7%2596%2586%25E6%2597%2585%25E6%25B8%25B8%25E6%2599%25AF%25E7%2582%25B9&source=web_explore_feed,,http://sns-na-i4.xhscdn.com/1040g2sg31i3t2mja7c005pu81h63i6tonf9hk20?imageView2/1/h/132/w/480/format/jpg&ap=5&sc=HOT_QRY&sign=8b5c73a00f0be0a779119fb67729c5b1&t=69c3cae5&origin=0,46891646c3d732597c1d8d94fbaf1ec7dcdeefa66b7ad62ec53fa8537732cd7f,cfd733790118a607dcf048f785d08a01b296fb59228acd174e0213dbb02aec89,是,是
小红书,小红书-新疆旅游景区.json,新疆旅游景区,新疆旅游景点,8月来新疆一定要慎重，有些景点就别去了,小茗导游丨途悠悠旅行,https://www.xiaohongshu.com/user/profile/5a2e908fdb2e607f851c2416?channel_type=web_search_result_notes&parent_page_channel_type=web_profile_board&xsec_token=ABEmc0KuKCooQUYpZLesWJt5NxHJpJdgJvLIn8V_gDBG8=&xsec_source=pc_search,2025-07-23,2025-07-23,2026-03-25,3354,3354,https://www.xiaohongshu.com/search_result?keyword=%25E6%2596%25B0%25E7%2596%2586%25E6%2597%2585%25E6%25B8%25B8%25E6%2599%25AF%25E7%2582%25B9&source=web_explore_feed,https://www.xiaohongshu.com/search_result/6880b246000000001d00dac9?xsec_token=ABzpBHDHoDpC680tjuBqgj141VFid1xZlEhgmI_iKzINo=&xsec_source=,https://sns-webpic-qc.xhscdn.com/202603251945/3ace77602d78cfecdca9a62ad11f0682/1040g00831k9bu7cfj2704a07i988u90mduq1h40!nc_n_webp_mw_1,1231998c93f834dc5d2a60145e42cfdaf0520b09e40bc5b6b11d957a3468c655,https://www.xiaohongshu.com/search_result/6880b246000000001d00dac9?xsec_token=ABzpBHDHoDpC680tjuBqgj141VFid1xZlEhgmI_iKzINo=&xsec_source=,否,否
小红书,小红书-新疆旅游景区.json,新疆旅游景区,新疆旅游景点,新疆四季游玩攻略|一篇看懂不同时节景点,新疆顺八方汽车服务有限公司,https://www.xiaohongshu.com/user/profile/5e5bb3f90000000001004ff4?channel_type=web_search_result_notes&parent_page_channel_type=web_profile_board&xsec_token=ABsBO-zcvyoPQuvjnOzpud9hovaa7IQ3rTFMGv0DEG1RI=&xsec_source=pc_search,01-26,2026-01-26,2026-03-25,157,157,https://www.xiaohongshu.com/search_result?keyword=%25E6%2596%25B0%25E7%2596%2586%25E6%2597%2585%25E6%25B8%25B8%25E6%2599%25AF%25E7%2582%25B9&source=web_explore_feed,https://www.xiaohongshu.com/search_result/6976d2c00000000022020e43?xsec_token=ABmRRO4EzMJQtmkeiQvZlkbKKz8oPJHGuTVTffDdGefWY=&xsec_source=,https://sns-webpic-qc.xhscdn.com/202603251945/d5914cb0d9f341a2f766f2ddaf02cba6/notes_pre_post/1040g3k031rpndqtg2m5g5nirmfsg8jvkhf3d2n8!nc_n_webp_mw_1,851d33fc3f2e313887c2345af950756b3a595a58aee6f2ce599369b781e277dd,https://www.xiaohongshu.com/search_result/6976d2c00000000022020e43?xsec_token=ABmRRO4EzMJQtmkeiQvZlkbKKz8oPJHGuTVTffDdGefWY=&xsec_source=,否,否
小红书,小红书-新疆旅游景区.json,新疆旅游景区,新疆旅游景点,一名29岁新疆男领队的自荐🙋,新疆领队小俊｜探不二,https://www.xiaohongshu.com/user/profile/69abaa27000000003201912f?channel_type=web_search_result_notes&parent_page_channel_type=web_profile_board&xsec_token=ABKnZ0VX7FR56NBc46AvZI5mUZGo7tcS0Owsbib3ZG89o=&xsec_source=pc_search,2小时前,2026-03-25,2026-03-25,179,179,https://www.xiaohongshu.com/search_result?keyword=%25E6%2596%25B0%25E7%2596%2586%25E6%2597%2585%25E6%25B8%25B8%25E6%2599%25AF%25E7%2582%25B9&source=web_explore_feed,https://www.xiaohongshu.com/search_result/69bd0a14000000002301c23a?xsec_token=ABx7nDF0_zUeWbV3fpeG5hcmobYFAJ-mVrzoxPBTpdD9A=&xsec_source=,https://sns-webpic-qc.xhscdn.com/202603251945/44002fdd0fa143f4ba1aede95b0c2250/notes_pre_post/1040g3k831tu9ltl87q705qdbl8jsj49ft4a3k00!nc_n_webp_mw_1,7c2531a54825fcaafd5b765014cd029734391bb69f403f5333f31567483e27e0,https://www.xiaohongshu.com/search_result/69bd0a14000000002301c23a?xsec_token=ABx7nDF0_zUeWbV3fpeG5hcmobYFAJ-mVrzoxPBTpdD9A=&xsec_source=,否,否
小红书,小红书-新疆旅游景区.json,新疆旅游景区,新疆旅游景点,接下来的赛里木湖，才是一万次的春和景明,九哥户外旅游,https://www.xiaohongshu.com/user/profile/5af2d1d6f7e8b94b9b410497?channel_type=web_search_result_notes&parent_page_channel_type=web_profile_board&xsec_token=ABKVEYLUQ7An6eOJWudi4TCG5-zfkgt3u6py_hsIyXzU4=&xsec_source=pc_search,2025-03-17,2025-03-17,2026-03-25,918,918,https://www.xiaohongshu.com/search_result?keyword=%25E6%2596%25B0%25E7%2596%2586%25E6%2597%2585%25E6%25B8%25B8%25E6%2599%25AF%25E7%2582%25B9&source=web_explore_feed,https://www.xiaohongshu.com/search_result/67d7e704000000001b0269d5?xsec_token=ABfBxRPsOxHkAAOAdptsDHqjMKJO6LjW-vsXEAgshjwRY=&xsec_source=,https://sns-webpic-qc.xhscdn.com/202603251945/a938eb9a08412a955ad577e5486ef319/notes_pre_post/1040g3k831f4h2bmc6abg4a569u8tc14nv7l9go0!nc_n_webp_mw_1,b219691e86af8182f59f003ade6ca79a8059054bbdf6aa253bed266000bd351a,https://www.xiaohongshu.com/search_result/67d7e704000000001b0269d5?xsec_token=ABfBxRPsOxHkAAOAdptsDHqjMKJO6LjW-vsXEAgshjwRY=&xsec_source=,否,否
小红书,小红书-新疆旅游景区.json,新疆旅游景区,新疆旅游景点,新疆旅游攻略｜景点+美食全收录✨,新疆域美疆来,https://www.xiaohongshu.com/user/profile/5d0e2ed0000000001602574c?channel_type=web_search_result_notes&parent_page_channel_type=web_profile_board&xsec_token=AB8HvDsPqw-LGb_KkjNGEO5G6afY9g6EzI9vH31N2jrzI=&xsec_source=pc_search,2025-09-02,2025-09-02,2026-03-25,568,568,https://www.xiaohongshu.com/search_result?keyword=%25E6%2596%25B0%25E7%2596%2586%25E6%2597%2585%25E6%25B8%25B8%25E6%2599%25AF%25E7%2582%25B9&source=web_explore_feed,https://www.xiaohongshu.com/search_result/68b6a7e7000000001c03e380?xsec_token=ABIb8BfI8XxFGFwNFn_ruB8UbDCgxaD3joNLf-xgnfyl8=&xsec_source=,https://sns-webpic-qc.xhscdn.com/202603251945/c10ea0e2330cf4331b7dffea359a61cf/1040g2sg31lu27ktol2kg5n8e5r85klqch8sgbd8!nc_n_webp_mw_1,96ffed591c18418784c9c495fcb6c7cdecae4a553c9f1973ee34ae994ecc2ab8,https://www.xiaohongshu.com/search_result/68b6a7e7000000001c03e380?xsec_token=ABIb8BfI8XxFGFwNFn_ruB8UbDCgxaD3joNLf-xgnfyl8=&xsec_source=,否,否
小红书,小红书-新疆旅游景区.json,新疆旅游景区,新疆旅游景点,,爱旅行的迪迪,https://www.xiaohongshu.com/user/profile/66a4f6f4000000001d032283?channel_type=web_search_result_notes&parent_page_channel_type=web_profile_board&xsec_token=AB2z_nR7iXe8sLX2rYsm0JkxSp5i0LACSrJCjGrca5i88=&xsec_source=pc_search,02-28,2026-02-28,2026-03-25,3,3,https://www.xiaohongshu.com/search_result?keyword=%25E6%2596%25B0%25E7%2596%2586%25E6%2597%2585%25E6%25B8%25B8%25E6%2599%25AF%25E7%2582%25B9&source=web_explore_feed,https://www.xiaohongshu.com/search_result/69a2ac2900000000220300fa?xsec_token=ABVCDnStUM8_D2-4JssW956oTEGeHZ1LUK14Z59yuCinA=&xsec_source=,https://sns-webpic-qc.xhscdn.com/202603251945/5e67c5fa70e2fda72f54f5b639a982e8/notes_pre_post/1040g3k831t4hmimole6g5pl4urq7e8k3k49l4u0!nc_n_webp_mw_1,de9e2215b1617c890cb534508663f2026fcb589bb462a4dd3b7e0121b8c8a83f,https://www.xiaohongshu.com/search_result/69a2ac2900000000220300fa?xsec_token=ABVCDnStUM8_D2-4JssW956oTEGeHZ1LUK14Z59yuCinA=&xsec_source=,是,否
小红书,小红书-新疆旅游景区.json,新疆旅游景区,新疆旅游景点,新疆小众景点,小茗导游丨途悠悠旅行,https://www.xiaohongshu.com/user/profile/5a2e908fdb2e607f851c2416?channel_type=web_search_result_notes&parent_page_channel_type=web_profile_board&xsec_token=ABEmc0KuKCooQUYpZLesWJt5NxHJpJdgJvLIn8V_gDBG8=&xsec_source=pc_search,2025-06-24,2025-06-24,2026-03-25,285,285,https://www.xiaohongshu.com/search_result?keyword=%25E6%2596%25B0%25E7%2596%2586%25E6%2597%2585%25E6%25B8%25B8%25E6%2599%25AF%25E7%2582%25B9&source=web_explore_feed,https://www.xiaohongshu.com/search_result/685a96e9000000002203c813?xsec_token=AB1J8SCWhjLueK6yl1uhAF6H6ZxuhQwxN9G4dEfAEy2_Y=&xsec_source=,https://sns-webpic-qc.xhscdn.com/202603251945/488d68685bac963fbfd3f2d6e166f812/1040g2sg31j45343214704a07i988u90m636btr8!nc_n_webp_mw_1,62f8399f5b60c03e4e34a6ec726f6d8955dd6477247c35fabac5a68f422a7def,https://www.xiaohongshu.com/search_result/685a96e9000000002203c813?xsec_token=AB1J8SCWhjLueK6yl1uhAF6H6ZxuhQwxN9G4dEfAEy2_Y=&xsec_source=,否,否
小红书,小红书-新疆旅游景区.json,新疆旅游景区,新疆旅游景点,新疆｜不远万里，只为伊犁，这里是新疆夏塔,📸板邓摄影师,https://www.xiaohongshu.com/user/profile/5f3c7cd3000000000100bbdb?channel_type=web_search_result_notes&parent_page_channel_type=web_profile_board&xsec_token=ABu_axY1SR5N6-SaetWel-jB78GLVQ_fgj-uN-DnWOjxI=&xsec_source=pc_search,03-07,2026-03-07,2026-03-25,148,148,https://www.xiaohongshu.com/search_result?keyword=%25E6%2596%25B0%25E7%2596%2586%25E6%2597%2585%25E6%25B8%25B8%25E6%2599%25AF%25E7%2582%25B9&source=web_explore_feed,https://www.xiaohongshu.com/search_result/69ab93b5000000002202cd00?xsec_token=ABKnZ0VX7FR56NBc46AvZI5loEsqFoHTFBWas_hzbZ1RU=&xsec_source=,https://sns-webpic-qc.xhscdn.com/202603251945/92d13dc1ef1716715788d03e3b38b7f5/1040g2sg31td7sn0hla005npsfj9g9eurg99d048!nc_n_webp_mw_1,85bc535ec4ceec1ef41a1129488462c69ee4400f07aac0e415225fdb13fad37a,https://www.xiaohongshu.com/search_result/69ab93b5000000002202cd00?xsec_token=ABKnZ0VX7FR56NBc46AvZI5loEsqFoHTFBWas_hzbZ1RU=&xsec_source=,否,否
小红书,小红书-新疆旅游景区.json,新疆旅游景区,新疆旅游景点,北疆都有哪些必去的景点,域见大喀,https://www.xiaohongshu.com/user/profile/6762b2390000000018014e98?channel_type=web_search_result_notes&parent_page_channel_type=web_profile_board&xsec_token=ABZ7HqRcppSXk1p5lTQ2d6mwAp6S-96K6UhXDN0D-PRys=&xsec_source=pc_search,2025-07-25,2025-07-25,2026-03-25,732,732,https://www.xiaohongshu.com/search_result?keyword=%25E6%2596%25B0%25E7%2596%2586%25E6%2597%2585%25E6%25B8%25B8%25E6%2599%25AF%25E7%2582%25B9&source=web_explore_feed,https://www.xiaohongshu.com/search_result/68824bf00000000012021253?xsec_token=AB4w6dnL7PC5vf05jZ9AaENf9qLmjbaNo4Utzk-Z94B4k=&xsec_source=,https://sns-webpic-qc.xhscdn.com/202603251945/e6b0e073193783e1aa97a9491f1e9627/spectrum/1040g0k031katvonsig005pr2m8sm2jkosuaah08!nc_n_webp_mw_1,fb741f01ace9249649aed1a5f0d9c2960cdd7d072506885aff79c222ca2d6921,https://www.xiaohongshu.com/search_result/68824bf00000000012021253?xsec_token=AB4w6dnL7PC5vf05jZ9AaENf9qLmjbaNo4Utzk-Z94B4k=&xsec_source=,否,否
小红书,小红书-新疆旅游景区.json,新疆旅游景区,新疆旅游景点,,边缘自驾,https://www.xiaohongshu.com/user/profile/64a6c11d000000002a037044?channel_type=web_search_result_notes&parent_page_channel_type=web_profile_board&xsec_token=ABP7I7EQ2TlyBin1RhyWFTO6sf-x8jaDuHh_IFoSNRz_s=&xsec_source=pc_search,03-06,2026-03-06,2026-03-25,2218,2218,https://www.xiaohongshu.com/search_result?keyword=%25E6%2596%25B0%25E7%2596%2586%25E6%2597%2585%25E6%25B8%25B8%25E6%2599%25AF%25E7%2582%25B9&source=web_explore_feed,https://www.xiaohongshu.com/search_result/69aa153400000000150326af?xsec_token=ABOxFzlMrZgCvQk8K5GRcCZ25nQm7N-vkmeOOJy937wzc=&xsec_source=,https://sns-webpic-qc.xhscdn.com/202603251945/a4bad744b07d3b881f5ece9bdc154346/1040g2sg31tbp9tdvlke05p56o4eqms240f1fph0!nc_n_webp_mw_1,9dc44aa926bf2c2267bca01b40f022fea3591b706a80f56c67d820c7f5a6d4de,https://www.xiaohongshu.com/search_result/69aa153400000000150326af?xsec_token=ABOxFzlMrZgCvQk8K5GRcCZ25nQm7N-vkmeOOJy937wzc=&xsec_source=,是,否
小红书,小红书-新疆旅游景区.json,新疆旅游景区,新疆旅游景点,第一次来新疆必去的9大景点❗很难找全的快,佳游季,https://www.xiaohongshu.com/user/profile/66ea8eb0000000001d0321e3?channel_type=web_search_result_notes&parent_page_channel_type=web_profile_board&xsec_token=ABl2N8kSRvClf3W1vDnjXm7xKDuIQp3qVP07j16B4fwmI=&xsec_source=pc_search,2025-09-25,2025-09-25,2026-03-25,5,5,https://www.xiaohongshu.com/search_result?keyword=%25E6%2596%25B0%25E7%2596%2586%25E6%2597%2585%25E6%25B8%25B8%25E6%2599%25AF%25E7%2582%25B9&source=web_explore_feed,https://www.xiaohongshu.com/search_result/68d50196000000001301b0cd?xsec_token=ABuZP-Y5e8Yg30-kHP0Q3oWjBaZG7LaRvn2_7u8uu9BaU=&xsec_source=,https://sns-webpic-qc.xhscdn.com/202603251945/4bd5da92bce0a4cde84f5d7149e681ad/notes_pre_post/1040g3k831mrmiqg2l8005pnahqo7e8f3973t67o!nc_n_webp_mw_1,e87ea72e758a635b0eb07a6b4161d2f7e3644e173bed7d9d0a69ba02276d7bcf,https://www.xiaohongshu.com/search_result/68d50196000000001301b0cd?xsec_token=ABuZP-Y5e8Yg30-kHP0Q3oWjBaZG7LaRvn2_7u8uu9BaU=&xsec_source=,否,否
小红书,小红书-新疆旅游景区.json,新疆旅游景区,新疆旅游景点,新疆伊犁游补充,摇篮,https://www.xiaohongshu.com/user/profile/600961f0000000000100a507?channel_type=web_search_result_notes&parent_page_channel_type=web_profile_board&xsec_token=ABwB2ldqpEflmpcfzPEQIF77-reihRCAfyS5VYbxIFhO8=&xsec_source=pc_search,2025-07-28,2025-07-28,2026-03-25,923,923,https://www.xiaohongshu.com/search_result?keyword=%25E6%2596%25B0%25E7%2596%2586%25E6%2597%2585%25E6%25B8%25B8%25E6%2599%25AF%25E7%2582%25B9&source=web_explore_feed,https://www.xiaohongshu.com/search_result/6886eaa0000000001002681c?xsec_token=ABQkNm_NcYqmSFn59Ab0SZZVQgTdmbYGqPlZdMpTJbcYU=&xsec_source=,https://sns-webpic-qc.xhscdn.com/202603251945/5ad7130f47ec0b9dcacec0137adf777d/notes_pre_post/1040g3k831kfe5241k8005o09c7o099877gv7440!nc_n_webp_mw_1,18099044179a8bf2fe6bc0834d43f79a97b0bf83de2154552eaf25d92b1e05e1,https://www.xiaohongshu.com/search_result/6886eaa0000000001002681c?xsec_token=ABQkNm_NcYqmSFn59Ab0SZZVQgTdmbYGqPlZdMpTJbcYU=&xsec_source=,否,否
小红书,小红书-新疆旅游景区.json,新疆旅游景区,新疆旅游景点,“喀纳斯不是湖，是神仙笔下的一道浓墨，”,新疆旅游土著,https://www.xiaohongshu.com/user/profile/674955d8000000001c01b0c4?channel_type=web_search_result_notes&parent_page_channel_type=web_profile_board&xsec_token=ABwlw0jGgTUPwWW4pktqF7jr-kP3simOz28B5Jv5qK19w=&xsec_source=pc_search,2025-04-16,2025-04-16,2026-03-25,168,168,https://www.xiaohongshu.com/search_result?keyword=%25E6%2596%25B0%25E7%2596%2586%25E6%2597%2585%25E6%25B8%25B8%25E6%2599%25AF%25E7%2582%25B9&source=web_explore_feed,https://www.xiaohongshu.com/search_result/67ffbe23000000001c037e84?xsec_token=ABonYyERNswcjc-YH3OmxRLvnOG4XjY_INHd7L8Y-Pvmc=&xsec_source=,https://sns-webpic-qc.xhscdn.com/202603251945/e500da9d3b184afcf98ffb3bbd47bc53/spectrum/1040g34o31gbe3h7734205pq9anc73c64d6s6e4o!nc_n_webp_mw_1,bc2961b625dd57b81903a4ac4f8c4d8e10eae3309f4434a2fc44afb86670fcad,https://www.xiaohongshu.com/search_result/67ffbe23000000001c037e84?xsec_token=ABonYyERNswcjc-YH3OmxRLvnOG4XjY_INHd7L8Y-Pvmc=&xsec_source=,否,否
小红书,小红书-新疆旅游景区.json,新疆旅游景区,新疆旅游景点,,剥了皮吐了核吃,https://www.xiaohongshu.com/user/profile/5d944ae0000000000100aaf4?channel_type=web_search_result_notes&parent_page_channel_type=web_profile_board&xsec_token=ABV5h94rCb4t_mNIy7sF7VxeOEt7GoWxUzY5FN3pJaDJg=&xsec_source=pc_search,2025-08-12,2025-08-12,2026-03-25,3070,3070,https://www.xiaohongshu.com/search_result?keyword=%25E6%2596%25B0%25E7%2596%2586%25E6%2597%2585%25E6%25B8%25B8%25E6%2599%25AF%25E7%2582%25B9&source=web_explore_feed,https://www.xiaohongshu.com/search_result/689af510000000001b01cdc0?xsec_token=AB4KF_RibBysdnl4RpeTg7Wj_vF_eElqjtAD_kWaYybYY=&xsec_source=,https://sns-webpic-qc.xhscdn.com/202603251945/5d3263e6f837b0584ceb7360e35073e4/notes_pre_post/1040g3k831l30itu2j4005nck9bg09ankevvnn88!nc_n_webp_mw_1,77ae312cd91f6bc637d5aa9788934388454e8d10590ac7ca52cd97878aded2d4,https://www.xiaohongshu.com/search_result/689af510000000001b01cdc0?xsec_token=AB4KF_RibBysdnl4RpeTg7Wj_vF_eElqjtAD_kWaYybYY=&xsec_source=,是,否
小红书,小红书-新疆旅游景区.json,新疆旅游景区,新疆旅游景点,新疆小众景点推荐,甜瓜小艾,https://www.xiaohongshu.com/user/profile/632ae6d400000000230261ea?channel_type=web_search_result_notes&parent_page_channel_type=web_profile_board&xsec_token=ABIpT9oeTsa3TS3zhBZHn18PsLkd23937kcbcXe4ECQpM=&xsec_source=pc_search,2025-06-06,2025-06-06,2026-03-25,3794,3794,https://www.xiaohongshu.com/search_result?keyword=%25E6%2596%25B0%25E7%2596%2586%25E6%2597%2585%25E6%25B8%25B8%25E6%2599%25AF%25E7%2582%25B9&source=web_explore_feed,https://www.xiaohongshu.com/search_result/6842384b0000000020028ac9?xsec_token=ABkX1_GX8gyaln22kshi19i4EE19pMwe8mxrrXkQ5gCaI=&xsec_source=,https://sns-webpic-qc.xhscdn.com/202603251945/671693e162ccbcc144c9d79586346e5e/1040g00831icbic51ga005opasra8sofa6s3r420!nc_n_webp_mw_1,6f0a5aec3584fa00ed3d742b85553643aab037caf4294f4020b154ab631428e0,https://www.xiaohongshu.com/search_result/6842384b0000000020028ac9?xsec_token=ABkX1_GX8gyaln22kshi19i4EE19pMwe8mxrrXkQ5gCaI=&xsec_source=,否,否
小红书,小红书-新疆旅游景区.json,新疆旅游景区,新疆旅游景点,,,,,,2026-03-25,,0,https://www.xiaohongshu.com/search_result?keyword=%25E6%2596%25B0%25E7%2596%2586%25E6%2597%2585%25E6%25B8%25B8%25E6%2599%25AF%25E7%2582%25B9&source=web_explore_feed,,http://sns-na-i4.xhscdn.com/1040g2sg31i3t2mja7c005pu81h63i6tonf9hk20?imageView2/1/h/132/w/480/format/jpg&ap=5&sc=HOT_QRY&sign=2e78d062292e1b364dc18dcf6b38dc86&t=69c3caef&origin=0,69b249ffd54c63a8a58cd59010459702c2aa59705082f55c33ea9ad89ce551c2,a29d68967135b04bb0a97b01e3f6aa4627a9ccdf1f5056e9e3a2b5cd236660d0,是,是
小红书,小红书-新疆旅游景区.json,新疆旅游景区,新疆旅游景点,这里应该是世界级风景,ReneeGo,https://www.xiaohongshu.com/user/profile/642bb7540000000011020b06?channel_type=web_search_result_notes&parent_page_channel_type=web_profile_board&xsec_token=ABpFLJy5PHdCKohefRs_pVw6PDiqMHv7eoQWcJG0jpR48=&xsec_source=pc_search,2025-11-20,2025-11-20,2026-03-25,6129,6129,https://www.xiaohongshu.com/search_result?keyword=%25E6%2596%25B0%25E7%2596%2586%25E6%2597%2585%25E6%25B8%25B8%25E6%2599%25AF%25E7%2582%25B9&source=web_explore_feed,https://www.xiaohongshu.com/search_result/689c5a36000000001d0033ca?xsec_token=ABiH3tpXsEbt7mwomR-Bl9RNHURDXYa11wwLYgYX0bR30=&xsec_source=,https://sns-webpic-qc.xhscdn.com/202603251945/5ead9eacec4d045e1fc22a518fa523fe/notes_pre_post/1040g3k831l4c0q9k36e05p1bmta4c2o6gvq3qro!nc_n_webp_mw_1,357b59ab5edc441a2209f3755443c209a3e4f2e4e0f712563dbbd0356115f5f6,https://www.xiaohongshu.com/search_result/689c5a36000000001d0033ca?xsec_token=ABiH3tpXsEbt7mwomR-Bl9RNHURDXYa11wwLYgYX0bR30=&xsec_source=,否,否
小红书,小红书-新疆旅游景区.json,新疆旅游景区,新疆旅游景点,✨性价比超高!最新3-6月新疆热门小团,小琦日记,https://www.xiaohongshu.com/user/profile/69b759e0000000003402ba9e?channel_type=web_search_result_notes&parent_page_channel_type=web_profile_board&xsec_token=ABaghI9l-PI5GO7EL1e75dw3xQ3CzrK46Rv41O-sbOBoA=&xsec_source=pc_search,5小时前,2026-03-25,2026-03-25,赞,0,https://www.xiaohongshu.com/search_result?keyword=%25E6%2596%25B0%25E7%2596%2586%25E6%2597%2585%25E6%25B8%25B8%25E6%2599%25AF%25E7%2582%25B9&source=web_explore_feed,https://www.xiaohongshu.com/search_result/69c37c68000000001a0318c3?xsec_token=AB1reXc9sceWHR16vHAmKSpLDn0gZyOHw3wJk9cpU-owo=&xsec_source=,https://sns-webpic-qc.xhscdn.com/202603251945/008d0c4bf3e030056df527826ce4c562/spectrum/1040g34o31u4j3eojiu705qdnb7gd5ekurjbvl3g!nc_n_webp_mw_1,7bf0775ddf431301ba1dee8b5cbdff71739a266f1800180d43b925c7fe4b02fa,https://www.xiaohongshu.com/search_result/69c37c68000000001a0318c3?xsec_token=AB1reXc9sceWHR16vHAmKSpLDn0gZyOHw3wJk9cpU-owo=&xsec_source=,否,否
小红书,小红书-新疆旅游景区.json,新疆旅游景区,新疆旅游景点,徒步｜我的阿勒泰，神的喀纳斯,First.,https://www.xiaohongshu.com/user/profile/62a80fcb000000001902a9d9?channel_type=web_search_result_notes&parent_page_channel_type=web_profile_board&xsec_token=ABPOAus-GcErP_QbNb29XiRX3Mqr_OzuR7xAeQZwCoM1s=&xsec_source=pc_search,2025-07-21,2025-07-21,2026-03-25,2430,2430,https://www.xiaohongshu.com/search_result?keyword=%25E6%2596%25B0%25E7%2596%2586%25E6%2597%2585%25E6%25B8%25B8%25E6%2599%25AF%25E7%2582%25B9&source=web_explore_feed,https://www.xiaohongshu.com/search_result/687cf16a0000000015021e17?xsec_token=ABEMYY1DMmKOiTLrFoSvszjelEustza4L1MxjcTpTQxCA=&xsec_source=,https://sns-webpic-qc.xhscdn.com/202603251945/f3c02f109f1d7cef584331a461381910/1040g00831k5lholm32005ol81v5mdaepg02sua0!nc_n_webp_mw_1,f546b4a86d1bcebd5158154e10521a17ba0989dabe67c370bc8926a7a6e20a34,https://www.xiaohongshu.com/search_result/687cf16a0000000015021e17?xsec_token=ABEMYY1DMmKOiTLrFoSvszjelEustza4L1MxjcTpTQxCA=&xsec_source=,否,否
小红书,小红书-新疆旅游景区.json,新疆旅游景区,新疆旅游景点,伊犁草原怎么选，看完这篇不纠结！,🌸娜娜爱分享🌸,https://www.xiaohongshu.com/user/profile/59c4fe0c51783a4954827801?channel_type=web_search_result_notes&parent_page_channel_type=web_profile_board&xsec_token=ABg-Bz0LF3Nf6Vpj7hHz4jNJe00V_iIANoYl9Dlu7cje0=&xsec_source=pc_search,03-06,2026-03-06,2026-03-25,1056,1056,https://www.xiaohongshu.com/search_result?keyword=%25E6%2596%25B0%25E7%2596%2586%25E6%2597%2585%25E6%25B8%25B8%25E6%2599%25AF%25E7%2582%25B9&source=web_explore_feed,https://www.xiaohongshu.com/search_result/686d0174000000002201e499?xsec_token=ABe7BPxsle6QY3MKWqvr_HpMDwLxrzCWUCFstiAIHKEQ4=&xsec_source=,https://sns-webpic-qc.xhscdn.com/202603251945/704b55a2c1630fbf9547448d3f681796/notes_pre_post/1040g3k831jm3s0vj34a049qu9tv0ou018931c00!nc_n_webp_mw_1,b5a413691cf2bf36d39c379d86cd584fba1af801e2e31135e70765936025ad6c,https://www.xiaohongshu.com/search_result/686d0174000000002201e499?xsec_token=ABe7BPxsle6QY3MKWqvr_HpMDwLxrzCWUCFstiAIHKEQ4=&xsec_source=,否,否
小红书,小红书-新疆旅游景区.json,新疆旅游景区,新疆旅游景点,新疆旅行｜天山天池懒人版两小时速玩攻略,小马达阿豆,https://www.xiaohongshu.com/user/profile/5d2946760000000016028bf1?channel_type=web_search_result_notes&parent_page_channel_type=web_profile_board&xsec_token=ABrUjbI97eecHYKw2XRXGgB-FRWH6MOz0zO1St20fE9rQ=&xsec_source=pc_search,2025-07-22,2025-07-22,2026-03-25,5706,5706,https://www.xiaohongshu.com/search_result?keyword=%25E6%2596%25B0%25E7%2596%2586%25E6%2597%2585%25E6%25B8%25B8%25E6%2599%25AF%25E7%2582%25B9&source=web_explore_feed,https://www.xiaohongshu.com/search_result/687f48c90000000012032c1f?xsec_token=ABtcdhAf3eQ7vohxjql6JoDTNIRql--y5uGkITyIoO7ho=&xsec_source=,https://sns-webpic-qc.xhscdn.com/202603251945/65831930a39a7edb9877a00919292fbe/1040g00831k7v2ko6j40g5n998pr5l2vhnvelr5o!nc_n_webp_mw_1,49263ced7c0741f2210bb2287a9298ab74a0386e6f7576f685a1dffd0a4194a2,https://www.xiaohongshu.com/search_result/687f48c90000000012032c1f?xsec_token=ABtcdhAf3eQ7vohxjql6JoDTNIRql--y5uGkITyIoO7ho=&xsec_source=,否,否
小红书,小红书-新疆旅游景区.json,新疆旅游景区,新疆旅游景点,上海妈妈带小宝哥新疆行|阿勒泰和赛里木湖,Journey,https://www.xiaohongshu.com/user/profile/567ba8de44760822c4754660?channel_type=web_search_result_notes&parent_page_channel_type=web_profile_board&xsec_token=ABJcIU-m1TizJzT1skfYmjrj_TLm8U9pDGMkoXv6TVnCw=&xsec_source=pc_search,2025-08-07,2025-08-07,2026-03-25,1153,1153,https://www.xiaohongshu.com/search_result?keyword=%25E6%2596%25B0%25E7%2596%2586%25E6%2597%2585%25E6%25B8%25B8%25E6%2599%25AF%25E7%2582%25B9&source=web_explore_feed,https://www.xiaohongshu.com/search_result/6887874800000000130106d3?xsec_token=ABhWmJVbFjov8Li414cizgttT6ozeARuTw95Zo8PtKhMo=&xsec_source=,https://sns-webpic-qc.xhscdn.com/202603251945/e565388887cc891466655d66b3d53bdf/notes_pre_post/1040g3k031kg13324j01044n0r1kdshj0t5felfg!nc_n_webp_mw_1,80815f8c8e10541471d1b493272d86a90b488b06516878a6f3a431a5f5e74591,https://www.xiaohongshu.com/search_result/6887874800000000130106d3?xsec_token=ABhWmJVbFjov8Li414cizgttT6ozeARuTw95Zo8PtKhMo=&xsec_source=,否,否
小红书,小红书-新疆旅游景区.json,新疆旅游景区,新疆旅游景点,5、6月份的新疆已经进入最佳观赏时期,新疆大瑞旅行,https://www.xiaohongshu.com/user/profile/6534ca9f000000000d0060b3?channel_type=web_search_result_notes&parent_page_channel_type=web_profile_board&xsec_token=ABOdRgOISmLp-ZXLQP5YyC0lX0TzE5-l3MmEbaCgRKVIU=&xsec_source=pc_search,03-03,2026-03-03,2026-03-25,21,21,https://www.xiaohongshu.com/search_result?keyword=%25E6%2596%25B0%25E7%2596%2586%25E6%2597%2585%25E6%25B8%25B8%25E6%2599%25AF%25E7%2582%25B9&source=web_explore_feed,https://www.xiaohongshu.com/search_result/69a6ae00000000002203839d?xsec_token=ABNBm570u-D3QWZ5-gVK_z2bY9UO2L7rZADqbzSSWcqek=&xsec_source=,https://sns-webpic-qc.xhscdn.com/202603251945/638c0175d59d472a277220ed53eeaa59/1040g2sg31t88p5kvlka05oc162n7uoen5fqeu1g!nc_n_webp_mw_1,a4bb899f8b42693710d81c5995988990fb9ad1f355b3bbcd937efbc33c68dfe5,https://www.xiaohongshu.com/search_result/69a6ae00000000002203839d?xsec_token=ABNBm570u-D3QWZ5-gVK_z2bY9UO2L7rZADqbzSSWcqek=&xsec_source=,否,否
小红书,小红书-新疆旅游景区.json,新疆旅游景区,新疆旅游景点,,吐鲁番悦途旅行,https://www.xiaohongshu.com/user/profile/5f1bf697000000000101c2be?channel_type=web_search_result_notes&parent_page_channel_type=web_profile_board&xsec_token=ABdcIu_IgPGk27AHPqhivgfZieI1hsMwnqBULnA_yy7Ug=&xsec_source=pc_search,5天前,2026-03-20,2026-03-25,11,11,https://www.xiaohongshu.com/search_result?keyword=%25E6%2596%25B0%25E7%2596%2586%25E6%2597%2585%25E6%25B8%25B8%25E6%2599%25AF%25E7%2582%25B9&source=web_explore_feed,https://www.xiaohongshu.com/search_result/69bcb491000000002800a000?xsec_token=ABsE9u35f2_jmIKeN0HnsJ_WyxbyCTIktFrfzUYl-oK4o=&xsec_source=,https://sns-webpic-qc.xhscdn.com/202603251945/7ad194c6960b0e7f7c93c43dee95a663/notes_pre_post/1040g3k031ttv76nhn2005noruqbgbglu0t7mbh0!nc_n_webp_mw_1,302df94ec931542b3f1446f93a5b71387d7f9427bb710e8c4f5047b57e6c53c4,https://www.xiaohongshu.com/search_result/69bcb491000000002800a000?xsec_token=ABsE9u35f2_jmIKeN0HnsJ_WyxbyCTIktFrfzUYl-oK4o=&xsec_source=,是,否
小红书,小红书-新疆旅游景区.json,新疆旅游景区,新疆旅游景点,赛里木湖露营是一种怎样的神仙体验！,🌸娜娜爱分享🌸,https://www.xiaohongshu.com/user/profile/59c4fe0c51783a4954827801?channel_type=web_search_result_notes&parent_page_channel_type=web_profile_board&xsec_token=ABg-Bz0LF3Nf6Vpj7hHz4jNJe00V_iIANoYl9Dlu7cje0=&xsec_source=pc_search,2025-06-29,2025-06-29,2026-03-25,708,708,https://www.xiaohongshu.com/search_result?keyword=%25E6%2596%25B0%25E7%2596%2586%25E6%2597%2585%25E6%25B8%25B8%25E6%2599%25AF%25E7%2582%25B9&source=web_explore_feed,https://www.xiaohongshu.com/search_result/6860f5f10000000023007fb0?xsec_token=ABJ9J0v8SwcqHALrSIz2h3jVgWImjYja3rDxyh6hWsQ4A=&xsec_source=,https://sns-webpic-qc.xhscdn.com/202603251945/6c808753f66981d6578bdbcfcd6417e0/notes_pre_post/1040g3k031jabe9il345g49qu9tv0ou01l5cntl8!nc_n_webp_mw_1,76ae10b2d319ce0512cbd053b2103539120b884dc7d71fc3ac4defa34908d7b8,https://www.xiaohongshu.com/search_result/6860f5f10000000023007fb0?xsec_token=ABJ9J0v8SwcqHALrSIz2h3jVgWImjYja3rDxyh6hWsQ4A=&xsec_source=,否,否
小红书,小红书-新疆旅游景区.json,新疆旅游景区,新疆旅游景点,世界上只有新疆才有的12大奇景。,勇敢的背包客,https://www.xiaohongshu.com/user/profile/67bbd4540000000007000a25?channel_type=web_search_result_notes&parent_page_channel_type=web_profile_board&xsec_token=AB0_MTXsfaM_3mQ8Ij1Hyg76_Zg-A5aztk92bhe3EUor4=&xsec_source=pc_search,2025-05-23,2025-05-23,2026-03-25,140,140,https://www.xiaohongshu.com/search_result?keyword=%25E6%2596%25B0%25E7%2596%2586%25E6%2597%2585%25E6%25B8%25B8%25E6%2599%25AF%25E7%2582%25B9&source=web_explore_feed,https://www.xiaohongshu.com/search_result/6830283d0000000021004700?xsec_token=ABg_JYvT9JRyRkmljrcwXxZsMtEYQ2ZP6W7PawyoyOJ3s=&xsec_source=,https://sns-webpic-qc.xhscdn.com/202603251945/d5eee981d21e2122c7417bfbb06c1605/spectrum/1040g34o31hqn4ao2ja0g5ptrqha1o2h5u0d6ir8!nc_n_webp_mw_1,2161eac9e15ce6b16cd62c448aff8f3fd0be35bf12659f73a9b3c944e098b066,https://www.xiaohongshu.com/search_result/6830283d0000000021004700?xsec_token=ABg_JYvT9JRyRkmljrcwXxZsMtEYQ2ZP6W7PawyoyOJ3s=&xsec_source=,否,否
小红书,小红书-新疆旅游景区.json,新疆旅游景区,新疆旅游景点,🏔️神的自留地 | 新疆禾木，童话真的存在,Rain屿,https://www.xiaohongshu.com/user/profile/65aba250000000001300b345?channel_type=web_search_result_notes&parent_page_channel_type=web_profile_board&xsec_token=ABlR00U0Iijl-nvpK2ppdnZiCO2wnblKJXlrrLdDxOcF4=&xsec_source=pc_search,13小时前,2026-03-25,2026-03-25,1158,1158,https://www.xiaohongshu.com/search_result?keyword=%25E6%2596%25B0%25E7%2596%2586%25E6%2597%2585%25E6%25B8%25B8%25E6%2599%25AF%25E7%2582%25B9&source=web_explore_feed,https://www.xiaohongshu.com/search_result/69c312bd000000002301fcd5?xsec_token=AB1reXc9sceWHR16vHAmKSpFndSRo9bFg-lNYrG5AYWok=&xsec_source=,https://sns-webpic-qc.xhscdn.com/202603251945/4098e447cf2026f4c1cc06577751d180/1040g2sg31u44dlfjiacg5pdbk984pcq5atr8evo!nc_n_webp_mw_1,f4e890981d044e3112b7044642c854b7d679c37e2a04f1f300e7e3e7384ab502,https://www.xiaohongshu.com/search_result/69c312bd000000002301fcd5?xsec_token=AB1reXc9sceWHR16vHAmKSpFndSRo9bFg-lNYrG5AYWok=&xsec_source=,否,否
小红书,小红书-新疆旅游景区.json,新疆旅游景区,新疆旅游景点,新疆赛里木湖环湖旅游丨逆时针玩法攻略🤪,Mr.chao在新疆,https://www.xiaohongshu.com/user/profile/644145cc000000002a009672?channel_type=web_search_result_notes&parent_page_channel_type=web_profile_board&xsec_token=ABZWV3me1QFe6HtEdsibxQaXQQaSNIEo6VnMu86QNEqHo=&xsec_source=pc_search,2025-08-04,2025-08-04,2026-03-25,616,616,https://www.xiaohongshu.com/search_result?keyword=%25E6%2596%25B0%25E7%2596%2586%25E6%2597%2585%25E6%25B8%25B8%25E6%2599%25AF%25E7%2582%25B9&source=web_explore_feed,https://www.xiaohongshu.com/search_result/685a2dab0000000015020935?xsec_token=AB1J8SCWhjLueK6yl1uhAF6KVFkW6IDbXmmxC9uDc_-WY=&xsec_source=,https://sns-webpic-qc.xhscdn.com/202603251945/fb7fc60e10ee247e41836e5154d810bb/1040g00831je4gln7305g5p218n6ah5ji0tppkug!nc_n_webp_mw_1,948ffa104156bde4249f92a30df25cd86ab4650c91ce5813416181ad8938e3e0,https://www.xiaohongshu.com/search_result/685a2dab0000000015020935?xsec_token=AB1J8SCWhjLueK6yl1uhAF6KVFkW6IDbXmmxC9uDc_-WY=&xsec_source=,否,否
小红书,小红书-新疆旅游景区.json,新疆旅游景区,新疆旅游景点,你以为的新疆VS现实中的新疆,中国旅游甄选,https://www.xiaohongshu.com/user/profile/64a6101f000000001c029ab2?channel_type=web_search_result_notes&parent_page_channel_type=web_profile_board&xsec_token=ABP7I7EQ2TlyBin1RhyWFTOzuDbbVWZrlEHbkv6MEZo8w=&xsec_source=pc_search,01-19,2026-01-19,2026-03-25,537,537,https://www.xiaohongshu.com/search_result?keyword=%25E6%2596%25B0%25E7%2596%2586%25E6%2597%2585%25E6%25B8%25B8%25E6%2599%25AF%25E7%2582%25B9&source=web_explore_feed,https://www.xiaohongshu.com/search_result/696ddf89000000002202dd0f?xsec_token=AB0lyWTxheAAib9EhwpzFOMzvJbZhQJJah7m1U0MRLDjw=&xsec_source=,https://sns-webpic-qc.xhscdn.com/202603251945/96ebba119f4be2cf4e54213a0fea3ece/1040g00831rgvp0t37g005p5620fn56linu0ouk0!nc_n_webp_mw_1,164e2a82fedaee3f48fe3d2b95f7194872dd59d8f93d145b824fbbe418570cef,https://www.xiaohongshu.com/search_result/696ddf89000000002202dd0f?xsec_token=AB0lyWTxheAAib9EhwpzFOMzvJbZhQJJah7m1U0MRLDjw=&xsec_source=,否,否
小红书,小红书-新疆旅游景区.json,新疆旅游景区,新疆旅游景点,,疆味旅行手记（私人订制版）,https://www.xiaohongshu.com/user/profile/65b261f000000000130297dc?channel_type=web_search_result_notes&parent_page_channel_type=web_profile_board&xsec_token=ABtOs3zo6w_gPqm1bDNm8tnuly5fy2kVs6LuncYzf8Y_Q=&xsec_source=pc_search,03-04,2026-03-04,2026-03-25,60,60,https://www.xiaohongshu.com/search_result?keyword=%25E6%2596%25B0%25E7%2596%2586%25E6%2597%2585%25E6%25B8%25B8%25E6%2599%25AF%25E7%2582%25B9&source=web_explore_feed,https://www.xiaohongshu.com/search_result/69a7a87c000000001a023ad5?xsec_token=ABagRB3Ju7gRZFrD2i1d4WbxE58rFCkSigJB_ihUNQT3E=&xsec_source=,https://sns-webpic-qc.xhscdn.com/202603251945/6a9bae6318b2d93c34e9e621a1775e7f/notes_pre_post/1040g3k031t9c4365625g5pdic7o4t5usgenneko!nc_n_webp_mw_1,07317557c5cbd9f1d0b9e1e06e4d9f47640bee2578dbe3831d0d4f505b531fed,https://www.xiaohongshu.com/search_result/69a7a87c000000001a023ad5?xsec_token=ABagRB3Ju7gRZFrD2i1d4WbxE58rFCkSigJB_ihUNQT3E=&xsec_source=,是,否
小红书,小红书-新疆旅游景区.json,新疆旅游景区,新疆旅游景点,,,,,,2026-03-25,,0,https://www.xiaohongshu.com/search_result?keyword=%25E6%2596%25B0%25E7%2596%2586%25E6%2597%2585%25E6%25B8%25B8%25E6%2599%25AF%25E7%2582%25B9&source=web_explore_feed,,http://sns-na-i4.xhscdn.com/1040g2sg317v69rht46705nfthu1088m7uqi395g?imageView2/1/h/132/w/480/format/jpg&ap=5&sc=HOT_QRY&sign=2bd55eb515ef093b4e91edac8bb2d832&t=69c3caf2&origin=0,10810811df4725e682f71ea3832e13a115e600242c6855994a5f6c75972c77ca,03a2cc822ee76d0bfa803b5afa519dacab8661651c5077a239b454f2fa733105,是,是
小红书,小红书-新疆旅游景区.json,新疆旅游景区,新疆旅游景点,,阿达西新疆,https://www.xiaohongshu.com/user/profile/676bbeff00000000180166b1?channel_type=web_search_result_notes&parent_page_channel_type=web_profile_board&xsec_token=ABJEq2LxNYjCYwC1pOFj8teZnBTX2o_ZVg4Keoa6MOVgA=&xsec_source=pc_search,2025-04-04,2025-04-04,2026-03-25,61,61,https://www.xiaohongshu.com/search_result?keyword=%25E6%2596%25B0%25E7%2596%2586%25E6%2597%2585%25E6%25B8%25B8%25E6%2599%25AF%25E7%2582%25B9&source=web_explore_feed,https://www.xiaohongshu.com/search_result/67ef98a6000000001c0309d3?xsec_token=ABscsyx24BBDeRQHnv7WD1rrAAnCg0cwypGToSc1YeBiQ=&xsec_source=,https://sns-webpic-qc.xhscdn.com/202603251945/9dab9d99dab56f405c8fde262f5ae9d6/1040g2sg31frlk2cf7k705prbnrvm2plh723drmg!nc_n_webp_mw_1,3117bb5175383493f93b0c792c566dbd7489b20568ac554b19079a078033eec6,https://www.xiaohongshu.com/search_result/67ef98a6000000001c0309d3?xsec_token=ABscsyx24BBDeRQHnv7WD1rrAAnCg0cwypGToSc1YeBiQ=&xsec_source=,是,否
小红书,小红书-新疆旅游景区.json,新疆旅游景区,新疆旅游景点,新疆！我要再去一万次～,夏天💕（努力向上生长中～）,https://www.xiaohongshu.com/user/profile/5aa8d07f11be1076ac5c0ffe?channel_type=web_search_result_notes&parent_page_channel_type=web_profile_board&xsec_token=AB9lb83iC8gPTT4tR9VAV1VuQslk1jZxpDMlYAi4zLCPM=&xsec_source=pc_search,2025-06-07,2025-06-07,2026-03-25,51,51,https://www.xiaohongshu.com/search_result?keyword=%25E6%2596%25B0%25E7%2596%2586%25E6%2597%2585%25E6%25B8%25B8%25E6%2599%25AF%25E7%2582%25B9&source=web_explore_feed,https://www.xiaohongshu.com/search_result/6843afb9000000002100ee02?xsec_token=ABBkhxxrInc4uTnTPXb0fs-imE6tNCTIOEH1tf_o3qB4Y=&xsec_source=,https://sns-webpic-qc.xhscdn.com/202603251945/6df9acc5eaf62aece23762726ed3c635/1040g2sg31idpe7sqgae04a3b6r87u3vuqu8kfag!nc_n_webp_mw_1,2df0f626e3e80155d034341f26db905ba4a0ee4894600b4dfcf6b90832453cd3,https://www.xiaohongshu.com/search_result/6843afb9000000002100ee02?xsec_token=ABBkhxxrInc4uTnTPXb0fs-imE6tNCTIOEH1tf_o3qB4Y=&xsec_source=,否,否
小红书,小红书-新疆旅游景区.json,新疆旅游景区,新疆旅游景点,旅行～新疆环线～南疆,小红童鞋的小红帽,https://www.xiaohongshu.com/user/profile/594002e482ec394b6f1b162f?channel_type=web_search_result_notes&parent_page_channel_type=web_profile_board&xsec_token=ABYHXA_8mflb9XAXVs8D5f2wkDA-Fe_TnEMXx-oA5Mnas=&xsec_source=pc_search,2025-06-30,2025-06-30,2026-03-25,1580,1580,https://www.xiaohongshu.com/search_result?keyword=%25E6%2596%25B0%25E7%2596%2586%25E6%2597%2585%25E6%25B8%25B8%25E6%2599%25AF%25E7%2582%25B9&source=web_explore_feed,https://www.xiaohongshu.com/search_result/6861eb010000000023004c35?xsec_token=ABKKZorjyrvqQbpKuCnMhu-Y5j5AcJfxU7VkAtdCDTotI=&xsec_source=,https://sns-webpic-qc.xhscdn.com/202603251945/46d5d6e0471cf2380a73bf3e6f56a545/1040g2sg31jba42jj2oe049k47n1e85hflkhpgbo!nc_n_webp_mw_1,fcd4f9ad872cd8446840271287330059bd35fecbf2c1d99d227dea358c51132b,https://www.xiaohongshu.com/search_result/6861eb010000000023004c35?xsec_token=ABKKZorjyrvqQbpKuCnMhu-Y5j5AcJfxU7VkAtdCDTotI=&xsec_source=,否,否
小红书,小红书-新疆旅游景区.json,新疆旅游景区,新疆旅游景点,唐布拉百里画廊|喀什河美到next level,CPH景珩,https://www.xiaohongshu.com/user/profile/5db24ec20000000001007cbe?channel_type=web_search_result_notes&parent_page_channel_type=web_profile_board&xsec_token=ABXOwcp9lJOUJG8SHyDaZiLxEi4o5nrUaZRSTmtkS9CA0=&xsec_source=pc_search,2025-06-30,2025-06-30,2026-03-25,3871,3871,https://www.xiaohongshu.com/search_result?keyword=%25E6%2596%25B0%25E7%2596%2586%25E6%2597%2585%25E6%25B8%25B8%25E6%2599%25AF%25E7%2582%25B9&source=web_explore_feed,https://www.xiaohongshu.com/search_result/6862615c0000000020018894?xsec_token=ABciwDZZ5Le6BJo7vLHlRbQ6ZWqOAnSUsucXJsCFmEWC4=&xsec_source=,https://sns-webpic-qc.xhscdn.com/202603251945/cea4eb2b37dc46aca73e21487d4e6b69/1040g00831jbla8v430005ndi9r108v5u4h75flg!nc_n_webp_mw_1,b237828adbc50880db9edeec3475567663003b7abc4eea42c7fbbd39ea5bc06c,https://www.xiaohongshu.com/search_result/6862615c0000000020018894?xsec_token=ABciwDZZ5Le6BJo7vLHlRbQ6ZWqOAnSUsucXJsCFmEWC4=&xsec_source=,否,否
小红书,小红书-新疆旅游景区.json,新疆旅游景区,新疆旅游景点,,Dony,https://www.xiaohongshu.com/user/profile/61f6b486000000001000d0b3?channel_type=web_search_result_notes&parent_page_channel_type=web_profile_board&xsec_token=ABvUTMpd8vnumnzwM7IgqKciTR5byT3D6wUahKB0CWLro=&xsec_source=pc_search,03-14,2026-03-14,2026-03-25,75,75,https://www.xiaohongshu.com/search_result?keyword=%25E6%2596%25B0%25E7%2596%2586%25E6%2597%2585%25E6%25B8%25B8%25E6%2599%25AF%25E7%2582%25B9&source=web_explore_feed,https://www.xiaohongshu.com/search_result/69b521600000000021013c34?xsec_token=ABY9EE42YTwHQagkHv0KQPE_vMMXc6HBubD0zST-5AzrY=&xsec_source=,https://sns-webpic-qc.xhscdn.com/202603251945/fb67031cb7da93291ac5bff68d159cba/notes_pre_post/1040g3k831tmi4csln8c05ofmmi341k5j55fblq8!nc_n_webp_mw_1,828d64ef2b72c4dea5acccfe5d7610f6f3189eab273303b2418e8627d9c3bb34,https://www.xiaohongshu.com/search_result/69b521600000000021013c34?xsec_token=ABY9EE42YTwHQagkHv0KQPE_vMMXc6HBubD0zST-5AzrY=&xsec_source=,是,否
小红书,小红书-新疆旅游景区.json,新疆旅游景区,新疆旅游景点,新疆，我来啦！！,青瓣旅活,https://www.xiaohongshu.com/user/profile/6731afaf000000001c019195?channel_type=web_search_result_notes&parent_page_channel_type=web_profile_board&xsec_token=ABSrHQ6i0WrciB_wIQXPhdOGs10QRUNx_S7U0zRRB7AbA=&xsec_source=pc_search,2025-03-12,2025-03-12,2026-03-25,18,18,https://www.xiaohongshu.com/search_result?keyword=%25E6%2596%25B0%25E7%2596%2586%25E6%2597%2585%25E6%25B8%25B8%25E6%2599%25AF%25E7%2582%25B9&source=web_explore_feed,https://www.xiaohongshu.com/search_result/67d162510000000029027c1d?xsec_token=ABNu_Hr9A2vL1cvniSjEnY7Dnv0MRrVZuc6LttzJDD2po=&xsec_source=,https://sns-webpic-qc.xhscdn.com/202603251945/fa9fbf681563bf6326a0b908da7058ea/notes_pre_post/1040g3k831eu5dou0m0705pphlunn34clem7g2mo!nc_n_webp_mw_1,57401ad22363b635f8661de5786ddc67894e62d539d3aacfefd3d5b529e310ac,https://www.xiaohongshu.com/search_result/67d162510000000029027c1d?xsec_token=ABNu_Hr9A2vL1cvniSjEnY7Dnv0MRrVZuc6LttzJDD2po=&xsec_source=,否,否
小红书,小红书-新疆旅游景区.json,新疆旅游景区,新疆旅游景点,一图了解北疆大环线⛰️,小红薯680D024E,https://www.xiaohongshu.com/user/profile/673be47a000000001d02d5cb?channel_type=web_search_result_notes&parent_page_channel_type=web_profile_board&xsec_token=ABmNlPeQ4yxXXC1cFtCwehiTdzS5Q6Jjo0SNf9_Hz_N8w=&xsec_source=pc_search,2025-04-28,2025-04-28,2026-03-25,37,37,https://www.xiaohongshu.com/search_result?keyword=%25E6%2596%25B0%25E7%2596%2586%25E6%2597%2585%25E6%25B8%25B8%25E6%2599%25AF%25E7%2582%25B9&source=web_explore_feed,https://www.xiaohongshu.com/search_result/680f7c6e000000000d01408b?xsec_token=AB_5tsgS7BuxrcWBTlglWz5s130KsGmJnrabPmxlxlGog=&xsec_source=,https://sns-webpic-qc.xhscdn.com/202603251945/2818479935b186bb2af85b16455a2f1d/1040g00831gqq5rp5js005pprsht7dleb35psr70!nc_n_webp_mw_1,fc05e40eccc9fc1434fa876713e8eeef427cd97163aac20254de760a89642772,https://www.xiaohongshu.com/search_result/680f7c6e000000000d01408b?xsec_token=AB_5tsgS7BuxrcWBTlglWz5s130KsGmJnrabPmxlxlGog=&xsec_source=,否,否
小红书,小红书-新疆旅游景区.json,新疆旅游景区,新疆旅游景点,左公抬棺守护，新疆的无尽美好风光,星辰AI,https://www.xiaohongshu.com/user/profile/68044605000000000a03c479?channel_type=web_search_result_notes&parent_page_channel_type=web_profile_board&xsec_token=ABuUNblUKYmED04voVAu2sL6SZrhI_qGPHLMu3nAzH5lk=&xsec_source=pc_search,2025-05-08,2025-05-08,2026-03-25,323,323,https://www.xiaohongshu.com/search_result?keyword=%25E6%2596%25B0%25E7%2596%2586%25E6%2597%2585%25E6%25B8%25B8%25E6%2599%25AF%25E7%2582%25B9&source=web_explore_feed,https://www.xiaohongshu.com/search_result/6818c25d000000002202e6b3?xsec_token=ABr1ZgC4aEujk3Zy34g6etqmu2EhWKDnPvkJHWX_I4u-M=&xsec_source=,https://sns-webpic-qc.xhscdn.com/202603251945/4bb4ceb8ba73b0a378d3289f8c403228/spectrum/1040g34o31h3rrptbjc205q048o2inh3pkccja00!nc_n_webp_mw_1,3e62d9be5507bc8423fa509f5fc079393629255251b90812a00de35e717e5d52,https://www.xiaohongshu.com/search_result/6818c25d000000002202e6b3?xsec_token=ABr1ZgC4aEujk3Zy34g6etqmu2EhWKDnPvkJHWX_I4u-M=&xsec_source=,否,否
小红书,小红书-新疆旅游景区.json,新疆旅游景区,新疆旅游景点,新疆.国际大巴扎,薄荷鱼（跑互）,https://www.xiaohongshu.com/user/profile/5a4bbda74eacab6ec3f5f07b?channel_type=web_search_result_notes&parent_page_channel_type=web_profile_board&xsec_token=ABdk9VSkkNleSTNwHKjz-dVB1SJZnKqVzadBGWCOQ7wV0=&xsec_source=pc_search,2025-05-09,2025-05-09,2026-03-25,40,40,https://www.xiaohongshu.com/search_result?keyword=%25E6%2596%25B0%25E7%2596%2586%25E6%2597%2585%25E6%25B8%25B8%25E6%2599%25AF%25E7%2582%25B9&source=web_explore_feed,https://www.xiaohongshu.com/search_result/681d7e8e000000002202809a?xsec_token=ABwZc4jIVc6-ckSxNkYzCdY5R2TPW08bwmv_UX9Tj6YhY=&xsec_source=,https://sns-webpic-qc.xhscdn.com/202603251945/2ba3a97ea18e7b5f2fd81fede42870e4/1040g2sg31h8fu62nj4e04a0kgguqfs3r2n8nce8!nc_n_webp_mw_1,ad3d01c54cb5d49367af3b18d25ec490e288898597b42ff285008f289b753b43,https://www.xiaohongshu.com/search_result/681d7e8e000000002202809a?xsec_token=ABwZc4jIVc6-ckSxNkYzCdY5R2TPW08bwmv_UX9Tj6YhY=&xsec_source=,否,否
小红书,小红书-新疆旅游景区.json,新疆旅游景区,新疆旅游景点,📣5月16-24日找新疆自驾组队搭子,momo,https://www.xiaohongshu.com/user/profile/577871c950c4b4175b8c5703?channel_type=web_search_result_notes&parent_page_channel_type=web_profile_board&xsec_token=AB2liOPnnX9d_wWK_IaKfikkltjZ2aTjN3UmYB27zHJZI=&xsec_source=pc_search,3天前,2026-03-22,2026-03-25,7,7,https://www.xiaohongshu.com/search_result?keyword=%25E6%2596%25B0%25E7%2596%2586%25E6%2597%2585%25E6%25B8%25B8%25E6%2599%25AF%25E7%2582%25B9&source=web_explore_feed,https://www.xiaohongshu.com/search_result/69be6368000000001a03050d?xsec_token=ABqItCO4Ir_VAvM3EXd_-pNdNWYqOAQpnMHeVpsqiMTSg=&xsec_source=,https://sns-webpic-qc.xhscdn.com/202603251945/824664e44599951ecf1097e2630db271/notes_pre_post/1040g3k831tvj783e788048h6paosilo3m1qdom8!nc_n_webp_mw_1,ce05daf35a9097c8b111498ba0e77780523bebc671c269368f6cd3e8b5fb8716,https://www.xiaohongshu.com/search_result/69be6368000000001a03050d?xsec_token=ABqItCO4Ir_VAvM3EXd_-pNdNWYqOAQpnMHeVpsqiMTSg=&xsec_source=,否,否
小红书,小红书-新疆旅游景区.json,新疆旅游景区,新疆旅游景点,生活在新疆伊犁，很想和你交换春天,麻雀森林厨房,https://www.xiaohongshu.com/user/profile/6635955600000000030303d0?channel_type=web_search_result_notes&parent_page_channel_type=web_profile_board&xsec_token=AB7dHjQivDYIE2-QBXVOtizYHwKdkvZxIAkSN6KxGAxFc=&xsec_source=pc_search,03-12,2026-03-12,2026-03-25,7132,7132,https://www.xiaohongshu.com/search_result?keyword=%25E6%2596%25B0%25E7%2596%2586%25E6%2597%2585%25E6%25B8%25B8%25E6%2599%25AF%25E7%2582%25B9&source=web_explore_feed,https://www.xiaohongshu.com/search_result/69b2a099000000001502108a?xsec_token=AB2CfFqaYiQohWioVuou-0LLbeEOUFGCXRM0xPT8r7tQg=&xsec_source=,https://sns-webpic-qc.xhscdn.com/202603251945/6c521ca486fcf18265c6a7ff2c206a9f/note_pre_post_uhdr/1040g3r031tk48ovumu005phlilb0u0ug7p3uk3g!nc_n_webp_mw_1,332c1f7d625027480dd300bbfb4ae1fb0d2b9656db92967084c5d680b1125a78,https://www.xiaohongshu.com/search_result/69b2a099000000001502108a?xsec_token=AB2CfFqaYiQohWioVuou-0LLbeEOUFGCXRM0xPT8r7tQg=&xsec_source=,否,否
小红书,小红书-新疆旅游景区.json,新疆旅游景区,新疆旅游景点,新疆租车多少钱一天💰人均60+新疆租车攻略,小空不驾云,https://www.xiaohongshu.com/user/profile/66f9130d000000001d020ded?channel_type=web_search_result_notes&parent_page_channel_type=web_profile_board&xsec_token=ABAdsx8CWlPYOIT4ae5p2mLV116DeMqYMQvCH4tPXyJDI=&xsec_source=pc_search,2025-10-23,2025-10-23,2026-03-25,316,316,https://www.xiaohongshu.com/search_result?keyword=%25E6%2596%25B0%25E7%2596%2586%25E6%2597%2585%25E6%25B8%25B8%25E6%2599%25AF%25E7%2582%25B9&source=web_explore_feed,https://www.xiaohongshu.com/search_result/68f9eed60000000007038fa9?xsec_token=ABLdRantfvfp_BQsIQwRqsv4cCLRfd65mT93BJM0609Ng=&xsec_source=,https://sns-webpic-qc.xhscdn.com/202603251945/bef3b9f63822ec9edebfc96ca3dafee1/notes_pre_post/1040g3k831nvnqgjal07g5pnp2c6nc3fdlv7je9g!nc_n_webp_mw_1,6c607b72b73682da8c2a49e67311874db7fe295c65a8cf496b174605d0da5ee3,https://www.xiaohongshu.com/search_result/68f9eed60000000007038fa9?xsec_token=ABLdRantfvfp_BQsIQwRqsv4cCLRfd65mT93BJM0609Ng=&xsec_source=,否,否
小红书,小红书-新疆旅游景区.json,新疆旅游景区,新疆旅游景点,梦回西域‼️掉进一千零一夜‼️异域风情天花板,田田的侘寂生活,https://www.xiaohongshu.com/user/profile/613ccd1d0000000002021a47?channel_type=web_search_result_notes&parent_page_channel_type=web_profile_board&xsec_token=ABjkeGnQz8-Kl4x0gWglPgvcrVWAnnVOutC00AT-rndXI=&xsec_source=pc_search,2025-08-19,2025-08-19,2026-03-25,1703,1703,https://www.xiaohongshu.com/search_result?keyword=%25E6%2596%25B0%25E7%2596%2586%25E6%2597%2585%25E6%25B8%25B8%25E6%2599%25AF%25E7%2582%25B9&source=web_explore_feed,https://www.xiaohongshu.com/search_result/689dfe23000000001d01cb91?xsec_token=ABUR3AwD4nbOtqg4704hqeZlNr7pum6d1YIhU40UJ2SGM=&xsec_source=,https://sns-webpic-qc.xhscdn.com/202603251945/a6d5717a56a4d68c1593640c2cd51d9a/spectrum/1040g0k031l5vb1rfks005o9spkegk6i7lsn4mg0!nc_n_webp_mw_1,8511acfd529cd00a8f74bc4b0f23f0c2e285c475ac0ae499cd3933115ce48272,https://www.xiaohongshu.com/search_result/689dfe23000000001d01cb91?xsec_token=ABUR3AwD4nbOtqg4704hqeZlNr7pum6d1YIhU40UJ2SGM=&xsec_source=,否,否
小红书,小红书-新疆旅游景区.json,新疆旅游景区,新疆旅游景点,,,,,,2026-03-25,,0,https://www.xiaohongshu.com/search_result?keyword=%25E6%2596%25B0%25E7%2596%2586%25E6%2597%2585%25E6%25B8%25B8%25E6%2599%25AF%25E7%2582%25B9&source=web_explore_feed,,http://sns-na-i4.xhscdn.com/1040g2sg31has7amp42e05pstm27inljegqo9tlg?imageView2/1/h/132/w/480/format/jpg&ap=5&sc=HOT_QRY&sign=86d1b5e5428e8c377f14bca312df7dc0&t=69c3caf6&origin=0,54b7b1794eb48e857b12196ffaba933755fc62eae3aa32159a4bb349820e552c,846043c97c0dc864f1589144fd242e04fc5e6e145ab53674c63c194c22307ba8,是,是
小红书,小红书-新疆旅游景区.json,新疆旅游景区,新疆旅游景点,,米米旅行日记,https://www.xiaohongshu.com/user/profile/68467a3c000000001b022679?channel_type=web_search_result_notes&parent_page_channel_type=web_profile_board&xsec_token=ABFT1QC_qroL0-8e9GUhBEZUDQA1D_VocmKI5djGaLAO8=&xsec_source=pc_search,2025-06-27,2025-06-27,2026-03-25,2698,2698,https://www.xiaohongshu.com/search_result?keyword=%25E6%2596%25B0%25E7%2596%2586%25E6%2597%2585%25E6%25B8%25B8%25E6%2599%25AF%25E7%2582%25B9&source=web_explore_feed,https://www.xiaohongshu.com/search_result/685e5e27000000000d0180b0?xsec_token=AB27uU-IMGJcgdNpTkby_jSc2jl_sJU_6_PzHRUunuStU=&xsec_source=,https://sns-webpic-qc.xhscdn.com/202603251945/7359fdc341c514a554e29912f8775992/1040g2sg31j7r6cih2a505q26f8u6s9jp3fkf17o!nc_n_webp_mw_1,a9014699fe66a95d6be041e9e2213ba34d8b197c12419c274ac634f337ffcf35,https://www.xiaohongshu.com/search_result/685e5e27000000000d0180b0?xsec_token=AB27uU-IMGJcgdNpTkby_jSc2jl_sJU_6_PzHRUunuStU=&xsec_source=,是,否
小红书,小红书-新疆旅游景区.json,新疆旅游景区,新疆旅游景点,新疆9大必走徒步路线|你都去过哪些,阿花｜雪山徒步可询,https://www.xiaohongshu.com/user/profile/5c2b3cfe000000000601e3e4?channel_type=web_search_result_notes&parent_page_channel_type=web_profile_board&xsec_token=ABV2FrTRy8w8_rZJmftZwKkW_d5TKYpgeHReKGjEHHS3U=&xsec_source=pc_search,02-06,2026-02-06,2026-03-25,38,38,https://www.xiaohongshu.com/search_result?keyword=%25E6%2596%25B0%25E7%2596%2586%25E6%2597%2585%25E6%25B8%25B8%25E6%2599%25AF%25E7%2582%25B9&source=web_explore_feed,https://www.xiaohongshu.com/search_result/6985533a000000001a03537c?xsec_token=ABtd-0lUL8H_9k9jtszhr1A_I_IHPYI06ve4vJAl7k7hQ=&xsec_source=,https://sns-webpic-qc.xhscdn.com/202603251945/7cb8140aeef8661bcfb320976bd05c30/spectrum/1040g0k031s7rf6stl8005n1b7jv1jov4ha5agq0!nc_n_webp_mw_1,d13a94ebfd076ebf07c7987e01c52887861872a3e32bac5b2a6caca2447cef13,https://www.xiaohongshu.com/search_result/6985533a000000001a03537c?xsec_token=ABtd-0lUL8H_9k9jtszhr1A_I_IHPYI06ve4vJAl7k7hQ=&xsec_source=,否,否
小红书,小红书-新疆旅游景区.json,新疆旅游景区,新疆旅游景点,,桃桃自驾新疆日记,https://www.xiaohongshu.com/user/profile/689aa56f000000002900ab81?channel_type=web_search_result_notes&parent_page_channel_type=web_profile_board&xsec_token=AB4KF_RibBysdnl4RpeTg7WmLlPGG_cppSzsiEwBIMGOE=&xsec_source=pc_search,02-19,2026-02-19,2026-03-25,2,2,https://www.xiaohongshu.com/search_result?keyword=%25E6%2596%25B0%25E7%2596%2586%25E6%2597%2585%25E6%25B8%25B8%25E6%2599%25AF%25E7%2582%25B9&source=web_explore_feed,https://www.xiaohongshu.com/search_result/698c4f50000000001b01ceb7?xsec_token=ABxolZoGWtFrFN4Kf2qFsEAUdKZlcXYmHVAJKhMdgQpvA=&xsec_source=,https://sns-webpic-qc.xhscdn.com/202603251945/b07009183f1db544779ef59ecc8c3a99/spectrum/1040g0k031semstue5a005q4qklnq9as1co0l2io!nc_n_webp_mw_1,f2575cb801cfb2cd67d73eb564053ae71b00cc1a7398f90ddd7e08d82566de21,https://www.xiaohongshu.com/search_result/698c4f50000000001b01ceb7?xsec_token=ABxolZoGWtFrFN4Kf2qFsEAUdKZlcXYmHVAJKhMdgQpvA=&xsec_source=,是,否
小红书,小红书-新疆旅游景区.json,新疆旅游景区,新疆旅游景点,,新疆华仔📷,https://www.xiaohongshu.com/user/profile/5faf6568000000000101ce35?channel_type=web_search_result_notes&parent_page_channel_type=web_profile_board&xsec_token=ABeN_7p0HkqqP93X4V8LQIY3MnO1trfBjXpC3VIpLLsxo=&xsec_source=pc_search,2025-07-07,2025-07-07,2026-03-25,3475,3475,https://www.xiaohongshu.com/search_result?keyword=%25E6%2596%25B0%25E7%2596%2586%25E6%2597%2585%25E6%25B8%25B8%25E6%2599%25AF%25E7%2582%25B9&source=web_explore_feed,https://www.xiaohongshu.com/search_result/686b6aab0000000012016dd1?xsec_token=ABTGjBbHcJP02LO_msG-om4ew8vlxLUlENjsaqicjISn4=&xsec_source=,https://sns-webpic-qc.xhscdn.com/202603251945/b07c52e30d45dce20c047be7d161bf66/1040g2sg31jkhu7rbj67g5ntfclk0bjhl7cr1i9o!nc_n_webp_mw_1,2cb572780874ed213834dcf1f09455955e6e928e2b4a73f4ff8089adfa4acc41,https://www.xiaohongshu.com/search_result/686b6aab0000000012016dd1?xsec_token=ABTGjBbHcJP02LO_msG-om4ew8vlxLUlENjsaqicjISn4=&xsec_source=,是,否
小红书,小红书-新疆旅游景区.json,新疆旅游景区,新疆旅游景点,新疆小众路线真实体验,Sherlock,https://www.xiaohongshu.com/user/profile/5c79211b0000000017030a6e?channel_type=web_search_result_notes&parent_page_channel_type=web_profile_board&xsec_token=ABS6GCiD2FKtMox5VcQBw2S5Rz2eJSBM276au7Hur9ubs=&xsec_source=pc_search,2025-06-18,2025-06-18,2026-03-25,139,139,https://www.xiaohongshu.com/search_result?keyword=%25E6%2596%25B0%25E7%2596%2586%25E6%2597%2585%25E6%25B8%25B8%25E6%2599%25AF%25E7%2582%25B9&source=web_explore_feed,https://www.xiaohongshu.com/search_result/685249c7000000002002b493?xsec_token=ABpt6DYBSy-fd5Q0FaZmGV0E6YsHDRNlzw9qQIUYVs1h4=&xsec_source=,https://sns-webpic-qc.xhscdn.com/202603251945/cdfd03af6964b66ee3ba2b239dc777e0/notes_pre_post/1040g3k831is1h1kd14cg5n3p44dlu2je5f4k6k8!nc_n_webp_mw_1,495474aad82909ebe2abb95298d9d7145030c876e6be9a3fd13870f70491f2c4,https://www.xiaohongshu.com/search_result/685249c7000000002002b493?xsec_token=ABpt6DYBSy-fd5Q0FaZmGV0E6YsHDRNlzw9qQIUYVs1h4=&xsec_source=,否,否
小红书,小红书-新疆旅游景区.json,新疆旅游景区,新疆旅游景点,大美新疆，南疆北疆怎么选？,Yr,https://www.xiaohongshu.com/user/profile/5ac2375611be104daf0f023e?channel_type=web_search_result_notes&parent_page_channel_type=web_profile_board&xsec_token=ABABvEtzwUYYJb06J2vQQ12vVp3k_V8L57EVr6mx9mxBo=&xsec_source=pc_search,2025-04-05,2025-04-05,2026-03-25,275,275,https://www.xiaohongshu.com/search_result?keyword=%25E6%2596%25B0%25E7%2596%2586%25E6%2597%2585%25E6%25B8%25B8%25E6%2599%25AF%25E7%2582%25B9&source=web_explore_feed,https://www.xiaohongshu.com/search_result/67f10b0f000000000d0176fe?xsec_token=ABbWuuXZ5xh1TNgWQcHxpUAeYdxAViFMakJs_oyyBIUlc=&xsec_source=,https://sns-webpic-qc.xhscdn.com/202603251945/08a71d93e7c759ef7d4b0fe0448cc170/1040g2sg31ft2qs7og0704a47nlrlc0hukh9d6io!nc_n_webp_mw_1,53bb08b783296028c0e7e4ad90a984a63fa1847a7561de92d413fcc2489fb60d,https://www.xiaohongshu.com/search_result/67f10b0f000000000d0176fe?xsec_token=ABbWuuXZ5xh1TNgWQcHxpUAeYdxAViFMakJs_oyyBIUlc=&xsec_source=,否,否
小红书,小红书-新疆旅游景区.json,新疆旅游景区,新疆旅游景点,新疆之旅开启,Zoey曾,https://www.xiaohongshu.com/user/profile/584539df6a6a6979f20307c2?channel_type=web_search_result_notes&parent_page_channel_type=web_profile_board&xsec_token=AB1R2i1enWwMIcpZAEs7N0z27WVYxgNM5EjCJRZTVo66o=&xsec_source=pc_search,2025-04-24,2025-04-24,2026-03-25,1468,1468,https://www.xiaohongshu.com/search_result?keyword=%25E6%2596%25B0%25E7%2596%2586%25E6%2597%2585%25E6%25B8%25B8%25E6%2599%25AF%25E7%2582%25B9&source=web_explore_feed,https://www.xiaohongshu.com/search_result/680992ac000000000f03b7e1?xsec_token=ABs99AgTTk5-f-VZ4lG4O0MzkeBbR50QdKImakoH5FuW4=&xsec_source=,https://sns-webpic-qc.xhscdn.com/202603251945/0c84c1be578eee17dad56e5be603fbce/1040g2sg31gl1bpas3qf048ujv6stu1u2rnnrh9g!nc_n_webp_mw_1,a6da7252914bf262bf78c986ac309f29c0a30d276c6968e0bd3556e75ab379e8,https://www.xiaohongshu.com/search_result/680992ac000000000f03b7e1?xsec_token=ABs99AgTTk5-f-VZ4lG4O0MzkeBbR50QdKImakoH5FuW4=&xsec_source=,否,否
小红书,小红书-新疆旅游景区.json,新疆旅游景区,新疆旅游景点,乌鲁木齐最值得去的五个景点！,泰国出行-麦麦,https://www.xiaohongshu.com/user/profile/6892b4cd000000002802d4fb?channel_type=web_search_result_notes&parent_page_channel_type=web_profile_board&xsec_token=ABjBRWcR8B5FPw7dwjo3fCn5whk-uqO6RoS12__gElHNY=&xsec_source=pc_search,2025-08-11,2025-08-11,2026-03-25,18,18,https://www.xiaohongshu.com/search_result?keyword=%25E6%2596%25B0%25E7%2596%2586%25E6%2597%2585%25E6%25B8%25B8%25E6%2599%25AF%25E7%2582%25B9&source=web_explore_feed,https://www.xiaohongshu.com/search_result/68999573000000000403fe7b?xsec_token=ABbbY-lIxbOQc1c1jYzk1BNaIhapD7G3hNXoYiIFxB3HY=&xsec_source=,https://sns-webpic-qc.xhscdn.com/202603251945/6a6ec01be5e3cbe8a672b8a4c311f490/1040g2sg31l1kpl5134e05q4imj6q5l7rg2amp3g!nc_n_webp_mw_1,a618f1b988c8b1f60c6f751711a8ab2784925036608ad0a4b61ae158f6191baf,https://www.xiaohongshu.com/search_result/68999573000000000403fe7b?xsec_token=ABbbY-lIxbOQc1c1jYzk1BNaIhapD7G3hNXoYiIFxB3HY=&xsec_source=,否,否
小红书,小红书-新疆旅游景区.json,新疆旅游景区,新疆旅游景点,盘点6个新疆【不值得】去的景点,胡子大叔玩新疆,https://www.xiaohongshu.com/user/profile/5e17d8a10000000001005796?channel_type=web_search_result_notes&parent_page_channel_type=web_profile_board&xsec_token=ABXHB_618SbdeQBMCc3n_0tUczNkIYeg1vTJjLog5aE34=&xsec_source=pc_search,2025-06-06,2025-06-06,2026-03-25,2735,2735,https://www.xiaohongshu.com/search_result?keyword=%25E6%2596%25B0%25E7%2596%2586%25E6%2597%2585%25E6%25B8%25B8%25E6%2599%25AF%25E7%2582%25B9&source=web_explore_feed,https://www.xiaohongshu.com/search_result/6842c8aa00000000210094ef?xsec_token=ABkX1_GX8gyaln22kshi19ixSRChEgrrFKGScLIcz-kVc=&xsec_source=,https://sns-webpic-qc.xhscdn.com/202603251945/dcde0795efad8210b4e7c4c3ea40f924/spectrum/1040g0k031icsodv77s005ngnr2gg8lsmhqokfeg!nc_n_webp_mw_1,3ec391d86a53dc4f8bf37b0b6390da64fb91af78947b9529f0fe53573347cb59,https://www.xiaohongshu.com/search_result/6842c8aa00000000210094ef?xsec_token=ABkX1_GX8gyaln22kshi19ixSRChEgrrFKGScLIcz-kVc=&xsec_source=,否,否
小红书,小红书-新疆旅游景区.json,新疆旅游景区,新疆旅游景点,,TUTU旅行,https://www.xiaohongshu.com/user/profile/6119c642000000002002faf9?channel_type=web_search_result_notes&parent_page_channel_type=web_profile_board&xsec_token=ABHA99D6caIEz1kwdxIzU3t4oESJkKsXirjz5u4hOeUf8=&xsec_source=pc_search,2025-01-17,2025-01-17,2026-03-25,3.4万,34000,https://www.xiaohongshu.com/search_result?keyword=%25E6%2596%25B0%25E7%2596%2586%25E6%2597%2585%25E6%25B8%25B8%25E6%2599%25AF%25E7%2582%25B9&source=web_explore_feed,https://www.xiaohongshu.com/search_result/678a1fda000000000a0049d2?xsec_token=AB2tXR7ylvpeSORvxmUrMX1g4rAnt4sKAMG-UhR_nIw2M=&xsec_source=,https://sns-webpic-qc.xhscdn.com/202603251945/be29d6fc1719b22256467bb5ec0996f7/1040g00831coik3n9gu005o8pop185unp4j19ovo!nc_n_webp_mw_1,cb77a4c6d81cab663a7dfad99e18e0d41978dab60eac90c4dfe3720bcab4fa51,https://www.xiaohongshu.com/search_result/678a1fda000000000a0049d2?xsec_token=AB2tXR7ylvpeSORvxmUrMX1g4rAnt4sKAMG-UhR_nIw2M=&xsec_source=,是,否
小红书,小红书-新疆旅游景区.json,新疆旅游景区,新疆旅游景点,新疆到底有多美啊，你天天都想去。。。。,双柏,https://www.xiaohongshu.com/user/profile/65f7fa60000000000600f8a8?channel_type=web_search_result_notes&parent_page_channel_type=web_profile_board&xsec_token=ABhdl6MNeQL3gKyTWB89nbedyLaFQF5l_kWhyn2F8owPM=&xsec_source=pc_search,2025-03-25,2025-03-25,2026-03-25,25,25,https://www.xiaohongshu.com/search_result?keyword=%25E6%2596%25B0%25E7%2596%2586%25E6%2597%2585%25E6%25B8%25B8%25E6%2599%25AF%25E7%2582%25B9&source=web_explore_feed,https://www.xiaohongshu.com/search_result/67e2559f00000000070371dd?xsec_token=ABQiTv55Kwxlnf6UiWNO9RVhR0XrbrODkvbOFRgZBJqvU=&xsec_source=,https://sns-webpic-qc.xhscdn.com/202603251946/a8bde4b6a3db00d1067ef250af44c38e/1040g2sg31femvm406adg5pfnv9g1hu584dnac98!nc_n_webp_mw_1,002f4089a07be9b0c9733b2dfec0a1a4d026154c3f71cdbc5e8799eef303ab94,https://www.xiaohongshu.com/search_result/67e2559f00000000070371dd?xsec_token=ABQiTv55Kwxlnf6UiWNO9RVhR0XrbrODkvbOFRgZBJqvU=&xsec_source=,否,否
小红书,小红书-新疆旅游景区.json,新疆旅游景区,新疆旅游景点,,红柳8088,https://www.xiaohongshu.com/user/profile/604fee4a0000000001007533?channel_type=web_search_result_notes&parent_page_channel_type=web_profile_board&xsec_token=AB7qayDIKGNYjq0tv3LqlBpPHRSuuN-ccFUqbYs8ECSYU=&xsec_source=pc_search,2024-11-26,2024-11-26,2026-03-25,53,53,https://www.xiaohongshu.com/search_result?keyword=%25E6%2596%25B0%25E7%2596%2586%25E6%2597%2585%25E6%25B8%25B8%25E6%2599%25AF%25E7%2582%25B9&source=web_explore_feed,https://www.xiaohongshu.com/search_result/6745c6830000000006014b94?xsec_token=ABU2RzOF4nKYD-mI5qycVOMNgJB-anGifhVfCVuoOgj20=&xsec_source=,https://sns-webpic-qc.xhscdn.com/202603251946/6692535ca84f3c371dc52a6b67f1ba60/1040g00831alqn87nnc005o2ftp508t9jd2mrq1g!nc_n_webp_mw_1,99d892949e4a0b12b0df5268a7666b59008e9e8952f93b808bf6400b1e6562bc,https://www.xiaohongshu.com/search_result/6745c6830000000006014b94?xsec_token=ABU2RzOF4nKYD-mI5qycVOMNgJB-anGifhVfCVuoOgj20=&xsec_source=,是,否
小红书,小红书-新疆旅游景区.json,新疆旅游景区,新疆旅游景点,,小宇睡不着,https://www.xiaohongshu.com/user/profile/62ddfc43000000001e01d5c0?channel_type=web_search_result_notes&parent_page_channel_type=web_profile_board&xsec_token=AB_P8ZMdzGNfbIKR54T62g2_VjfiEyNXx0HpZW3W6X3WU=&xsec_source=pc_search,2025-04-16,2025-04-16,2026-03-25,7.7万,77000,https://www.xiaohongshu.com/search_result?keyword=%25E6%2596%25B0%25E7%2596%2586%25E6%2597%2585%25E6%25B8%25B8%25E6%2599%25AF%25E7%2582%25B9&source=web_explore_feed,https://www.xiaohongshu.com/search_result/67e7fa48000000001d03ae83?xsec_token=AB6L3caqi9RMIq0uVXg5UgaGIOyKUCdQdGDeu8CKlRCjk=&xsec_source=,https://sns-webpic-qc.xhscdn.com/202603251946/9c3b6974d8d6c78fb322959d3e6515e3/1040g2sg31fk7h84l04005omtvh1njle03354tkg!nc_n_webp_mw_1,e8349655b281be496b715d66475fb6ce09d1701fb1efceef0d47dec2167c77eb,https://www.xiaohongshu.com/search_result/67e7fa48000000001d03ae83?xsec_token=AB6L3caqi9RMIq0uVXg5UgaGIOyKUCdQdGDeu8CKlRCjk=&xsec_source=,是,否
小红书,小红书-新疆旅游景区.json,新疆旅游景区,新疆旅游景点,接下来来新疆必玩的九个景点,跟着阿丞去旅行,https://www.xiaohongshu.com/user/profile/62e37398000000001f0071da?channel_type=web_search_result_notes&parent_page_channel_type=web_profile_board&xsec_token=ABJBoJdPjMYvOAuz91nwVyYfv8uF595a7jj1TZBKaqZtI=&xsec_source=pc_search,03-08,2026-03-08,2026-03-25,8,8,https://www.xiaohongshu.com/search_result?keyword=%25E6%2596%25B0%25E7%2596%2586%25E6%2597%2585%25E6%25B8%25B8%25E6%2599%25AF%25E7%2582%25B9&source=web_explore_feed,https://www.xiaohongshu.com/search_result/69abfb36000000001a026231?xsec_token=ABKnZ0VX7FR56NBc46AvZI5uXc8iHlVrETwhWHdq-hVfU=&xsec_source=,https://sns-webpic-qc.xhscdn.com/202603251946/73f62db510c44083b1e54fd5e8d1d0cb/spectrum/1040g34o31tdkl33ame105on3eec7oseq7knt6cg!nc_n_webp_mw_1,3fa3f5e7f5dbef4520e21beef8a53ae998a76e3af6fb66c05cadb68d76a55f2c,https://www.xiaohongshu.com/search_result/69abfb36000000001a026231?xsec_token=ABKnZ0VX7FR56NBc46AvZI5uXc8iHlVrETwhWHdq-hVfU=&xsec_source=,否,否
小红书,小红书-新疆旅游景区.json,新疆旅游景区,新疆旅游景点,,,,,,2026-03-25,,0,https://www.xiaohongshu.com/search_result?keyword=%25E6%2596%25B0%25E7%2596%2586%25E6%2597%2585%25E6%25B8%25B8%25E6%2599%25AF%25E7%2582%25B9&source=web_explore_feed,,http://sns-na-i4.xhscdn.com/1040g2sg31has7amp42e05pstm27inljegqo9tlg?imageView2/1/h/132/w/480/format/jpg&ap=5&sc=HOT_QRY&sign=54ba428d072f9755f4e7e4f96a0bef5e&t=69c3caf9&origin=0,7a8ea421666a7cf5cdf16854240a891c6d5c3c49314c41df57a19e720c7db060,4c558c2fab7220c4009d5fc131da1acb45616ea232b5d7fd7b35c5bbfc4f6825,是,是
小红书,小红书-新疆旅游景区.json,新疆旅游景区,新疆旅游景点,,小红薯65F4CB9A,https://www.xiaohongshu.com/user/profile/65f3d4de000000000500ca0e?channel_type=web_search_result_notes&parent_page_channel_type=web_profile_board&xsec_token=AB6lOnlxUNzUKUEUZYAhLN7ck0CFOzXxqES97QjsvdFtg=&xsec_source=pc_search,03-10,2026-03-10,2026-03-25,赞,0,https://www.xiaohongshu.com/search_result?keyword=%25E6%2596%25B0%25E7%2596%2586%25E6%2597%2585%25E6%25B8%25B8%25E6%2599%25AF%25E7%2582%25B9&source=web_explore_feed,https://www.xiaohongshu.com/search_result/69af76dc000000001a02d0c6?xsec_token=AB7ipyvfzROKRbcm1Dz8AAZuJUDGqcpTyK4n4gfNV98MM=&xsec_source=,https://sns-webpic-qc.xhscdn.com/202603251946/b205cb2cfbdfce5b3c3c979d9b438593/1040g2sg31th1fcbjlmkg5pfjqjf19iged256ut0!nc_n_webp_mw_1,d64cf8a8879db8e2fa0aae4cd328eefc02a7d02b3dcce8c6d15879d795ab401f,https://www.xiaohongshu.com/search_result/69af76dc000000001a02d0c6?xsec_token=AB7ipyvfzROKRbcm1Dz8AAZuJUDGqcpTyK4n4gfNV98MM=&xsec_source=,是,否
小红书,小红书-新疆旅游景区.json,新疆旅游景区,新疆旅游景点,新疆博州旅游攻略来啦～❤️,小鸡仔🐣环游世界🌍,https://www.xiaohongshu.com/user/profile/5ef4ea0d000000000101fe79?channel_type=web_search_result_notes&parent_page_channel_type=web_profile_board&xsec_token=AB-1f03BXnFTava0Yu9aC7v64f9AQLUaMhu621jLc0f_I=&xsec_source=pc_search,2025-07-29,2025-07-29,2026-03-25,30,30,https://www.xiaohongshu.com/search_result?keyword=%25E6%2596%25B0%25E7%2596%2586%25E6%2597%2585%25E6%25B8%25B8%25E6%2599%25AF%25E7%2582%25B9&source=web_explore_feed,https://www.xiaohongshu.com/search_result/6888c50c000000000400076e?xsec_token=ABYmVshdDGkNs5HzMwDNGpIk2SkW358lXqQRIZtn6fCwk=&xsec_source=,https://sns-webpic-qc.xhscdn.com/202603251946/aae47a5d4e4ce0cc9542ed5dda961a3d/notes_pre_post/1040g3k831kh88jllj2705nnkt86gbvjp19tboeg!nc_n_webp_mw_1,f7c7333ce91a7eeda189b7171696535257f4759aa0b6dcda40101a1f7abe8c57,https://www.xiaohongshu.com/search_result/6888c50c000000000400076e?xsec_token=ABYmVshdDGkNs5HzMwDNGpIk2SkW358lXqQRIZtn6fCwk=&xsec_source=,否,否
小红书,小红书-新疆旅游景区.json,新疆旅游景区,新疆旅游景点,,拾柒里,https://www.xiaohongshu.com/user/profile/67d24e28000000000a03e89d?channel_type=web_search_result_notes&parent_page_channel_type=web_profile_board&xsec_token=ABaqS66IK-Np8o4K1H-C0mJ7QO8w10Bvp10FpA8MwxtDU=&xsec_source=pc_search,02-20,2026-02-20,2026-03-25,10,10,https://www.xiaohongshu.com/search_result?keyword=%25E6%2596%25B0%25E7%2596%2586%25E6%2597%2585%25E6%25B8%25B8%25E6%2599%25AF%25E7%2582%25B9&source=web_explore_feed,https://www.xiaohongshu.com/search_result/6997f6fd0000000015021bf6?xsec_token=ABLSdqmghbA2ZZdmQMbp8ycn0SWOlqGHxeHgjUkC4M_Ds=&xsec_source=,https://sns-webpic-qc.xhscdn.com/202603251946/0bdada7073d5aca041ba1079c2c56f4e/217/0/01e997f6b348d92f0010000000019c799bbde7_0.jpg!nc_n_webp_mw_1,57ba420c58b5f20278bfc342ec11f85aec495db734a09f1b920c768e30c85dc7,https://www.xiaohongshu.com/search_result/6997f6fd0000000015021bf6?xsec_token=ABLSdqmghbA2ZZdmQMbp8ycn0SWOlqGHxeHgjUkC4M_Ds=&xsec_source=,是,否
小红书,小红书-新疆旅游景区.json,新疆旅游景区,新疆旅游景点,,新疆旅游接待小瑾,https://www.xiaohongshu.com/user/profile/67d38a8a0000000010024616?channel_type=web_search_result_notes&parent_page_channel_type=web_profile_board&xsec_token=AB_UkDJ4OAaLbu95PpaThzwLz3wAUovNtizQzu-aAdifM=&xsec_source=pc_search,5天前,2026-03-20,2026-03-25,84,84,https://www.xiaohongshu.com/search_result?keyword=%25E6%2596%25B0%25E7%2596%2586%25E6%2597%2585%25E6%25B8%25B8%25E6%2599%25AF%25E7%2582%25B9&source=web_explore_feed,https://www.xiaohongshu.com/search_result/69bd0909000000001d01f883?xsec_token=ABx7nDF0_zUeWbV3fpeG5hcmK_DfS1VnmlGA4xjKsB9Yw=&xsec_source=,https://sns-webpic-qc.xhscdn.com/202603251946/486cee553874b14fb98ed64330403612/1040g2sg31tu9io7918k05pujha544hgmibckkv8!nc_n_webp_mw_1,8ee64de828712e602b12f00efe796f4fe8b7aed2a0d66017b4d85470a034ce3b,https://www.xiaohongshu.com/search_result/69bd0909000000001d01f883?xsec_token=ABx7nDF0_zUeWbV3fpeG5hcmK_DfS1VnmlGA4xjKsB9Yw=&xsec_source=,是,否
小红书,小红书-新疆旅游景区.json,新疆旅游景区,新疆旅游景点,,拾柒里,https://www.xiaohongshu.com/user/profile/67d24e28000000000a03e89d?channel_type=web_search_result_notes&parent_page_channel_type=web_profile_board&xsec_token=ABaqS66IK-Np8o4K1H-C0mJ7QO8w10Bvp10FpA8MwxtDU=&xsec_source=pc_search,03-04,2026-03-04,2026-03-25,95,95,https://www.xiaohongshu.com/search_result?keyword=%25E6%2596%25B0%25E7%2596%2586%25E6%2597%2585%25E6%25B8%25B8%25E6%2599%25AF%25E7%2582%25B9&source=web_explore_feed,https://www.xiaohongshu.com/search_result/69a78d7b0000000026032de4?xsec_token=ABagRB3Ju7gRZFrD2i1d4WbwHcyRrXSJDr5_W9xRXvo5E=&xsec_source=,https://sns-webpic-qc.xhscdn.com/202603251946/16e353a42ca48a1d05a7865a8671494f/217/0/01e9a78d382ff9d40010000000019cb67fb047_0.jpg!nc_n_webp_mw_1,03db251d5b7c54683c4395365fd56b60227853aadcbdd8d091507144be64e49c,https://www.xiaohongshu.com/search_result/69a78d7b0000000026032de4?xsec_token=ABagRB3Ju7gRZFrD2i1d4WbwHcyRrXSJDr5_W9xRXvo5E=&xsec_source=,是,否
小红书,小红书-新疆旅游景区.json,新疆旅游景区,新疆旅游景点,新疆最美6大湖泊你去过了吗,走不丢,https://www.xiaohongshu.com/user/profile/66e3dd75000000001d021ec7?channel_type=web_search_result_notes&parent_page_channel_type=web_profile_board&xsec_token=AB58aDRGgcKRaCfiIk0qepfnQTRkhA3FnK_G-iR2vsg7w=&xsec_source=pc_search,2025-08-10,2025-08-10,2026-03-25,42,42,https://www.xiaohongshu.com/search_result?keyword=%25E6%2596%25B0%25E7%2596%2586%25E6%2597%2585%25E6%25B8%25B8%25E6%2599%25AF%25E7%2582%25B9&source=web_explore_feed,https://www.xiaohongshu.com/search_result/6898422100000000230381bf?xsec_token=AB9blazuDS1_SW0EMWKYwRi6l_5pHhIGX5y4O-0kQkpoY=&xsec_source=,https://sns-webpic-qc.xhscdn.com/202603251946/42f3f99033364bded17b2bb3ec460d8b/1040g2sg31l0c81pm2ujg5pn3rlqnc7m7efqgkbg!nc_n_webp_mw_1,60d3ceff11382d3a84d6703d80730f572414baab2a9c0defb85363d4227d2671,https://www.xiaohongshu.com/search_result/6898422100000000230381bf?xsec_token=AB9blazuDS1_SW0EMWKYwRi6l_5pHhIGX5y4O-0kQkpoY=&xsec_source=,否,否
小红书,小红书-新疆旅游景区.json,新疆旅游景区,新疆旅游景点,来新疆旅游不用避雷的目的地——那拉提,吃游大世界,https://www.xiaohongshu.com/user/profile/5b719a57f3d016000140d813?channel_type=web_search_result_notes&parent_page_channel_type=web_profile_board&xsec_token=ABrAxTsBrLwA5Qev-DZUxq5I9r2B5NXR1ddjvEbs08b6Q=&xsec_source=pc_search,2024-09-30,2024-09-30,2026-03-25,2107,2107,https://www.xiaohongshu.com/search_result?keyword=%25E6%2596%25B0%25E7%2596%2586%25E6%2597%2585%25E6%25B8%25B8%25E6%2599%25AF%25E7%2582%25B9&source=web_explore_feed,https://www.xiaohongshu.com/search_result/66fa95a6000000001a023354?xsec_token=ABEqxB_ad87bw4ay_6MWJCMqROKpHqcUUNC3FSC0Rsrwg=&xsec_source=,https://sns-webpic-qc.xhscdn.com/202603251946/05c3a8d74225ee6a326b90f80036005c/1040g2sg318cd0cjhgq704adphpd5fm0jh2sp2s8!nc_n_webp_mw_1,c85607c40504e84de52b10d76cf6ebd905408487419882ebdf0ba459ac4149f8,https://www.xiaohongshu.com/search_result/66fa95a6000000001a023354?xsec_token=ABEqxB_ad87bw4ay_6MWJCMqROKpHqcUUNC3FSC0Rsrwg=&xsec_source=,否,否
小红书,小红书-新疆旅游景区.json,新疆旅游景区,新疆旅游景点,🌿伊眼万蓝8日游，解锁新疆的N种方式‼️,趣旅-奶茶小ju,https://www.xiaohongshu.com/user/profile/68789edc000000001b019a58?channel_type=web_search_result_notes&parent_page_channel_type=web_profile_board&xsec_token=ABVGjSymSKIVuFvx6hwBiRdnW-u-FgL6vZkKr6AyfCLck=&xsec_source=pc_search,1天前,2026-03-24,2026-03-25,3,3,https://www.xiaohongshu.com/search_result?keyword=%25E6%2596%25B0%25E7%2596%2586%25E6%2597%2585%25E6%25B8%25B8%25E6%2599%25AF%25E7%2582%25B9&source=web_explore_feed,https://www.xiaohongshu.com/search_result/69c22d39000000001e00c333?xsec_token=ABAuN-uMyHf13iXQtcesaQUiPEYpcDl3yXPd1xqAJZQG0=&xsec_source=,https://sns-webpic-qc.xhscdn.com/202603251946/31aa608f4455e6b3a352b86c68e9049a/notes_pre_post/1040g3k031u3a82q82o605q3ojre6r6io7k26p2g!nc_n_webp_mw_1,5380fbe8f4d5fc34d45ee02041645c25b84ccfcd9afdaa17eb277ded7665a272,https://www.xiaohongshu.com/search_result/69c22d39000000001e00c333?xsec_token=ABAuN-uMyHf13iXQtcesaQUiPEYpcDl3yXPd1xqAJZQG0=&xsec_source=,否,否
小红书,小红书-新疆旅游景区.json,新疆旅游景区,新疆旅游景点,新疆的正确玩法🚗🚗🚗,吴一,https://www.xiaohongshu.com/user/profile/5b6d37dc6b58b7119123d696?channel_type=web_search_result_notes&parent_page_channel_type=web_profile_board&xsec_token=ABgX5eLvR8lfYwLgJ4UVcfYvHciqWiK5blZ13WY8lTuh0=&xsec_source=pc_search,3天前,2026-03-22,2026-03-25,赞,0,https://www.xiaohongshu.com/search_result?keyword=%25E6%2596%25B0%25E7%2596%2586%25E6%2597%2585%25E6%25B8%25B8%25E6%2599%25AF%25E7%2582%25B9&source=web_explore_feed,https://www.xiaohongshu.com/search_result/69bfc0a6000000002302309c?xsec_token=ABCqUKelMSCKMCxkEYIRl5HBQJHvBbBAqOzfQxIakUdfs=&xsec_source=,https://sns-webpic-qc.xhscdn.com/202603251946/3048df6a91b1c5cdf997dd1764ffc467/notes_pre_post/1040g3k831u0ue8b71a704abve3rtplkmrcsvo1g!nc_n_webp_mw_1,d0005ac9ae1e528621aa7bdd703a77577714b42122a31f01cce2a52c8bd5a8ec,https://www.xiaohongshu.com/search_result/69bfc0a6000000002302309c?xsec_token=ABCqUKelMSCKMCxkEYIRl5HBQJHvBbBAqOzfQxIakUdfs=&xsec_source=,否,否
小红书,小红书-新疆旅游景区.json,新疆旅游景区,新疆旅游景点,,拾柒里,https://www.xiaohongshu.com/user/profile/67d24e28000000000a03e89d?channel_type=web_search_result_notes&parent_page_channel_type=web_profile_board&xsec_token=ABaqS66IK-Np8o4K1H-C0mJ7QO8w10Bvp10FpA8MwxtDU=&xsec_source=pc_search,03-17,2026-03-17,2026-03-25,20,20,https://www.xiaohongshu.com/search_result?keyword=%25E6%2596%25B0%25E7%2596%2586%25E6%2597%2585%25E6%25B8%25B8%25E6%2599%25AF%25E7%2582%25B9&source=web_explore_feed,https://www.xiaohongshu.com/search_result/69b8b26d0000000023016f42?xsec_token=ABd5Za_vky-CEvxpNpzXXO3rKAS15VnsHGnRp6C0yZEFs=&xsec_source=,https://sns-webpic-qc.xhscdn.com/202603251946/56f8295746a0adfe6f4398e3bce106ca/spectrum/1040g34o31tq1vo6pmo105pui9ok2nq4ta8dijg0!nc_n_webp_mw_1,88a845e0babb0ee1561775888f1d83026cb5a57ee780c3fd2bce916941272b57,https://www.xiaohongshu.com/search_result/69b8b26d0000000023016f42?xsec_token=ABd5Za_vky-CEvxpNpzXXO3rKAS15VnsHGnRp6C0yZEFs=&xsec_source=,是,否
小红书,小红书-新疆旅游景区.json,新疆旅游景区,新疆旅游景点,📍新疆 乌鲁木齐｜打开乌苏开启南疆大环线｜,LEO的红书,https://www.xiaohongshu.com/user/profile/5c5ce29c000000001a00c735?channel_type=web_search_result_notes&parent_page_channel_type=web_profile_board&xsec_token=ABVMxw1OsOHFLEZ5H65K6S0v6lGXD6qLNCGlwj0E0vYJs=&xsec_source=pc_search,2025-07-01,2025-07-01,2026-03-25,36,36,https://www.xiaohongshu.com/search_result?keyword=%25E6%2596%25B0%25E7%2596%2586%25E6%2597%2585%25E6%25B8%25B8%25E6%2599%25AF%25E7%2582%25B9&source=web_explore_feed,https://www.xiaohongshu.com/search_result/685eafd500000000240090e9?xsec_token=AB27uU-IMGJcgdNpTkby_jSfJJa1gqwt7glsAqKbr_DpU=&xsec_source=,https://sns-webpic-qc.xhscdn.com/202603251946/7724b8f5f18472a14ef79d0d3cde9dfe/1040g2sg31jdaidmij0005n2ssae6hhplqb7b85g!nc_n_webp_mw_1,5c35a3dc5897757207d7d1cbf519aa32ad1aafc474826f7442c845a7f9d04f32,https://www.xiaohongshu.com/search_result/685eafd500000000240090e9?xsec_token=AB27uU-IMGJcgdNpTkby_jSfJJa1gqwt7glsAqKbr_DpU=&xsec_source=,否,否
小红书,小红书-新疆旅游景区.json,新疆旅游景区,新疆旅游景点,乌鲁木齐一日游,流氓兔～,https://www.xiaohongshu.com/user/profile/6170a299000000000201acea?channel_type=web_search_result_notes&parent_page_channel_type=web_profile_board&xsec_token=ABAejDqVPfF0a-QGU2rqrOc1GGLCv4NJy__31yleCv2IM=&xsec_source=pc_search,2025-02-03,2025-02-03,2026-03-25,4884,4884,https://www.xiaohongshu.com/search_result?keyword=%25E6%2596%25B0%25E7%2596%2586%25E6%2597%2585%25E6%25B8%25B8%25E6%2599%25AF%25E7%2582%25B9&source=web_explore_feed,https://www.xiaohongshu.com/search_result/67a0beb90000000017038f93?xsec_token=ABrqAgeZInwVpvObvcDYRRQmre9YsQMmzVYdmx5I59A6s=&xsec_source=,https://sns-webpic-qc.xhscdn.com/202603251946/e0ad88ea87c192a89b22b59a3c20c815/1040g00831delgqv610005obgkacgjb7adh07km0!nc_n_webp_mw_1,f91f5fbb0cf575748c874f83eb939829a4399d9dd1109a18d6c8217a50884c0b,https://www.xiaohongshu.com/search_result/67a0beb90000000017038f93?xsec_token=ABrqAgeZInwVpvObvcDYRRQmre9YsQMmzVYdmx5I59A6s=&xsec_source=,否,否
小红书,小红书-新疆旅游景区.json,新疆旅游景区,新疆旅游景点,99％的人都不知道的新疆小众秘境！,漫风行新疆旅游定制,https://www.xiaohongshu.com/user/profile/674d2614000000001c01aedd?channel_type=web_search_result_notes&parent_page_channel_type=web_profile_board&xsec_token=ABFwnq18dmnDQt_FgJYpE3n6SPrxUcvEPipKhKdT2d3Hw=&xsec_source=pc_search,2025-03-06,2025-03-06,2026-03-25,100,100,https://www.xiaohongshu.com/search_result?keyword=%25E6%2596%25B0%25E7%2596%2586%25E6%2597%2585%25E6%25B8%25B8%25E6%2599%25AF%25E7%2582%25B9&source=web_explore_feed,https://www.xiaohongshu.com/search_result/67c97eea000000002901478b?xsec_token=ABDVpqBeqKvKYSBntm5wvaVEDsaD7cBA-p9hWUt4GERBA=&xsec_source=,https://sns-webpic-qc.xhscdn.com/202603251946/1be18c91fd58188954c563d8827df678/spectrum/1040g0k031emem1faks1g5pqd4oa73bmtvudo3fg!nc_n_webp_mw_1,2d53c235bfd0c354636230b2aec52a26372b81eb2048fb0e54b7e2bea24e337d,https://www.xiaohongshu.com/search_result/67c97eea000000002901478b?xsec_token=ABDVpqBeqKvKYSBntm5wvaVEDsaD7cBA-p9hWUt4GERBA=&xsec_source=,否,否
小红书,小红书-新疆旅游景区.json,新疆旅游景区,新疆旅游景点,新疆到底去北疆还是南疆？别再瞎选了！,快看那只草莓熊,https://www.xiaohongshu.com/user/profile/662b3a6c000000000303060a?channel_type=web_search_result_notes&parent_page_channel_type=web_profile_board&xsec_token=ABfe8cu9rhY1fXrMjzMDWH_IykKPhOLWARR6Zx5LRqWZg=&xsec_source=pc_search,2天前,2026-03-23,2026-03-25,5,5,https://www.xiaohongshu.com/search_result?keyword=%25E6%2596%25B0%25E7%2596%2586%25E6%2597%2585%25E6%25B8%25B8%25E6%2599%25AF%25E7%2582%25B9&source=web_explore_feed,https://www.xiaohongshu.com/search_result/69c0e130000000001a0312b0?xsec_token=ABXGtA7vIJAZGe07r2UGg1nN1cME-R5aMwgFZNoN96qHc=&xsec_source=,https://sns-webpic-qc.xhscdn.com/202603251946/2035290c04f28f4b95f8f54984705d10/spectrum/1040g0k031u21fuu5h8005phb79m0u1ga0o4jmo8!nc_n_webp_mw_1,a7eb7f2cecdb9f49edf42c2547b21799e682244ad8eb372d4c9defe94f175837,https://www.xiaohongshu.com/search_result/69c0e130000000001a0312b0?xsec_token=ABXGtA7vIJAZGe07r2UGg1nN1cME-R5aMwgFZNoN96qHc=&xsec_source=,否,否
小红书,小红书-新疆旅游景区.json,新疆旅游景区,新疆旅游景点,是阿勒泰的夏天啊,Less📷,https://www.xiaohongshu.com/user/profile/60ed562f0000000001007f8f?channel_type=web_search_result_notes&parent_page_channel_type=web_profile_board&xsec_token=AB7xEGJFtXE03SXPRpyYrL5LIcA4PwoBC_8M4LU1zl-4Y=&xsec_source=pc_search,2025-05-26,2025-05-26,2026-03-25,4766,4766,https://www.xiaohongshu.com/search_result?keyword=%25E6%2596%25B0%25E7%2596%2586%25E6%2597%2585%25E6%25B8%25B8%25E6%2599%25AF%25E7%2582%25B9&source=web_explore_feed,https://www.xiaohongshu.com/search_result/68305217000000002202ca56?xsec_token=ABg_JYvT9JRyRkmljrcwXxZsLN-Q8ryuuu1TI23nVTC7k=&xsec_source=,https://sns-webpic-qc.xhscdn.com/202603251946/d0fb06378b75563c1b66b9052d14332f/1040g2sg31hqs82t2j8e05o7daong8vsf98jads0!nc_n_webp_mw_1,375fbee9cee5c987c0edc85756890eeb39d90bb8c36b3c8d9bdd8e19453ff635,https://www.xiaohongshu.com/search_result/68305217000000002202ca56?xsec_token=ABg_JYvT9JRyRkmljrcwXxZsLN-Q8ryuuu1TI23nVTC7k=&xsec_source=,否,否
小红书,小红书-新疆旅游景区.json,新疆旅游景区,新疆旅游景点,,新疆马上出发旅行社,https://www.xiaohongshu.com/user/profile/66e04431000000001d033f9f?channel_type=web_search_result_notes&parent_page_channel_type=web_profile_board&xsec_token=ABf6iT22JZXrjvU_fBOckpSue6fog0BplLvRp13AuokDc=&xsec_source=pc_search,3天前,2026-03-22,2026-03-25,6,6,https://www.xiaohongshu.com/search_result?keyword=%25E6%2596%25B0%25E7%2596%2586%25E6%2597%2585%25E6%25B8%25B8%25E6%2599%25AF%25E7%2582%25B9&source=web_explore_feed,https://www.xiaohongshu.com/search_result/69bf98100000000022024a05?xsec_token=ABCqUKelMSCKMCxkEYIRl5HKLdIEb_sf_1sO7HXo0kONo=&xsec_source=,https://sns-webpic-qc.xhscdn.com/202603251946/e4b86bf121cfebcd3fe18df77c4c06e1/spectrum/1040g0k031u0phggf0s005pn08gonefsv9lehhfg!nc_n_webp_mw_1,b416e2db7b73bb2945be1f9051df81088acfb0859bd452ef79861e991ec72df1,https://www.xiaohongshu.com/search_result/69bf98100000000022024a05?xsec_token=ABCqUKelMSCKMCxkEYIRl5HKLdIEb_sf_1sO7HXo0kONo=&xsec_source=,是,否
小红书,小红书-新疆旅游景区.json,新疆旅游景区,新疆旅游景点,新疆自然景观必玩点推荐,漫游札记,https://www.xiaohongshu.com/user/profile/67c674ac000000000a03dc1d?channel_type=web_search_result_notes&parent_page_channel_type=web_profile_board&xsec_token=ABZuc-uxv1Ltz_dKkTeMPY0FwFkpLBD5T1ebeVsA3tvKo=&xsec_source=pc_search,2025-03-05,2025-03-05,2026-03-25,61,61,https://www.xiaohongshu.com/search_result?keyword=%25E6%2596%25B0%25E7%2596%2586%25E6%2597%2585%25E6%25B8%25B8%25E6%2599%25AF%25E7%2582%25B9&source=web_explore_feed,https://www.xiaohongshu.com/search_result/67c7b8c60000000029019e99?xsec_token=AB69rTn0jWlriZ9U-l2MGb6Ns5yZHT0w4AErTXZuw7nFI=&xsec_source=,https://sns-webpic-qc.xhscdn.com/202603251946/e25c312e5a15c28080a45e72355f90c7/1040g2sg31eknhd0e12c05pu6eim2nn0tihmnsk8!nc_n_webp_mw_1,90107c4a508c41dcfa81491affaf3e9b86cfdbb40c67c73d0a2475a56dc63318,https://www.xiaohongshu.com/search_result/67c7b8c60000000029019e99?xsec_token=AB69rTn0jWlriZ9U-l2MGb6Ns5yZHT0w4AErTXZuw7nFI=&xsec_source=,否,否
小红书,小红书-新疆旅游景区.json,新疆旅游景区,新疆旅游景点,美到犯规的新疆宣传片～,YC星辰,https://www.xiaohongshu.com/user/profile/5feebb0000000000010072ec?channel_type=web_search_result_notes&parent_page_channel_type=web_profile_board&xsec_token=AB02w3vfAHcguSlh2Mq3fuxzpd_qcpneI0wULOGcLuu7k=&xsec_source=pc_search,2025-05-30,2025-05-30,2026-03-25,23,23,https://www.xiaohongshu.com/search_result?keyword=%25E6%2596%25B0%25E7%2596%2586%25E6%2597%2585%25E6%25B8%25B8%25E6%2599%25AF%25E7%2582%25B9&source=web_explore_feed,https://www.xiaohongshu.com/search_result/6839c20b0000000020029073?xsec_token=ABUK2m2xdZhdrH3a4UUmG2u1Er2yh_W_N-zNEPZUmf9ZQ=&xsec_source=,https://sns-webpic-qc.xhscdn.com/202603251946/f4fccecbe24498b9871aef4226c84da4/notes_pre_post/1040g3k031i42hu9r702g5nvenc008sncer0ngj0!nc_n_webp_mw_1,604717f13fab0117ef00879126a297eba3deacd315a8233cc9c38e0bb28f40b1,https://www.xiaohongshu.com/search_result/6839c20b0000000020029073?xsec_token=ABUK2m2xdZhdrH3a4UUmG2u1Er2yh_W_N-zNEPZUmf9ZQ=&xsec_source=,否,否
小红书,小红书-新疆旅游景区.json,新疆旅游景区,新疆旅游景点,,小草 | 新疆自驾游,https://www.xiaohongshu.com/user/profile/67b2e871000000000e01fca1?channel_type=web_search_result_notes&parent_page_channel_type=web_profile_board&xsec_token=ABfBXZQeNXemj_YkeF7hYghzgwn3RHkEgO9KLze9xAIRI=&xsec_source=pc_search,2025-07-24,2025-07-24,2026-03-25,11,11,https://www.xiaohongshu.com/search_result?keyword=%25E6%2596%25B0%25E7%2596%2586%25E6%2597%2585%25E6%25B8%25B8%25E6%2599%25AF%25E7%2582%25B9&source=web_explore_feed,https://www.xiaohongshu.com/search_result/6880837600000000200198cf?xsec_token=ABzpBHDHoDpC680tjuBqgj15omJM2qBqLwQexXWCsElzc=&xsec_source=,https://sns-webpic-qc.xhscdn.com/202603251946/29bfc9b02cbe9f1b4f9fab9323e3acd8/spectrum/1040g34o31k9683kfia0g5ptit1ojjv514lsncf8!nc_n_webp_mw_1,27f5a09ee7fdcdb74304fe95ebc03f66278cb242730215edd29dd39e86860223,https://www.xiaohongshu.com/search_result/6880837600000000200198cf?xsec_token=ABzpBHDHoDpC680tjuBqgj15omJM2qBqLwQexXWCsElzc=&xsec_source=,是,否
小红书,小红书-新疆旅游景区.json,新疆旅游景区,新疆旅游景点,,旅游大师,https://www.xiaohongshu.com/user/profile/6729b5f9000000001d02e502?channel_type=web_search_result_notes&parent_page_channel_type=web_profile_board&xsec_token=AB1i5E_Mu60oWMDKSF0cu4qg12n0nba-8q8GyGu-SsuHQ=&xsec_source=pc_search,02-27,2026-02-27,2026-03-25,18,18,https://www.xiaohongshu.com/search_result?keyword=%25E6%2596%25B0%25E7%2596%2586%25E6%2597%2585%25E6%25B8%25B8%25E6%2599%25AF%25E7%2582%25B9&source=web_explore_feed,https://www.xiaohongshu.com/search_result/69a16585000000001a02d409?xsec_token=ABzo33lKsAwNNlfJ0xpBEO4yE6DgbEDrB0k_WugaebbjI=&xsec_source=,https://sns-webpic-qc.xhscdn.com/202603251946/1c5154822a91d45e65ae055fe22c60c6/1040g00831t39qmo2lk005pp9mnsndp824d08j50!nc_n_webp_mw_1,7b523faa8cf0146c99f1391904a9f6b96384f4094042d204018539ba599b846f,https://www.xiaohongshu.com/search_result/69a16585000000001a02d409?xsec_token=ABzo33lKsAwNNlfJ0xpBEO4yE6DgbEDrB0k_WugaebbjI=&xsec_source=,是,否
小红书,小红书-新疆旅游景区.json,新疆旅游景区,新疆旅游景点,本以为赛里木湖够美了❗️直到我来到那拉提,蓝屿BISLAND,https://www.xiaohongshu.com/user/profile/5bc452f434bfed00018574a4?channel_type=web_search_result_notes&parent_page_channel_type=web_profile_board&xsec_token=ABcxe_73t1jW2teYXrpCYBWv86ink68Tp5C-TsqGBaXlY=&xsec_source=pc_search,2025-06-08,2025-06-08,2026-03-25,1832,1832,https://www.xiaohongshu.com/search_result?keyword=%25E6%2596%25B0%25E7%2596%2586%25E6%2597%2585%25E6%25B8%25B8%25E6%2599%25AF%25E7%2582%25B9&source=web_explore_feed,https://www.xiaohongshu.com/search_result/6844f970000000002001ef3f?xsec_token=ABoVuqgpagcmTUc4GT82LPaaNpyCFI2KF2kpPMujvUtUQ=&xsec_source=,https://sns-webpic-qc.xhscdn.com/202603251946/4b51dd9160435f0d11da83605846e860/1040g2sg31if1lpsb0at04bfedb9f8t547i6afr0!nc_n_webp_mw_1,1e557a0dd8aaeeb3ecd47de1e6f5990ca97aad2b86f5a65924fdc59a3fde6fda,https://www.xiaohongshu.com/search_result/6844f970000000002001ef3f?xsec_token=ABoVuqgpagcmTUc4GT82LPaaNpyCFI2KF2kpPMujvUtUQ=&xsec_source=,否,否
小红书,小红书-江苏省旅游景区.json,江苏省旅游景区,江苏省5A级景区,无锡鼋头渚🌸3-4月赏花，看这一篇就行！,在路上的小周Zhou,https://www.xiaohongshu.com/user/profile/674a8c51000000000c01ad74?channel_type=web_search_result_notes&parent_page_channel_type=web_profile_board&xsec_token=ABbhSbsbvwrWPuzdOf1_U8FwdFeUsSSkbMCiwfL8NMTKc=&xsec_source=pc_search,03-18,2026-03-18,2026-03-25,385,385,https://www.xiaohongshu.com/search_result?keyword=%25E6%25B1%259F%25E8%258B%258F%25E7%259C%25815A%25E7%25BA%25A7%25E6%2599%25AF%25E5%258C%25BA&source=web_explore_feed,https://www.xiaohongshu.com/search_result/69ba54d5000000001f0045a8?xsec_token=AB0y8n16ucw_8Er5fiM5RIXyRCf7i93yt7i3OczUp4Aqs=&xsec_source=,https://sns-webpic-qc.xhscdn.com/202603251940/145bf75d6a138719a6550aff66fbeefb/1040g2sg31trkqsdcn8dg5pqahh8j3bbku06cq40!nc_n_webp_mw_1,a3e35df1236c91377b7d11069961fef9d51b4be5e76dfc6709786299379b02e4,https://www.xiaohongshu.com/search_result/69ba54d5000000001f0045a8?xsec_token=AB0y8n16ucw_8Er5fiM5RIXyRCf7i93yt7i3OczUp4Aqs=&xsec_source=,否,否
小红书,小红书-江苏省旅游景区.json,江苏省旅游景区,江苏省5A级景区,徐州的山，徐州的水，徐州的云龙湖那么美🤩,凯琪,https://www.xiaohongshu.com/user/profile/5fdd66270000000001007213?channel_type=web_search_result_notes&parent_page_channel_type=web_profile_board&xsec_token=ABkW4qtLQkm_zGsJUesOb3RJnHrODG1ucCyif2S4eMaJc=&xsec_source=pc_search,03-13,2026-03-13,2026-03-25,305,305,https://www.xiaohongshu.com/search_result?keyword=%25E6%25B1%259F%25E8%258B%258F%25E7%259C%25815A%25E7%25BA%25A7%25E6%2599%25AF%25E5%258C%25BA&source=web_explore_feed,https://www.xiaohongshu.com/search_result/69b2c1f000000000220387c7?xsec_token=AB2CfFqaYiQohWioVuou-0LC22VMkRT7XuV1aWmrc34k0=&xsec_source=,https://sns-webpic-qc.xhscdn.com/202603251940/b31383bb38e860b069e434d2c3eb912a/1040g2sg31tk8b9lp6i3g5nutcojg8sgjoprmu40!nc_n_webp_mw_1,9a9112d9c9b34da230ac2c051ccbda3b99df379d94986590a50bbf9b30a76239,https://www.xiaohongshu.com/search_result/69b2c1f000000000220387c7?xsec_token=AB2CfFqaYiQohWioVuou-0LC22VMkRT7XuV1aWmrc34k0=&xsec_source=,否,否
小红书,小红书-江苏省旅游景区.json,江苏省旅游景区,江苏省5A级景区,江苏5A景区合集，此生必打卡最美风景清单,读旅,https://www.xiaohongshu.com/user/profile/5fde22c900000000010007c5?channel_type=web_search_result_notes&parent_page_channel_type=web_profile_board&xsec_token=ABxgoDMjyAU8Z-7PCAUkSHaTgdmpxi0zVhj8mU8pGUfj0=&xsec_source=pc_search,2025-05-29,2025-05-29,2026-03-25,935,935,https://www.xiaohongshu.com/search_result?keyword=%25E6%25B1%259F%25E8%258B%258F%25E7%259C%25815A%25E7%25BA%25A7%25E6%2599%25AF%25E5%258C%25BA&source=web_explore_feed,https://www.xiaohongshu.com/search_result/68371bc4000000000f03affa?xsec_token=ABqFj1aefYrlJvgZ33utCq2ZJHAErrlU_tXAkrpFqr4co=&xsec_source=,https://sns-webpic-qc.xhscdn.com/202603251940/172b161401c2cd01be6546c18744a8df/notes_pre_post/1040g3k031i1b8ec97c605nuu4b4g81u5pd6l67g!nc_n_webp_mw_1,db4c410d6fd8a2dc6da6f301607b0f8f0f8f34209240e26716655333859b9882,https://www.xiaohongshu.com/search_result/68371bc4000000000f03affa?xsec_token=ABqFj1aefYrlJvgZ33utCq2ZJHAErrlU_tXAkrpFqr4co=&xsec_source=,否,否
小红书,小红书-江苏省旅游景区.json,江苏省旅游景区,江苏省5A级景区,一口气了解：江苏省26家5A景区,爱吃爱溜溜达达,https://www.xiaohongshu.com/user/profile/69311507000000000300e023?channel_type=web_search_result_notes&parent_page_channel_type=web_profile_board&xsec_token=ABjvOQhlrcGZAdZDghT9AVzYBtIfvhevsRwH9oGO0wAd4=&xsec_source=pc_search,03-17,2026-03-17,2026-03-25,6,6,https://www.xiaohongshu.com/search_result?keyword=%25E6%25B1%259F%25E8%258B%258F%25E7%259C%25815A%25E7%25BA%25A7%25E6%2599%25AF%25E5%258C%25BA&source=web_explore_feed,https://www.xiaohongshu.com/search_result/69b8cdde0000000023021655?xsec_token=ABd5Za_vky-CEvxpNpzXXO3n9uXj-pu-I2mU43aNiZAQI=&xsec_source=,https://sns-webpic-qc.xhscdn.com/202603251940/fafbdb8e90df76f94d6eb113de858c3a/1040g00831tq32bktga2g5q9h2k3gpo13ve0klco!nc_n_webp_mw_1,70cef25ba2f4649c1c8e5bd59b816608b151f8dbf4711ac1cfd10060adda6404,https://www.xiaohongshu.com/search_result/69b8cdde0000000023021655?xsec_token=ABd5Za_vky-CEvxpNpzXXO3n9uXj-pu-I2mU43aNiZAQI=&xsec_source=,否,否
小红书,小红书-江苏省旅游景区.json,江苏省旅游景区,江苏省5A级景区,【5A中国】第22期：江苏26个5A景区,行夫走卒,https://www.xiaohongshu.com/user/profile/5b76605432f514000161a4ac?channel_type=web_search_result_notes&parent_page_channel_type=web_profile_board&xsec_token=AB4ihxsbrC8wAfUXOA_Vqeifc1vaM1yXb27jHuxBL8vLg=&xsec_source=pc_search,2025-12-24,2025-12-24,2026-03-25,489,489,https://www.xiaohongshu.com/search_result?keyword=%25E6%25B1%259F%25E8%258B%258F%25E7%259C%25815A%25E7%25BA%25A7%25E6%2599%25AF%25E5%258C%25BA&source=web_explore_feed,https://www.xiaohongshu.com/search_result/694bbe72000000001e00889c?xsec_token=ABvQSB7p0JpGhzSPPTqvNuRQ8j2ud5vS6ngPInT2dGZww=&xsec_source=,https://sns-webpic-qc.xhscdn.com/202603251940/20fe8ad039294445d6c1733e45e443bd/spectrum/1040g34o31qfks7dkgm104affgjg5995clcrv8r8!nc_n_webp_mw_1,b810933cfe6f9a6cf4ab47189562a08c829d740af87e86f984c13d4cbd610c88,https://www.xiaohongshu.com/search_result/694bbe72000000001e00889c?xsec_token=ABvQSB7p0JpGhzSPPTqvNuRQ8j2ud5vS6ngPInT2dGZww=&xsec_source=,否,否
小红书,小红书-江苏省旅游景区.json,江苏省旅游景区,江苏省5A级景区,,帅哥爱旅游,https://www.xiaohongshu.com/user/profile/556e8c46c2bdeb3a5fa70d94?channel_type=web_search_result_notes&parent_page_channel_type=web_profile_board&xsec_token=ABCK7ssGsiK9qnBZgkUqrvylBjDcJ7Hv1uJBXqKwnsWgc=&xsec_source=pc_search,01-28,2026-01-28,2026-03-25,13,13,https://www.xiaohongshu.com/search_result?keyword=%25E6%25B1%259F%25E8%258B%258F%25E7%259C%25815A%25E7%25BA%25A7%25E6%2599%25AF%25E5%258C%25BA&source=web_explore_feed,https://www.xiaohongshu.com/search_result/6979a8f1000000002103f695?xsec_token=ABTx7zr16wakAxCyT-fjb7Mu9WGKoClmcYVAjsuOxE7cc=&xsec_source=,https://sns-webpic-qc.xhscdn.com/202603251940/81895687693bf49690e61ec7706f989b/1040g00831rsf1pc5is6040np0h64c3ck8lhg778!nc_n_webp_mw_1,cc0cc082acd89a51ef655edca98d5827f6108e6e79f74068893599a0873ec5c6,https://www.xiaohongshu.com/search_result/6979a8f1000000002103f695?xsec_token=ABTx7zr16wakAxCyT-fjb7Mu9WGKoClmcYVAjsuOxE7cc=&xsec_source=,是,否
小红书,小红书-江苏省旅游景区.json,江苏省旅游景区,江苏省5A级景区,世界上只有江苏才有的10个5A级景区。,土豆丝爱旅行,https://www.xiaohongshu.com/user/profile/694d239f000000003700a763?channel_type=web_search_result_notes&parent_page_channel_type=web_profile_board&xsec_token=ABbcmBPKR6Hw_ruGZbwg9gmjvem6nXGNhQUwsMfy9QOfs=&xsec_source=pc_search,03-02,2026-03-02,2026-03-25,62,62,https://www.xiaohongshu.com/search_result?keyword=%25E6%25B1%259F%25E8%258B%258F%25E7%259C%25815A%25E7%25BA%25A7%25E6%2599%25AF%25E5%258C%25BA&source=web_explore_feed,https://www.xiaohongshu.com/search_result/69a5591a000000000e03cc81?xsec_token=ABDSFwEzuai9s-wQtQ6_0Ef2uBzCbLWaKCTcuCQ5KV_mQ=&xsec_source=,https://sns-webpic-qc.xhscdn.com/202603251940/41c42af1d0a869095461b061fd47646d/1040g00831t759t5362005qad4eftp9r3pr3jah8!nc_n_webp_mw_1,0223e174c6ac979a3cd3b918e2a68faff80e714d3b473e1988040b27bed4317d,https://www.xiaohongshu.com/search_result/69a5591a000000000e03cc81?xsec_token=ABDSFwEzuai9s-wQtQ6_0Ef2uBzCbLWaKCTcuCQ5KV_mQ=&xsec_source=,否,否
小红书,小红书-江苏省旅游景区.json,江苏省旅游景区,江苏省5A级景区,江苏省5A级景区分布图,昭华历史,https://www.xiaohongshu.com/user/profile/65fcfb9e000000000600ddf1?channel_type=web_search_result_notes&parent_page_channel_type=web_profile_board&xsec_token=ABGLM0dE9aqmClr6oODE35q1Nzvky0TIU8cQ6DHT3nKbo=&xsec_source=pc_search,2025-04-20,2025-04-20,2026-03-25,106,106,https://www.xiaohongshu.com/search_result?keyword=%25E6%25B1%259F%25E8%258B%258F%25E7%259C%25815A%25E7%25BA%25A7%25E6%2599%25AF%25E5%258C%25BA&source=web_explore_feed,https://www.xiaohongshu.com/search_result/6804ca8c000000000900e55a?xsec_token=ABuUNblUKYmED04voVAu2sLzpW1ak7WeH_Q2RQu81I4jk=&xsec_source=,https://sns-webpic-qc.xhscdn.com/202603251940/e618a01c16dd872e9254bde89a64e701/notes_pre_post/1040g3k031ggbsd9t3s6g5pfsvef1hnfhnjqk5i0!nc_n_webp_mw_1,f297222626018617c45a37fdb32a734af99dc34b2d64020bd1088d6338a56379,https://www.xiaohongshu.com/search_result/6804ca8c000000000900e55a?xsec_token=ABuUNblUKYmED04voVAu2sLzpW1ak7WeH_Q2RQu81I4jk=&xsec_source=,否,否
小红书,小红书-江苏省旅游景区.json,江苏省旅游景区,江苏省5A级景区,江苏唯三5A级古镇了解一下,胥克,https://www.xiaohongshu.com/user/profile/5b29053e6b58b75f4d976f7e?channel_type=web_search_result_notes&parent_page_channel_type=web_profile_board&xsec_token=ABt4cNl34482rbB6S0Y7HerYooVZMWrQR2OqRGw5CTWVM=&xsec_source=pc_search,4天前,2026-03-21,2026-03-25,141,141,https://www.xiaohongshu.com/search_result?keyword=%25E6%25B1%259F%25E8%258B%258F%25E7%259C%25815A%25E7%25BA%25A7%25E6%2599%25AF%25E5%258C%25BA&source=web_explore_feed,https://www.xiaohongshu.com/search_result/69be328b000000001a02ed2b?xsec_token=ABqItCO4Ir_VAvM3EXd_-pNfhSkTezNkFctBJuCWibdpo=&xsec_source=,https://sns-webpic-qc.xhscdn.com/202603251940/bf1948f823bca53e50f1cd584ff563ec/1040g2sg31tvdsc0r78004a6d9t2jsrruj4njgpo!nc_n_webp_mw_1,d08d3e482f611ab30b859109f23e489c0369b2b62013e21b3f8f1387fe76531c,https://www.xiaohongshu.com/search_result/69be328b000000001a02ed2b?xsec_token=ABqItCO4Ir_VAvM3EXd_-pNfhSkTezNkFctBJuCWibdpo=&xsec_source=,否,否
小红书,小红书-江苏省旅游景区.json,江苏省旅游景区,江苏省5A级景区,,豆豆带你玩湖南,https://www.xiaohongshu.com/user/profile/6746d86a0000000001003ce1?channel_type=web_search_result_notes&parent_page_channel_type=web_profile_board&xsec_token=ABBbbBA4JLI268OUk3jnTZTSkEF2CSUSCUUgCgHX0tWTw=&xsec_source=pc_search,2025-06-29,2025-06-29,2026-03-25,8,8,https://www.xiaohongshu.com/search_result?keyword=%25E6%25B1%259F%25E8%258B%258F%25E7%259C%25815A%25E7%25BA%25A7%25E6%2599%25AF%25E5%258C%25BA&source=web_explore_feed,https://www.xiaohongshu.com/search_result/6860e5e50000000024008aff?xsec_token=ABJ9J0v8SwcqHALrSIz2h3jTQyFrZ1NUcWWS9GogL-LYs=&xsec_source=,https://sns-webpic-qc.xhscdn.com/202603251940/c87def89afe7ef5d0d78aa9a2ab50019/1040g00831jaa37qrio6g5pq6r1l08f71me0153o!nc_n_webp_mw_1,06db72eb02010648d628d91086f8f46540cf3a23a2098c0edb4208c3051ff294,https://www.xiaohongshu.com/search_result/6860e5e50000000024008aff?xsec_token=ABJ9J0v8SwcqHALrSIz2h3jTQyFrZ1NUcWWS9GogL-LYs=&xsec_source=,是,否
小红书,小红书-江苏省旅游景区.json,江苏省旅游景区,江苏省5A级景区,世界上只有江苏才有的12个5A景点,云南老喻,https://www.xiaohongshu.com/user/profile/68aecc15000000001901e0fc?channel_type=web_search_result_notes&parent_page_channel_type=web_profile_board&xsec_token=ABjln3niM2jKK4A7sXdf0FVf9pSAAkZ0TUy4Ry4DT72Rs=&xsec_source=pc_search,01-01,2026-01-01,2026-03-25,94,94,https://www.xiaohongshu.com/search_result?keyword=%25E6%25B1%259F%25E8%258B%258F%25E7%259C%25815A%25E7%25BA%25A7%25E6%2599%25AF%25E5%258C%25BA&source=web_explore_feed,https://www.xiaohongshu.com/search_result/6955cc35000000001d03943c?xsec_token=ABHyL1Zuk95HK9jjNCnXPvL18zg3ZrJAUhiBoPARVViyM=&xsec_source=,https://sns-webpic-qc.xhscdn.com/202603251940/7110871c124bf135f3fcb2ca6d6ffd68/spectrum/1040g0k031qpfd90omu005q5epgambo7sakmor4o!nc_n_webp_mw_1,5cc46a409dca2f4dadb64219a0722660b5d74d59bb17a07bb6932f1fa6806691,https://www.xiaohongshu.com/search_result/6955cc35000000001d03943c?xsec_token=ABHyL1Zuk95HK9jjNCnXPvL18zg3ZrJAUhiBoPARVViyM=&xsec_source=,否,否
小红书,小红书-江苏省旅游景区.json,江苏省旅游景区,江苏省5A级景区,无锡5A级4A级景区名单，宜兴将迎来首个5A,无锡城建、地铁迷,https://www.xiaohongshu.com/user/profile/67caa448000000000e011b2f?channel_type=web_search_result_notes&parent_page_channel_type=web_profile_board&xsec_token=ABvqAF95VEhE5HOGmBfk5UBFUVAOnoUhR_0ySRNpyQeYo=&xsec_source=pc_search,02-11,2026-02-11,2026-03-25,18,18,https://www.xiaohongshu.com/search_result?keyword=%25E6%25B1%259F%25E8%258B%258F%25E7%259C%25815A%25E7%25BA%25A7%25E6%2599%25AF%25E5%258C%25BA&source=web_explore_feed,https://www.xiaohongshu.com/search_result/698bdcaa000000000e03ce2b?xsec_token=AB-iuJusFh2Me2qPlwmheudWVqas_p1EtXDloj3P6gjzM=&xsec_source=,https://sns-webpic-qc.xhscdn.com/202603251940/83d94421eeaacbc3e565b2590880c2d7/spectrum/1040g34o31se8tnmk5a0g5puakh43i6pf7ckg96g!nc_n_webp_mw_1,d27407e3f17e358830074efe113a8c1413eace808dbe2aac2eb79448e8db2914,https://www.xiaohongshu.com/search_result/698bdcaa000000000e03ce2b?xsec_token=AB-iuJusFh2Me2qPlwmheudWVqas_p1EtXDloj3P6gjzM=&xsec_source=,否,否
小红书,小红书-江苏省旅游景区.json,江苏省旅游景区,江苏省5A级景区,,小红薯简旻,https://www.xiaohongshu.com/user/profile/6497c3db000000001001dd0c?channel_type=web_search_result_notes&parent_page_channel_type=web_profile_board&xsec_token=AB9vjss7PD3L3xY2Cwa4fMEKDz7irZ92z-1cWRLDWYdCE=&xsec_source=pc_search,03-03,2026-03-03,2026-03-25,4,4,https://www.xiaohongshu.com/search_result?keyword=%25E6%25B1%259F%25E8%258B%258F%25E7%259C%25815A%25E7%25BA%25A7%25E6%2599%25AF%25E5%258C%25BA&source=web_explore_feed,https://www.xiaohongshu.com/search_result/69a65e89000000000e03d45d?xsec_token=ABNBm570u-D3QWZ5-gVK_z2VFJehjh36a3RQBu5uREEkw=&xsec_source=,https://sns-webpic-qc.xhscdn.com/202603251940/ed143c9a9621c895776a40a038a283ac/notes_pre_post/1040g3k831t858t1i62d05p4nofdk3n8cia33ub0!nc_n_webp_mw_1,9ea002408ac202342759c2cec30960e5ce70bea58db32025aa9e9bd827ddcc1a,https://www.xiaohongshu.com/search_result/69a65e89000000000e03d45d?xsec_token=ABNBm570u-D3QWZ5-gVK_z2VFJehjh36a3RQBu5uREEkw=&xsec_source=,是,否
小红书,小红书-江苏省旅游景区.json,江苏省旅游景区,江苏省5A级景区,2026年最新全国5A景区名单⛰️,克莱因小狐,https://www.xiaohongshu.com/user/profile/63271a260000000023025f0d?channel_type=web_search_result_notes&parent_page_channel_type=web_profile_board&xsec_token=AB9HHIwSfmLds1KxoLr270oD-EFkAnXnN5D0lPZ7fPrNo=&xsec_source=pc_search,03-12,2026-03-12,2026-03-25,1159,1159,https://www.xiaohongshu.com/search_result?keyword=%25E6%25B1%259F%25E8%258B%258F%25E7%259C%25815A%25E7%25BA%25A7%25E6%2599%25AF%25E5%258C%25BA&source=web_explore_feed,https://www.xiaohongshu.com/search_result/69b2d44a0000000015038796?xsec_token=AB2CfFqaYiQohWioVuou-0LD-SkZY0JsEB4eYTo9Te244=&xsec_source=,https://sns-webpic-qc.xhscdn.com/202603251940/76e62aab407e270711a13facbe92c998/notes_pre_post/1040g3k031tkafsq07q005op738j8snodf1mt0qg!nc_n_webp_mw_1,b392457af7efe9842ec3feeae396018ee9f1b03aea8ca0b685735e335472c2aa,https://www.xiaohongshu.com/search_result/69b2d44a0000000015038796?xsec_token=AB2CfFqaYiQohWioVuou-0LD-SkZY0JsEB4eYTo9Te244=&xsec_source=,否,否
小红书,小红书-江苏省旅游景区.json,江苏省旅游景区,江苏省5A级景区,,拾柒里,https://www.xiaohongshu.com/user/profile/67d24e28000000000a03e89d?channel_type=web_search_result_notes&parent_page_channel_type=web_profile_board&xsec_token=ABaqS66IK-Np8o4K1H-C0mJ7QO8w10Bvp10FpA8MwxtDU=&xsec_source=pc_search,02-09,2026-02-09,2026-03-25,72,72,https://www.xiaohongshu.com/search_result?keyword=%25E6%25B1%259F%25E8%258B%258F%25E7%259C%25815A%25E7%25BA%25A7%25E6%2599%25AF%25E5%258C%25BA&source=web_explore_feed,https://www.xiaohongshu.com/search_result/698997a0000000001a0322c0?xsec_token=ABA0HuXlS9JcKWkSWJQxtp0BCB0ljHIfZivgZiDJBJ1uc=&xsec_source=,https://sns-webpic-qc.xhscdn.com/202603251940/5bdc1c75b4f8d7eacb503600f22c687c/217/0/01e989975a9d59780010000000019c41774790_0.jpg!nc_n_webp_mw_1,764b9a27173d37afa6abfd60c701facb7bcc0e48f76588abfbe295c93a73dda7,https://www.xiaohongshu.com/search_result/698997a0000000001a0322c0?xsec_token=ABA0HuXlS9JcKWkSWJQxtp0BCB0ljHIfZivgZiDJBJ1uc=&xsec_source=,是,否
小红书,小红书-江苏省旅游景区.json,江苏省旅游景区,江苏省5A级景区,5A级旅游景区最多的省，你的家乡有几个？,热的知识,https://www.xiaohongshu.com/user/profile/6737ed02000000001c019ea4?channel_type=web_search_result_notes&parent_page_channel_type=web_profile_board&xsec_token=ABF0I24lTJcnqbyP1zWjyehxH8YjWe4Tf3J3RGwGdQx3A=&xsec_source=pc_search,02-16,2026-02-16,2026-03-25,564,564,https://www.xiaohongshu.com/search_result?keyword=%25E6%25B1%259F%25E8%258B%258F%25E7%259C%25815A%25E7%25BA%25A7%25E6%2599%25AF%25E5%258C%25BA&source=web_explore_feed,https://www.xiaohongshu.com/search_result/6992e63f000000001d012fd5?xsec_token=AB0ufuJjyGAILZ63UXc51NqqLeEr4K3m_Nu-fGWuQuzpA=&xsec_source=,https://sns-webpic-qc.xhscdn.com/202603251940/7835567872065d50982d499371637716/spectrum/1040g34o31sl4ndo65e0g5ppntk1737l49tr1fm0!nc_n_webp_mw_1,f701dafb0bb5ef671fe05987e4ab47b90c346065e2c905cf87dfed3c4d0dc127,https://www.xiaohongshu.com/search_result/6992e63f000000001d012fd5?xsec_token=AB0ufuJjyGAILZ63UXc51NqqLeEr4K3m_Nu-fGWuQuzpA=&xsec_source=,否,否
小红书,小红书-江苏省旅游景区.json,江苏省旅游景区,江苏省5A级景区,苏州5A景区名单，来苏旅游速看,苏州本地宝,https://www.xiaohongshu.com/user/profile/674869e90000000008009089?channel_type=web_search_result_notes&parent_page_channel_type=web_profile_board&xsec_token=ABkxLM7SfKU6SMivJ49QolebGpNcav58XkrfBYSbZmy60=&xsec_source=pc_search,2025-09-04,2025-09-04,2026-03-25,67,67,https://www.xiaohongshu.com/search_result?keyword=%25E6%25B1%259F%25E8%258B%258F%25E7%259C%25815A%25E7%25BA%25A7%25E6%2599%25AF%25E5%258C%25BA&source=web_explore_feed,https://www.xiaohongshu.com/search_result/68b90967000000001c005917?xsec_token=ABfT9oBRc2YPzsL-uVpygzWhzM84xrcPDQp08p1WyymJY=&xsec_source=,https://sns-webpic-qc.xhscdn.com/202603251940/26a6d58da2bb17a87e7a72100efa7044/spectrum/1040g34o31m0cfqe44s005pq8d7ki14490g7s6c8!nc_n_webp_mw_1,15f4db9a735f75a7c21039fa2f6addc47e9d4b8cc96ad4a8db0f1c6a2b0a61be,https://www.xiaohongshu.com/search_result/68b90967000000001c005917?xsec_token=ABfT9oBRc2YPzsL-uVpygzWhzM84xrcPDQp08p1WyymJY=&xsec_source=,否,否
小红书,小红书-江苏省旅游景区.json,江苏省旅游景区,江苏省5A级景区,,旅游推荐官,https://www.xiaohongshu.com/user/profile/67398b39000000001d02f3ff?channel_type=web_search_result_notes&parent_page_channel_type=web_profile_board&xsec_token=AB11WVXiK3Uzgx8Yw_6JhN_H4F68WO5Y5wMcX2B6EH_qk=&xsec_source=pc_search,02-07,2026-02-07,2026-03-25,160,160,https://www.xiaohongshu.com/search_result?keyword=%25E6%25B1%259F%25E8%258B%258F%25E7%259C%25815A%25E7%25BA%25A7%25E6%2599%25AF%25E5%258C%25BA&source=web_explore_feed,https://www.xiaohongshu.com/search_result/6987057b000000001b01ff1d?xsec_token=ABRZPfqiFOV6Mrgy4SysWLfIvlMREygdXw2RFHZlOvWHw=&xsec_source=,https://sns-webpic-qc.xhscdn.com/202603251940/8a78de8a7b9fb574c33ce31d73795b4d/1040g00831s9hks7nm20g5ppphcsndsvvllmr228!nc_n_webp_mw_1,adb5fdd5de2adcbce5287fa938dfd266f559f0d6365355c4f3ca7001167f6cdb,https://www.xiaohongshu.com/search_result/6987057b000000001b01ff1d?xsec_token=ABRZPfqiFOV6Mrgy4SysWLfIvlMREygdXw2RFHZlOvWHw=&xsec_source=,是,否
小红书,小红书-江苏省旅游景区.json,江苏省旅游景区,江苏省5A级景区,,小高长高高,https://www.xiaohongshu.com/user/profile/655420020000000004038f9e?channel_type=web_search_result_notes&parent_page_channel_type=web_profile_board&xsec_token=ABB0I4MHPDqptr0XtHzh5UfpL11Kx-fJDALjxW_NDSdtA=&xsec_source=pc_search,2025-11-29,2025-11-29,2026-03-25,7,7,https://www.xiaohongshu.com/search_result?keyword=%25E6%25B1%259F%25E8%258B%258F%25E7%259C%25815A%25E7%25BA%25A7%25E6%2599%25AF%25E5%258C%25BA&source=web_explore_feed,https://www.xiaohongshu.com/search_result/692b1808000000000d03fe13?xsec_token=ABXZfoZI4ftOuLxydZjfMtK8zumhkU-zv3cwlaEVWm7lA=&xsec_source=,https://sns-webpic-qc.xhscdn.com/202603251940/5394c2ec3ae76a88373e522936b43f0d/1040g2sg31pfor9v12oe05pak401173su9c165n0!nc_n_webp_mw_1,6e7493200004b97b35753a470910d0adced428d638b43c337bf81a3727d1dd59,https://www.xiaohongshu.com/search_result/692b1808000000000d03fe13?xsec_token=ABXZfoZI4ftOuLxydZjfMtK8zumhkU-zv3cwlaEVWm7lA=&xsec_source=,是,否
小红书,小红书-江苏省旅游景区.json,江苏省旅游景区,江苏省5A级景区,如果走完全国的5A级景区，腿是不是就废了,Again张,https://www.xiaohongshu.com/user/profile/59100da95e87e77e54dce38f?channel_type=web_search_result_notes&parent_page_channel_type=web_profile_board&xsec_token=ABD3anFiywmQ0WhFhSep_I9dL8Goo-DOekQn88Kvf0V6I=&xsec_source=pc_search,2025-07-31,2025-07-31,2026-03-25,859,859,https://www.xiaohongshu.com/search_result?keyword=%25E6%25B1%259F%25E8%258B%258F%25E7%259C%25815A%25E7%25BA%25A7%25E6%2599%25AF%25E5%258C%25BA&source=web_explore_feed,https://www.xiaohongshu.com/search_result/688732390000000017031aa9?xsec_token=ABhWmJVbFjov8Li414cizgtrqvqRZDP58xx7YQADBuHuM=&xsec_source=,https://sns-webpic-qc.xhscdn.com/202603251940/c2effd25360bce3a38ea2310c3d0afae/spectrum/1040g34o31kjpil4ej61049fmeh6qjosfpo6h630!nc_n_webp_mw_1,ef51adc063b0cb7d53f7b00439ae1abe362d062dc521997e14d771d7cef80bff,https://www.xiaohongshu.com/search_result/688732390000000017031aa9?xsec_token=ABhWmJVbFjov8Li414cizgtrqvqRZDP58xx7YQADBuHuM=&xsec_source=,否,否
小红书,小红书-江苏省旅游景区.json,江苏省旅游景区,江苏省5A级景区,,拾柒里,https://www.xiaohongshu.com/user/profile/67d24e28000000000a03e89d?channel_type=web_search_result_notes&parent_page_channel_type=web_profile_board&xsec_token=ABaqS66IK-Np8o4K1H-C0mJ7QO8w10Bvp10FpA8MwxtDU=&xsec_source=pc_search,2025-05-22,2025-05-22,2026-03-25,1035,1035,https://www.xiaohongshu.com/search_result?keyword=%25E6%25B1%259F%25E8%258B%258F%25E7%259C%25815A%25E7%25BA%25A7%25E6%2599%25AF%25E5%258C%25BA&source=web_explore_feed,https://www.xiaohongshu.com/search_result/682ebcfe000000002100b85e?xsec_token=ABAul19yd7lQaVYytoShDOaoALGL7t3ZBX4XYQZaa05Sk=&xsec_source=,https://sns-webpic-qc.xhscdn.com/202603251940/ae21b92f9f3c2bd6d1b6a2ddc511a094/spectrum/1040g0k031hpapa72ja005pui9ok2nq4tlj0kpv8!nc_n_webp_mw_1,3150c293265af7105fe0a53e89aeb722268afd6da2bbf8e398a2e4390e5f7431,https://www.xiaohongshu.com/search_result/682ebcfe000000002100b85e?xsec_token=ABAul19yd7lQaVYytoShDOaoALGL7t3ZBX4XYQZaa05Sk=&xsec_source=,是,否
小红书,小红书-江苏省旅游景区.json,江苏省旅游景区,江苏省5A级景区,,小亚的旅游日记,https://www.xiaohongshu.com/user/profile/6845582c000000001e002cf7?channel_type=web_search_result_notes&parent_page_channel_type=web_profile_board&xsec_token=ABRTrK_6JsUw8TO3RdfGe9ERbAJTM5Z-M77lcQumX7Uss=&xsec_source=pc_search,2025-09-15,2025-09-15,2026-03-25,42,42,https://www.xiaohongshu.com/search_result?keyword=%25E6%25B1%259F%25E8%258B%258F%25E7%259C%25815A%25E7%25BA%25A7%25E6%2599%25AF%25E5%258C%25BA&source=web_explore_feed,https://www.xiaohongshu.com/search_result/68c7e37c000000001d03a3c8?xsec_token=ABlMPyuvPtJ3Pd8yCUWB6og80bUvO_1Lkd5_cdBg89Jwk=&xsec_source=,https://sns-webpic-qc.xhscdn.com/202603251940/bb8cc68fef4aea52ed8811332c92450b/1040g2sg31mesnpb1m8kg5q25b0m7gb7nmgd9pa8!nc_n_webp_mw_1,89bc0716f48494163bf2ec49dddf2efc75af91c0585cc7a8861b6ece36f396ec,https://www.xiaohongshu.com/search_result/68c7e37c000000001d03a3c8?xsec_token=ABlMPyuvPtJ3Pd8yCUWB6og80bUvO_1Lkd5_cdBg89Jwk=&xsec_source=,是,否
小红书,小红书-江苏省旅游景区.json,江苏省旅游景区,江苏省5A级景区,,,,,,2026-03-25,,0,https://www.xiaohongshu.com/search_result?keyword=%25E6%25B1%259F%25E8%258B%258F%25E7%259C%25815A%25E7%25BA%25A7%25E6%2599%25AF%25E5%258C%25BA&source=web_explore_feed,,http://sns-na-i4.xhscdn.com/notes_pre_post/1040g3k031i1b8ec97c605nuu4b4g81u5pd6l67g?imageView2/1/h/132/w/480/format/jpg&ap=5&sc=HOT_QRY&sign=bb3585e51f4d918856621b3c0efc7b61&t=69c3c9bf&origin=0,477e51c6627aed1428f1b60cc9a071e0daa920c25d606f4543be95f7c19f169c,038534656cfd03eb242efb10a01edd9226f8f2d8ad45d79d75322c735890c87f,是,是
小红书,小红书-江苏省旅游景区.json,江苏省旅游景区,江苏省5A级景区,江苏省全年免费进入的5A景区,尽赏风华,https://www.xiaohongshu.com/user/profile/62d114140000000002003199?channel_type=web_search_result_notes&parent_page_channel_type=web_profile_board&xsec_token=ABAMKoTHy1J9UI08F30D4b5tdxg49Jm1PnsmPnw9Pa8NM=&xsec_source=pc_search,2025-05-26,2025-05-26,2026-03-25,8,8,https://www.xiaohongshu.com/search_result?keyword=%25E6%25B1%259F%25E8%258B%258F%25E7%259C%25815A%25E7%25BA%25A7%25E6%2599%25AF%25E5%258C%25BA&source=web_explore_feed,https://www.xiaohongshu.com/search_result/6833e3f40000000003038fcc?xsec_token=AB1IgcyxOnKgzGDYszygAKIA0RU5dOHg5kTGXYo9LLl54=&xsec_source=,https://sns-webpic-qc.xhscdn.com/202603251940/e007e7bf1a52a9c765f7dace675831d1/1040g00831hubifst3o605omh2ga0gccpseiubg8!nc_n_webp_mw_1,12781a081a968c897095b36ae410adbdb03fd357b82bd63e7030e76ddbdde5df,https://www.xiaohongshu.com/search_result/6833e3f40000000003038fcc?xsec_token=AB1IgcyxOnKgzGDYszygAKIA0RU5dOHg5kTGXYo9LLl54=&xsec_source=,否,否
小红书,小红书-江苏省旅游景区.json,江苏省旅游景区,江苏省5A级景区,,逛子哥,https://www.xiaohongshu.com/user/profile/67875549000000000801d650?channel_type=web_search_result_notes&parent_page_channel_type=web_profile_board&xsec_token=ABRDQTioeEH0li_gyrAXAy0QJMdRh1RGGLX37OTpsjk6o=&xsec_source=pc_search,03-04,2026-03-04,2026-03-25,2,2,https://www.xiaohongshu.com/search_result?keyword=%25E6%25B1%259F%25E8%258B%258F%25E7%259C%25815A%25E7%25BA%25A7%25E6%2599%25AF%25E5%258C%25BA&source=web_explore_feed,https://www.xiaohongshu.com/search_result/69a7989200000000150222ef?xsec_token=ABagRB3Ju7gRZFrD2i1d4Wb9VFemjOLgOF4dKvQoXSe1I=&xsec_source=,https://sns-webpic-qc.xhscdn.com/202603251940/2253c38fc55b01338fcf0b037e772cbb/1040g2sg31t9biu40m2h05ps7al4i3lig12mlgcg!nc_n_webp_mw_1,c7405b98ca0d9a3e63da2e0e78eaf6d554f69ab68bf2651aee4a9a7cc66732ea,https://www.xiaohongshu.com/search_result/69a7989200000000150222ef?xsec_token=ABagRB3Ju7gRZFrD2i1d4Wb9VFemjOLgOF4dKvQoXSe1I=&xsec_source=,是,否
小红书,小红书-江苏省旅游景区.json,江苏省旅游景区,江苏省5A级景区,江苏省国家5A级旅游景区名单,🌾火鸡面学长,https://www.xiaohongshu.com/user/profile/5e212b2f0000000001002660?channel_type=web_search_result_notes&parent_page_channel_type=web_profile_board&xsec_token=ABaFuFNgXI07lYPcSnPLJAtx64I237j8BGamWtK0C25Q0=&xsec_source=pc_search,2025-08-09,2025-08-09,2026-03-25,538,538,https://www.xiaohongshu.com/search_result?keyword=%25E6%25B1%259F%25E8%258B%258F%25E7%259C%25815A%25E7%25BA%25A7%25E6%2599%25AF%25E5%258C%25BA&source=web_explore_feed,https://www.xiaohongshu.com/search_result/6896e2cb00000000230263de?xsec_token=ABOvHOk9y19l1cmPacd_SjF8I0MmFReJerLW4JHFiQI9E=&xsec_source=,https://sns-webpic-qc.xhscdn.com/202603251940/8768562030b94b0d2ead411b1b8ae959/1040g2sg31kv1cs8e2udg5nh15cng89j0cojku20!nc_n_webp_mw_1,8e5ef410c84245e57424a453d08ef556c9359abfb82cb647eeb4114fefbb4dd2,https://www.xiaohongshu.com/search_result/6896e2cb00000000230263de?xsec_token=ABOvHOk9y19l1cmPacd_SjF8I0MmFReJerLW4JHFiQI9E=&xsec_source=,否,否
小红书,小红书-江苏省旅游景区.json,江苏省旅游景区,江苏省5A级景区,各省国家首批5A级景区,ringsssss,https://www.xiaohongshu.com/user/profile/5dfe4cd7000000000100867a?channel_type=web_search_result_notes&parent_page_channel_type=web_profile_board&xsec_token=ABLldo7WlLiuJhIJQ7H2X5fYntpIxQU4oWtW6dli1-lHE=&xsec_source=pc_search,03-01,2026-03-01,2026-03-25,313,313,https://www.xiaohongshu.com/search_result?keyword=%25E6%25B1%259F%25E8%258B%258F%25E7%259C%25815A%25E7%25BA%25A7%25E6%2599%25AF%25E5%258C%25BA&source=web_explore_feed,https://www.xiaohongshu.com/search_result/69a4307900000000150213b1?xsec_token=AB1rFJwmkscj6Wx6PfQOvvdu2oxqWg5FY3mPPIShwDpig=&xsec_source=,https://sns-webpic-qc.xhscdn.com/202603251940/1b65dae13e2de6b02fdd7d2b4b0f9b8d/1040g00831t6144al5m0g5nfu9jbg91jqnjiqldg!nc_n_webp_mw_1,dd04d6d2dd0b45ceb6d598d79425461a0ccf374a6e157ccdb742983585369400,https://www.xiaohongshu.com/search_result/69a4307900000000150213b1?xsec_token=AB1rFJwmkscj6Wx6PfQOvvdu2oxqWg5FY3mPPIShwDpig=&xsec_source=,否,否
小红书,小红书-江苏省旅游景区.json,江苏省旅游景区,江苏省5A级景区,,冰,https://www.xiaohongshu.com/user/profile/64293347000000001102071a?channel_type=web_search_result_notes&parent_page_channel_type=web_profile_board&xsec_token=ABB2UmKNcKqUBHc9YTl9JW1OzOtzUpi5UK-z56IloV-hg=&xsec_source=pc_search,2天前,2026-03-23,2026-03-25,1,1,https://www.xiaohongshu.com/search_result?keyword=%25E6%25B1%259F%25E8%258B%258F%25E7%259C%25815A%25E7%25BA%25A7%25E6%2599%25AF%25E5%258C%25BA&source=web_explore_feed,https://www.xiaohongshu.com/search_result/69c0e6f1000000001a03336b?xsec_token=ABXGtA7vIJAZGe07r2UGg1nHwKskdoblch6RfFooBR7wQ=&xsec_source=,https://sns-webpic-qc.xhscdn.com/202603251940/ce08998d9cb03f8309de339db1562411/1040g2sg31u22cui46uk05p196d3kc1oq2nh9608!nc_n_webp_mw_1,dd670562ad442e5889ddee979346a2072588b5971dedce56046290e79fd5b797,https://www.xiaohongshu.com/search_result/69c0e6f1000000001a03336b?xsec_token=ABXGtA7vIJAZGe07r2UGg1nHwKskdoblch6RfFooBR7wQ=&xsec_source=,是,否
小红书,小红书-江苏省旅游景区.json,江苏省旅游景区,江苏省5A级景区,一定要去的100个5A级景区,佳佳,https://www.xiaohongshu.com/user/profile/6791af89000000000d00a260?channel_type=web_search_result_notes&parent_page_channel_type=web_profile_board&xsec_token=AByo6uswsHhJOLqnhwXsbSJIjVdMuF2qjGgCYIfpOchE8=&xsec_source=pc_search,02-21,2026-02-21,2026-03-25,1287,1287,https://www.xiaohongshu.com/search_result?keyword=%25E6%25B1%259F%25E8%258B%258F%25E7%259C%25815A%25E7%25BA%25A7%25E6%2599%25AF%25E5%258C%25BA&source=web_explore_feed,https://www.xiaohongshu.com/search_result/6999b90d0000000016009610?xsec_token=ABBaz75lFOUF6QrfJo6WJiYhqbsjGABx_CDvvLK0IK218=&xsec_source=,https://sns-webpic-qc.xhscdn.com/202603251940/139a9036f61cab09c008ee2416bbb8d2/notes_pre_post/1040g3k831srn0orn5k505pshlu4j98j03rl5fho!nc_n_webp_mw_1,4887b62bd304bb8927903b25c7aa2f8ff8be4fc27793c3163e3e3b20e3bda79d,https://www.xiaohongshu.com/search_result/6999b90d0000000016009610?xsec_token=ABBaz75lFOUF6QrfJo6WJiYhqbsjGABx_CDvvLK0IK218=&xsec_source=,否,否
小红书,小红书-江苏省旅游景区.json,江苏省旅游景区,江苏省5A级景区,这才是中国含金量超高的18个5A级景区！,中国旅行,https://www.xiaohongshu.com/user/profile/65a9ddef000000000800782d?channel_type=web_search_result_notes&parent_page_channel_type=web_profile_board&xsec_token=ABLojxw4xKG_bPupkO41yrtdV5hADl9-VDDlX_FKdP2o8=&xsec_source=pc_search,2025-12-15,2025-12-15,2026-03-25,774,774,https://www.xiaohongshu.com/search_result?keyword=%25E6%25B1%259F%25E8%258B%258F%25E7%259C%25815A%25E7%25BA%25A7%25E6%2599%25AF%25E5%258C%25BA&source=web_explore_feed,https://www.xiaohongshu.com/search_result/69402cb6000000001b0328c0?xsec_token=ABeex8BsEJSUiSxNmNyRgMZOlr4EjYeC9loh-jDlaKeEo=&xsec_source=,https://sns-webpic-qc.xhscdn.com/202603251940/1193797c841be83705c7acd9b3c69ee5/spectrum/1040g34o31q4blbf602105pd9rnni0u1du91bm78!nc_n_webp_mw_1,04d1e183cb16f7357242843e37a3a2f0f7c9249a517aa822a65dc21faca5f1f3,https://www.xiaohongshu.com/search_result/69402cb6000000001b0328c0?xsec_token=ABeex8BsEJSUiSxNmNyRgMZOlr4EjYeC9loh-jDlaKeEo=&xsec_source=,否,否
小红书,小红书-江苏省旅游景区.json,江苏省旅游景区,江苏省5A级景区,有没有政策性5A级景区这个说法？,相思,https://www.xiaohongshu.com/user/profile/6741f004000000001c01a5e8?channel_type=web_search_result_notes&parent_page_channel_type=web_profile_board&xsec_token=ABQdHQBBPVEjEe_QCRO3Q-Am39U1XAYpzC7MUh0fMiG2Q=&xsec_source=pc_search,2025-10-07,2025-10-07,2026-03-25,80,80,https://www.xiaohongshu.com/search_result?keyword=%25E6%25B1%259F%25E8%258B%258F%25E7%259C%25815A%25E7%25BA%25A7%25E6%2599%25AF%25E5%258C%25BA&source=web_explore_feed,https://www.xiaohongshu.com/search_result/68e4b66e000000000301076a?xsec_token=ABJG3Jvk9xIWIfHYMZ2nOS4lmNk1i9vGsz9SgezgctBa8=&xsec_source=,https://sns-webpic-qc.xhscdn.com/202603251940/0948547cd94aede22a6f2a2755240b71/1040g00831nb1ek13mg705pq1u02739f89f94280!nc_n_webp_mw_1,9329e6e803eb364bfbb192b4892e4d06cb0099c935ae3f569b6b5f1c5600827c,https://www.xiaohongshu.com/search_result/68e4b66e000000000301076a?xsec_token=ABJG3Jvk9xIWIfHYMZ2nOS4lmNk1i9vGsz9SgezgctBa8=&xsec_source=,否,否
小红书,小红书-江苏省旅游景区.json,江苏省旅游景区,江苏省5A级景区,江苏盐城📍旅游攻略来了！！这条路线超好逛～,奔跑的熊同学,https://www.xiaohongshu.com/user/profile/6551ee3c0000000004039e50?channel_type=web_search_result_notes&parent_page_channel_type=web_profile_board&xsec_token=ABGb0QD7HtT5zyBMuxgmnHqNog2TAby4byPxyMtEqDPh4=&xsec_source=pc_search,2025-06-18,2025-06-18,2026-03-25,3290,3290,https://www.xiaohongshu.com/search_result?keyword=%25E6%25B1%259F%25E8%258B%258F%25E7%259C%25815A%25E7%25BA%25A7%25E6%2599%25AF%25E5%258C%25BA&source=web_explore_feed,https://www.xiaohongshu.com/search_result/68522ffc000000002301325c?xsec_token=ABpt6DYBSy-fd5Q0FaZmGV0OTVqToJofGCEqbAm3FJm-c=&xsec_source=,https://sns-webpic-qc.xhscdn.com/202603251940/9e051ae34b7750f5e8a8b9f262b5a143/1040g00831irui0t40s005pahtou177igcs6lpkg!nc_n_webp_mw_1,8c825a8aaa1f6b5e3cf2d90cbb8a18fecaa30be1e8a9d5f77fb667c8a36a0c9d,https://www.xiaohongshu.com/search_result/68522ffc000000002301325c?xsec_token=ABpt6DYBSy-fd5Q0FaZmGV0OTVqToJofGCEqbAm3FJm-c=&xsec_source=,否,否
小红书,小红书-江苏省旅游景区.json,江苏省旅游景区,江苏省5A级景区,各省市5A级景区数量！,长安圣殿,https://www.xiaohongshu.com/user/profile/6666fb1d0000000003030922?channel_type=web_search_result_notes&parent_page_channel_type=web_profile_board&xsec_token=ABOVgpa9a_RQvgDwwf1CNziZMg5Ox1QAITblje_X8QTH4=&xsec_source=pc_search,2025-12-21,2025-12-21,2026-03-25,3,3,https://www.xiaohongshu.com/search_result?keyword=%25E6%25B1%259F%25E8%258B%258F%25E7%259C%25815A%25E7%25BA%25A7%25E6%2599%25AF%25E5%258C%25BA&source=web_explore_feed,https://www.xiaohongshu.com/search_result/6947c00b000000001e013788?xsec_token=ABZeCY_HHTf7E7Tr5UN9vIcvxUaxkgmdy-_kCu-fmSYhw=&xsec_source=,https://sns-webpic-qc.xhscdn.com/202603251940/59aae4a5a19bcd6437a26533a5bc9c33/1040g2sg31qbodafin4s05pj6vcegu2925u1lsto!nc_n_webp_mw_1,e3f57c33c64c7dffc7ca8a6c2521b88403e24c73dc6bf9041f659a849723997e,https://www.xiaohongshu.com/search_result/6947c00b000000001e013788?xsec_token=ABZeCY_HHTf7E7Tr5UN9vIcvxUaxkgmdy-_kCu-fmSYhw=&xsec_source=,否,否
小红书,小红书-江苏省旅游景区.json,江苏省旅游景区,江苏省5A级景区,全国358个5A级景区~去过几个？,爱吃爱溜溜达达,https://www.xiaohongshu.com/user/profile/69311507000000000300e023?channel_type=web_search_result_notes&parent_page_channel_type=web_profile_board&xsec_token=ABjvOQhlrcGZAdZDghT9AVzYBtIfvhevsRwH9oGO0wAd4=&xsec_source=pc_search,03-17,2026-03-17,2026-03-25,3,3,https://www.xiaohongshu.com/search_result?keyword=%25E6%25B1%259F%25E8%258B%258F%25E7%259C%25815A%25E7%25BA%25A7%25E6%2599%25AF%25E5%258C%25BA&source=web_explore_feed,https://www.xiaohongshu.com/search_result/69b8bba6000000001d01b06b?xsec_token=ABd5Za_vky-CEvxpNpzXXO3r5qOTDuOlBpgbP1SAH9-OY=&xsec_source=,https://sns-webpic-qc.xhscdn.com/202603251940/05c1fc306bb7f8c96cfbfaca031f63ca/1040g00831tq32bktga4g5q9h2k3gpo13j24u07o!nc_n_webp_mw_1,9bb3d6cf8f26808505a2d095d6795cfe3bf8f1c714fef8f1fef12412759db54a,https://www.xiaohongshu.com/search_result/69b8bba6000000001d01b06b?xsec_token=ABd5Za_vky-CEvxpNpzXXO3r5qOTDuOlBpgbP1SAH9-OY=&xsec_source=,否,否
小红书,小红书-江苏省旅游景区.json,江苏省旅游景区,江苏省5A级景区,,拾柒里,https://www.xiaohongshu.com/user/profile/67d24e28000000000a03e89d?channel_type=web_search_result_notes&parent_page_channel_type=web_profile_board&xsec_token=ABaqS66IK-Np8o4K1H-C0mJ7QO8w10Bvp10FpA8MwxtDU=&xsec_source=pc_search,2025-05-05,2025-05-05,2026-03-25,34,34,https://www.xiaohongshu.com/search_result?keyword=%25E6%25B1%259F%25E8%258B%258F%25E7%259C%25815A%25E7%25BA%25A7%25E6%2599%25AF%25E5%258C%25BA&source=web_explore_feed,https://www.xiaohongshu.com/search_result/68181c28000000002202e3f1?xsec_token=ABr1ZgC4aEujk3Zy34g6etqmGQL3S7ar-BByA2bW-N_vI=&xsec_source=,https://sns-webpic-qc.xhscdn.com/202603251940/29e67825ba1b392d94d7fb0888b5fd44/spectrum/1040g34o31h37kur0ja0g5pui9ok2nq4td0ht84g!nc_n_webp_mw_1,f6bf54c033bfebc7331dab3ee24f4f6906bd591fb0ac2de12f5b0407a4f4b8fe,https://www.xiaohongshu.com/search_result/68181c28000000002202e3f1?xsec_token=ABr1ZgC4aEujk3Zy34g6etqmGQL3S7ar-BByA2bW-N_vI=&xsec_source=,是,否
小红书,小红书-江苏省旅游景区.json,江苏省旅游景区,江苏省5A级景区,苏州金鸡湖！打卡点一次性讲清楚！保姆级！,王子曰旅游,https://www.xiaohongshu.com/user/profile/5678d2e403eb84065c1abf3a?channel_type=web_search_result_notes&parent_page_channel_type=web_profile_board&xsec_token=AB37zHpHfx4n8qGP_-4BZvUupwauWAKJx1Pe6Q9LycM6Q=&xsec_source=pc_search,2025-10-02,2025-10-02,2026-03-25,2338,2338,https://www.xiaohongshu.com/search_result?keyword=%25E6%25B1%259F%25E8%258B%258F%25E7%259C%25815A%25E7%25BA%25A7%25E6%2599%25AF%25E5%258C%25BA&source=web_explore_feed,https://www.xiaohongshu.com/search_result/68de834500000000030208a1?xsec_token=ABAg96FEhelIGOMy6ZV1IuVoIj-wNqDoSzVx99exVXrtg=&xsec_source=,https://sns-webpic-qc.xhscdn.com/202603251940/1a31de210b60f75eecf83e6eb83ac3ab/spectrum/1040g0k031n4v7riol00044iel39e9fpq189e1i8!nc_n_webp_mw_1,cd8c0b1db02869b905acdff98318532d9cb83b38a78f41517e6a005e433cccf3,https://www.xiaohongshu.com/search_result/68de834500000000030208a1?xsec_token=ABAg96FEhelIGOMy6ZV1IuVoIj-wNqDoSzVx99exVXrtg=&xsec_source=,否,否
小红书,小红书-江苏省旅游景区.json,江苏省旅游景区,江苏省5A级景区,江苏省A级旅游景区名录,貌美如花的招财富婆,https://www.xiaohongshu.com/user/profile/55d5270262a60c185e00b52f?channel_type=web_search_result_notes&parent_page_channel_type=web_profile_board&xsec_token=ABUwUZVUsmpXJxsGgibFdtmIf0E7GFjFmKQX6fZrOC9XE=&xsec_source=pc_search,2025-04-05,2025-04-05,2026-03-25,236,236,https://www.xiaohongshu.com/search_result?keyword=%25E6%25B1%259F%25E8%258B%258F%25E7%259C%25815A%25E7%25BA%25A7%25E6%2599%25AF%25E5%258C%25BA&source=web_explore_feed,https://www.xiaohongshu.com/search_result/67f0a97a000000001c000d21?xsec_token=AB1WeCtSRdiLCu61LPQIXxe03_G1kq_TQ3ebNDp8BAyY4=&xsec_source=,https://sns-webpic-qc.xhscdn.com/202603251940/32158fcf0960f2ab69cc2d53a7f9615c/1040g00831fsmv6efg6d041499njg5d9f8o2fig8!nc_n_webp_mw_1,ae0f12583f8404c4f9d35c90e4b2f86b8f8878964aff235c9d3cbb35a5326a50,https://www.xiaohongshu.com/search_result/67f0a97a000000001c000d21?xsec_token=AB1WeCtSRdiLCu61LPQIXxe03_G1kq_TQ3ebNDp8BAyY4=&xsec_source=,否,否
小红书,小红书-江苏省旅游景区.json,江苏省旅游景区,江苏省5A级景区,2026年度南通市景区免门票开放日 正式公布～,世界核平,https://www.xiaohongshu.com/user/profile/6789f6e6000000000e011742?channel_type=web_search_result_notes&parent_page_channel_type=web_profile_board&xsec_token=AB8wZQyukPXD7fEMOZSZr8pLKIOom9HlMpcuY6_67kQko=&xsec_source=pc_search,1小时前,2026-03-25,2026-03-25,1,1,https://www.xiaohongshu.com/search_result?keyword=%25E6%25B1%259F%25E8%258B%258F%25E7%259C%25815A%25E7%25BA%25A7%25E6%2599%25AF%25E5%258C%25BA&source=web_explore_feed,https://www.xiaohongshu.com/search_result/69c3b54e000000001f002241?xsec_token=AB1reXc9sceWHR16vHAmKSpAUoUqvzgPs0Sioc7GiBdj8=&xsec_source=,https://sns-webpic-qc.xhscdn.com/202603251940/ec132f8bc4f96ae1fa0588aa25eacaa8/1040g00831u4q3nlk2q005ps9urj3i5q2e8gbkq0!nc_n_webp_mw_1,4c93e6e4a32db12b2f6f851d06ec263992a846512bb1549491ea3692254d7b3a,https://www.xiaohongshu.com/search_result/69c3b54e000000001f002241?xsec_token=AB1reXc9sceWHR16vHAmKSpAUoUqvzgPs0Sioc7GiBdj8=&xsec_source=,否,否
小红书,小红书-江苏省旅游景区.json,江苏省旅游景区,江苏省5A级景区,,,,,,2026-03-25,,0,https://www.xiaohongshu.com/search_result?keyword=%25E6%25B1%259F%25E8%258B%258F%25E7%259C%25815A%25E7%25BA%25A7%25E6%2599%25AF%25E5%258C%25BA&source=web_explore_feed,,http://sns-na-i4.xhscdn.com/notes_pre_post/1040g3k031i1b8ec97c605nuu4b4g81u5pd6l67g?imageView2/1/h/132/w/480/format/jpg&ap=5&sc=HOT_QRY&sign=151ffd3756b2c2f400f6d1144ad06bff&t=69c3c9c9&origin=0,cb8ec1c575c1c9a379aa2f7c493c5cbc47f3be4ead63bb7ab49acea865d0d666,d86d86acdc3254ebfdf98a6f49b619a0ba08c8073770853a9eacb071e34540ac,是,是
小红书,小红书-江苏省旅游景区.json,江苏省旅游景区,江苏省5A级景区,,苏杭旅游夏夏,https://www.xiaohongshu.com/user/profile/5dcb50cf000000000100310e?channel_type=web_search_result_notes&parent_page_channel_type=web_profile_board&xsec_token=ABKBRehUiWPjH9GtKgUKWGbTkg8HwOrSxfGkySCrbhUrs=&xsec_source=pc_search,03-04,2026-03-04,2026-03-25,38,38,https://www.xiaohongshu.com/search_result?keyword=%25E6%25B1%259F%25E8%258B%258F%25E7%259C%25815A%25E7%25BA%25A7%25E6%2599%25AF%25E5%258C%25BA&source=web_explore_feed,https://www.xiaohongshu.com/search_result/69a7f50e0000000023038368?xsec_token=ABagRB3Ju7gRZFrD2i1d4Wbzy9ZeKwTacSiGBx6x2uEsA=&xsec_source=,https://sns-webpic-qc.xhscdn.com/202603251940/6befb57590984195392a27c1e910fec1/1040g00831t9ms7dhl6005neba37g8c8efatv5vg!nc_n_webp_mw_1,3f0a108edf3eea84a032d3ab56f2405aca09652452dabccb51509eef570cfdc6,https://www.xiaohongshu.com/search_result/69a7f50e0000000023038368?xsec_token=ABagRB3Ju7gRZFrD2i1d4Wbzy9ZeKwTacSiGBx6x2uEsA=&xsec_source=,是,否
小红书,小红书-江苏省旅游景区.json,江苏省旅游景区,江苏省5A级景区,古往今来事，历史文化城。,华夏四时风物志,https://www.xiaohongshu.com/user/profile/6722f421000000001d02d026?channel_type=web_search_result_notes&parent_page_channel_type=web_profile_board&xsec_token=AB0v80BnAkTvMnrbfKuwoRpvLvrUcM5TSNjkbx22aKG-Q=&xsec_source=pc_search,2025-05-19,2025-05-19,2026-03-25,64,64,https://www.xiaohongshu.com/search_result?keyword=%25E6%25B1%259F%25E8%258B%258F%25E7%259C%25815A%25E7%25BA%25A7%25E6%2599%25AF%25E5%258C%25BA&source=web_explore_feed,https://www.xiaohongshu.com/search_result/682ae3230000000022026c8b?xsec_token=AB1VivpUrUhSsEMhnykxXZHJq5ub4Gf5HMEElqClyLSEY=&xsec_source=,https://sns-webpic-qc.xhscdn.com/202603251940/a1f9c03d68ec0b8c57dce70113b4993f/spectrum/1040g0k031hli86inj4005pp2uggndk16nlnc50g!nc_n_webp_mw_1,6ba919e0f68931d495105652167f0785a3091d92ced66b5c3c506e126dd88ba5,https://www.xiaohongshu.com/search_result/682ae3230000000022026c8b?xsec_token=AB1VivpUrUhSsEMhnykxXZHJq5ub4Gf5HMEElqClyLSEY=&xsec_source=,否,否
小红书,小红书-江苏省旅游景区.json,江苏省旅游景区,江苏省5A级景区,,拾柒里,https://www.xiaohongshu.com/user/profile/67d24e28000000000a03e89d?channel_type=web_search_result_notes&parent_page_channel_type=web_profile_board&xsec_token=ABaqS66IK-Np8o4K1H-C0mJ7QO8w10Bvp10FpA8MwxtDU=&xsec_source=pc_search,2025-09-03,2025-09-03,2026-03-25,12,12,https://www.xiaohongshu.com/search_result?keyword=%25E6%25B1%259F%25E8%258B%258F%25E7%259C%25815A%25E7%25BA%25A7%25E6%2599%25AF%25E5%258C%25BA&source=web_explore_feed,https://www.xiaohongshu.com/search_result/68b79d2a000000001d00b264?xsec_token=ABt8G4OS3AuI0fnVuwePsPViDdRsK93zsw6T4YikAS-no=&xsec_source=,https://sns-webpic-qc.xhscdn.com/202603251940/08668cb4e2f197b61573ba0e494bf1eb/spectrum/1040g0k031lv04ujdl0005pui9ok2nq4tsugl2oo!nc_n_webp_mw_1,cb589ceb2b7af0d62673108bfb8f3f3b22d47cf93df809151c0cc6bc2f6a1cc7,https://www.xiaohongshu.com/search_result/68b79d2a000000001d00b264?xsec_token=ABt8G4OS3AuI0fnVuwePsPViDdRsK93zsw6T4YikAS-no=&xsec_source=,是,否
小红书,小红书-江苏省旅游景区.json,江苏省旅游景区,江苏省5A级景区,中国含金量超高的30个5A景区，你去过几个？,中国旅游推荐官,https://www.xiaohongshu.com/user/profile/6471cdce000000001f005b0e?channel_type=web_search_result_notes&parent_page_channel_type=web_profile_board&xsec_token=ABZ_CkUNMGg-0MQLJT9kSJ0oZJ13Zdi-belLs96S40jaM=&xsec_source=pc_search,2025-07-03,2025-07-03,2026-03-25,3187,3187,https://www.xiaohongshu.com/search_result?keyword=%25E6%25B1%259F%25E8%258B%258F%25E7%259C%25815A%25E7%25BA%25A7%25E6%2599%25AF%25E5%258C%25BA&source=web_explore_feed,https://www.xiaohongshu.com/search_result/6865ea14000000002201d68c?xsec_token=ABoeTg2SMVEzObN7ppiXYoErVHNoTSN8pxJnmStnGEWyU=&xsec_source=,https://sns-webpic-qc.xhscdn.com/202603251940/a2234bc60c3cdb11915f4d2d298e8cb5/1040g00831jf71jj1io005p3hpn77omoevs2pof0!nc_n_webp_mw_1,7bcfe32165e3f9a2542a5f27177910229a8657352e674e1bbddf720860c6d840,https://www.xiaohongshu.com/search_result/6865ea14000000002201d68c?xsec_token=ABoeTg2SMVEzObN7ppiXYoErVHNoTSN8pxJnmStnGEWyU=&xsec_source=,否,否
小红书,小红书-江苏省旅游景区.json,江苏省旅游景区,江苏省5A级景区,沙家浜 水润江苏5A级景区,草木青风0921,https://www.xiaohongshu.com/user/profile/5b4b05636b58b76a2a93c992?channel_type=web_search_result_notes&parent_page_channel_type=web_profile_board&xsec_token=ABNPsEGKMHkLik1km_qaAu_GWgsYQV5mTyoWipY48amwQ=&xsec_source=pc_search,2025-09-20,2025-09-20,2026-03-25,1,1,https://www.xiaohongshu.com/search_result?keyword=%25E6%25B1%259F%25E8%258B%258F%25E7%259C%25815A%25E7%25BA%25A7%25E6%2599%25AF%25E5%258C%25BA&source=web_explore_feed,https://www.xiaohongshu.com/search_result/68ce8cfe000000000e0233da?xsec_token=ABtXNafBxCmJZG6FS2OE09jIVAmAD-VxMcNznWrkCbKSs=&xsec_source=,https://sns-webpic-qc.xhscdn.com/202603251940/e9a7629e9e0a9a6d8fa6d0079b229cc4/notes_pre_post/1040g3k031mlctdirmg604a75vi2m7icikupkp00!nc_n_webp_mw_1,20976afd40d3fe517bbebdf0852eb32f408a9f205abe3c655d149dece2a78daf,https://www.xiaohongshu.com/search_result/68ce8cfe000000000e0233da?xsec_token=ABtXNafBxCmJZG6FS2OE09jIVAmAD-VxMcNznWrkCbKSs=&xsec_source=,否,否
小红书,小红书-江苏省旅游景区.json,江苏省旅游景区,江苏省5A级景区,中国5A景区最多的省你去过几个,驴友假期带你去旅行,https://www.xiaohongshu.com/user/profile/611af611000000000100813c?channel_type=web_search_result_notes&parent_page_channel_type=web_profile_board&xsec_token=ABP3gXiXPXEUqEbc5LgloacGeMAT139Szqtf1b_5NmwWQ=&xsec_source=pc_search,2025-03-25,2025-03-25,2026-03-25,5,5,https://www.xiaohongshu.com/search_result?keyword=%25E6%25B1%259F%25E8%258B%258F%25E7%259C%25815A%25E7%25BA%25A7%25E6%2599%25AF%25E5%258C%25BA&source=web_explore_feed,https://www.xiaohongshu.com/search_result/67e20338000000001d01fba6?xsec_token=ABQiTv55Kwxlnf6UiWNO9RVmm5djWIbbHqmkd7D5Dug4A=&xsec_source=,https://sns-webpic-qc.xhscdn.com/202603251941/7d028b4439f2b6bd37d7bddb06e54e0f/1040g00831fed1g2fls6g5o8quo8g909sg9i40k0!nc_n_webp_mw_1,2d6befb4bab63a3024e3cec764c9365e98d8f55200a0bb4474c9306c0b51a510,https://www.xiaohongshu.com/search_result/67e20338000000001d01fba6?xsec_token=ABQiTv55Kwxlnf6UiWNO9RVmm5djWIbbHqmkd7D5Dug4A=&xsec_source=,否,否
小红书,小红书-江苏省旅游景区.json,江苏省旅游景区,江苏省5A级景区,5A景区最多的省份！你知道是哪里吗❓,携程金融,https://www.xiaohongshu.com/user/profile/6690d750000000001e00fc65?channel_type=web_search_result_notes&parent_page_channel_type=web_profile_board&xsec_token=ABq8Iqirj-BxOQiJPKsATpjMaQ1LzXbUvsU1vpQj36bzY=&xsec_source=pc_search,2025-08-16,2025-08-16,2026-03-25,34,34,https://www.xiaohongshu.com/search_result?keyword=%25E6%25B1%259F%25E8%258B%258F%25E7%259C%25815A%25E7%25BA%25A7%25E6%2599%25AF%25E5%258C%25BA&source=web_explore_feed,https://www.xiaohongshu.com/search_result/689ee88f000000001d003455?xsec_token=ABtOh_kN7E7RczkPNkzwPoa1rAf1kOk-bmWR4KuaXHx0I=&xsec_source=,https://sns-webpic-qc.xhscdn.com/202603251941/bb4f66cf0cbf03053fd669cdfb63a1ae/spectrum/1040g0k031l6rsdtbks005pkgqt87hv35o2l5kg8!nc_n_webp_mw_1,85eeaa28673a2324db9b7e1ec8d1dcfbefd67148cd3e9475b176e41680b7f39c,https://www.xiaohongshu.com/search_result/689ee88f000000001d003455?xsec_token=ABtOh_kN7E7RczkPNkzwPoa1rAf1kOk-bmWR4KuaXHx0I=&xsec_source=,否,否
小红书,小红书-江苏省旅游景区.json,江苏省旅游景区,江苏省5A级景区,2024年新增的21个5A景区名单,旅游人,https://www.xiaohongshu.com/user/profile/610e5137000000000101ecf7?channel_type=web_search_result_notes&parent_page_channel_type=web_profile_board&xsec_token=ABVnUffmR24V3VoZM70G-GfCPMQfx11bReoya0XsS_aw0=&xsec_source=pc_search,2025-01-01,2025-01-01,2026-03-25,8,8,https://www.xiaohongshu.com/search_result?keyword=%25E6%25B1%259F%25E8%258B%258F%25E7%259C%25815A%25E7%25BA%25A7%25E6%2599%25AF%25E5%258C%25BA&source=web_explore_feed,https://www.xiaohongshu.com/search_result/67755fa50000000014024948?xsec_token=ABQjEpvL0MYG44IJpJukKc50D9vUQKplcRlget3UfM6uc=&xsec_source=,https://sns-webpic-qc.xhscdn.com/202603251941/8803bd7323e871aaf103dff2788fb270/1040g2sg31c4a5e02h6705o8ea4rgbr7njlledn8!nc_n_webp_mw_1,44422aef80c22152997db2a3f1e58e41aed85b6b40ddb3557df43ffc4d3f4fba,https://www.xiaohongshu.com/search_result/67755fa50000000014024948?xsec_token=ABQjEpvL0MYG44IJpJukKc50D9vUQKplcRlget3UfM6uc=&xsec_source=,否,否
小红书,小红书-江苏省旅游景区.json,江苏省旅游景区,江苏省5A级景区,中国最美十大5A级景区,驴友假期带你去旅行,https://www.xiaohongshu.com/user/profile/611af611000000000100813c?channel_type=web_search_result_notes&parent_page_channel_type=web_profile_board&xsec_token=ABP3gXiXPXEUqEbc5LgloacGeMAT139Szqtf1b_5NmwWQ=&xsec_source=pc_search,2025-04-04,2025-04-04,2026-03-25,48,48,https://www.xiaohongshu.com/search_result?keyword=%25E6%25B1%259F%25E8%258B%258F%25E7%259C%25815A%25E7%25BA%25A7%25E6%2599%25AF%25E5%258C%25BA&source=web_explore_feed,https://www.xiaohongshu.com/search_result/67efaee9000000001c012fe7?xsec_token=ABscsyx24BBDeRQHnv7WD1ri3UZd4kzUIa7nYAUsO20Ok=&xsec_source=,https://sns-webpic-qc.xhscdn.com/202603251941/28bc406178c4ffd3aab14bc08251bd24/1040g2sg31fro9lhmnedg5o8quo8g909sv65s8k0!nc_n_webp_mw_1,4908705b0bdb04730e31edfed7f49e9a2f359c39e4074cc8e7c69f78415e7e82,https://www.xiaohongshu.com/search_result/67efaee9000000001c012fe7?xsec_token=ABscsyx24BBDeRQHnv7WD1ri3UZd4kzUIa7nYAUsO20Ok=&xsec_source=,否,否
小红书,小红书-江苏省旅游景区.json,江苏省旅游景区,江苏省5A级景区,微山湖岛·水上欢乐谷,小福猫,https://www.xiaohongshu.com/user/profile/6386d2530000000023024270?channel_type=web_search_result_notes&parent_page_channel_type=web_profile_board&xsec_token=ABLhYQVk4jBzmLayhb8V3o9qk-CbGkhvXyA0nOTujjrww=&xsec_source=pc_search,1天前,2026-03-24,2026-03-25,赞,0,https://www.xiaohongshu.com/search_result?keyword=%25E6%25B1%259F%25E8%258B%258F%25E7%259C%25815A%25E7%25BA%25A7%25E6%2599%25AF%25E5%258C%25BA&source=web_explore_feed,https://www.xiaohongshu.com/search_result/69c1e6ff000000001f0065ce?xsec_token=ABWDHQoNZvvrvLq_EROGsa1dvNmvaS0uH_metCFzSvyUk=&xsec_source=,https://sns-webpic-qc.xhscdn.com/202603251941/a9d8ef207d6715077792e883477078f9/notes_pre_post/1040g3k031u31l0n5n8005os6q99osgjggigtgs8!nc_n_webp_mw_1,3f73a2eed20c4d25a033fd6ba5b5c35eb4fcd7081b19456ec80a9c81f6989e92,https://www.xiaohongshu.com/search_result/69c1e6ff000000001f0065ce?xsec_token=ABWDHQoNZvvrvLq_EROGsa1dvNmvaS0uH_metCFzSvyUk=&xsec_source=,否,否
小红书,小红书-江苏省旅游景区.json,江苏省旅游景区,江苏省5A级景区,我国哪个省份的5A级景区最多？,看点数据,https://www.xiaohongshu.com/user/profile/5ca326d8000000001101ebb3?channel_type=web_search_result_notes&parent_page_channel_type=web_profile_board&xsec_token=ABBCK6gMypWtl61BtVfo76t4eFLW3Dw8u8zfrZU6QaatI=&xsec_source=pc_search,2025-05-13,2025-05-13,2026-03-25,8,8,https://www.xiaohongshu.com/search_result?keyword=%25E6%25B1%259F%25E8%258B%258F%25E7%259C%25815A%25E7%25BA%25A7%25E6%2599%25AF%25E5%258C%25BA&source=web_explore_feed,https://www.xiaohongshu.com/search_result/68234707000000002202fd79?xsec_token=ABucENot4migPzOb_1p3oNSvtLIO36xfotMKXjtrW1FxA=&xsec_source=,https://sns-webpic-qc.xhscdn.com/202603251941/86e5bae63627461ea4224d6de1044a2a/spectrum/1040g34o31he4k08ck20g5n534rc4bqtjpnepul0!nc_n_webp_mw_1,b42b8e228255fad6527b1c819a83a2f3d4ec816b7e3bcff3c527d704bd6f2d23,https://www.xiaohongshu.com/search_result/68234707000000002202fd79?xsec_token=ABucENot4migPzOb_1p3oNSvtLIO36xfotMKXjtrW1FxA=&xsec_source=,否,否
小红书,小红书-江苏省旅游景区.json,江苏省旅游景区,江苏省5A级景区,,,,,,2026-03-25,,0,https://www.xiaohongshu.com/search_result?keyword=%25E6%25B1%259F%25E8%258B%258F%25E7%259C%25815A%25E7%25BA%25A7%25E6%2599%25AF%25E5%258C%25BA&source=web_explore_feed,,http://sns-na-i4.xhscdn.com/notes_pre_post/1040g3k031i1b8ec97c605nuu4b4g81u5pd6l67g?imageView2/1/h/132/w/480/format/jpg&ap=5&sc=HOT_QRY&sign=7c8baa72bde41bafcdfcf6e21989bd97&t=69c3c9cc&origin=0,25e8015d5b2259019c832692987e558c47f135b621e76df02e29726fa672339c,cf9ab64a67de633462cd76cfd68ca7347794b2194a3b17a0ae298478fe431716,是,是
小红书,小红书-江苏省旅游景区.json,江苏省旅游景区,江苏省5A级景区,国內十大免费5A级景区,黄山婷婷,https://www.xiaohongshu.com/user/profile/5b81184026cd5c00012b34f6?channel_type=web_search_result_notes&parent_page_channel_type=web_profile_board&xsec_token=ABbrRiItWCZ0Xxc_nf6x-WCv1pH3RPJxsxMcojaQol39k=&xsec_source=pc_search,03-15,2026-03-15,2026-03-25,250,250,https://www.xiaohongshu.com/search_result?keyword=%25E6%25B1%259F%25E8%258B%258F%25E7%259C%25815A%25E7%25BA%25A7%25E6%2599%25AF%25E5%258C%25BA&source=web_explore_feed,https://www.xiaohongshu.com/search_result/69b6331b000000002200d990?xsec_token=ABeDTEBcjMre0LrnOI0mxkOlrKl79X-JVcpd-bp701-ic=&xsec_source=,https://sns-webpic-qc.xhscdn.com/202603251941/40e962989ed92974a95609e85ed5f509/1040g00831tnju0pfnu004ajkjpc40d7mhg3gm00!nc_n_webp_mw_1,1f7b62ddbe774f3c3139b5fc9a8ab6fdc9a55aa5895f2b993ef17a8a630e1625,https://www.xiaohongshu.com/search_result/69b6331b000000002200d990?xsec_token=ABeDTEBcjMre0LrnOI0mxkOlrKl79X-JVcpd-bp701-ic=&xsec_source=,否,否
小红书,小红书-江苏省旅游景区.json,江苏省旅游景区,江苏省5A级景区,江苏省连云港中医药高职,招生咨询丨贺贺（坡斯）,https://www.xiaohongshu.com/user/profile/69a63539000000001c0348e0?channel_type=web_search_result_notes&parent_page_channel_type=web_profile_board&xsec_token=ABNBm570u-D3QWZ5-gVK_z2QAZrIZjKhpY8mwbpbSJ0zg=&xsec_source=pc_search,1天前,2026-03-24,2026-03-25,1,1,https://www.xiaohongshu.com/search_result?keyword=%25E6%25B1%259F%25E8%258B%258F%25E7%259C%25815A%25E7%25BA%25A7%25E6%2599%25AF%25E5%258C%25BA&source=web_explore_feed,https://www.xiaohongshu.com/search_result/69c230ab000000001f005d2a?xsec_token=ABAuN-uMyHf13iXQtcesaQUvmXQxCCzJmBpbB-jz3MT0s=&xsec_source=,https://sns-webpic-qc.xhscdn.com/202603251941/5179b0f33d24657e11b5668eaa5ffac6/1040g00831u33rvfr7e1g5qd66ksn6i703c9uiqg!nc_n_webp_mw_1,2dc28905909174596ad1be8a6402fe7cb62bafc6cbfcbd6c9f2db0e03292ac9f,https://www.xiaohongshu.com/search_result/69c230ab000000001f005d2a?xsec_token=ABAuN-uMyHf13iXQtcesaQUvmXQxCCzJmBpbB-jz3MT0s=&xsec_source=,否,否
小红书,小红书-江苏省旅游景区.json,江苏省旅游景区,江苏省5A级景区,,清禾,https://www.xiaohongshu.com/user/profile/6676813800000000030336fe?channel_type=web_search_result_notes&parent_page_channel_type=web_profile_board&xsec_token=ABnsjYjlyh6Y4wXFHzaHfnJpKbIeEibxPDozCGwVHWW-g=&xsec_source=pc_search,2天前,2026-03-23,2026-03-25,36,36,https://www.xiaohongshu.com/search_result?keyword=%25E6%25B1%259F%25E8%258B%258F%25E7%259C%25815A%25E7%25BA%25A7%25E6%2599%25AF%25E5%258C%25BA&source=web_explore_feed,https://www.xiaohongshu.com/search_result/69c098230000000021013ae8?xsec_token=ABXGtA7vIJAZGe07r2UGg1nO1Txjb9RSKvIlGPxr05cAw=&xsec_source=,https://sns-webpic-qc.xhscdn.com/202603251941/29c2cf0640732db1b7e129d060c9eb17/1040g00831u28ptcm7q005pjmg4s0udnudmqoud8!nc_n_webp_mw_1,cc584a61a53589c9ce6dcffebf90888b46e80957d82e621933f3f446857dd09f,https://www.xiaohongshu.com/search_result/69c098230000000021013ae8?xsec_token=ABXGtA7vIJAZGe07r2UGg1nO1Txjb9RSKvIlGPxr05cAw=&xsec_source=,是,否
小红书,小红书-江苏省旅游景区.json,江苏省旅游景区,江苏省5A级景区,苏州官宣！中小学生春假这些景区通通免票,Nancy背包日记,https://www.xiaohongshu.com/user/profile/68355e01000000001e03f7cf?channel_type=web_search_result_notes&parent_page_channel_type=web_profile_board&xsec_token=ABMniydEhef2axC__nN7m7t9xKwSbgA_kaWuIWB35mCTk=&xsec_source=pc_search,03-11,2026-03-11,2026-03-25,46,46,https://www.xiaohongshu.com/search_result?keyword=%25E6%25B1%259F%25E8%258B%258F%25E7%259C%25815A%25E7%25BA%25A7%25E6%2599%25AF%25E5%258C%25BA&source=web_explore_feed,https://www.xiaohongshu.com/search_result/69b16160000000001d025cc5?xsec_token=ABMzCp1PWYrM-bYA9LoyloEeiw8a96_LbirtECU-e0OmI=&xsec_source=,https://sns-webpic-qc.xhscdn.com/202603251941/9300b2202846e84c8ed0dc025e4dc326/notes_pre_post/1040g3k031tiptf5k5s2g5q1lbo0nntufc2s0s20!nc_n_webp_mw_1,dd34328585cab916ee9cf6f25a861475a86163a3d6457ee25360979f728d7e54,https://www.xiaohongshu.com/search_result/69b16160000000001d025cc5?xsec_token=ABMzCp1PWYrM-bYA9LoyloEeiw8a96_LbirtECU-e0OmI=&xsec_source=,否,否
小红书,小红书-江苏省旅游景区.json,江苏省旅游景区,江苏省5A级景区,全国最神奇的省份：江苏,小伍的旅行笔记,https://www.xiaohongshu.com/user/profile/619643130000000010006bdb?channel_type=web_search_result_notes&parent_page_channel_type=web_profile_board&xsec_token=AB4WMokpfERGWY7reT_HLmedqtxIutQB9xcIfnFAuYZQE=&xsec_source=pc_search,03-18,2026-03-18,2026-03-25,402,402,https://www.xiaohongshu.com/search_result?keyword=%25E6%25B1%259F%25E8%258B%258F%25E7%259C%25815A%25E7%25BA%25A7%25E6%2599%25AF%25E5%258C%25BA&source=web_explore_feed,https://www.xiaohongshu.com/search_result/69b9aa60000000002200f84e?xsec_token=ABFIhHdy0depI317RDqwZPwT5Xf7BOv3bYIbJYnoZFmMc=&xsec_source=,https://sns-webpic-qc.xhscdn.com/202603251941/0188c94df652bcf65f7a1933b2afe48b/spectrum/1040g0k031tr0295emq005ocm8c9k0qurfu40oug!nc_n_webp_mw_1,6907495eead44dc023b66a8fe21e996d2f6952045cd86455ca0356ddddc4d4a5,https://www.xiaohongshu.com/search_result/69b9aa60000000002200f84e?xsec_token=ABFIhHdy0depI317RDqwZPwT5Xf7BOv3bYIbJYnoZFmMc=&xsec_source=,否,否
小红书,小红书-江苏省旅游景区.json,江苏省旅游景区,江苏省5A级景区,盐城市大丰中华麋鹿园景区江苏省导游词2025,wls91389,https://www.xiaohongshu.com/user/profile/5cd659470000000017000cd6?channel_type=web_search_result_notes&parent_page_channel_type=web_profile_board&xsec_token=ABVYLels3Tr3aoImWtPJoWyb7JFt03BXF2W43oA9SDKT0=&xsec_source=pc_search,2025-10-24,2025-10-24,2026-03-25,80,80,https://www.xiaohongshu.com/search_result?keyword=%25E6%25B1%259F%25E8%258B%258F%25E7%259C%25815A%25E7%25BA%25A7%25E6%2599%25AF%25E5%258C%25BA&source=web_explore_feed,https://www.xiaohongshu.com/search_result/68fb43ac000000000301b824?xsec_token=ABahUB18dOuekNx4Xcxbuhd5_iktdxtFATVsIbtkc_CXU=&xsec_source=,https://sns-webpic-qc.xhscdn.com/202603251941/f54dec19ac59c041063cfc436cf62971/spectrum/1040g34o31o116h834u0g5n6mb53lo36mfi01gpo!nc_n_webp_mw_1,2c93c1709f8ee4bed73a85d5c3fb584e43ed622e4f58381f502c1097a8cd34ca,https://www.xiaohongshu.com/search_result/68fb43ac000000000301b824?xsec_token=ABahUB18dOuekNx4Xcxbuhd5_iktdxtFATVsIbtkc_CXU=&xsec_source=,否,否
小红书,小红书-江苏省旅游景区.json,江苏省旅游景区,江苏省5A级景区,南山竹海自然风光，竹林深处的美景,星岩远行,https://www.xiaohongshu.com/user/profile/600032cf000000000101c5f1?channel_type=web_search_result_notes&parent_page_channel_type=web_profile_board&xsec_token=AB0pbiGe-VgUpeOegKWo7-0NrDUDdKiaiijU8AnGIV6Qg=&xsec_source=pc_search,2025-09-28,2025-09-28,2026-03-25,5,5,https://www.xiaohongshu.com/search_result?keyword=%25E6%25B1%259F%25E8%258B%258F%25E7%259C%25815A%25E7%25BA%25A7%25E6%2599%25AF%25E5%258C%25BA&source=web_explore_feed,https://www.xiaohongshu.com/search_result/68d92c63000000001101eaf3?xsec_token=ABaIjvplldt29BKdIDCObdTuQTGLrN8GBQu8y5nJtOuLc=&xsec_source=,https://sns-webpic-qc.xhscdn.com/202603251941/14cccdd46949594f9caf61c865025b73/1040g00831mvos50rlm005o006b7gbhfh0r3jil0!nc_n_webp_mw_1,a45086248363abe9d45a5e53fd003a428e5c7c5e39b260bdb73388ac2d538761,https://www.xiaohongshu.com/search_result/68d92c63000000001101eaf3?xsec_token=ABaIjvplldt29BKdIDCObdTuQTGLrN8GBQu8y5nJtOuLc=&xsec_source=,否,否
小红书,小红书-江苏省旅游景区.json,江苏省旅游景区,江苏省5A级景区,,世界旅行景点,https://www.xiaohongshu.com/user/profile/6729b53b000000001d02fa48?channel_type=web_search_result_notes&parent_page_channel_type=web_profile_board&xsec_token=AB1i5E_Mu60oWMDKSF0cu4qhdk6_eqxMFpdKd4-KnRvEc=&xsec_source=pc_search,2025-01-23,2025-01-23,2026-03-25,818,818,https://www.xiaohongshu.com/search_result?keyword=%25E6%25B1%259F%25E8%258B%258F%25E7%259C%25815A%25E7%25BA%25A7%25E6%2599%25AF%25E5%258C%25BA&source=web_explore_feed,https://www.xiaohongshu.com/search_result/67920e18000000001902db74?xsec_token=ABscBuqN_CbkE20dcMkt8PlghoyBPPRapMfG5YEGTU0xk=&xsec_source=,https://sns-webpic-qc.xhscdn.com/202603251941/b4f9c468be4b2132c1e8025ede0b0d1c/1040g2sg31d0ae51hgu105pp9mktndui8liqbvp8!nc_n_webp_mw_1,4a0c9ebeae11d73306fd2fb4330873b46220fe0d9215911194b6172c0fa708ce,https://www.xiaohongshu.com/search_result/67920e18000000001902db74?xsec_token=ABscBuqN_CbkE20dcMkt8PlghoyBPPRapMfG5YEGTU0xk=&xsec_source=,是,否
小红书,小红书-江苏省旅游景区.json,江苏省旅游景区,江苏省5A级景区,,拾柒里,https://www.xiaohongshu.com/user/profile/67d24e28000000000a03e89d?channel_type=web_search_result_notes&parent_page_channel_type=web_profile_board&xsec_token=ABaqS66IK-Np8o4K1H-C0mJ7QO8w10Bvp10FpA8MwxtDU=&xsec_source=pc_search,2025-10-29,2025-10-29,2026-03-25,78,78,https://www.xiaohongshu.com/search_result?keyword=%25E6%25B1%259F%25E8%258B%258F%25E7%259C%25815A%25E7%25BA%25A7%25E6%2599%25AF%25E5%258C%25BA&source=web_explore_feed,https://www.xiaohongshu.com/search_result/6901ca5c0000000004007877?xsec_token=ABlwhbqiVMT5uUkxVunpuUayUsAe4xqeEui2gOhEs8mfo=&xsec_source=,https://sns-webpic-qc.xhscdn.com/202603251941/a26f946958133f7b51fb28649d6ffb25/spectrum/1040g0k031o7ds3tjku005pui9ok2nq4t1l50bjo!nc_n_webp_mw_1,2b80e0c52affc7253fdd70debf4f408544f247906bec1c1069b86d0a52c59d83,https://www.xiaohongshu.com/search_result/6901ca5c0000000004007877?xsec_token=ABlwhbqiVMT5uUkxVunpuUayUsAe4xqeEui2gOhEs8mfo=&xsec_source=,是,否
小红书,小红书-江苏省旅游景区.json,江苏省旅游景区,江苏省5A级景区,春假羊毛速薅！宣城36个A级景区全免,悦泓小院民宿（水墨汀溪风景区店）,https://www.xiaohongshu.com/user/profile/6530d0ca000000002a037443?channel_type=web_search_result_notes&parent_page_channel_type=web_profile_board&xsec_token=AB4qR8ZTlQwvnrXX0rZFqtRIH_2OYz8WbhZiOlF6f_Y0I=&xsec_source=pc_search,4小时前,2026-03-25,2026-03-25,3,3,https://www.xiaohongshu.com/search_result?keyword=%25E6%25B1%259F%25E8%258B%258F%25E7%259C%25815A%25E7%25BA%25A7%25E6%2599%25AF%25E5%258C%25BA&source=web_explore_feed,https://www.xiaohongshu.com/search_result/69c38463000000001a0205b9?xsec_token=AB1reXc9sceWHR16vHAmKSpCbDO8r0nPsAIfW5SRVXM4o=&xsec_source=,https://sns-webpic-qc.xhscdn.com/202603251941/ac2f7242eee191254bfddf31a65a4c22/notes_pre_post/1040g3k831u4k4e08iid05p9gq35amt23ilbu058!nc_n_webp_mw_1,7a69431366ab37d136df52f22ed42c3f17c8568d2e7f4da4c551b42094e5869e,https://www.xiaohongshu.com/search_result/69c38463000000001a0205b9?xsec_token=AB1reXc9sceWHR16vHAmKSpCbDO8r0nPsAIfW5SRVXM4o=&xsec_source=,否,否
小红书,小红书-江苏省旅游景区.json,江苏省旅游景区,江苏省5A级景区,,拾柒里,https://www.xiaohongshu.com/user/profile/67d24e28000000000a03e89d?channel_type=web_search_result_notes&parent_page_channel_type=web_profile_board&xsec_token=ABaqS66IK-Np8o4K1H-C0mJ7QO8w10Bvp10FpA8MwxtDU=&xsec_source=pc_search,2025-12-12,2025-12-12,2026-03-25,76,76,https://www.xiaohongshu.com/search_result?keyword=%25E6%25B1%259F%25E8%258B%258F%25E7%259C%25815A%25E7%25BA%25A7%25E6%2599%25AF%25E5%258C%25BA&source=web_explore_feed,https://www.xiaohongshu.com/search_result/693bd1bf000000001f00b060?xsec_token=ABFPsVr0fGUwidbQadhWg-b57dgqnfbM-zb_1kesICEb8=&xsec_source=,https://sns-webpic-qc.xhscdn.com/202603251941/f40d7f27681af00569b3f5a0b790c78c/spectrum/1040g34o31q03injhg2105pui9ok2nq4tnrig00g!nc_n_webp_mw_1,a56ed1661c4c4cea55279619586afcadc1594e0ab6aea5bc65333839ac4825f9,https://www.xiaohongshu.com/search_result/693bd1bf000000001f00b060?xsec_token=ABFPsVr0fGUwidbQadhWg-b57dgqnfbM-zb_1kesICEb8=&xsec_source=,是,否
小红书,小红书-江苏省旅游景区.json,江苏省旅游景区,江苏省5A级景区,,豆得儿豆,https://www.xiaohongshu.com/user/profile/5b572f0211be101b44175e4b?channel_type=web_search_result_notes&parent_page_channel_type=web_profile_board&xsec_token=ABUKmdYtZWoVSEaXQ1U6-5M3LvLDWTpXTENzdksNFYSP0=&xsec_source=pc_search,02-12,2026-02-12,2026-03-25,76,76,https://www.xiaohongshu.com/search_result?keyword=%25E6%25B1%259F%25E8%258B%258F%25E7%259C%25815A%25E7%25BA%25A7%25E6%2599%25AF%25E5%258C%25BA&source=web_explore_feed,https://www.xiaohongshu.com/search_result/698d91080000000015023455?xsec_token=AB_ZQYyOz-3qSdyWmkaQssICrkad56f052A2P4Zwm_lZQ=&xsec_source=,https://sns-webpic-qc.xhscdn.com/202603251941/5c4c27911a15ab428d5d4a71dd2b1daa/1040g2sg31sfu5djnlke04a7fa3ng4nib4g2eiko!nc_n_webp_mw_1,fe0939fa2a4a8eb0ee443d409850a9fb753a33132e12e4039e637255358c6b2e,https://www.xiaohongshu.com/search_result/698d91080000000015023455?xsec_token=AB_ZQYyOz-3qSdyWmkaQssICrkad56f052A2P4Zwm_lZQ=&xsec_source=,是,否
小红书,小红书-江苏省旅游景区.json,江苏省旅游景区,江苏省5A级景区,江苏省连云港工贸高职,招生咨询丨贺贺（坡斯）,https://www.xiaohongshu.com/user/profile/69a63539000000001c0348e0?channel_type=web_search_result_notes&parent_page_channel_type=web_profile_board&xsec_token=ABNBm570u-D3QWZ5-gVK_z2QAZrIZjKhpY8mwbpbSJ0zg=&xsec_source=pc_search,1天前,2026-03-24,2026-03-25,赞,0,https://www.xiaohongshu.com/search_result?keyword=%25E6%25B1%259F%25E8%258B%258F%25E7%259C%25815A%25E7%25BA%25A7%25E6%2599%25AF%25E5%258C%25BA&source=web_explore_feed,https://www.xiaohongshu.com/search_result/69c2328d000000001a036be3?xsec_token=ABAuN-uMyHf13iXQtcesaQUl4WHIejjmMvFgPDnnbGFbc=&xsec_source=,https://sns-webpic-qc.xhscdn.com/202603251941/329c9db006add61581f8c08f6f4af792/1040g00831u33rvfr7e405qd66ksn6i70cmtsg10!nc_n_webp_mw_1,52b802f684c74426cd9bb9e3d263aea0bf089474c52d0765b8b9b4a9886254ed,https://www.xiaohongshu.com/search_result/69c2328d000000001a036be3?xsec_token=ABAuN-uMyHf13iXQtcesaQUl4WHIejjmMvFgPDnnbGFbc=&xsec_source=,否,否
小红书,小红书-江苏省旅游景区.json,江苏省旅游景区,江苏省5A级景区,江苏事业编78.5成功上岸(超真诚经验贴),花开花落终有时,https://www.xiaohongshu.com/user/profile/5fcdb98a000000000100b97a?channel_type=web_search_result_notes&parent_page_channel_type=web_profile_board&xsec_token=ABQrGPSC3bNy5RG8atv91aiHdaEHbUm--lNzvq_HwOW6g=&xsec_source=pc_search,1天前,2026-03-24,2026-03-25,502,502,https://www.xiaohongshu.com/search_result?keyword=%25E6%25B1%259F%25E8%258B%258F%25E7%259C%25815A%25E7%25BA%25A7%25E6%2599%25AF%25E5%258C%25BA&source=web_explore_feed,https://www.xiaohongshu.com/search_result/69be4472000000001b00121e?xsec_token=ABqItCO4Ir_VAvM3EXd_-pNSpSnwRp7BHC3QvlhXjneNQ=&xsec_source=,https://sns-webpic-qc.xhscdn.com/202603251941/54657180a11a1e6e0c261ec30fe3e260/notes_pre_post/1040g3k831tvg262218005nudn6509ebq9muhbo0!nc_n_webp_mw_1,504e2c595939bc0e95683e7bd79b08027c09bdbd4703ff512072fd464dcb2a8b,https://www.xiaohongshu.com/search_result/69be4472000000001b00121e?xsec_token=ABqItCO4Ir_VAvM3EXd_-pNSpSnwRp7BHC3QvlhXjneNQ=&xsec_source=,否,否
小红书,小红书-江苏省旅游景区.json,江苏省旅游景区,江苏省5A级景区,,,,,,2026-03-25,,0,https://www.xiaohongshu.com/search_result?keyword=%25E6%25B1%259F%25E8%258B%258F%25E7%259C%25815A%25E7%25BA%25A7%25E6%2599%25AF%25E5%258C%25BA&source=web_explore_feed,,http://sns-na-i4.xhscdn.com/notes_pre_post/1040g3k031i1b8ec97c605nuu4b4g81u5pd6l67g?imageView2/1/h/132/w/480/format/jpg&ap=5&sc=HOT_QRY&sign=bfc023b3571c1678e26c1ace7945a8b8&t=69c3c9cf&origin=0,3590cde7830d326d4803328e36a9ea83541e34904f3b408059d40d253a6e3d2c,deaba311714968abd435996361e07958751618b48641774ebe4360ae67a1af7f,是,是
小红书,小红书-江苏省旅游景区.json,江苏省旅游景区,江苏省5A级景区,,南京徒手骨相付和东,https://www.xiaohongshu.com/user/profile/66761cf90000000003033f1a?channel_type=web_search_result_notes&parent_page_channel_type=web_profile_board&xsec_token=ABnsjYjlyh6Y4wXFHzaHfnJn32ARXBM1HbFivpN1hfvDY=&xsec_source=pc_search,02-27,2026-02-27,2026-03-25,11,11,https://www.xiaohongshu.com/search_result?keyword=%25E6%25B1%259F%25E8%258B%258F%25E7%259C%25815A%25E7%25BA%25A7%25E6%2599%25AF%25E5%258C%25BA&source=web_explore_feed,https://www.xiaohongshu.com/search_result/69a17b69000000002602c333?xsec_token=ABzo33lKsAwNNlfJ0xpBEO44VfHeJf7Wtsgp7IPwBe6jQ=&xsec_source=,https://sns-webpic-qc.xhscdn.com/202603251941/e444bfe368084d05d74d394368328999/1040g2sg31t3ch8kdledg5pjm3jsgufoq4fv85do!nc_n_webp_mw_1,7d74c26f1fa781c8228a39845ea89464062962bc73e280946d4610060da93188,https://www.xiaohongshu.com/search_result/69a17b69000000002602c333?xsec_token=ABzo33lKsAwNNlfJ0xpBEO44VfHeJf7Wtsgp7IPwBe6jQ=&xsec_source=,是,否
小红书,小红书-江苏省旅游景区.json,江苏省旅游景区,江苏省5A级景区,江苏辖13个地级市，都有什么特点呢？,地舆世界,https://www.xiaohongshu.com/user/profile/67c82271000000000d00a056?channel_type=web_search_result_notes&parent_page_channel_type=web_profile_board&xsec_token=ABYIifea1R-ydKerdvgsG99kRJftW7mZN-K7a1AEjBOdg=&xsec_source=pc_search,2025-08-20,2025-08-20,2026-03-25,9059,9059,https://www.xiaohongshu.com/search_result?keyword=%25E6%25B1%259F%25E8%258B%258F%25E7%259C%25815A%25E7%25BA%25A7%25E6%2599%25AF%25E5%258C%25BA&source=web_explore_feed,https://www.xiaohongshu.com/search_result/68a5300a000000001d00afdd?xsec_token=ABKP_u2CoD_owBMerexUksoil8Lm7mSHLpBsgzcS5l7Y0=&xsec_source=,https://sns-webpic-qc.xhscdn.com/202603251941/32c67b7da1a16cf03042dcb2dcea164e/1040g00831ld0bff6506g5pu849oj982mpa9q4g8!nc_n_webp_mw_1,d0404586ab60d06de0afef53a310afbc9f481db00fad0818c2d55b0f4d09e5e6,https://www.xiaohongshu.com/search_result/68a5300a000000001d00afdd?xsec_token=ABKP_u2CoD_owBMerexUksoil8Lm7mSHLpBsgzcS5l7Y0=&xsec_source=,否,否
小红书,小红书-江苏省旅游景区.json,江苏省旅游景区,江苏省5A级景区,已经去过264个5A级景区了,萨沙毛衣,https://www.xiaohongshu.com/user/profile/6424269f0000000012011d69?channel_type=web_search_result_notes&parent_page_channel_type=web_profile_board&xsec_token=ABr9dhmjv38Kq8C2QjMbJ4cIIIlYukRnshFtjcDi8vSkU=&xsec_source=pc_search,2025-06-03,2025-06-03,2026-03-25,2,2,https://www.xiaohongshu.com/search_result?keyword=%25E6%25B1%259F%25E8%258B%258F%25E7%259C%25815A%25E7%25BA%25A7%25E6%2599%25AF%25E5%258C%25BA&source=web_explore_feed,https://www.xiaohongshu.com/search_result/683e9e9600000000210048a2?xsec_token=ABP7pntW4Mkz0X3_1CD3K6dYC9R7ZtKKLVkE3qGM-HM8k=&xsec_source=,https://sns-webpic-qc.xhscdn.com/202603251941/74be044e04533412547218baa00435cc/1040g00831i8r1sspna105p144qfki7b9fpnfdho!nc_n_webp_mw_1,47cfcda7638bc96994031239f059b8c300cb3d07d654d4a33a49186000d2f844,https://www.xiaohongshu.com/search_result/683e9e9600000000210048a2?xsec_token=ABP7pntW4Mkz0X3_1CD3K6dYC9R7ZtKKLVkE3qGM-HM8k=&xsec_source=,否,否
小红书,小红书-江苏省旅游景区.json,江苏省旅游景区,江苏省5A级景区,杭州出发1.5h，我最爱的江南小镇出现了❗️,春情阿茶,https://www.xiaohongshu.com/user/profile/5b6cd11da522d50001c4391b?channel_type=web_search_result_notes&parent_page_channel_type=web_profile_board&xsec_token=ABQLsGpj_JvOvYNHwMcxi8LUNPBfkkzMMoFhbe69KStS4=&xsec_source=pc_search,5天前,2026-03-20,2026-03-25,269,269,https://www.xiaohongshu.com/search_result?keyword=%25E6%25B1%259F%25E8%258B%258F%25E7%259C%25815A%25E7%25BA%25A7%25E6%2599%25AF%25E5%258C%25BA&source=web_explore_feed,https://www.xiaohongshu.com/search_result/699d681c000000001b016492?xsec_token=ABy1sLQaDTPrJMK57EFt_kpl-v3wTJ21qA3qb8eZ4a130=&xsec_source=,https://sns-webpic-qc.xhscdn.com/202603251941/cb491f40a4a16ffe34a4ba256455d855/notes_pre_post/1040g3k831svd2vpkls7g4absnj8hqe8rcfqrl5o!nc_n_webp_mw_1,1266a6bffa3723cccb7e06b076545f58c4905ee7a14cb6608b532dcf68e8a6b7,https://www.xiaohongshu.com/search_result/699d681c000000001b016492?xsec_token=ABy1sLQaDTPrJMK57EFt_kpl-v3wTJ21qA3qb8eZ4a130=&xsec_source=,否,否
小红书,小红书-江苏省旅游景区.json,江苏省旅游景区,江苏省5A级景区,🔥5秒自查！江苏事业单位专业对照表！,无锡东泰考公考编咨询,https://www.xiaohongshu.com/user/profile/62eb30a10000000015019116?channel_type=web_search_result_notes&parent_page_channel_type=web_profile_board&xsec_token=ABHHAf4qePMkrvVR7c6CyGKxVmjcyaikkAOATrS5MPqhM=&xsec_source=pc_search,03-18,2026-03-18,2026-03-25,35,35,https://www.xiaohongshu.com/search_result?keyword=%25E6%25B1%259F%25E8%258B%258F%25E7%259C%25815A%25E7%25BA%25A7%25E6%2599%25AF%25E5%258C%25BA&source=web_explore_feed,https://www.xiaohongshu.com/search_result/69ba4343000000002301ce00?xsec_token=AB0y8n16ucw_8Er5fiM5RIX_VCQdxc8y8IG90KeEn2JA0=&xsec_source=,https://sns-webpic-qc.xhscdn.com/202603251941/1ea990e15084b697ea1c611e9878bd8f/notes_pre_post/1040g3k831trbgesc6u0g5onb62glb48m5bvccv8!nc_n_webp_mw_1,c14b10e622ea1c23bec6dc3af877247b507fc095366789582afba8f4a1081ef8,https://www.xiaohongshu.com/search_result/69ba4343000000002301ce00?xsec_token=AB0y8n16ucw_8Er5fiM5RIX_VCQdxc8y8IG90KeEn2JA0=&xsec_source=,否,否
小红书,小红书-江苏省旅游景区.json,江苏省旅游景区,江苏省5A级景区,那拉提｜空中草原+河谷草原+盘龙谷道,无境旅行 胡-An-平,https://www.xiaohongshu.com/user/profile/5efb71f20000000001001188?channel_type=web_search_result_notes&parent_page_channel_type=web_profile_board&xsec_token=AB7Hpahu7XdaK6yxtbWAgrumJzxyRQ63uJAnpU7FC0pLM=&xsec_source=pc_search,1天前,2026-03-24,2026-03-25,1,1,https://www.xiaohongshu.com/search_result?keyword=%25E6%25B1%259F%25E8%258B%258F%25E7%259C%25815A%25E7%25BA%25A7%25E6%2599%25AF%25E5%258C%25BA&source=web_explore_feed,https://www.xiaohongshu.com/search_result/69c21f74000000002003991f?xsec_token=ABAuN-uMyHf13iXQtcesaQUlqwvG5MWEw9udi2zT_K09A=&xsec_source=,https://sns-webpic-qc.xhscdn.com/202603251941/0cb7aecec1880ba368629f6cb1df67f6/notes_pre_post/1040g3k031u38hds578005nnre7p084c83onrrtg!nc_n_webp_mw_1,33c3a893f82c26a8defe6b036f84571f19613187046ab88034d3c0fc739fb511,https://www.xiaohongshu.com/search_result/69c21f74000000002003991f?xsec_token=ABAuN-uMyHf13iXQtcesaQUlqwvG5MWEw9udi2zT_K09A=&xsec_source=,否,否
小红书,小红书-江苏省旅游景区.json,江苏省旅游景区,江苏省5A级景区,哪些可以评为首批6A景区,华旅邦哥旅游定制,https://www.xiaohongshu.com/user/profile/65b7a5d100000000160223c6?channel_type=web_search_result_notes&parent_page_channel_type=web_profile_board&xsec_token=ABa5yE9IE04KPHPSbVnmpprtlXWO3oU2Gwu5B04o29Uk8=&xsec_source=pc_search,03-05,2026-03-05,2026-03-25,873,873,https://www.xiaohongshu.com/search_result?keyword=%25E6%25B1%259F%25E8%258B%258F%25E7%259C%25815A%25E7%25BA%25A7%25E6%2599%25AF%25E5%258C%25BA&source=web_explore_feed,https://www.xiaohongshu.com/search_result/69a5a5d60000000015022bd3?xsec_token=ABDSFwEzuai9s-wQtQ6_0Ef6aMUEqUk1lUI3KdSm8R7yU=&xsec_source=,https://sns-webpic-qc.xhscdn.com/202603251941/0a14cfd9da070cc4be066ec9ab3f5f23/110/0/01e9a5a5c52c30880010000000019caf0f9948_0.jpg!nc_n_webp_mw_1,ea60627fe6da872001cf1e900a53a64977225418cc1bc3c678cfeff911cc1441,https://www.xiaohongshu.com/search_result/69a5a5d60000000015022bd3?xsec_token=ABDSFwEzuai9s-wQtQ6_0Ef6aMUEqUk1lUI3KdSm8R7yU=&xsec_source=,否,否
小红书,小红书-江苏省旅游景区.json,江苏省旅游景区,江苏省5A级景区,江苏省事业单位试卷分析,导氮未来-信阳校区,https://www.xiaohongshu.com/user/profile/65fee603000000000d024ba5?channel_type=web_search_result_notes&parent_page_channel_type=web_profile_board&xsec_token=AB0_nK612VsuwpA7aiNPqFD94yOt-TEXiC-iY4d_BzFf0=&xsec_source=pc_search,5天前,2026-03-20,2026-03-25,110,110,https://www.xiaohongshu.com/search_result?keyword=%25E6%25B1%259F%25E8%258B%258F%25E7%259C%25815A%25E7%25BA%25A7%25E6%2599%25AF%25E5%258C%25BA&source=web_explore_feed,https://www.xiaohongshu.com/search_result/69bcb742000000001b0037e6?xsec_token=ABsE9u35f2_jmIKeN0HnsJ_XjZLi4UW1waSpfXOkSAuHo=&xsec_source=,https://sns-webpic-qc.xhscdn.com/202603251941/2d7741d7f12f82b23cb5bbd4d0628780/spectrum/1040g34o31ttvduiehg205pfuso1jcit5ntqlqbo!nc_n_webp_mw_1,87c1ca858ceb5f19ddbc3f9202d6de6d450a988c6e09cf43a1df6f4f33b9e6fd,https://www.xiaohongshu.com/search_result/69bcb742000000001b0037e6?xsec_token=ABsE9u35f2_jmIKeN0HnsJ_XjZLi4UW1waSpfXOkSAuHo=&xsec_source=,否,否
小红书,小红书-江苏省旅游景区.json,江苏省旅游景区,江苏省5A级景区,苏北之旅1：中华麋鹿园,落京烟雨（烟染）,https://www.xiaohongshu.com/user/profile/610908fb0000000001001d04?channel_type=web_search_result_notes&parent_page_channel_type=web_profile_board&xsec_token=ABKfOOZB1DM9pKMHqo9SlSDXzW2-zqGsBOvsPRia18HXA=&xsec_source=pc_search,1天前,2026-03-24,2026-03-25,1,1,https://www.xiaohongshu.com/search_result?keyword=%25E6%25B1%259F%25E8%258B%258F%25E7%259C%25815A%25E7%25BA%25A7%25E6%2599%25AF%25E5%258C%25BA&source=web_explore_feed,https://www.xiaohongshu.com/search_result/69c2774e000000002200f300?xsec_token=ABAuN-uMyHf13iXQtcesaQUpIPTZOVuUn-QYo0tx9l8_E=&xsec_source=,https://sns-webpic-qc.xhscdn.com/202603251941/d98c0827661f02bffccee0c230e5439d/1040g00831u3j3enc1m6g5o8913tg8784tbqrp48!nc_n_webp_mw_1,a4b506bdc542bb06b66e8afa98e66b9b88303bf504bc9f8cea05c26a16b5099a,https://www.xiaohongshu.com/search_result/69c2774e000000002200f300?xsec_token=ABAuN-uMyHf13iXQtcesaQUpIPTZOVuUn-QYo0tx9l8_E=&xsec_source=,否,否
小红书,小红书-江苏省旅游景区.json,江苏省旅游景区,江苏省5A级景区,把音乐节搬进5A级景区，南宁你还是太宠粉了,nikko,https://www.xiaohongshu.com/user/profile/592b987c5e87e7530dece715?channel_type=web_search_result_notes&parent_page_channel_type=web_profile_board&xsec_token=ABBqCi8EBZROWvMh_rcShszvTtWuxutw9dB5QYCS6UfeY=&xsec_source=pc_search,2天前,2026-03-23,2026-03-25,1441,1441,https://www.xiaohongshu.com/search_result?keyword=%25E6%25B1%259F%25E8%258B%258F%25E7%259C%25815A%25E7%25BA%25A7%25E6%2599%25AF%25E5%258C%25BA&source=web_explore_feed,https://www.xiaohongshu.com/search_result/69c0f912000000002102c334?xsec_token=ABXGtA7vIJAZGe07r2UGg1nNEfQi-Qwyh4Cucfrn3oESA=&xsec_source=,https://sns-webpic-qc.xhscdn.com/202603251941/d1c6a941b2754af015acfc111707115e/notes_pre_post/1040g3k831u24k8bmne0049hmnpc7ppolcl13o5g!nc_n_webp_mw_1,e97d8bb39c717946952d15e7930ffc289f0aa1ce0b5677ff9c1d659b37067dcb,https://www.xiaohongshu.com/search_result/69c0f912000000002102c334?xsec_token=ABXGtA7vIJAZGe07r2UGg1nNEfQi-Qwyh4Cucfrn3oESA=&xsec_source=,否,否
小红书,小红书-江苏省旅游景区.json,江苏省旅游景区,江苏省5A级景区,,拾柒里,https://www.xiaohongshu.com/user/profile/67d24e28000000000a03e89d?channel_type=web_search_result_notes&parent_page_channel_type=web_profile_board&xsec_token=ABaqS66IK-Np8o4K1H-C0mJ7QO8w10Bvp10FpA8MwxtDU=&xsec_source=pc_search,2025-04-29,2025-04-29,2026-03-25,790,790,https://www.xiaohongshu.com/search_result?keyword=%25E6%25B1%259F%25E8%258B%258F%25E7%259C%25815A%25E7%25BA%25A7%25E6%2599%25AF%25E5%258C%25BA&source=web_explore_feed,https://www.xiaohongshu.com/search_result/681076f0000000002300fbb8?xsec_token=ABvXHv48z1KzpxHfiNY8psZf2TIYRJCDEOJ7GSimhyszI=&xsec_source=,https://sns-webpic-qc.xhscdn.com/202603251941/72d2a441b08b54f644118d7ac9ac6e8c/spectrum/1040g34o31grone1cjc005pui9ok2nq4t3niuuko!nc_n_webp_mw_1,b10abd5b079c45a8ccba1911c302cd2da7b185c4b3d4be098a246b8cf9de105f,https://www.xiaohongshu.com/search_result/681076f0000000002300fbb8?xsec_token=ABvXHv48z1KzpxHfiNY8psZf2TIYRJCDEOJ7GSimhyszI=&xsec_source=,是,否
小红书,小红书-江苏省旅游景区.json,江苏省旅游景区,江苏省5A级景区,四川的18家5A级景区,正经四川地图,https://www.xiaohongshu.com/user/profile/5fba0d110000000001005c57?channel_type=web_search_result_notes&parent_page_channel_type=web_profile_board&xsec_token=ABerpN6NGJt4j-v_jF8qMzKFexHdmaPwlE44wkiITrzIg=&xsec_source=pc_search,03-17,2026-03-17,2026-03-25,170,170,https://www.xiaohongshu.com/search_result?keyword=%25E6%25B1%259F%25E8%258B%258F%25E7%259C%25815A%25E7%25BA%25A7%25E6%2599%25AF%25E5%258C%25BA&source=web_explore_feed,https://www.xiaohongshu.com/search_result/69b7a2810000000023010de2?xsec_token=ABaghI9l-PI5GO7EL1e75dw0OLUOKFmQiHbPQny4uIvcA=&xsec_source=,https://sns-webpic-qc.xhscdn.com/202603251941/66507e6db36f387ced6116b977f625bd/spectrum/1040g0k031tp0okrr7u005ntq1k8g8n2n978qi8g!nc_n_webp_mw_1,a64a8f865754efccc3c1cfa9029701bfc28440b0bc805a7a967a8630089af632,https://www.xiaohongshu.com/search_result/69b7a2810000000023010de2?xsec_token=ABaghI9l-PI5GO7EL1e75dw0OLUOKFmQiHbPQny4uIvcA=&xsec_source=,否,否
小红书,小红书-江苏省旅游景区.json,江苏省旅游景区,江苏省5A级景区,江苏省最强三大牛*县！第三名！张家港市,小毛地理,https://www.xiaohongshu.com/user/profile/5fb0aa8c0000000001006182?channel_type=web_search_result_notes&parent_page_channel_type=web_profile_board&xsec_token=ABjptV7YS5-ibOBY9WP-n1LmRSBqsDo53C_Fllt87IevU=&xsec_source=pc_search,2025-07-05,2025-07-05,2026-03-25,389,389,https://www.xiaohongshu.com/search_result?keyword=%25E6%25B1%259F%25E8%258B%258F%25E7%259C%25815A%25E7%25BA%25A7%25E6%2599%25AF%25E5%258C%25BA&source=web_explore_feed,https://www.xiaohongshu.com/search_result/68680666000000001c0329c6?xsec_token=ABV6GApdq5uDUor5ou9ilCMsZo5D7MclKFl1V1q8F0qe4=&xsec_source=,https://sns-webpic-qc.xhscdn.com/202603251941/f6d582c5e3c7ab7ea4c2c6b12a2d352b/spectrum/1040g0k031jh90phdia005ntgla608oc24hqhn5o!nc_n_webp_mw_1,3498d65a7590b17e2637a79906b3d07d11e1a141e0f4f6218783aed4d6d7162e,https://www.xiaohongshu.com/search_result/68680666000000001c0329c6?xsec_token=ABV6GApdq5uDUor5ou9ilCMsZo5D7MclKFl1V1q8F0qe4=&xsec_source=,否,否
小红书,小红书-江苏省旅游景区.json,江苏省旅游景区,江苏省5A级景区,,拾柒里,https://www.xiaohongshu.com/user/profile/67d24e28000000000a03e89d?channel_type=web_search_result_notes&parent_page_channel_type=web_profile_board&xsec_token=ABaqS66IK-Np8o4K1H-C0mJ7QO8w10Bvp10FpA8MwxtDU=&xsec_source=pc_search,02-27,2026-02-27,2026-03-25,53,53,https://www.xiaohongshu.com/search_result?keyword=%25E6%25B1%259F%25E8%258B%258F%25E7%259C%25815A%25E7%25BA%25A7%25E6%2599%25AF%25E5%258C%25BA&source=web_explore_feed,https://www.xiaohongshu.com/search_result/69a1514b0000000022021dc8?xsec_token=ABzo33lKsAwNNlfJ0xpBEO40TwDN3ubYonujWWD8r1j30=&xsec_source=,https://sns-webpic-qc.xhscdn.com/202603251941/14e3f1676c22c7495809c9a4901724e0/217/0/01e9a150d337b8ad0010000000019c9e23c6ab_0.jpg!nc_n_webp_mw_1,05a6f3a6de2d84a07ab6137bc48083c9275a2c15a60415523d1afec1d0f963bc,https://www.xiaohongshu.com/search_result/69a1514b0000000022021dc8?xsec_token=ABzo33lKsAwNNlfJ0xpBEO40TwDN3ubYonujWWD8r1j30=&xsec_source=,是,否
小红书,小红书-江苏省旅游景区.json,江苏省旅游景区,江苏省5A级景区,,,,,,2026-03-25,,0,https://www.xiaohongshu.com/search_result?keyword=%25E6%25B1%259F%25E8%258B%258F%25E7%259C%25815A%25E7%25BA%25A7%25E6%2599%25AF%25E5%258C%25BA&source=web_explore_feed,,http://sns-na-i4.xhscdn.com/notes_pre_post/1040g3k031i1b8ec97c605nuu4b4g81u5pd6l67g?imageView2/1/h/132/w/480/format/jpg&ap=5&sc=HOT_QRY&sign=07e81da7f52e1d1f6afd84336816380a&t=69c3c9d3&origin=0,105255a6f4b52852a1b2e79b3e900fe653b42b083c9ac43c03a1986c6f4c2398,583678a390e7c489d6355f48c9c5e08738d6f80fdb77292041e774a8e34b98dd,是,是
小红书,小红书-江苏省旅游景区.json,江苏省旅游景区,江苏省5A级景区,从小去到大的青秀山5A级景区🌳,琳达,https://www.xiaohongshu.com/user/profile/61f4e7fb000000001000917c?channel_type=web_search_result_notes&parent_page_channel_type=web_profile_board&xsec_token=ABxB4y9Htzb_ahx9XcUg4va_DOwVwKjcgY0ojsuk_VMlI=&xsec_source=pc_search,03-03,2026-03-03,2026-03-25,5,5,https://www.xiaohongshu.com/search_result?keyword=%25E6%25B1%259F%25E8%258B%258F%25E7%259C%25815A%25E7%25BA%25A7%25E6%2599%25AF%25E5%258C%25BA&source=web_explore_feed,https://www.xiaohongshu.com/search_result/69a66737000000001a02ec4b?xsec_token=ABNBm570u-D3QWZ5-gVK_z2arriQplyqfi4DugcjShIt0=&xsec_source=,https://sns-webpic-qc.xhscdn.com/202603251941/318d612ec535075b0492e78a55b8ef57/1040g00831t863etfls005ofksvtk14bsh8khepg!nc_n_webp_mw_1,d2b2e31fcab7e17739fa17449561f68d9fe77a870d5315bf312be0ff509bf8ce,https://www.xiaohongshu.com/search_result/69a66737000000001a02ec4b?xsec_token=ABNBm570u-D3QWZ5-gVK_z2arriQplyqfi4DugcjShIt0=&xsec_source=,否,否
小红书,小红书-江苏省旅游景区.json,江苏省旅游景区,江苏省5A级景区,全国含金量最高的十个5A景区,打工人小十（省钱版）,https://www.xiaohongshu.com/user/profile/67efb03a000000000e013004?channel_type=web_search_result_notes&parent_page_channel_type=web_profile_board&xsec_token=ABscsyx24BBDeRQHnv7WD1rnRxbcrSFdAx0qJot9dgkv8=&xsec_source=pc_search,2025-08-12,2025-08-12,2026-03-25,70,70,https://www.xiaohongshu.com/search_result?keyword=%25E6%25B1%259F%25E8%258B%258F%25E7%259C%25815A%25E7%25BA%25A7%25E6%2599%25AF%25E5%258C%25BA&source=web_explore_feed,https://www.xiaohongshu.com/search_result/6895d0c6000000000500566a?xsec_token=ABZsKe6S3qPtO-0YddEMIv-OpdjwE0EJ4OiyDs5OhyFJE=&xsec_source=,https://sns-webpic-qc.xhscdn.com/202603251941/7b7b6b3caa99db950e05ad6b4c14cb4b/spectrum/1040g34o31ktvv9l348105pvfm0t3ic04gtsu5ho!nc_n_webp_mw_1,28fba30e319a5beb184df3881207829f6cbb1bdbe812bcd7b2ec60518fc5c641,https://www.xiaohongshu.com/search_result/6895d0c6000000000500566a?xsec_token=ABZsKe6S3qPtO-0YddEMIv-OpdjwE0EJ4OiyDs5OhyFJE=&xsec_source=,否,否
小红书,小红书-江苏省旅游景区.json,江苏省旅游景区,江苏省5A级景区,南浔古镇一日游攻略，5A级免费景区,步履光影,https://www.xiaohongshu.com/user/profile/67be1b04000000000a03c8c8?channel_type=web_search_result_notes&parent_page_channel_type=web_profile_board&xsec_token=ABGSqxNWmvbSUUUPK3FCCHUZNabCkruV8bn6Jsild-3DY=&xsec_source=pc_search,2025-05-14,2025-05-14,2026-03-25,56,56,https://www.xiaohongshu.com/search_result?keyword=%25E6%25B1%259F%25E8%258B%258F%25E7%259C%25815A%25E7%25BA%25A7%25E6%2599%25AF%25E5%258C%25BA&source=web_explore_feed,https://www.xiaohongshu.com/search_result/680667d2000000000703593c?xsec_token=ABPqgXZjSWgUPijLEJT11P-47BD3FWnLbzTXOYVxzqmbg=&xsec_source=,https://sns-webpic-qc.xhscdn.com/202603251941/71ccc618c6030b4b621f2f9698d031ad/spectrum/1040g0k031gu8k2103c005ptu3c22ni68it6p488!nc_n_webp_mw_1,46a2cad8c2944969052d101307721629172d03a99a11652a48bd146c6e25b068,https://www.xiaohongshu.com/search_result/680667d2000000000703593c?xsec_token=ABPqgXZjSWgUPijLEJT11P-47BD3FWnLbzTXOYVxzqmbg=&xsec_source=,否,否
小红书,小红书-江苏省旅游景区.json,江苏省旅游景区,江苏省5A级景区,,拾柒里,https://www.xiaohongshu.com/user/profile/67d24e28000000000a03e89d?channel_type=web_search_result_notes&parent_page_channel_type=web_profile_board&xsec_token=ABaqS66IK-Np8o4K1H-C0mJ7QO8w10Bvp10FpA8MwxtDU=&xsec_source=pc_search,2025-10-20,2025-10-20,2026-03-25,38,38,https://www.xiaohongshu.com/search_result?keyword=%25E6%25B1%259F%25E8%258B%258F%25E7%259C%25815A%25E7%25BA%25A7%25E6%2599%25AF%25E5%258C%25BA&source=web_explore_feed,https://www.xiaohongshu.com/search_result/68f5f1fb00000000040162cc?xsec_token=ABv0eMzc09JrT3EFAY2Q_b9JZP0k8Yg-DZXnTIEafd2yw=&xsec_source=,https://sns-webpic-qc.xhscdn.com/202603251941/b1a3be596a2ffa160a8b598b5ba86490/spectrum/1040g34o31nrrs57c4u105pui9ok2nq4ti5i9td8!nc_n_webp_mw_1,3977251486ed2febcf3d6e74ef5a1ceb09bfa863d2c1074cde9e4e756292173d,https://www.xiaohongshu.com/search_result/68f5f1fb00000000040162cc?xsec_token=ABv0eMzc09JrT3EFAY2Q_b9JZP0k8Yg-DZXnTIEafd2yw=&xsec_source=,是,否
小红书,小红书-江苏省旅游景区.json,江苏省旅游景区,江苏省5A级景区,,拾柒里,https://www.xiaohongshu.com/user/profile/67d24e28000000000a03e89d?channel_type=web_search_result_notes&parent_page_channel_type=web_profile_board&xsec_token=ABaqS66IK-Np8o4K1H-C0mJ7QO8w10Bvp10FpA8MwxtDU=&xsec_source=pc_search,2025-10-05,2025-10-05,2026-03-25,120,120,https://www.xiaohongshu.com/search_result?keyword=%25E6%25B1%259F%25E8%258B%258F%25E7%259C%25815A%25E7%25BA%25A7%25E6%2599%25AF%25E5%258C%25BA&source=web_explore_feed,https://www.xiaohongshu.com/search_result/68e24838000000000302fc02?xsec_token=AB_hIwcE_NPyUbwbtEVGDEtYJb2kgOWjDkGQySExtRwZM=&xsec_source=,https://sns-webpic-qc.xhscdn.com/202603251941/36ab5d0d41d7cdeba90dba84a9483ea3/spectrum/1040g34o31n8koodul0105pui9ok2nq4tlqumrbo!nc_n_webp_mw_1,e1ab3ebaea8da055c0f0c18c0b737d3bde94fd68cd0591e8da2abae1f96c08c5,https://www.xiaohongshu.com/search_result/68e24838000000000302fc02?xsec_token=AB_hIwcE_NPyUbwbtEVGDEtYJb2kgOWjDkGQySExtRwZM=&xsec_source=,是,否
小红书,小红书-江苏省旅游景区.json,江苏省旅游景区,江苏省5A级景区,春天和水乡乌镇来一场浪漫约会🌿,娴静遛娃记,https://www.xiaohongshu.com/user/profile/5f0534ce0000000001000010?channel_type=web_search_result_notes&parent_page_channel_type=web_profile_board&xsec_token=AByALL5p_39We9EG2FYoJvoyUoKRGo0ElgYvruX0pzL9E=&xsec_source=pc_search,1天前,2026-03-24,2026-03-25,2,2,https://www.xiaohongshu.com/search_result?keyword=%25E6%25B1%259F%25E8%258B%258F%25E7%259C%25815A%25E7%25BA%25A7%25E6%2599%25AF%25E5%258C%25BA&source=web_explore_feed,https://www.xiaohongshu.com/search_result/69c1fba40000000021039bdf?xsec_token=ABWDHQoNZvvrvLq_EROGsa1SNeXzTBtrDs3149FllLhbo=&xsec_source=,https://sns-webpic-qc.xhscdn.com/202603251941/25c32cacbf77d7cc6bbcdf43e4bf83d3/notes_pre_post/1040g3k831u343mcq72705no56j70800gc6b19i8!nc_n_webp_mw_1,205ad94ef033e26e5e64fe4791f83605994f76c640446b00e8f2acf1471c8b9a,https://www.xiaohongshu.com/search_result/69c1fba40000000021039bdf?xsec_token=ABWDHQoNZvvrvLq_EROGsa1SNeXzTBtrDs3149FllLhbo=&xsec_source=,否,否
小红书,小红书-江苏省旅游景区.json,江苏省旅游景区,江苏省5A级景区,无锡山水湖滨｜谁懂❗️窗外就是5A级风景区,见素教你装别墅,https://www.xiaohongshu.com/user/profile/627e0ffc0000000015019663?channel_type=web_search_result_notes&parent_page_channel_type=web_profile_board&xsec_token=AB1Mz3OxmXCm30zstm17_RAq_IckNld-kNsBUu8tDb9g4=&xsec_source=pc_search,2025-07-17,2025-07-17,2026-03-25,6,6,https://www.xiaohongshu.com/search_result?keyword=%25E6%25B1%259F%25E8%258B%258F%25E7%259C%25815A%25E7%25BA%25A7%25E6%2599%25AF%25E5%258C%25BA&source=web_explore_feed,https://www.xiaohongshu.com/search_result/6878bfb00000000023007644?xsec_token=ABVGjSymSKIVuFvx6hwBiRdiVQXtScJe50SOtOVbkzUEA=&xsec_source=,https://sns-webpic-qc.xhscdn.com/202603251941/7ebcd76c0600ff0b0253229513b8c128/1040g00831k1j2dg530005oju1vu5b5j31ll02qg!nc_n_webp_mw_1,1d0fc6dae5b6488f0de9fccc334ec373ca64e0d77ee2f3fcf2ef8f11c51292c9,https://www.xiaohongshu.com/search_result/6878bfb00000000023007644?xsec_token=ABVGjSymSKIVuFvx6hwBiRdiVQXtScJe50SOtOVbkzUEA=&xsec_source=,否,否
小红书,小红书-江苏省旅游景区.json,江苏省旅游景区,江苏省5A级景区,江苏省考150.5分经验分享（分数规划版）,萌萌哒,https://www.xiaohongshu.com/user/profile/5bb7fdcc918acb0001c51e91?channel_type=web_search_result_notes&parent_page_channel_type=web_profile_board&xsec_token=ABOSM7C4hpy9kzfPwxZVxlmhAZZ-jQyKSUPPAGndoaf-k=&xsec_source=pc_search,03-06,2026-03-06,2026-03-25,888,888,https://www.xiaohongshu.com/search_result?keyword=%25E6%25B1%259F%25E8%258B%258F%25E7%259C%25815A%25E7%25BA%25A7%25E6%2599%25AF%25E5%258C%25BA&source=web_explore_feed,https://www.xiaohongshu.com/search_result/69aa7033000000002303a5c9?xsec_token=ABOxFzlMrZgCvQk8K5GRcCZ1eLVvXIzDDAHSouNYkoDxE=&xsec_source=,https://sns-webpic-qc.xhscdn.com/202603251941/f0fe63ebe824af7bd19d484138c30dc4/notes_pre_post/1040g3k031tc4c6vc586g4bapj2uso7kh6mq3l58!nc_n_webp_mw_1,eb9960a6cfca8f4d2f701b33c335281c5cfaf2f279206dac4ad9cb494c1c0a35,https://www.xiaohongshu.com/search_result/69aa7033000000002303a5c9?xsec_token=ABOxFzlMrZgCvQk8K5GRcCZ1eLVvXIzDDAHSouNYkoDxE=&xsec_source=,否,否
小红书,小红书-江苏省旅游景区.json,江苏省旅游景区,江苏省5A级景区,,丽人荟,https://www.xiaohongshu.com/user/profile/653a5d600000000006006129?channel_type=web_search_result_notes&parent_page_channel_type=web_profile_board&xsec_token=ABHgYcIC9Vou4RaRDKwHlq0JjKZJDXtU9Je1TyPurhl_U=&xsec_source=pc_search,2025-12-23,2025-12-23,2026-03-25,9,9,https://www.xiaohongshu.com/search_result?keyword=%25E6%25B1%259F%25E8%258B%258F%25E7%259C%25815A%25E7%25BA%25A7%25E6%2599%25AF%25E5%258C%25BA&source=web_explore_feed,https://www.xiaohongshu.com/search_result/694aa792000000001e014a16?xsec_token=AB-Zd_bIf5kQPUWN0oXYmFQ-2PgJJYQCy3s9OAi95w5qI=&xsec_source=,https://sns-webpic-qc.xhscdn.com/202603251941/a847cbe51425887807975376cd998475/spectrum/1040g0k031qej5b3272005p9qblg1go99lfbmei8!nc_n_webp_mw_1,2d63a368440267de4e2245bbe5f477041b1cea17e74b239a61b8130f0ded756f,https://www.xiaohongshu.com/search_result/694aa792000000001e014a16?xsec_token=AB-Zd_bIf5kQPUWN0oXYmFQ-2PgJJYQCy3s9OAi95w5qI=&xsec_source=,是,否
小红书,小红书-江苏省旅游景区.json,江苏省旅游景区,江苏省5A级景区,,臻享家旅行,https://www.xiaohongshu.com/user/profile/672ad188000000001d02c96f?channel_type=web_search_result_notes&parent_page_channel_type=web_profile_board&xsec_token=ABvi0P7vsut-Y3VZHB8mSRt8nTgS2tIPwUfqMS-CIXmHY=&xsec_source=pc_search,03-13,2026-03-13,2026-03-25,49,49,https://www.xiaohongshu.com/search_result?keyword=%25E6%25B1%259F%25E8%258B%258F%25E7%259C%25815A%25E7%25BA%25A7%25E6%2599%25AF%25E5%258C%25BA&source=web_explore_feed,https://www.xiaohongshu.com/search_result/69b361b50000000015032129?xsec_token=AB4rMNDfto1MChu9XqYCEnVSdJbOAQxNuhcxA2Iec_D24=&xsec_source=,https://sns-webpic-qc.xhscdn.com/202603251941/5a247b1c80fc393929790458f76769a3/spectrum/1040g34o31tinna3m6i105ppaq647dibfgqcnqs8!nc_n_webp_mw_1,63d422196bf180ffc905cf54f88820999a72af43a74e7ab97133fb6fe86f1b3d,https://www.xiaohongshu.com/search_result/69b361b50000000015032129?xsec_token=AB4rMNDfto1MChu9XqYCEnVSdJbOAQxNuhcxA2Iec_D24=&xsec_source=,是,否
小红书,小红书-江苏省旅游景区.json,江苏省旅游景区,江苏省5A级景区,,旅行家_卡卡西,https://www.xiaohongshu.com/user/profile/688f31c7000000002802a66b?channel_type=web_search_result_notes&parent_page_channel_type=web_profile_board&xsec_token=ABGfcyWk2KDrhbzEq4p4wFRuAOLUO9iXlVPYIa7Nyb3Is=&xsec_source=pc_search,2025-12-28,2025-12-28,2026-03-25,32,32,https://www.xiaohongshu.com/search_result?keyword=%25E6%25B1%259F%25E8%258B%258F%25E7%259C%25815A%25E7%25BA%25A7%25E6%2599%25AF%25E5%258C%25BA&source=web_explore_feed,https://www.xiaohongshu.com/search_result/6950fc78000000001e02885b?xsec_token=ABeEulHDm2cMBMEsZIgKPweA-oHRsZperoI30dL0Ve83w=&xsec_source=,https://sns-webpic-qc.xhscdn.com/202603251941/402f86956cba4e9f99122aa174d11cba/1040g2sg31qkp0267nue05q4f673q59jb9nle4qo!nc_n_webp_mw_1,e2e4e7303d0f3d6d31e8a9ce2607f2f9762c85af0dfdbf6b8a5d2dd26e65b458,https://www.xiaohongshu.com/search_result/6950fc78000000001e02885b?xsec_token=ABeEulHDm2cMBMEsZIgKPweA-oHRsZperoI30dL0Ve83w=&xsec_source=,是,否
小红书,小红书-江苏省旅游景区.json,江苏省旅游景区,江苏省5A级景区,为了省60去的，结果我没资格,好物多多怪,https://www.xiaohongshu.com/user/profile/69381755000000003700403b?channel_type=web_search_result_notes&parent_page_channel_type=web_profile_board&xsec_token=ABR_K4usaA-z6Y5ggCrKPZhmpqG_PkYtTkVfLzCZjWvg4=&xsec_source=pc_search,9小时前,2026-03-25,2026-03-25,赞,0,https://www.xiaohongshu.com/search_result?keyword=%25E6%25B1%259F%25E8%258B%258F%25E7%259C%25815A%25E7%25BA%25A7%25E6%2599%25AF%25E5%258C%25BA&source=web_explore_feed,https://www.xiaohongshu.com/search_result/69c349e00000000022001a9b?xsec_token=AB1reXc9sceWHR16vHAmKSpNdvfKbV6gv7SCihQy9fTYA=&xsec_source=,https://sns-webpic-qc.xhscdn.com/202603251941/e9dbffe8ac247ca78ef443d6b01cd4cf/notes_pre_post/1040g3k831u4clbht2oag5q9o2tatog1r81v7bjo!nc_n_webp_mw_1,1cad1ac21b1163cb7524ca870e133774758707f1be19baca6271c192218c4a5f,https://www.xiaohongshu.com/search_result/69c349e00000000022001a9b?xsec_token=AB1reXc9sceWHR16vHAmKSpNdvfKbV6gv7SCihQy9fTYA=&xsec_source=,否,否
小红书,小红书-江苏省旅游景区.json,江苏省旅游景区,江苏省5A级景区,2025年4月19日江苏省事业单位招聘考试,张小小上岸,https://www.xiaohongshu.com/user/profile/6017bb4b0000000001007e8c?channel_type=web_search_result_notes&parent_page_channel_type=web_profile_board&xsec_token=AB8NHtJKdEBeflsa0EVSntCw5IpE0ZwZGvvQ518KQY2S8=&xsec_source=pc_search,03-18,2026-03-18,2026-03-25,51,51,https://www.xiaohongshu.com/search_result?keyword=%25E6%25B1%259F%25E8%258B%258F%25E7%259C%25815A%25E7%25BA%25A7%25E6%2599%25AF%25E5%258C%25BA&source=web_explore_feed,https://www.xiaohongshu.com/search_result/69ba686f000000002302710e?xsec_token=AB0y8n16ucw_8Er5fiM5RIX8uHBgP55UEJUnwrUVS_h_U=&xsec_source=,https://sns-webpic-qc.xhscdn.com/202603251941/31741c89488a167f5658b368b2150a3b/notes_pre_post/1040g3k831trnaj496q005o0nnd5g8vkc53flbg0!nc_n_webp_mw_1,b779753e28af1d147ce1e7e9e6c0168344de9ec13139d4abfb31cf9f58aa7729,https://www.xiaohongshu.com/search_result/69ba686f000000002302710e?xsec_token=AB0y8n16ucw_8Er5fiM5RIX8uHBgP55UEJUnwrUVS_h_U=&xsec_source=,否,否
小红书,小红书-江苏省旅游景区.json,江苏省旅游景区,江苏省5A级景区,无锡鼋头渚周末两日行攻略来袭！,琳啾咪,https://www.xiaohongshu.com/user/profile/5a24e31011be1054dde177b7?channel_type=web_search_result_notes&parent_page_channel_type=web_profile_board&xsec_token=ABYUE5ZEl3OefuSg_N_gF3N1mDIN3DhlYz7yocOIXz8P0=&xsec_source=pc_search,03-02,2026-03-02,2026-03-25,2227,2227,https://www.xiaohongshu.com/search_result?keyword=%25E6%25B1%259F%25E8%258B%258F%25E7%259C%25815A%25E7%25BA%25A7%25E6%2599%25AF%25E5%258C%25BA&source=web_explore_feed,https://www.xiaohongshu.com/search_result/69a56d90000000002303a3eb?xsec_token=ABDSFwEzuai9s-wQtQ6_0Ef6Pw_Unqj1LBbW556THDP1s=&xsec_source=,https://sns-webpic-qc.xhscdn.com/202603251941/a28dbad0bdd328d1b40028af0d6930cc/1040g00831t76fb58me504a02ubhh0ttn4c7a240!nc_n_webp_mw_1,e7a61164c1e51454427e19002344feaadbffa8904e7db1df87eb8c1c69fb7117,https://www.xiaohongshu.com/search_result/69a56d90000000002303a3eb?xsec_token=ABDSFwEzuai9s-wQtQ6_0Ef6Pw_Unqj1LBbW556THDP1s=&xsec_source=,否,否
小红书,小红书-江苏省旅游景区.json,江苏省旅游景区,江苏省5A级景区,浙江22家全国5A级景区,云南水米,https://www.xiaohongshu.com/user/profile/6567267b0000000020035016?channel_type=web_search_result_notes&parent_page_channel_type=web_profile_board&xsec_token=ABMXRNBbLzp_YS3LqqauDyu2Zur_y7X5TGBCb662hPHQw=&xsec_source=pc_search,2025-11-09,2025-11-09,2026-03-25,14,14,https://www.xiaohongshu.com/search_result?keyword=%25E6%25B1%259F%25E8%258B%258F%25E7%259C%25815A%25E7%25BA%25A7%25E6%2599%25AF%25E5%258C%25BA&source=web_explore_feed,https://www.xiaohongshu.com/search_result/69100ad70000000004007b7f?xsec_token=ABr0YyVRe5GLgK9FWlNhEGbciqJ9MBVlnoF4F0OWWvkyo=&xsec_source=,https://sns-webpic-qc.xhscdn.com/202603251941/7282496b160e0b491e99d2aa3a01c3a3/spectrum/1040g0k031olbhl9kku005pb74pto6k0mcla5goo!nc_n_webp_mw_1,dfb393ca53b9fb70c0949a14ecbe7667c9100cc9c212a6f36aa48661bd3ebe09,https://www.xiaohongshu.com/search_result/69100ad70000000004007b7f?xsec_token=ABr0YyVRe5GLgK9FWlNhEGbciqJ9MBVlnoF4F0OWWvkyo=&xsec_source=,否,否
小红书,小红书-江苏省旅游景区.json,江苏省旅游景区,江苏省5A级景区,,拾柒里,https://www.xiaohongshu.com/user/profile/67d24e28000000000a03e89d?channel_type=web_search_result_notes&parent_page_channel_type=web_profile_board&xsec_token=ABaqS66IK-Np8o4K1H-C0mJ7QO8w10Bvp10FpA8MwxtDU=&xsec_source=pc_search,2025-05-26,2025-05-26,2026-03-25,85,85,https://www.xiaohongshu.com/search_result?keyword=%25E6%25B1%259F%25E8%258B%258F%25E7%259C%25815A%25E7%25BA%25A7%25E6%2599%25AF%25E5%258C%25BA&source=web_explore_feed,https://www.xiaohongshu.com/search_result/6833f8f70000000023002efe?xsec_token=AB1IgcyxOnKgzGDYszygAKIGMm-zbi2YzdHKlHyfkTDGc=&xsec_source=,https://sns-webpic-qc.xhscdn.com/202603251941/5f444ce5dee3e02a295cf48241a2503d/spectrum/1040g0k031hueb3llja005pui9ok2nq4tehbn9mg!nc_n_webp_mw_1,61a1bbc12d8603113a9dbda8beda0004a2c1653c235fc3693cdbbd5f3b3be6f8,https://www.xiaohongshu.com/search_result/6833f8f70000000023002efe?xsec_token=AB1IgcyxOnKgzGDYszygAKIGMm-zbi2YzdHKlHyfkTDGc=&xsec_source=,是,否
小红书,小红书-江苏省旅游景区.json,江苏省旅游景区,江苏省5A级景区,🔥可免门票的5A级景区，背完诗词直接进！,珠海周末去哪,https://www.xiaohongshu.com/user/profile/66f7bafd000000001d032e4f?channel_type=web_search_result_notes&parent_page_channel_type=web_profile_board&xsec_token=AB30cfVlqYz6K_aYTIuiLXaA5XB3Li2O72-xzJ9c3XEhU=&xsec_source=pc_search,02-26,2026-02-26,2026-03-25,5,5,https://www.xiaohongshu.com/search_result?keyword=%25E6%25B1%259F%25E8%258B%258F%25E7%259C%25815A%25E7%25BA%25A7%25E6%2599%25AF%25E5%258C%25BA&source=web_explore_feed,https://www.xiaohongshu.com/search_result/699fbe440000000022021a70?xsec_token=ABOqmsF7d_DOBqQCocBZdrM1Cboo_Ua6PrgxkvH7jOLIM=&xsec_source=,https://sns-webpic-qc.xhscdn.com/202603251941/e58e1239f66d144995857f31868991fa/spectrum/1040g34o31t1m1ol5l6105pnnnbunebif869c2d0!nc_n_webp_mw_1,381c07682a703d67046ec07520b788b94d3894e0a977a5e01caafb5ad16357a4,https://www.xiaohongshu.com/search_result/699fbe440000000022021a70?xsec_token=ABOqmsF7d_DOBqQCocBZdrM1Cboo_Ua6PrgxkvH7jOLIM=&xsec_source=,否,否
小红书,小红书-江苏省旅游景区.json,江苏省旅游景区,江苏省5A级景区,生活在5A级景区真是湖景都看腻了，看吐了。,圆圆大光头,https://www.xiaohongshu.com/user/profile/5f279cdf000000000100799a?channel_type=web_search_result_notes&parent_page_channel_type=web_profile_board&xsec_token=ABam3aO8MsogsjMBq5-KcP3LiETKem-f-d1piqzlZapKM=&xsec_source=pc_search,03-11,2026-03-11,2026-03-25,赞,0,https://www.xiaohongshu.com/search_result?keyword=%25E6%25B1%259F%25E8%258B%258F%25E7%259C%25815A%25E7%25BA%25A7%25E6%2599%25AF%25E5%258C%25BA&source=web_explore_feed,https://www.xiaohongshu.com/search_result/69b130ae000000000600c07e?xsec_token=ABMzCp1PWYrM-bYA9LoyloETH34IceqR9dvjiLjuMHYKE=&xsec_source=,https://sns-webpic-qc.xhscdn.com/202603251941/d988acbc719129bbba3ef4bd643f4236/notes_pre_post/1040g3k031tindakb5m6g5np7jjfg8ucq2j7ondo!nc_n_webp_mw_1,5c9331624d5323da9d93ee99b43f352d628910a1aaad4178916c3f8e1c4c2689,https://www.xiaohongshu.com/search_result/69b130ae000000000600c07e?xsec_token=ABMzCp1PWYrM-bYA9LoyloETH34IceqR9dvjiLjuMHYKE=&xsec_source=,否,否
小红书,小红书-江苏省旅游景区.json,江苏省旅游景区,江苏省5A级景区,,七七爱旅游,https://www.xiaohongshu.com/user/profile/647cf5ff000000001001c226?channel_type=web_search_result_notes&parent_page_channel_type=web_profile_board&xsec_token=ABBgeSD64vXVvCeXlltIJEFKD3K5JqOwFSmL-5Cj4rFfM=&xsec_source=pc_search,2025-06-30,2025-06-30,2026-03-25,86,86,https://www.xiaohongshu.com/search_result?keyword=%25E6%25B1%259F%25E8%258B%258F%25E7%259C%25815A%25E7%25BA%25A7%25E6%2599%25AF%25E5%258C%25BA&source=web_explore_feed,https://www.xiaohongshu.com/search_result/6862930b000000000b01d356?xsec_token=ABciwDZZ5Le6BJo7vLHlRbQ7sdDk5IuaWNRoRmojLUnQU=&xsec_source=,https://sns-webpic-qc.xhscdn.com/202603251941/178d2334baba9f8e65eba29f7c38137b/1040g2sg31jbuks4u2e705p3sunvk3gh65r74528!nc_n_webp_mw_1,8c241750e595f679f8c7345d0f53b15309d471d8ca5e08c12753b0cc462953f3,https://www.xiaohongshu.com/search_result/6862930b000000000b01d356?xsec_token=ABciwDZZ5Le6BJo7vLHlRbQ7sdDk5IuaWNRoRmojLUnQU=&xsec_source=,是,否
小红书,小红书-江苏省旅游景区.json,江苏省旅游景区,江苏省5A级景区,,旅游景点推荐官,https://www.xiaohongshu.com/user/profile/66daae37000000001d02290b?channel_type=web_search_result_notes&parent_page_channel_type=web_profile_board&xsec_token=ABs-OwZ6PMitLTLEitMZL9uN6ZR5espkc-I_5C7qOQZwk=&xsec_source=pc_search,2025-06-14,2025-06-14,2026-03-25,20,20,https://www.xiaohongshu.com/search_result?keyword=%25E6%25B1%259F%25E8%258B%258F%25E7%259C%25815A%25E7%25BA%25A7%25E6%2599%25AF%25E5%258C%25BA&source=web_explore_feed,https://www.xiaohongshu.com/search_result/684d35e9000000002202de53?xsec_token=ABK76e-uNNkKAzTNthq63K-IUUIy57mgYzFrGYq6zXyZk=&xsec_source=,https://sns-webpic-qc.xhscdn.com/202603251941/2497b042c99074ae04d32d83c7e68b6e/1040g2sg31in31alegme05pmqlornca8btdn835o!nc_n_webp_mw_1,b8e9ace8f90ee0729e6f824a6c2d8eac1ad7277374e20f7ee6b06ef0d164db2a,https://www.xiaohongshu.com/search_result/684d35e9000000002202de53?xsec_token=ABK76e-uNNkKAzTNthq63K-IUUIy57mgYzFrGYq6zXyZk=&xsec_source=,是,否
小红书,小红书-江苏省旅游景区.json,江苏省旅游景区,江苏省5A级景区,"天空之城·梵净山“5A级景区 世界遗产名录""",地理视界,https://www.xiaohongshu.com/user/profile/5c3de528000000000503e5b7?channel_type=web_search_result_notes&parent_page_channel_type=web_profile_board&xsec_token=AB_FOtMTddGm_Guxe5iCcMb5IEvekSFYc_T_d1ewD0jWU=&xsec_source=pc_search,03-12,2026-03-12,2026-03-25,11,11,https://www.xiaohongshu.com/search_result?keyword=%25E6%25B1%259F%25E8%258B%258F%25E7%259C%25815A%25E7%25BA%25A7%25E6%2599%25AF%25E5%258C%25BA&source=web_explore_feed,https://www.xiaohongshu.com/search_result/69b15e7a0000000015039a3d?xsec_token=ABMzCp1PWYrM-bYA9LoyloEbYrgNTzpLSNcUGQMauQomo=&xsec_source=,https://sns-webpic-qc.xhscdn.com/202603251941/6767b4a4e07c3e0b7efbaf5801194689/spectrum/1040g0k031tisuepo6q105n1tskk1fpdn4uv255g!nc_n_webp_mw_1,bc9b0c4badeafcffb2cb7b9323905ff86f1bca629028cf72e6da0ad53185986e,https://www.xiaohongshu.com/search_result/69b15e7a0000000015039a3d?xsec_token=ABMzCp1PWYrM-bYA9LoyloEbYrgNTzpLSNcUGQMauQomo=&xsec_source=,否,否
小红书,小红书-江苏省旅游景区.json,江苏省旅游景区,江苏省5A级景区,,@阳光普照,https://www.xiaohongshu.com/user/profile/6562d8d9000000000202a5d6?channel_type=web_search_result_notes&parent_page_channel_type=web_profile_board&xsec_token=AB5j8MgJcRQsHe5wV92Xr9WQR1GguEgrlTUaFCoEFutVQ=&xsec_source=pc_search,03-16,2026-03-16,2026-03-25,3,3,https://www.xiaohongshu.com/search_result?keyword=%25E6%25B1%259F%25E8%258B%258F%25E7%259C%25815A%25E7%25BA%25A7%25E6%2599%25AF%25E5%258C%25BA&source=web_explore_feed,https://www.xiaohongshu.com/search_result/69b7d4fa0000000021007599?xsec_token=ABaghI9l-PI5GO7EL1e75dw4sHkKK5lKfj1ZsD159eX0o=&xsec_source=,https://sns-webpic-qc.xhscdn.com/202603251941/bf7c01ae7dd383210615ba2ecfa2d9d6/110/0/01e9b7d4f82632f10010000000019cf617f8c5_0.jpg!nc_n_webp_mw_1,d3b608f7129dd32b40c58ceecac769fcde98b9440d02615711bf926f6b0b4efa,https://www.xiaohongshu.com/search_result/69b7d4fa0000000021007599?xsec_token=ABaghI9l-PI5GO7EL1e75dw4sHkKK5lKfj1ZsD159eX0o=&xsec_source=,是,否
小红书,小红书-江苏省旅游景区.json,江苏省旅游景区,江苏省5A级景区,安徽超100家景区宣布：青少年免票！,滁州刚刚。,https://www.xiaohongshu.com/user/profile/5ec3e6be0000000001004f18?channel_type=web_search_result_notes&parent_page_channel_type=web_profile_board&xsec_token=ABjK23NEJEZeXAVq7F6UFkxJXnscxz7IWzDyOSi5so4Ns=&xsec_source=pc_search,4小时前,2026-03-25,2026-03-25,1,1,https://www.xiaohongshu.com/search_result?keyword=%25E6%25B1%259F%25E8%258B%258F%25E7%259C%25815A%25E7%25BA%25A7%25E6%2599%25AF%25E5%258C%25BA&source=web_explore_feed,https://www.xiaohongshu.com/search_result/69c38aec000000001f004558?xsec_token=AB1reXc9sceWHR16vHAmKSpNbkBBu1KuIyrow2rwtsV5A=&xsec_source=,https://sns-webpic-qc.xhscdn.com/202603251941/0838fdc4526f9d3d58a50ed1c916adcc/1040g00831u4kp24n2o0g5nm3sqv08joo3v0ri08!nc_n_webp_mw_1,18764f1b591b5dacc46ca04fa6f1526c3f8eeedd2cff4287f0a4b0b43689293c,https://www.xiaohongshu.com/search_result/69c38aec000000001f004558?xsec_token=AB1reXc9sceWHR16vHAmKSpNbkBBu1KuIyrow2rwtsV5A=&xsec_source=,否,否
小红书,小红书-西安旅游景点.json,西安旅游景点,西安旅游景点,西安3月赏樱 土著私藏4个盛唐樱花打卡地🌸,在西安吃喝玩乐,https://www.xiaohongshu.com/user/profile/67fccd76000000000e01004b?channel_type=web_search_result_notes&parent_page_channel_type=web_profile_board&xsec_token=ABWg6_vmBoYYVesUGUIyFW554UgSxPsGZipVBzuoZMg8s=&xsec_source=pc_search,03-16,2026-03-16,2026-03-25,91,91,https://www.xiaohongshu.com/search_result?keyword=%25E8%25A5%25BF%25E5%25AE%2589%25E6%2597%2585%25E6%25B8%25B8%25E6%2599%25AF%25E7%2582%25B9&source=web_explore_feed,https://www.xiaohongshu.com/search_result/69b7ad19000000001f0048fb?xsec_token=ABaghI9l-PI5GO7EL1e75dwx8wRGXJNsWyEoH1YyWMz1M=&xsec_source=,https://sns-webpic-qc.xhscdn.com/202603251928/134a24d2aaa451bc2d8e9192521cb35d/notes_pre_post/1040g3k831tp2205an8705pvsplr3i02bdvd1bt0!nc_n_webp_mw_1,fedb2ff38be69a4339f72bd2b0ddf332319355712b8c980572cf476368b0859a,https://www.xiaohongshu.com/search_result/69b7ad19000000001f0048fb?xsec_token=ABaghI9l-PI5GO7EL1e75dwx8wRGXJNsWyEoH1YyWMz1M=&xsec_source=,否,否
小红书,小红书-西安旅游景点.json,西安旅游景点,西安旅游景点,地铁🚇直达❗️河堤路花海❗️免费露营地⛺️,多乐妈妈的遛娃手账,https://www.xiaohongshu.com/user/profile/5a79ab1d4eacab6587ba6ff2?channel_type=web_search_result_notes&parent_page_channel_type=web_profile_board&xsec_token=AB35BBETC5qStvtw0JSuninGIKjQDG0Cwd4qtqKvr1cPA=&xsec_source=pc_search,4天前,2026-03-21,2026-03-25,1072,1072,https://www.xiaohongshu.com/search_result?keyword=%25E8%25A5%25BF%25E5%25AE%2589%25E6%2597%2585%25E6%25B8%25B8%25E6%2599%25AF%25E7%2582%25B9&source=web_explore_feed,https://www.xiaohongshu.com/search_result/69bde9d9000000002101025f?xsec_token=ABx7nDF0_zUeWbV3fpeG5hcgLP0Po5b4VlT4pbcXhYvTg=&xsec_source=,https://sns-webpic-qc.xhscdn.com/202603251928/9e1ac77946e46a473c8acbb57dcc253e/note_pre_post_uhdr/1040g3r831tv4o7bcn27g4a1a9ulhqrvif834i3g!nc_n_webp_mw_1,df7720143baa85e662afe4ee52ee60e60fe5dab430df536207ea4ef5e92dd451,https://www.xiaohongshu.com/search_result/69bde9d9000000002101025f?xsec_token=ABx7nDF0_zUeWbV3fpeG5hcgLP0Po5b4VlT4pbcXhYvTg=&xsec_source=,否,否
小红书,小红书-西安旅游景点.json,西安旅游景点,西安旅游景点,春天来西安千万不要错过的4️⃣个赏花地点❗️,0Z,https://www.xiaohongshu.com/user/profile/63a7401f0000000026011ad5?channel_type=web_search_result_notes&parent_page_channel_type=web_profile_board&xsec_token=ABjRAuaG075EPOFPqdYzIQ7kpoO_GUvnA7iy1UwqsbxkA=&xsec_source=pc_search,3天前,2026-03-22,2026-03-25,49,49,https://www.xiaohongshu.com/search_result?keyword=%25E8%25A5%25BF%25E5%25AE%2589%25E6%2597%2585%25E6%25B8%25B8%25E6%2599%25AF%25E7%2582%25B9&source=web_explore_feed,https://www.xiaohongshu.com/search_result/69beb1b000000000220007df?xsec_token=ABqItCO4Ir_VAvM3EXd_-pNQdp6QIl9msW7sWU3AsnT08=&xsec_source=,https://sns-webpic-qc.xhscdn.com/202603251928/9f03e9a551818e6b16b1072fc8abf50e/1040g00831tvsml7dmu1g5ot780fpi6mln4u8qq8!nc_n_webp_mw_1,9d91593a48b3b083781a67474fd189a96045e42ef6b8ef8c96a654e91f37bc74,https://www.xiaohongshu.com/search_result/69beb1b000000000220007df?xsec_token=ABqItCO4Ir_VAvM3EXd_-pNQdp6QIl9msW7sWU3AsnT08=&xsec_source=,否,否
小红书,小红书-西安旅游景点.json,西安旅游景点,西安旅游景点,3.20live西安环城公园樱花已开爆！,Lionfaceboy,https://www.xiaohongshu.com/user/profile/5aaf03444eacab71daa5c2cc?channel_type=web_search_result_notes&parent_page_channel_type=web_profile_board&xsec_token=ABaJxijb4lmSJEf8vmVhs6ZhRV02-zNsGvBCPhlcudCW8=&xsec_source=pc_search,5天前,2026-03-20,2026-03-25,931,931,https://www.xiaohongshu.com/search_result?keyword=%25E8%25A5%25BF%25E5%25AE%2589%25E6%2597%2585%25E6%25B8%25B8%25E6%2599%25AF%25E7%2582%25B9&source=web_explore_feed,https://www.xiaohongshu.com/search_result/69bceb80000000002102fc32?xsec_token=ABsE9u35f2_jmIKeN0HnsJ_c5mAnGNJWUSuGGdFOigyjI=&xsec_source=,https://sns-webpic-qc.xhscdn.com/202603251928/6d49b9be7271be871292cd2d646c0017/1040g2sg31tu5jqms7qe04a3na41k9gmcm181610!nc_n_webp_mw_1,596d4b04649e707bfcd091bdda48a4d773cb399b6719e1daf60ee5f7a2b9fa97,https://www.xiaohongshu.com/search_result/69bceb80000000002102fc32?xsec_token=ABsE9u35f2_jmIKeN0HnsJ_c5mAnGNJWUSuGGdFOigyjI=&xsec_source=,否,否
小红书,小红书-西安旅游景点.json,西安旅游景点,西安旅游景点,西安遛娃🐬好去处西安海洋馆天花板攻略,紫蓝,https://www.xiaohongshu.com/user/profile/633283e40000000023027922?channel_type=web_search_result_notes&parent_page_channel_type=web_profile_board&xsec_token=ABrzY-nnR0Z71H3gQ_G6VgZXg-vz5dcEbQJdrc20wQNjo=&xsec_source=pc_search,02-15,2026-02-15,2026-03-25,335,335,https://www.xiaohongshu.com/search_result?keyword=%25E8%25A5%25BF%25E5%25AE%2589%25E6%2597%2585%25E6%25B8%25B8%25E6%2599%25AF%25E7%2582%25B9&source=web_explore_feed,https://www.xiaohongshu.com/search_result/69917758000000001b01cc62?xsec_token=ABnK19Je0LFUuT0mk0_mo5JJY5J5zNXduy9z85e0T_r7A=&xsec_source=,https://sns-webpic-qc.xhscdn.com/202603251928/57995c14032729f8a675685f096490bf/note_pre_post_uhdr/1040g3r031sjo10jnlk005opigfi8su92h0e3jj8!nc_n_webp_mw_1,36054120deafe6116c4adb96cd3f93de6eb17e072b222f8ef1c0535fdb8898e4,https://www.xiaohongshu.com/search_result/69917758000000001b01cc62?xsec_token=ABnK19Je0LFUuT0mk0_mo5JJY5J5zNXduy9z85e0T_r7A=&xsec_source=,否,否
小红书,小红书-西安旅游景点.json,西安旅游景点,西安旅游景点,西安景点值不值得去（全是重点）,🐑废柴少女,https://www.xiaohongshu.com/user/profile/5b12c9d3f7e8b9779761606d?channel_type=web_search_result_notes&parent_page_channel_type=web_profile_board&xsec_token=AByPQOnW0JQwr35RU8BwRNmI5iBJukVT9_7iZ0IRcZosk=&xsec_source=pc_search,02-02,2026-02-02,2026-03-25,893,893,https://www.xiaohongshu.com/search_result?keyword=%25E8%25A5%25BF%25E5%25AE%2589%25E6%2597%2585%25E6%25B8%25B8%25E6%2599%25AF%25E7%2582%25B9&source=web_explore_feed,https://www.xiaohongshu.com/search_result/69800de2000000002103de52?xsec_token=AB1qydD_czTCnPHUCs8Cn_-WvAOdBv_oo6VIidTY2NoaY=&xsec_source=,https://sns-webpic-qc.xhscdn.com/202603251928/d1201a28c7b1a69db8f4879c9fe65250/notes_pre_post/1040g3k831s2n1i6f4i5g4a5sn94t6o3dt1vuqr8!nc_n_webp_mw_1,29ccd0e52d8481d6b8b933e4fc04a8c320c7a184b73ac3db1a2eb89d56162490,https://www.xiaohongshu.com/search_result/69800de2000000002103de52?xsec_token=AB1qydD_czTCnPHUCs8Cn_-WvAOdBv_oo6VIidTY2NoaY=&xsec_source=,否,否
小红书,小红书-西安旅游景点.json,西安旅游景点,西安旅游景点,,,,,,2026-03-25,,0,https://www.xiaohongshu.com/search_result?keyword=%25E8%25A5%25BF%25E5%25AE%2589%25E6%2597%2585%25E6%25B8%25B8%25E6%2599%25AF%25E7%2582%25B9&source=web_explore_feed,,http://sns-na-i4.xhscdn.com/1040g00831edeuth6gm605nh1he309bfk6n8vfjo?imageView2/1/h/132/w/480/format/jpg&ap=5&sc=HOT_QRY&sign=6eb71d0f54cadef3cd95165b1e24d124&t=69c3c6c2&origin=0,bc12e2d298376e1235b943a721e53cb2c2dbceca3d21229b3afe0e1c9857a924,a84141e3ba9e3598c5a24111b298b5e25e1c4474d609e982bf524492f75a2aff,是,是
小红书,小红书-西安旅游景点.json,西安旅游景点,西安旅游景点,西安春日赏花路线合集🌸（附地址📍）,请叫我梁兔子🐰,https://www.xiaohongshu.com/user/profile/58f810566a6a697aa8abf260?channel_type=web_search_result_notes&parent_page_channel_type=web_profile_board&xsec_token=AB0jo_dwsFS6JpWHfBehmWwXxKFOiYkmXkCcMNfdXNJQM=&xsec_source=pc_search,03-15,2026-03-15,2026-03-25,1071,1071,https://www.xiaohongshu.com/search_result?keyword=%25E8%25A5%25BF%25E5%25AE%2589%25E6%2597%2585%25E6%25B8%25B8%25E6%2599%25AF%25E7%2582%25B9&source=web_explore_feed,https://www.xiaohongshu.com/search_result/69b61e8d000000001b02183a?xsec_token=ABeDTEBcjMre0LrnOI0mxkOpAfaeBDkgKkq9QgS2Nrjj4=&xsec_source=,https://sns-webpic-qc.xhscdn.com/202603251928/befc723a051bbcdd9882ddeea5cd7aa9/1040g2sg31tnhei25n27049dr5f85dsj0aemmbuo!nc_n_webp_mw_1,83302ecb4f71e374817af5ed05f4ec695a2961710fc2d91b0b5d6727dca3c9de,https://www.xiaohongshu.com/search_result/69b61e8d000000001b02183a?xsec_token=ABeDTEBcjMre0LrnOI0mxkOpAfaeBDkgKkq9QgS2Nrjj4=&xsec_source=,否,否
小红书,小红书-西安旅游景点.json,西安旅游景点,西安旅游景点,西安景点锐评（纯个人感受）,大米米,https://www.xiaohongshu.com/user/profile/60ffc80a0000000001002f02?channel_type=web_search_result_notes&parent_page_channel_type=web_profile_board&xsec_token=ABE3M8Bm0sZNmztFCYCy29IAZ6Y_6qIVnLjHcZJqq2b3Q=&xsec_source=pc_search,01-08,2026-01-08,2026-03-25,9418,9418,https://www.xiaohongshu.com/search_result?keyword=%25E8%25A5%25BF%25E5%25AE%2589%25E6%2597%2585%25E6%25B8%25B8%25E6%2599%25AF%25E7%2582%25B9&source=web_explore_feed,https://www.xiaohongshu.com/search_result/695f7f90000000000b01209a?xsec_token=ABCLsG-ADy2pmS_BHrLnDWvlls3dVfERNEQlRf9ybmReg=&xsec_source=,https://sns-webpic-qc.xhscdn.com/202603251928/3a64a23bba624027d4e615fa84f4b20a/notes_pre_post/1040g3k831r2uhb9r6u005o7vp0508bo2takesn0!nc_n_webp_mw_1,ed53bc67d234c0768a5d980fbbea7d8dbebd3634ee09e7063e18de6623dd1855,https://www.xiaohongshu.com/search_result/695f7f90000000000b01209a?xsec_token=ABCLsG-ADy2pmS_BHrLnDWvlls3dVfERNEQlRf9ybmReg=&xsec_source=,否,否
小红书,小红书-西安旅游景点.json,西安旅游景点,西安旅游景点,我心中西安排名第一景区（附攻略）,菠萝,https://www.xiaohongshu.com/user/profile/60d07fcf0000000001008246?channel_type=web_search_result_notes&parent_page_channel_type=web_profile_board&xsec_token=ABcWdRkRWIvvkYScwkZtM0gNOh2Jf1lM5bE2QmGTzTGZs=&xsec_source=pc_search,03-16,2026-03-16,2026-03-25,74,74,https://www.xiaohongshu.com/search_result?keyword=%25E8%25A5%25BF%25E5%25AE%2589%25E6%2597%2585%25E6%25B8%25B8%25E6%2599%25AF%25E7%2582%25B9&source=web_explore_feed,https://www.xiaohongshu.com/search_result/69b796ec0000000023021a8a?xsec_token=ABaghI9l-PI5GO7EL1e75dwz9v79FjndE4ua1icc5DV5M=&xsec_source=,https://sns-webpic-qc.xhscdn.com/202603251928/aeeeeec956ca112a48404f9a10cc909d/1040g00831tothv5n7u105o6gfv7g90i69pon0bo!nc_n_webp_mw_1,3be8d94b60a76fd94b37d8b6ce813b251d383d6e0a7ecdbceb825b6757ddc156,https://www.xiaohongshu.com/search_result/69b796ec0000000023021a8a?xsec_token=ABaghI9l-PI5GO7EL1e75dwz9v79FjndE4ua1icc5DV5M=&xsec_source=,否,否
小红书,小红书-西安旅游景点.json,西安旅游景点,西安旅游景点,为了这1️⃣8️⃣张图特意飞一趟西安，值得吗？,鹤七月良,https://www.xiaohongshu.com/user/profile/5e23d6f20000000001001b36?channel_type=web_search_result_notes&parent_page_channel_type=web_profile_board&xsec_token=ABIGKbbls1hpxD4mLj9r-0wewZ3imOqUTwAvBhXZJf3Ec=&xsec_source=pc_search,01-27,2026-01-27,2026-03-25,2426,2426,https://www.xiaohongshu.com/search_result?keyword=%25E8%25A5%25BF%25E5%25AE%2589%25E6%2597%2585%25E6%25B8%25B8%25E6%2599%25AF%25E7%2582%25B9&source=web_explore_feed,https://www.xiaohongshu.com/search_result/69788140000000002202c383?xsec_token=ABdtjRv6uexQiJ7X4JLUpokEbMN2fS9bzY5hGRUqJ3wb8=&xsec_source=,https://sns-webpic-qc.xhscdn.com/202603251928/a80f5c3e21ad106dec806882efd99565/notes_pre_post/1040g3k031rrbkrc432e05nh3qrp086pm0704li0!nc_n_webp_mw_1,b0ade56e8abded6d5946fbd6fd8baf319ef1a7900df1d773580ffb83da4b0b2a,https://www.xiaohongshu.com/search_result/69788140000000002202c383?xsec_token=ABdtjRv6uexQiJ7X4JLUpokEbMN2fS9bzY5hGRUqJ3wb8=&xsec_source=,否,否
小红书,小红书-西安旅游景点.json,西安旅游景点,西安旅游景点,西安亲子游，✅4天3晚不费妈保姆级攻略‼️,菟子May,https://www.xiaohongshu.com/user/profile/5b51f1d3e8ac2b5a68b26fe1?channel_type=web_search_result_notes&parent_page_channel_type=web_profile_board&xsec_token=AB0YLk1hRj7f4VQRwgf1SZEadnYjy6tFXhtAqxYCq54i0=&xsec_source=pc_search,01-24,2026-01-24,2026-03-25,944,944,https://www.xiaohongshu.com/search_result?keyword=%25E8%25A5%25BF%25E5%25AE%2589%25E6%2597%2585%25E6%25B8%25B8%25E6%2599%25AF%25E7%2582%25B9&source=web_explore_feed,https://www.xiaohongshu.com/search_result/6972ef67000000001a02f35f?xsec_token=ABMbE2p70nElIKAcNGmNhBPOoHMrHpHkbMKQxcuTzMock=&xsec_source=,https://sns-webpic-qc.xhscdn.com/202603251928/5a3fd49142559880484378a88f6b1146/notes_pre_post/1040g3k831rlttc2aigbg4a7b9iot6rv1vvr6390!nc_n_webp_mw_1,491c7f04adbd60336c57d5fb7375a440863c54a9494067e33c5fdc9a86753e2d,https://www.xiaohongshu.com/search_result/6972ef67000000001a02f35f?xsec_token=ABMbE2p70nElIKAcNGmNhBPOoHMrHpHkbMKQxcuTzMock=&xsec_source=,否,否
小红书,小红书-西安旅游景点.json,西安旅游景点,西安旅游景点,西安四天三夜｜意满离保姆总结攻略,在途拾光,https://www.xiaohongshu.com/user/profile/558e01ec6b9f1641e6c86bf3?channel_type=web_search_result_notes&parent_page_channel_type=web_profile_board&xsec_token=AB2l2wSkle4YJLGPCLY73fvICXy4ADi8hlHfXpPE_rti4=&xsec_source=pc_search,2025-12-09,2025-12-09,2026-03-25,3528,3528,https://www.xiaohongshu.com/search_result?keyword=%25E8%25A5%25BF%25E5%25AE%2589%25E6%2597%2585%25E6%25B8%25B8%25E6%2599%25AF%25E7%2582%25B9&source=web_explore_feed,https://www.xiaohongshu.com/search_result/6935786a000000001e01145f?xsec_token=ABNAWfcwn4zvjjpBrow-78994DS0fWMtUZkP8iGoSXICg=&xsec_source=,https://sns-webpic-qc.xhscdn.com/202603251928/fbeeb3366ef1862c8504c145230675ed/notes_pre_post/1040g3k831ppt5rsg50dg40sku60uoqvjgs24ugg!nc_n_webp_mw_1,bd2e9f46a37f8f26e15da0e353ed70560f210fb6716f973bd9ff4fd16528064f,https://www.xiaohongshu.com/search_result/6935786a000000001e01145f?xsec_token=ABNAWfcwn4zvjjpBrow-78994DS0fWMtUZkP8iGoSXICg=&xsec_source=,否,否
小红书,小红书-西安旅游景点.json,西安旅游景点,西安旅游景点,3.22西安兴庆公园郁金香实况🌷夯爆了…,雾起茶山时,https://www.xiaohongshu.com/user/profile/63590048000000001901e59f?channel_type=web_search_result_notes&parent_page_channel_type=web_profile_board&xsec_token=ABPU0X6BjE0ZCxvG1RLoP2pEtf20rkNLp1nbnKrM79t14=&xsec_source=pc_search,3天前,2026-03-22,2026-03-25,342,342,https://www.xiaohongshu.com/search_result?keyword=%25E8%25A5%25BF%25E5%25AE%2589%25E6%2597%2585%25E6%25B8%25B8%25E6%2599%25AF%25E7%2582%25B9&source=web_explore_feed,https://www.xiaohongshu.com/search_result/69bfc99a000000001a0288cb?xsec_token=ABCqUKelMSCKMCxkEYIRl5HKyOkub6A7WXNFZNd4VPtXE=&xsec_source=,https://sns-webpic-qc.xhscdn.com/202603251928/b895db75d569dbbdebfe8aaa045f6257/notes_pre_post/1040g3k031u0vefvb7q3g5oqp0146bpcvsp80m0g!nc_n_webp_mw_1,7110429b1f4e4775e3ed1b7344a65b073c2a84884e8d06b433f58913ee499081,https://www.xiaohongshu.com/search_result/69bfc99a000000001a0288cb?xsec_token=ABCqUKelMSCKMCxkEYIRl5HKyOkub6A7WXNFZNd4VPtXE=&xsec_source=,否,否
小红书,小红书-西安旅游景点.json,西安旅游景点,西安旅游景点,西安小众景点（9/50）雨天的百年道观绝美…🪷,泡泡的游玩笔记,https://www.xiaohongshu.com/user/profile/63820a21000000001f0169da?channel_type=web_search_result_notes&parent_page_channel_type=web_profile_board&xsec_token=ABFzKtvb19Rnk3sLnkDXsN2ccXn7sgq19lm1Ed0zhKtbE=&xsec_source=pc_search,03-17,2026-03-17,2026-03-25,724,724,https://www.xiaohongshu.com/search_result?keyword=%25E8%25A5%25BF%25E5%25AE%2589%25E6%2597%2585%25E6%25B8%25B8%25E6%2599%25AF%25E7%2582%25B9&source=web_explore_feed,https://www.xiaohongshu.com/search_result/69b94bc4000000001d019729?xsec_token=ABFIhHdy0depI317RDqwZPwb8Fbq9nU00LWnaD-Gu7gnk=&xsec_source=,https://sns-webpic-qc.xhscdn.com/202603251928/41584d611c4c52f830310b23bef292b3/1040g00831tqhrc7dmq005os218gnqqeqftg64do!nc_n_webp_mw_1,44121736cc886fe15933a579abe15fb77302ecd447b86dccba28459b7143ac31,https://www.xiaohongshu.com/search_result/69b94bc4000000001d019729?xsec_token=ABFIhHdy0depI317RDqwZPwb8Fbq9nU00LWnaD-Gu7gnk=&xsec_source=,否,否
小红书,小红书-西安旅游景点.json,西安旅游景点,西安旅游景点,西安8号线直达“伦敦”📍,吃喝玩乐小队长,https://www.xiaohongshu.com/user/profile/5c488fff0000000011012c19?channel_type=web_search_result_notes&parent_page_channel_type=web_profile_board&xsec_token=ABO5Jbz4eI6MTeaLfQfP0IF0cyf_ohiY3eU52XwHWN07Y=&xsec_source=pc_search,03-05,2026-03-05,2026-03-25,93,93,https://www.xiaohongshu.com/search_result?keyword=%25E8%25A5%25BF%25E5%25AE%2589%25E6%2597%2585%25E6%25B8%25B8%25E6%2599%25AF%25E7%2582%25B9&source=web_explore_feed,https://www.xiaohongshu.com/search_result/699d4eca000000000b00b3ed?xsec_token=ABy1sLQaDTPrJMK57EFt_kpqIGmmh36GYsKXVN1QKUWKY=&xsec_source=,https://sns-webpic-qc.xhscdn.com/202603251928/55c796a2a7fbb7f75a795eba15e88839/1040g00831sv9vv8r5c105n28hvvkab0p14d2ebg!nc_n_webp_mw_1,86ac05e256b75586859f63cd74bc6964cc27e0c4af838dfa4d25d495de7e3fc2,https://www.xiaohongshu.com/search_result/699d4eca000000000b00b3ed?xsec_token=ABy1sLQaDTPrJMK57EFt_kpqIGmmh36GYsKXVN1QKUWKY=&xsec_source=,否,否
小红书,小红书-西安旅游景点.json,西安旅游景点,西安旅游景点,西安坐地铁直达景点！【汇总】,白白白,https://www.xiaohongshu.com/user/profile/680e3f9c000000000e01e21e?channel_type=web_search_result_notes&parent_page_channel_type=web_profile_board&xsec_token=ABCGnAXOIfHcjYZ0xbgSZnXjXASOlyo8hRRCicmdYmP5E=&xsec_source=pc_search,03-12,2026-03-12,2026-03-25,412,412,https://www.xiaohongshu.com/search_result?keyword=%25E8%25A5%25BF%25E5%25AE%2589%25E6%2597%2585%25E6%25B8%25B8%25E6%2599%25AF%25E7%2582%25B9&source=web_explore_feed,https://www.xiaohongshu.com/search_result/69b2b83e00000000090210ba?xsec_token=AB2CfFqaYiQohWioVuou-0LFLPkulmGtiN3XuGdjeUFNw=&xsec_source=,https://sns-webpic-qc.xhscdn.com/202603251928/ecb3c9f03b58dc74f3dfb8239def97a6/1040g00831tk745487e6g5q0e7ue3jogu29i2c5o!nc_n_webp_mw_1,30628bd1ff43643bb5cbe78660b5be1750e2495c0661b349c255fd1ff18a142a,https://www.xiaohongshu.com/search_result/69b2b83e00000000090210ba?xsec_token=AB2CfFqaYiQohWioVuou-0LFLPkulmGtiN3XuGdjeUFNw=&xsec_source=,否,否
小红书,小红书-西安旅游景点.json,西安旅游景点,西安旅游景点,,咕咕BENHAO,https://www.xiaohongshu.com/user/profile/5be7f495954c81000186d44b?channel_type=web_search_result_notes&parent_page_channel_type=web_profile_board&xsec_token=ABhTErn8qzYtssWb8T-gPPBdWlGzIfIVWMkT65Gw6JgzE=&xsec_source=pc_search,01-30,2026-01-30,2026-03-25,1000,1000,https://www.xiaohongshu.com/search_result?keyword=%25E8%25A5%25BF%25E5%25AE%2589%25E6%2597%2585%25E6%25B8%25B8%25E6%2599%25AF%25E7%2582%25B9&source=web_explore_feed,https://www.xiaohongshu.com/search_result/697cc1f1000000002203237f?xsec_token=ABS2c7J2NMPlF-u9RPCpOEk_TQEF-kECiGcxsgPWna41U=&xsec_source=,https://sns-webpic-qc.xhscdn.com/202603251928/3d291437d4c904cbe410e4b4ecec0ca3/1040g00831rvgtcbg4u004bprsgq9bl2bpkff5eg!nc_n_webp_mw_1,29f58a321d42f57fe4883c33c224999ed3f5ca7d903041b4dfb387ccb068d6e7,https://www.xiaohongshu.com/search_result/697cc1f1000000002203237f?xsec_token=ABS2c7J2NMPlF-u9RPCpOEk_TQEF-kECiGcxsgPWna41U=&xsec_source=,是,否
小红书,小红书-西安旅游景点.json,西安旅游景点,西安旅游景点,西安，不可错过的的蜀南竹海同款秘境！,心灵姐妹旅行记,https://www.xiaohongshu.com/user/profile/65b4f7da000000000e0264ef?channel_type=web_search_result_notes&parent_page_channel_type=web_profile_board&xsec_token=ABvC_ZkUnEGOBB5JFdM_mgmc59PoL4cc9TlyMue5n0nUg=&xsec_source=pc_search,3天前,2026-03-22,2026-03-25,44,44,https://www.xiaohongshu.com/search_result?keyword=%25E8%25A5%25BF%25E5%25AE%2589%25E6%2597%2585%25E6%25B8%25B8%25E6%2599%25AF%25E7%2582%25B9&source=web_explore_feed,https://www.xiaohongshu.com/search_result/69bf87690000000021006734?xsec_token=ABCqUKelMSCKMCxkEYIRl5HGs1DPJtgsPxL-XXeHFrUsY=&xsec_source=,https://sns-webpic-qc.xhscdn.com/202603251928/785cfc377c666841297134babf83cdbf/1040g00831u0nfrkn1g005pdkuvd3kp7f6960qbo!nc_n_webp_mw_1,0fe89f6ff38baa4520ebc3313cfe37dabd71d0d21908e3bc5c3b3f3ac3048cde,https://www.xiaohongshu.com/search_result/69bf87690000000021006734?xsec_token=ABCqUKelMSCKMCxkEYIRl5HGs1DPJtgsPxL-XXeHFrUsY=&xsec_source=,否,否
小红书,小红书-西安旅游景点.json,西安旅游景点,西安旅游景点,西安夜景指南｜🔟个超震撼机位📸,ATM.24,https://www.xiaohongshu.com/user/profile/5b02fe5911be10068be1f074?channel_type=web_search_result_notes&parent_page_channel_type=web_profile_board&xsec_token=ABL4vY0AubPmoKdBIn-xYds8ZIHuD6IMlkU_HQp0tfahM=&xsec_source=pc_search,2025-06-20,2025-06-20,2026-03-25,3997,3997,https://www.xiaohongshu.com/search_result?keyword=%25E8%25A5%25BF%25E5%25AE%2589%25E6%2597%2585%25E6%25B8%25B8%25E6%2599%25AF%25E7%2582%25B9&source=web_explore_feed,https://www.xiaohongshu.com/search_result/6855452d000000002203fbd2?xsec_token=ABHixcZPDj8w1aeleGERn2ygk1ikzqycBZo2-jS4J-BMI=&xsec_source=,https://sns-webpic-qc.xhscdn.com/202603251928/bef5a9485c24114d90258f1f40a4411d/notes_pre_post/1040g3k031iuui3mkh42g4a5h7ov5js3k7al2gbo!nc_n_webp_mw_1,ad714b0ce01e85b258c2d2016bb81fc16587cc4e0c1b64c8e3281b96a5642a24,https://www.xiaohongshu.com/search_result/6855452d000000002203fbd2?xsec_token=ABHixcZPDj8w1aeleGERn2ygk1ikzqycBZo2-jS4J-BMI=&xsec_source=,否,否
小红书,小红书-西安旅游景点.json,西安旅游景点,西安旅游景点,,chef Eason,https://www.xiaohongshu.com/user/profile/5a8e1d01b1da143d27a9622a?channel_type=web_search_result_notes&parent_page_channel_type=web_profile_board&xsec_token=ABAI4K0vzpFEKMc0I0Nrqw2khNETG-f2QeitvoxKKDFSo=&xsec_source=pc_search,2025-04-07,2025-04-07,2026-03-25,357,357,https://www.xiaohongshu.com/search_result?keyword=%25E8%25A5%25BF%25E5%25AE%2589%25E6%2597%2585%25E6%25B8%25B8%25E6%2599%25AF%25E7%2582%25B9&source=web_explore_feed,https://www.xiaohongshu.com/search_result/67f3bc6f000000001c004f11?xsec_token=ABKrGR_0-dRMiAT2qsxQHkN-UFUrZE9B9i5zFEvEnD6VI=&xsec_source=,https://sns-webpic-qc.xhscdn.com/202603251928/0158c85eee3125905dca3fdfb5058d9d/1040g00831fvmvkiug65g4a1lsieg2oha01g1468!nc_n_webp_mw_1,c47f7b20c57febfddc8a3378e236f0ad1d393c5b2e7fa55d47c98949ef53bfa5,https://www.xiaohongshu.com/search_result/67f3bc6f000000001c004f11?xsec_token=ABKrGR_0-dRMiAT2qsxQHkN-UFUrZE9B9i5zFEvEnD6VI=&xsec_source=,是,否
小红书,小红书-西安旅游景点.json,西安旅游景点,西安旅游景点,西安旅游✅四天三晚人均800😍保姆级攻略,星星爱旅行,https://www.xiaohongshu.com/user/profile/6691e3e4000000000f0349c0?channel_type=web_search_result_notes&parent_page_channel_type=web_profile_board&xsec_token=AB3mPKnN8NIb4k13e64vIVYDUIHHwL_wS-6el-3LIW32o=&xsec_source=pc_search,2025-12-23,2025-12-23,2026-03-25,1857,1857,https://www.xiaohongshu.com/search_result?keyword=%25E8%25A5%25BF%25E5%25AE%2589%25E6%2597%2585%25E6%25B8%25B8%25E6%2599%25AF%25E7%2582%25B9&source=web_explore_feed,https://www.xiaohongshu.com/search_result/6912215a00000000050313fc?xsec_token=AB0nqMgpaJkyynGnVuvjqqt4sBKXb7i_FVmtyMGUODvlo=&xsec_source=,https://sns-webpic-qc.xhscdn.com/202603251928/4489182155c011f104b86f60e2d9340e/spectrum/1040g0k031qebrmu170005pkhsfi3uie009hlhco!nc_n_webp_mw_1,39abeef9bb43ee4f69015090a69908c0f78dec0b27f0b1a093c864637d905e14,https://www.xiaohongshu.com/search_result/6912215a00000000050313fc?xsec_token=AB0nqMgpaJkyynGnVuvjqqt4sBKXb7i_FVmtyMGUODvlo=&xsec_source=,否,否
小红书,小红书-西安旅游景点.json,西安旅游景点,西安旅游景点,,,,,,2026-03-25,,0,https://www.xiaohongshu.com/search_result?keyword=%25E8%25A5%25BF%25E5%25AE%2589%25E6%2597%2585%25E6%25B8%25B8%25E6%2599%25AF%25E7%2582%25B9&source=web_explore_feed,,http://sns-na-i4.xhscdn.com/notes_pre_post/1040g3k831goghiud3a7049dfu69tat8816b3ns8?imageView2/1/h/132/w/480/format/jpg&ap=5&sc=HOT_QRY&sign=913403af0f7bcbb692822348f0136428&t=69c3c6c3&origin=0,ea4e38c549a51c00fe2f995c092a52ddfcc83fa343859d36caaa43ef5d7f6684,13a193907f4d16007b330a0787b149058d65232a18d223f7ae1e62d82745f8d8,是,是
小红书,小红书-西安旅游景点.json,西安旅游景点,西安旅游景点,西安遛娃9大好去处！！,西安纹眉师青青,https://www.xiaohongshu.com/user/profile/5971418282ec39236268aee3?channel_type=web_search_result_notes&parent_page_channel_type=web_profile_board&xsec_token=ABp1XCYVIKozbCaNM6a02W51bzENqzD1BMoNnrwWtTfFU=&xsec_source=pc_search,2025-07-10,2025-07-10,2026-03-25,5832,5832,https://www.xiaohongshu.com/search_result?keyword=%25E8%25A5%25BF%25E5%25AE%2589%25E6%2597%2585%25E6%25B8%25B8%25E6%2599%25AF%25E7%2582%25B9&source=web_explore_feed,https://www.xiaohongshu.com/search_result/686f38e4000000000d018122?xsec_token=ABhTvg5n1heNdj31xMeqDUNKvENyXht8agxlSqFYelWy0=&xsec_source=,https://sns-webpic-qc.xhscdn.com/202603251928/3b268eec23c66284e8665489499ba4fa/1040g2sg31jo9rf8qjq8049mgde0o5bn3le2bneo!nc_n_webp_mw_1,28bfa4baf0842f047aa639bf54e2ccc26ca7f7a8354bfaee50873376936fa119,https://www.xiaohongshu.com/search_result/686f38e4000000000d018122?xsec_token=ABhTvg5n1heNdj31xMeqDUNKvENyXht8agxlSqFYelWy0=&xsec_source=,否,否
小红书,小红书-西安旅游景点.json,西安旅游景点,西安旅游景点,西安小众景点人少景美，本地人私藏！免门票,长安符猫,https://www.xiaohongshu.com/user/profile/6588745b000000001c03f964?channel_type=web_search_result_notes&parent_page_channel_type=web_profile_board&xsec_token=AB0Os4xq3E662AhkjfTN4mJHSIjuQ1ZBI8NLMP7m5P8cM=&xsec_source=pc_search,1天前,2026-03-24,2026-03-25,9,9,https://www.xiaohongshu.com/search_result?keyword=%25E8%25A5%25BF%25E5%25AE%2589%25E6%2597%2585%25E6%25B8%25B8%25E6%2599%25AF%25E7%2582%25B9&source=web_explore_feed,https://www.xiaohongshu.com/search_result/69c0b652000000001a02caf4?xsec_token=ABXGtA7vIJAZGe07r2UGg1nICuZqaLLFlSQTyOitiB1Xw=&xsec_source=,https://sns-webpic-qc.xhscdn.com/202603251928/bc08c063df09c3afcfc54145fcbee341/spectrum/1040g0k031u1s2dssh80g5pc8ehdn7ub49vu0iu0!nc_n_webp_mw_1,feba6af64244065825d2be8518f8c2eb40c4a4ce7fd745051197fee13cc09109,https://www.xiaohongshu.com/search_result/69c0b652000000001a02caf4?xsec_token=ABXGtA7vIJAZGe07r2UGg1nICuZqaLLFlSQTyOitiB1Xw=&xsec_source=,否,否
小红书,小红书-西安旅游景点.json,西安旅游景点,西安旅游景点,,西安打卡指南,https://www.xiaohongshu.com/user/profile/672da96d000000001d02d4c1?channel_type=web_search_result_notes&parent_page_channel_type=web_profile_board&xsec_token=ABuAJjmxdnbIjrrV8ZH6ZSycSRKTa69Z_TMmS79AY6wZw=&xsec_source=pc_search,2025-07-21,2025-07-21,2026-03-25,579,579,https://www.xiaohongshu.com/search_result?keyword=%25E8%25A5%25BF%25E5%25AE%2589%25E6%2597%2585%25E6%25B8%25B8%25E6%2599%25AF%25E7%2582%25B9&source=web_explore_feed,https://www.xiaohongshu.com/search_result/687e4a96000000001703052b?xsec_token=ABv_aV0P5DlxHPE9VUTao_vcYxQdhLid0rRtqlJBlY3nU=&xsec_source=,https://sns-webpic-qc.xhscdn.com/202603251928/f44e7a6bd579a1379ccd3c4776011dcc/1040g2sg31k70ptpv2uh05ppdl5mndl610jgoh88!nc_n_webp_mw_1,d70b1301d7a34cacc0e51c4eafbc0947296abdd894d54539ab88ec7709580ebc,https://www.xiaohongshu.com/search_result/687e4a96000000001703052b?xsec_token=ABv_aV0P5DlxHPE9VUTao_vcYxQdhLid0rRtqlJBlY3nU=&xsec_source=,是,否
小红书,小红书-西安旅游景点.json,西安旅游景点,西安旅游景点,西安还有如此仙境我怎么才知道...,莴苣小姐,https://www.xiaohongshu.com/user/profile/5d032f96000000001000f20c?channel_type=web_search_result_notes&parent_page_channel_type=web_profile_board&xsec_token=ABfCr6IXSWTOQTycvlzTOFCccCaTh6ORnTrV1VUrndiyU=&xsec_source=pc_search,2025-07-23,2025-07-23,2026-03-25,1704,1704,https://www.xiaohongshu.com/search_result?keyword=%25E8%25A5%25BF%25E5%25AE%2589%25E6%2597%2585%25E6%25B8%25B8%25E6%2599%25AF%25E7%2582%25B9&source=web_explore_feed,https://www.xiaohongshu.com/search_result/688102690000000012014d87?xsec_token=ABOXnMIv8m673WlQPzoAjX7DYvT_NNh8O43jRJXcYwzSw=&xsec_source=,https://sns-webpic-qc.xhscdn.com/202603251928/72d43f67de4e60e54569c2f6f5305e6a/notes_pre_post/1040g3k831k9lcq97igdg5n835ub41sgc2hmp800!nc_n_webp_mw_1,6810dbc043bbc7a7bd0d46d699d10bec5fa49e16017d375e2d4e296be5daeb73,https://www.xiaohongshu.com/search_result/688102690000000012014d87?xsec_token=ABOXnMIv8m673WlQPzoAjX7DYvT_NNh8O43jRJXcYwzSw=&xsec_source=,否,否
小红书,小红书-西安旅游景点.json,西安旅游景点,西安旅游景点,,椰丝mola,https://www.xiaohongshu.com/user/profile/5d9c337e000000000100119f?channel_type=web_search_result_notes&parent_page_channel_type=web_profile_board&xsec_token=ABf5qRg7-HqTFZC3kyMgG85Z75THkQg2JQxrl85jt0t4Y=&xsec_source=pc_search,01-20,2026-01-20,2026-03-25,4048,4048,https://www.xiaohongshu.com/search_result?keyword=%25E8%25A5%25BF%25E5%25AE%2589%25E6%2597%2585%25E6%25B8%25B8%25E6%2599%25AF%25E7%2582%25B9&source=web_explore_feed,https://www.xiaohongshu.com/search_result/696fa0ac000000000c034dc9?xsec_token=AB77uzi0EerVRpy94KBEYAZzq2LOQgUibtPOH1yy5VH3Y=&xsec_source=,https://sns-webpic-qc.xhscdn.com/202603251928/b1f16093109ca552c2e141cc840b00a5/cbcb8e12-4e9e-3c1c-887c-9783dfbb332a!nc_n_webp_mw_1,3e9e8004db5dfaae34284a8f43b833d6760fd7173a3b93a56ef3ffed59e2f6c3,https://www.xiaohongshu.com/search_result/696fa0ac000000000c034dc9?xsec_token=AB77uzi0EerVRpy94KBEYAZzq2LOQgUibtPOH1yy5VH3Y=&xsec_source=,是,否
小红书,小红书-西安旅游景点.json,西安旅游景点,西安旅游景点,西安7个小众景点，人少巨出片‼️,小伍玩转西安,https://www.xiaohongshu.com/user/profile/653924f200000000060045b2?channel_type=web_search_result_notes&parent_page_channel_type=web_profile_board&xsec_token=ABfTfHMhvKmo0ZflgzScYlU2XdQ4ij-WiKy3E9Q-B9mF8=&xsec_source=pc_search,2024-10-31,2024-10-31,2026-03-25,1415,1415,https://www.xiaohongshu.com/search_result?keyword=%25E8%25A5%25BF%25E5%25AE%2589%25E6%2597%2585%25E6%25B8%25B8%25E6%2599%25AF%25E7%2582%25B9&source=web_explore_feed,https://www.xiaohongshu.com/search_result/6723873d000000001a035459?xsec_token=ABlVCuB7oa2WRqVqqmLtCK8sTwOzkDIPiNVZpUow2Qpr0=&xsec_source=,https://sns-webpic-qc.xhscdn.com/202603251928/461c540f3334d2a81bff3b02f9f5f01b/1040g2sg319kcg0s4nc705p9p4jp1ghdions2730!nc_n_webp_mw_1,3568faaa6fcb206b3f68341b5d179dd0095ea901a9d46003283c2e8225f3eb4e,https://www.xiaohongshu.com/search_result/6723873d000000001a035459?xsec_token=ABlVCuB7oa2WRqVqqmLtCK8sTwOzkDIPiNVZpUow2Qpr0=&xsec_source=,否,否
小红书,小红书-西安旅游景点.json,西安旅游景点,西安旅游景点,西安土著坦白局🥳看完这篇再出发,Taylor,https://www.xiaohongshu.com/user/profile/5e8eb53f0000000001005bf4?channel_type=web_search_result_notes&parent_page_channel_type=web_profile_board&xsec_token=ABt45d--1iqNHCx13bSqYE1HAX7dqJqwsEX_feqqvewAU=&xsec_source=pc_search,2025-08-27,2025-08-27,2026-03-25,905,905,https://www.xiaohongshu.com/search_result?keyword=%25E8%25A5%25BF%25E5%25AE%2589%25E6%2597%2585%25E6%25B8%25B8%25E6%2599%25AF%25E7%2582%25B9&source=web_explore_feed,https://www.xiaohongshu.com/search_result/68aebcc4000000001c03de13?xsec_token=ABjln3niM2jKK4A7sXdf0FVc4PMUVtzMQ7_0arq-pn4B8=&xsec_source=,https://sns-webpic-qc.xhscdn.com/202603251928/9ff2ce254157fe11e8d64e56a0514cb8/notes_pre_post/1040g3k831lmanm2d4u005nkemkvg8mvktaf81ag!nc_n_webp_mw_1,d2d559343371ff8b7de24333c3dcc37ff1e8394dc424bb54ebe99ac013a9cd8d,https://www.xiaohongshu.com/search_result/68aebcc4000000001c03de13?xsec_token=ABjln3niM2jKK4A7sXdf0FVc4PMUVtzMQ7_0arq-pn4B8=&xsec_source=,否,否
小红书,小红书-西安旅游景点.json,西安旅游景点,西安旅游景点,西安24小时拍爆内存！分享私藏17个封神机位,📸就叫虎子吧,https://www.xiaohongshu.com/user/profile/5f049c9700000000010060ee?channel_type=web_search_result_notes&parent_page_channel_type=web_profile_board&xsec_token=ABnSmplpaR1IBFmknxcOLCUqIqantS885eW0bsyCu28Kk=&xsec_source=pc_search,2025-02-04,2025-02-04,2026-03-25,1845,1845,https://www.xiaohongshu.com/search_result?keyword=%25E8%25A5%25BF%25E5%25AE%2589%25E6%2597%2585%25E6%25B8%25B8%25E6%2599%25AF%25E7%2582%25B9&source=web_explore_feed,https://www.xiaohongshu.com/search_result/67a178e1000000001800ead9?xsec_token=ABVntdOxm_CTYIhRL-F0v69DetDzvwBGTDo93EaV2h_xY=&xsec_source=,https://sns-webpic-qc.xhscdn.com/202603251928/58d6a076bb5f450b35c853c6cbfbcfa8/1040g2sg31dfc7t95gm705no4jibg8o7eottq44g!nc_n_webp_mw_1,77a4ba0cf42954a769505e440ecc359722f565e7d3c0b33e21dec099d19331dc,https://www.xiaohongshu.com/search_result/67a178e1000000001800ead9?xsec_token=ABVntdOxm_CTYIhRL-F0v69DetDzvwBGTDo93EaV2h_xY=&xsec_source=,否,否
小红书,小红书-西安旅游景点.json,西安旅游景点,西安旅游景点,西安👉小众1日游路线，全程不走回头路！,大牛叔叔,https://www.xiaohongshu.com/user/profile/5d4eb1a700000000160181d2?channel_type=web_search_result_notes&parent_page_channel_type=web_profile_board&xsec_token=AB174tb3FlvKzqIBvkujWbs4-uRHbKsgNIUOSXx1JKVtQ=&xsec_source=pc_search,2025-08-09,2025-08-09,2026-03-25,1.2万,12000,https://www.xiaohongshu.com/search_result?keyword=%25E8%25A5%25BF%25E5%25AE%2589%25E6%2597%2585%25E6%25B8%25B8%25E6%2599%25AF%25E7%2582%25B9&source=web_explore_feed,https://www.xiaohongshu.com/search_result/6888766100000000250136e4?xsec_token=ABYmVshdDGkNs5HzMwDNGpIonQmRgkYCFj__W6GJQqBIE=&xsec_source=,https://sns-webpic-qc.xhscdn.com/202603251928/b41af6e080ca0ce346807ba28b80af52/spectrum/1040g34o31kguh29pk80g5naem6jlj0ei6t48pj8!nc_n_webp_mw_1,ecb4df63d34b522acd48fb48c9e8e791f5ed74cac4d0b6ee9b00ba9a557d6911,https://www.xiaohongshu.com/search_result/6888766100000000250136e4?xsec_token=ABYmVshdDGkNs5HzMwDNGpIonQmRgkYCFj__W6GJQqBIE=&xsec_source=,否,否
小红书,小红书-西安旅游景点.json,西安旅游景点,西安旅游景点,📍西安人的城墙下～,又又敏,https://www.xiaohongshu.com/user/profile/57fe22d83460940410efe4df?channel_type=web_search_result_notes&parent_page_channel_type=web_profile_board&xsec_token=AB5rDYTEjYOLDtaaqGSIAoi3-Au9ohnDDLOzv3jCSnnbI=&xsec_source=pc_search,03-10,2026-03-10,2026-03-25,664,664,https://www.xiaohongshu.com/search_result?keyword=%25E8%25A5%25BF%25E5%25AE%2589%25E6%2597%2585%25E6%25B8%25B8%25E6%2599%25AF%25E7%2582%25B9&source=web_explore_feed,https://www.xiaohongshu.com/search_result/69b021b3000000002203b72d?xsec_token=ABAqzZalDmw5p4uLuEBdFn7F7NPfIntOms49LQRQchjMg=&xsec_source=,https://sns-webpic-qc.xhscdn.com/202603251928/4ad7c9fcf3863598b14dd6a1972f2f43/notes_pre_post/1040g3k031thmb4snla0048oupthdhp6v1efcao8!nc_n_webp_mw_1,a7b7ac31968b19170160af43b5dc65d0cc87ba8b9f7e2a7c04c2bed3dca6c24c,https://www.xiaohongshu.com/search_result/69b021b3000000002203b72d?xsec_token=ABAqzZalDmw5p4uLuEBdFn7F7NPfIntOms49LQRQchjMg=&xsec_source=,否,否
小红书,小红书-西安旅游景点.json,西安旅游景点,西安旅游景点,,咕咕BENHAO,https://www.xiaohongshu.com/user/profile/5be7f495954c81000186d44b?channel_type=web_search_result_notes&parent_page_channel_type=web_profile_board&xsec_token=ABhTErn8qzYtssWb8T-gPPBdWlGzIfIVWMkT65Gw6JgzE=&xsec_source=pc_search,2025-01-27,2025-01-27,2026-03-25,775,775,https://www.xiaohongshu.com/search_result?keyword=%25E8%25A5%25BF%25E5%25AE%2589%25E6%2597%2585%25E6%25B8%25B8%25E6%2599%25AF%25E7%2582%25B9&source=web_explore_feed,https://www.xiaohongshu.com/search_result/679737660000000018004cd4?xsec_token=AB2lXKvPDyNgcHviKvInvjnbKD5My38pZ47Ag3T3ZWfX0=&xsec_source=,https://sns-webpic-qc.xhscdn.com/202603251928/24b81829dd28b0a21fc40e540fad7495/1040g2sg31d5bo6cn0u704bprsgq9bl2bl991noo!nc_n_webp_mw_1,8c144ce14748f282577e08e99b57c4b1380a3a0fd934bad1dd01c04785e053c6,https://www.xiaohongshu.com/search_result/679737660000000018004cd4?xsec_token=AB2lXKvPDyNgcHviKvInvjnbKD5My38pZ47Ag3T3ZWfX0=&xsec_source=,是,否
小红书,小红书-西安旅游景点.json,西安旅游景点,西安旅游景点,西安路书| 整理了4天的行程安排‼️一定要看,肆意的樊晶,https://www.xiaohongshu.com/user/profile/66dae38f000000001d033782?channel_type=web_search_result_notes&parent_page_channel_type=web_profile_board&xsec_token=ABs-OwZ6PMitLTLEitMZL9uG4JpXMd9SxmFnYMRPI-Ews=&xsec_source=pc_search,2024-09-27,2024-09-27,2026-03-25,3474,3474,https://www.xiaohongshu.com/search_result?keyword=%25E8%25A5%25BF%25E5%25AE%2589%25E6%2597%2585%25E6%25B8%25B8%25E6%2599%25AF%25E7%2582%25B9&source=web_explore_feed,https://www.xiaohongshu.com/search_result/66f63a5e000000002c028a15?xsec_token=ABINPoa3J0bOMSX82qS2eKt0hKgOMy1TPTs92EKTCjLSk=&xsec_source=,https://sns-webpic-qc.xhscdn.com/202603251928/950b868cef279eb88fac77676eeab884/1040g00831884qcvnk6005pmqse7neds21rk0e9o!nc_n_webp_mw_1,d45318142f9f452d1e36d64245e527a42125b0ad4a94de5c18f7b21fd8b92c74,https://www.xiaohongshu.com/search_result/66f63a5e000000002c028a15?xsec_token=ABINPoa3J0bOMSX82qS2eKt0hKgOMy1TPTs92EKTCjLSk=&xsec_source=,否,否
小红书,小红书-西安旅游景点.json,西安旅游景点,西安旅游景点,,拾柒里,https://www.xiaohongshu.com/user/profile/67d24e28000000000a03e89d?channel_type=web_search_result_notes&parent_page_channel_type=web_profile_board&xsec_token=ABaqS66IK-Np8o4K1H-C0mJ7QO8w10Bvp10FpA8MwxtDU=&xsec_source=pc_search,2025-07-01,2025-07-01,2026-03-25,1018,1018,https://www.xiaohongshu.com/search_result?keyword=%25E8%25A5%25BF%25E5%25AE%2589%25E6%2597%2585%25E6%25B8%25B8%25E6%2599%25AF%25E7%2582%25B9&source=web_explore_feed,https://www.xiaohongshu.com/search_result/6863c1fd000000002203d614?xsec_token=AB_YVgesOSt2pLF2GX48qUncsp4mV1UsQIzM3mdmg3KoU=&xsec_source=,https://sns-webpic-qc.xhscdn.com/202603251928/b135d6165914a8fa752ca3c76e0ec015/spectrum/1040g34o31jd3le1h2e105pui9ok2nq4torv4u68!nc_n_webp_mw_1,3c9eb152d5f43a8600134fd011d707ad4fb0922b8138604d007bccaa560e0b0d,https://www.xiaohongshu.com/search_result/6863c1fd000000002203d614?xsec_token=AB_YVgesOSt2pLF2GX48qUncsp4mV1UsQIzM3mdmg3KoU=&xsec_source=,是,否
小红书,小红书-西安旅游景点.json,西安旅游景点,西安旅游景点,钟楼免费拍照，今天本人已到！,爱拍照的quang,https://www.xiaohongshu.com/user/profile/64560b2e000000002a00b6e0?channel_type=web_search_result_notes&parent_page_channel_type=web_profile_board&xsec_token=ABE1PzSsRQwywFIAxgo9KXridpsXGic9s7L59IA14PiXY=&xsec_source=pc_search,4天前,2026-03-21,2026-03-25,56,56,https://www.xiaohongshu.com/search_result?keyword=%25E8%25A5%25BF%25E5%25AE%2589%25E6%2597%2585%25E6%25B8%25B8%25E6%2599%25AF%25E7%2582%25B9&source=web_explore_feed,https://www.xiaohongshu.com/search_result/69be727b000000001d01b269?xsec_token=ABqItCO4Ir_VAvM3EXd_-pNQCmaAmgPsSMIr_FvJIhdDk=&xsec_source=,https://sns-webpic-qc.xhscdn.com/202603251928/042027622f75849f17e5a4e5af718313/1040g2sg31tvli5osgoe05p2m1cnahdn0l4u3l60!nc_n_webp_mw_1,d175f290568450de2d5d5716cd74d8e457542bab3f0108cc42da332a0a638e07,https://www.xiaohongshu.com/search_result/69be727b000000001d01b269?xsec_token=ABqItCO4Ir_VAvM3EXd_-pNQCmaAmgPsSMIr_FvJIhdDk=&xsec_source=,否,否
小红书,小红书-西安旅游景点.json,西安旅游景点,西安旅游景点,,漫游地图的圆子,https://www.xiaohongshu.com/user/profile/63c6190800000000260043b5?channel_type=web_search_result_notes&parent_page_channel_type=web_profile_board&xsec_token=ABvIpqAm-0dw8ETht9pkKjQnzoTdth-HazJgMykcrq144=&xsec_source=pc_search,2025-02-26,2025-02-26,2026-03-25,1054,1054,https://www.xiaohongshu.com/search_result?keyword=%25E8%25A5%25BF%25E5%25AE%2589%25E6%2597%2585%25E6%25B8%25B8%25E6%2599%25AF%25E7%2582%25B9&source=web_explore_feed,https://www.xiaohongshu.com/search_result/67beada6000000002902f26b?xsec_token=ABGSqxNWmvbSUUUPK3FCCHUbr3sD1Ua8VAkReuepLU6uM=&xsec_source=,https://sns-webpic-qc.xhscdn.com/202603251928/acb2d25ec07dfb9a27e41f975c512985/spectrum/1040g34o31ebrh824h20g5ou63449ggtltq6v9eg!nc_n_webp_mw_1,738ac02f193b4e988205a24e26328cc5e91e14dac06f9a284dd55bceb0230d86,https://www.xiaohongshu.com/search_result/67beada6000000002902f26b?xsec_token=ABGSqxNWmvbSUUUPK3FCCHUbr3sD1Ua8VAkReuepLU6uM=&xsec_source=,是,否
小红书,小红书-西安旅游景点.json,西安旅游景点,西安旅游景点,🏮西安特种兵之旅（附Citywalk机位路线）,赵小欧,https://www.xiaohongshu.com/user/profile/553197efd39ea2773728dfd1?channel_type=web_search_result_notes&parent_page_channel_type=web_profile_board&xsec_token=ABBOY7_KqHTMlb5b9P2fdExg5PcuPX00hWlp6t8hp8qXU=&xsec_source=pc_search,2025-07-28,2025-07-28,2026-03-25,298,298,https://www.xiaohongshu.com/search_result?keyword=%25E8%25A5%25BF%25E5%25AE%2589%25E6%2597%2585%25E6%25B8%25B8%25E6%2599%25AF%25E7%2582%25B9&source=web_explore_feed,https://www.xiaohongshu.com/search_result/6886f0160000000024008c33?xsec_token=ABQkNm_NcYqmSFn59Ab0SZZTYkj5h-y3yyr7I3J3Uw8WA=&xsec_source=,https://sns-webpic-qc.xhscdn.com/202603251928/8b7d27805a7408b4a8064653f5225a7b/1040g2sg31kfe46sjiue040g20dbuvnuhq56jtfo!nc_n_webp_mw_1,720c1914281c31a18a403601adeab5e46ffe730d0ed5088a5d8c47a0224c99c2,https://www.xiaohongshu.com/search_result/6886f0160000000024008c33?xsec_token=ABQkNm_NcYqmSFn59Ab0SZZTYkj5h-y3yyr7I3J3Uw8WA=&xsec_source=,否,否
小红书,小红书-西安旅游景点.json,西安旅游景点,西安旅游景点,,,,,,2026-03-25,,0,https://www.xiaohongshu.com/search_result?keyword=%25E8%25A5%25BF%25E5%25AE%2589%25E6%2597%2585%25E6%25B8%25B8%25E6%2599%25AF%25E7%2582%25B9&source=web_explore_feed,,http://sns-na-i4.xhscdn.com/1040g00831edeuth6gm605nh1he309bfk6n8vfjo?imageView2/1/h/132/w/480/format/jpg&ap=5&sc=HOT_QRY&sign=cc0e585707d436e4bb4e5e9914158a60&t=69c3c6cc&origin=0,ab3071c33ef1b2702bad43d6c3a8c493d397436a7835e4d3c311ca339592c0d2,59eb4b03bd6b494d3049679ae56b23c06f98fd6b6a3bbfd2e7766f7875f1029f,是,是
小红书,小红书-西安旅游景点.json,西安旅游景点,西安旅游景点,女朋友做的📍西安/三日游不走回头路攻略,徐二羊毛,https://www.xiaohongshu.com/user/profile/67fbc9cd000000000601eac0?channel_type=web_search_result_notes&parent_page_channel_type=web_profile_board&xsec_token=ABuby3oPV2IIj9Zv76HT2jUBg14rXYKZbPJ9NGeFC2GAs=&xsec_source=pc_search,03-13,2026-03-13,2026-03-25,537,537,https://www.xiaohongshu.com/search_result?keyword=%25E8%25A5%25BF%25E5%25AE%2589%25E6%2597%2585%25E6%25B8%25B8%25E6%2599%25AF%25E7%2582%25B9&source=web_explore_feed,https://www.xiaohongshu.com/search_result/69b3a542000000001b022b78?xsec_token=AB4rMNDfto1MChu9XqYCEnVbCMgi5Kal_xACI51SzZyR4=&xsec_source=,https://sns-webpic-qc.xhscdn.com/202603251928/0a24c01c39305cf15998e0ad1969c819/notes_pre_post/1040g3k831tl3u0uq7e905pvrp76hjqm0d7382j0!nc_n_webp_mw_1,e1ef6b9bf732277264ef46d0af3a0ca3335919c7dd3b467b290b4697374219fc,https://www.xiaohongshu.com/search_result/69b3a542000000001b022b78?xsec_token=AB4rMNDfto1MChu9XqYCEnVbCMgi5Kal_xACI51SzZyR4=&xsec_source=,否,否
小红书,小红书-西安旅游景点.json,西安旅游景点,西安旅游景点,,中国旅行推荐,https://www.xiaohongshu.com/user/profile/6535c7ac000000000301ef72?channel_type=web_search_result_notes&parent_page_channel_type=web_profile_board&xsec_token=ABQRcTg8oRYIvqLy4LE5AP-X0dgm1RBf1I0nvblUy4PLQ=&xsec_source=pc_search,2025-05-17,2025-05-17,2026-03-25,127,127,https://www.xiaohongshu.com/search_result?keyword=%25E8%25A5%25BF%25E5%25AE%2589%25E6%2597%2585%25E6%25B8%25B8%25E6%2599%25AF%25E7%2582%25B9&source=web_explore_feed,https://www.xiaohongshu.com/search_result/68284a640000000021006587?xsec_token=ABH1oNZFWxdrTR0CXHiv8zvmNDVu2PTbu4qGC7-VLhCQI=&xsec_source=,https://sns-webpic-qc.xhscdn.com/202603251928/8fa8657b073855ce2a0d0b2ae8a6b076/1040g2sg31hj19rsf3u705p9loum0rrrisj5927g!nc_n_webp_mw_1,cdb44a6708735ee9cfa7e6a9e4488346d752ce224ed19ee64e71f5fdffcb0d9c,https://www.xiaohongshu.com/search_result/68284a640000000021006587?xsec_token=ABH1oNZFWxdrTR0CXHiv8zvmNDVu2PTbu4qGC7-VLhCQI=&xsec_source=,是,否
小红书,小红书-西安旅游景点.json,西安旅游景点,西安旅游景点,西安封神打卡清单✨一生必去的长安浪漫,游小灿,https://www.xiaohongshu.com/user/profile/652e7c14000000002b002cda?channel_type=web_search_result_notes&parent_page_channel_type=web_profile_board&xsec_token=ABDzHOSf1Ji_8jU7OnzH4r4hLBimWTLbOvGq2L_LPqRBA=&xsec_source=pc_search,03-13,2026-03-13,2026-03-25,104,104,https://www.xiaohongshu.com/search_result?keyword=%25E8%25A5%25BF%25E5%25AE%2589%25E6%2597%2585%25E6%25B8%25B8%25E6%2599%25AF%25E7%2582%25B9&source=web_explore_feed,https://www.xiaohongshu.com/search_result/69b405bd000000001a033509?xsec_token=ABtpbMZrC_ya3ToLSHe_jPDSpLViruDuUI8wX9nEauPns=&xsec_source=,https://sns-webpic-qc.xhscdn.com/202603251928/2a6b61b45b43f415896a6647387a84e1/1040g00831tlfnpgl6ukg5p9efgaaob6qmflc798!nc_n_webp_mw_1,e1203b6b12846709c3f13a8a9976f8312a0c67a58759e6abbad4a2fd4ab5d07e,https://www.xiaohongshu.com/search_result/69b405bd000000001a033509?xsec_token=ABtpbMZrC_ya3ToLSHe_jPDSpLViruDuUI8wX9nEauPns=&xsec_source=,否,否
小红书,小红书-西安旅游景点.json,西安旅游景点,西安旅游景点,人生建议‼️拍完这18张Live图再离开西安,深谙,https://www.xiaohongshu.com/user/profile/620667dc00000000100061fe?channel_type=web_search_result_notes&parent_page_channel_type=web_profile_board&xsec_token=ABRXzjjFtw2wiXp0fqwt2tOeoqaMhJRqxPFhOVq10kNQg=&xsec_source=pc_search,2025-09-19,2025-09-19,2026-03-25,1114,1114,https://www.xiaohongshu.com/search_result?keyword=%25E8%25A5%25BF%25E5%25AE%2589%25E6%2597%2585%25E6%25B8%25B8%25E6%2599%25AF%25E7%2582%25B9&source=web_explore_feed,https://www.xiaohongshu.com/search_result/68ccb31800000000130061bc?xsec_token=ABfp0fTTv9EvHhm1ViJ7av8gT2zG1KgRdSrmoepfgQWaU=&xsec_source=,https://sns-webpic-qc.xhscdn.com/202603251928/26ea4bc4b9678a017e5a12f99fdff63b/1040g2sg31mjhg35dkseg5og6cve40ofu2v30b1g!nc_n_webp_mw_1,ef7672f24a24ac4abfeef42f0485ef896f840b6a0fc44e93527f11ec085d4e8b,https://www.xiaohongshu.com/search_result/68ccb31800000000130061bc?xsec_token=ABfp0fTTv9EvHhm1ViJ7av8gT2zG1KgRdSrmoepfgQWaU=&xsec_source=,否,否
小红书,小红书-西安旅游景点.json,西安旅游景点,西安旅游景点,西安春日旅游攻略🌸3-4月这样玩就对了,玖柒-楊,https://www.xiaohongshu.com/user/profile/5bcbde99fd119f0001914b2e?channel_type=web_search_result_notes&parent_page_channel_type=web_profile_board&xsec_token=ABWQmfQrHZNsdCTfunH9Bn-OrsFNF__9fZAMF75Ti922s=&xsec_source=pc_search,5天前,2026-03-20,2026-03-25,102,102,https://www.xiaohongshu.com/search_result?keyword=%25E8%25A5%25BF%25E5%25AE%2589%25E6%2597%2585%25E6%25B8%25B8%25E6%2599%25AF%25E7%2582%25B9&source=web_explore_feed,https://www.xiaohongshu.com/search_result/69bd11bd000000001f00514e?xsec_token=ABx7nDF0_zUeWbV3fpeG5hcjYu3OdmSSkVKDnSt3GAqdo=&xsec_source=,https://sns-webpic-qc.xhscdn.com/202603251928/bf2b5aab0f485ba1442cadd5fb6906b8/notes_pre_post/1040g3k031tuakvu3784g4bi10uf9iipevh73uq0!nc_n_webp_mw_1,6ab790806febab705e9e669585a2e64a0a8eea16dd59d23fbf297402d2552995,https://www.xiaohongshu.com/search_result/69bd11bd000000001f00514e?xsec_token=ABx7nDF0_zUeWbV3fpeG5hcjYu3OdmSSkVKDnSt3GAqdo=&xsec_source=,否,否
小红书,小红书-西安旅游景点.json,西安旅游景点,西安旅游景点,抢先试乘西安地铁八号线，沿途景点大盘点！,村村有点Cool,https://www.xiaohongshu.com/user/profile/6406bece00000000290108c9?channel_type=web_search_result_notes&parent_page_channel_type=web_profile_board&xsec_token=ABWUjQit4mud-79ubn8nOSoHfME9NkrrV7e_vjC1YTnXE=&xsec_source=pc_search,2024-12-23,2024-12-23,2026-03-25,1173,1173,https://www.xiaohongshu.com/search_result?keyword=%25E8%25A5%25BF%25E5%25AE%2589%25E6%2597%2585%25E6%25B8%25B8%25E6%2599%25AF%25E7%2582%25B9&source=web_explore_feed,https://www.xiaohongshu.com/search_result/676807d6000000001300b9ae?xsec_token=ABALDNi-n7m_6mur6DVCN4L915JUUyKnaqcVEDNN8rJdU=&xsec_source=,https://sns-webpic-qc.xhscdn.com/202603251928/112f03102615e8bf2a994544f3be5abc/1040g00831bnhmf8j0m6g5p06nr7aa269b94807g!nc_n_webp_mw_1,d82bd8746b20d4f7d0dbc3da23a75d73fa4e96f25ce7674e8cc70e5aa99aa4df,https://www.xiaohongshu.com/search_result/676807d6000000001300b9ae?xsec_token=ABALDNi-n7m_6mur6DVCN4L915JUUyKnaqcVEDNN8rJdU=&xsec_source=,否,否
小红书,小红书-西安旅游景点.json,西安旅游景点,西安旅游景点,整理西安周边一些冷门但真“古”的小众景点,抹茶猪大肠🚀旅行笔记,https://www.xiaohongshu.com/user/profile/5418670db4c4d6772da38d27?channel_type=web_search_result_notes&parent_page_channel_type=web_profile_board&xsec_token=ABu5AXSaQmpMCPlx7EeoxqvvqTGAmWEH8sIK1T_tcJUp8=&xsec_source=pc_search,2025-08-25,2025-08-25,2026-03-25,237,237,https://www.xiaohongshu.com/search_result?keyword=%25E8%25A5%25BF%25E5%25AE%2589%25E6%2597%2585%25E6%25B8%25B8%25E6%2599%25AF%25E7%2582%25B9&source=web_explore_feed,https://www.xiaohongshu.com/search_result/68a0446c000000001d01a4d1?xsec_token=AB0iHMrTqwkOhl--cGMhDQOsj1f6qpWbTACmlxgynOCao=&xsec_source=,https://sns-webpic-qc.xhscdn.com/202603251928/899e224021f1ceb4e48744938b87d2df/notes_pre_post/1040g3k031l8687g6lm004006rtjgr397p8aqqbo!nc_n_webp_mw_1,77aca1134d5d33f0cb42cec893e9267202d839b2b033046f118e312ab2109f18,https://www.xiaohongshu.com/search_result/68a0446c000000001d01a4d1?xsec_token=AB0iHMrTqwkOhl--cGMhDQOsj1f6qpWbTACmlxgynOCao=&xsec_source=,否,否
小红书,小红书-西安旅游景点.json,西安旅游景点,西安旅游景点,西安旅行保姆级攻略🔆景点美食交通全搞定,💙美多多,https://www.xiaohongshu.com/user/profile/5d07a76f00000000120086f3?channel_type=web_search_result_notes&parent_page_channel_type=web_profile_board&xsec_token=ABU2FYISpW4m66VL8l6Hj1BEFvHGi9-4MIJFQqKtL5lTY=&xsec_source=pc_search,02-22,2026-02-22,2026-03-25,124,124,https://www.xiaohongshu.com/search_result?keyword=%25E8%25A5%25BF%25E5%25AE%2589%25E6%2597%2585%25E6%25B8%25B8%25E6%2599%25AF%25E7%2582%25B9&source=web_explore_feed,https://www.xiaohongshu.com/search_result/699b12ce000000000a02c687?xsec_token=ABGNCQo3eL1lHbyuGyAcy-9TgQfGojtXiZrXycJ0TShC8=&xsec_source=,https://sns-webpic-qc.xhscdn.com/202603251928/11ddff7ba84fc41b2ee62e91dabf38ac/notes_pre_post/1040g3k031st48ok3la005n87ktnkh1njjng1ffo!nc_n_webp_mw_1,40d6232f5d4350913201a9a652a5405cf8232edde149185716bb393f46bb6243,https://www.xiaohongshu.com/search_result/699b12ce000000000a02c687?xsec_token=ABGNCQo3eL1lHbyuGyAcy-9TgQfGojtXiZrXycJ0TShC8=&xsec_source=,否,否
小红书,小红书-西安旅游景点.json,西安旅游景点,西安旅游景点,支招！应该怎么安排路线啊,干饭第一名,https://www.xiaohongshu.com/user/profile/6093ba6e000000000100947d?channel_type=web_search_result_notes&parent_page_channel_type=web_profile_board&xsec_token=ABlAPyN3t_EHBypTqolESmcUXwlDh1WnxSaXOun2yAEBs=&xsec_source=pc_search,2025-07-12,2025-07-12,2026-03-25,4025,4025,https://www.xiaohongshu.com/search_result?keyword=%25E8%25A5%25BF%25E5%25AE%2589%25E6%2597%2585%25E6%25B8%25B8%25E6%2599%25AF%25E7%2582%25B9&source=web_explore_feed,https://www.xiaohongshu.com/search_result/6871379700000000120140e2?xsec_token=ABsl-s49AQGGHNdd3PNBN-7rSYt4xwOkDBiJJWNvPpb-A=&xsec_source=,https://sns-webpic-qc.xhscdn.com/202603251928/de82e56f20573a38bf9dbfefdeca8227/notes_pre_post/1040g3k831jq850022a7g5o4jn9n0953t3fldnng!nc_n_webp_mw_1,c305d626f0607b179d294a3f2565ed927574a11956d71b027e1ecd5bf0377c15,https://www.xiaohongshu.com/search_result/6871379700000000120140e2?xsec_token=ABsl-s49AQGGHNdd3PNBN-7rSYt4xwOkDBiJJWNvPpb-A=&xsec_source=,否,否
小红书,小红书-西安旅游景点.json,西安旅游景点,西安旅游景点,进入秦岭国家植物园的快乐时光🍃,Nelly和Summer,https://www.xiaohongshu.com/user/profile/5ab78705e8ac2b52e79a432e?channel_type=web_search_result_notes&parent_page_channel_type=web_profile_board&xsec_token=AB1AKwFArKkakOKFt8iW9LYB4Mhw6ps-sT2ouzrNIyjAY=&xsec_source=pc_search,4天前,2026-03-21,2026-03-25,6,6,https://www.xiaohongshu.com/search_result?keyword=%25E8%25A5%25BF%25E5%25AE%2589%25E6%2597%2585%25E6%25B8%25B8%25E6%2599%25AF%25E7%2582%25B9&source=web_explore_feed,https://www.xiaohongshu.com/search_result/69be307e000000001a029c30?xsec_token=ABqItCO4Ir_VAvM3EXd_-pNTrF-LI1QylLJ9LXGnVpwwQ=&xsec_source=,https://sns-webpic-qc.xhscdn.com/202603251928/e5682dcf7683a1fffaaa041b95af30fd/1040g2sg31tvdk4gn7e404a3tef3gagpe605iv98!nc_n_webp_mw_1,9e24371ef02fa9d7131a60f19828bfb9c85790b69a2aeb74063f6285107fbd4d,https://www.xiaohongshu.com/search_result/69be307e000000001a029c30?xsec_token=ABqItCO4Ir_VAvM3EXd_-pNTrF-LI1QylLJ9LXGnVpwwQ=&xsec_source=,否,否
小红书,小红书-西安旅游景点.json,西安旅游景点,西安旅游景点,西安，西安,小脑斧,https://www.xiaohongshu.com/user/profile/642c31940000000011022b4c?channel_type=web_search_result_notes&parent_page_channel_type=web_profile_board&xsec_token=ABWz0hm49LGsbPflWUbRsB30sKIEG2LARkSpyHoOjesec=&xsec_source=pc_search,2025-07-26,2025-07-26,2026-03-25,316,316,https://www.xiaohongshu.com/search_result?keyword=%25E8%25A5%25BF%25E5%25AE%2589%25E6%2597%2585%25E6%25B8%25B8%25E6%2599%25AF%25E7%2582%25B9&source=web_explore_feed,https://www.xiaohongshu.com/search_result/6884bf2b000000001d00dbf6?xsec_token=AB_mdfAn5a0tt8S7KHvgjsmMteCSJv3sMc8hsR6oO2nVg=&xsec_source=,https://sns-webpic-qc.xhscdn.com/202603251928/d48a62025761105df1c877db58434042/1040g2sg31kd9oal22u005p1c66a4caqcn18ns08!nc_n_webp_mw_1,ff146ed111302b2bbb300f19317017a5d58630ed661ca90ba509437fb433cb63,https://www.xiaohongshu.com/search_result/6884bf2b000000001d00dbf6?xsec_token=AB_mdfAn5a0tt8S7KHvgjsmMteCSJv3sMc8hsR6oO2nVg=&xsec_source=,否,否
小红书,小红书-西安旅游景点.json,西安旅游景点,西安旅游景点,来西安旅游只有本地人才知道的6个小众景点,羊妞Go,https://www.xiaohongshu.com/user/profile/67eff621000000000e0115ca?channel_type=web_search_result_notes&parent_page_channel_type=web_profile_board&xsec_token=ABscsyx24BBDeRQHnv7WD1rlsshbSi2ho8uBCV5MSZzP0=&xsec_source=pc_search,2025-10-01,2025-10-01,2026-03-25,5257,5257,https://www.xiaohongshu.com/search_result?keyword=%25E8%25A5%25BF%25E5%25AE%2589%25E6%2597%2585%25E6%25B8%25B8%25E6%2599%25AF%25E7%2582%25B9&source=web_explore_feed,https://www.xiaohongshu.com/search_result/68dc7fd30000000004010482?xsec_token=ABiOp3GQayzlA4wUkvkq0O3Ck_HHhBMaTGozEuZ0mbAN0=&xsec_source=,https://sns-webpic-qc.xhscdn.com/202603251928/edec132ba09cca4dd523574c878e069e/spectrum/1040g34o31n2ggquul20g5pvfuogji5ead1bacv0!nc_n_webp_mw_1,a0913c6d0dfe9e15fa22dfba34fca960cc6b203945bd4da3f15d31db45c7ec4b,https://www.xiaohongshu.com/search_result/68dc7fd30000000004010482?xsec_token=ABiOp3GQayzlA4wUkvkq0O3Ck_HHhBMaTGozEuZ0mbAN0=&xsec_source=,否,否
小红书,小红书-西安旅游景点.json,西安旅游景点,西安旅游景点,,,,,,2026-03-25,,0,https://www.xiaohongshu.com/search_result?keyword=%25E8%25A5%25BF%25E5%25AE%2589%25E6%2597%2585%25E6%25B8%25B8%25E6%2599%25AF%25E7%2582%25B9&source=web_explore_feed,,http://sns-na-i4.xhscdn.com/110/0/01e93c0f6d61b0090010000000019b129c557b_0.jpg?imageView2/1/h/132/w/480/format/jpg&ap=5&sc=HOT_QRY&sign=26f15ff4daeedb855d77f5f2fe5d5e10&t=69c3c6d0&origin=0,33f92ec526d7f03e5534c68c1e5c6c270ba890b5e5fa696b19f1a0e8eff8eb93,9574776a85c37280e0c1f856177be28aee55e6db252327d6d5d8869d1676c737,是,是
小红书,小红书-西安旅游景点.json,西安旅游景点,西安旅游景点,,西安打卡指南,https://www.xiaohongshu.com/user/profile/672da96d000000001d02d4c1?channel_type=web_search_result_notes&parent_page_channel_type=web_profile_board&xsec_token=ABuAJjmxdnbIjrrV8ZH6ZSycSRKTa69Z_TMmS79AY6wZw=&xsec_source=pc_search,2025-06-18,2025-06-18,2026-03-25,651,651,https://www.xiaohongshu.com/search_result?keyword=%25E8%25A5%25BF%25E5%25AE%2589%25E6%2597%2585%25E6%25B8%25B8%25E6%2599%25AF%25E7%2582%25B9&source=web_explore_feed,https://www.xiaohongshu.com/search_result/68529f910000000013010c9d?xsec_token=ABpt6DYBSy-fd5Q0FaZmGV0B66T968LE09cr4OkctuhV8=&xsec_source=,https://sns-webpic-qc.xhscdn.com/202603251928/bf9735f65d305a2f60e9fa084c1a357e/1040g2sg31isc5mpuhea05ppdl5mndl61vn5i8og!nc_n_webp_mw_1,897bef9316dee8e606dde2ef496b0d50bb1f52307d70840e3bfba0f8b39a07d1,https://www.xiaohongshu.com/search_result/68529f910000000013010c9d?xsec_token=ABpt6DYBSy-fd5Q0FaZmGV0B66T968LE09cr4OkctuhV8=&xsec_source=,是,否
小红书,小红书-西安旅游景点.json,西安旅游景点,西安旅游景点,为了这18张照片，我特意飞了趟西安❗️值得么,奈何,https://www.xiaohongshu.com/user/profile/5c4e318e0000000012026b47?channel_type=web_search_result_notes&parent_page_channel_type=web_profile_board&xsec_token=ABLU8NqLzzaCiOtvaQZuR0OIfVTZbmVPw2q-sTY7bj-r0=&xsec_source=pc_search,2025-11-01,2025-11-01,2026-03-25,1192,1192,https://www.xiaohongshu.com/search_result?keyword=%25E8%25A5%25BF%25E5%25AE%2589%25E6%2597%2585%25E6%25B8%25B8%25E6%2599%25AF%25E7%2582%25B9&source=web_explore_feed,https://www.xiaohongshu.com/search_result/6905ee3e0000000007031423?xsec_token=ABhGZobfAUrFuG-gWOd7QNauF0E48DEhPryUBTgZ9E8wM=&xsec_source=,https://sns-webpic-qc.xhscdn.com/202603251928/78f26de46092ace3fb8a29c042199741/notes_pre_post/1040g3k831obeofefkq3g5n2e6674kqq7tg1cp3g!nc_n_webp_mw_1,2998718df3877a684b3968b40c617945687a1b72bbd92210f7a4cdd48214b8f7,https://www.xiaohongshu.com/search_result/6905ee3e0000000007031423?xsec_token=ABhGZobfAUrFuG-gWOd7QNauF0E48DEhPryUBTgZ9E8wM=&xsec_source=,否,否
小红书,小红书-西安旅游景点.json,西安旅游景点,西安旅游景点,闺蜜一致认为西安好玩的,小小吃货,https://www.xiaohongshu.com/user/profile/59e87ac611be101b2c6eabd4?channel_type=web_search_result_notes&parent_page_channel_type=web_profile_board&xsec_token=ABr9Be1r7rWT2cf-2O5zBT0ZDnMRWrmxUTOO_ScSTTsss=&xsec_source=pc_search,03-18,2026-03-18,2026-03-25,12,12,https://www.xiaohongshu.com/search_result?keyword=%25E8%25A5%25BF%25E5%25AE%2589%25E6%2597%2585%25E6%25B8%25B8%25E6%2599%25AF%25E7%2582%25B9&source=web_explore_feed,https://www.xiaohongshu.com/search_result/69ba5c890000000023016acf?xsec_token=AB0y8n16ucw_8Er5fiM5RIX9syfNRKbXaXaxqswvQsxEE=&xsec_source=,https://sns-webpic-qc.xhscdn.com/202603251928/f43cef62462074a1c2aa8111336293b8/notes_pre_post/1040g3k831trm0vk57e7049um0ptcdaukjkb4al0!nc_n_webp_mw_1,36ee90e6af1d27e5e717f3eb121cfc86ebbb0a98b5569efec240c9d693760d8d,https://www.xiaohongshu.com/search_result/69ba5c890000000023016acf?xsec_token=AB0y8n16ucw_8Er5fiM5RIX9syfNRKbXaXaxqswvQsxEE=&xsec_source=,否,否
小红书,小红书-西安旅游景点.json,西安旅游景点,西安旅游景点,西安洒金桥-湘子庙-碑林Citywalk吃逛路线！,大牛叔叔,https://www.xiaohongshu.com/user/profile/5d4eb1a700000000160181d2?channel_type=web_search_result_notes&parent_page_channel_type=web_profile_board&xsec_token=AB174tb3FlvKzqIBvkujWbs4-uRHbKsgNIUOSXx1JKVtQ=&xsec_source=pc_search,2025-07-02,2025-07-02,2026-03-25,3471,3471,https://www.xiaohongshu.com/search_result?keyword=%25E8%25A5%25BF%25E5%25AE%2589%25E6%2597%2585%25E6%25B8%25B8%25E6%2599%25AF%25E7%2582%25B9&source=web_explore_feed,https://www.xiaohongshu.com/search_result/6864e948000000001203e4a1?xsec_token=ABJL3s8KVb9llPEJdKXgdrR9rxj0l-pC9HyYyOHnoRitc=&xsec_source=,https://sns-webpic-qc.xhscdn.com/202603251928/a6fb2b79390e873e702e7849a31f4536/spectrum/1040g34o31je7ff44ie105naem6jlj0ei01uljs8!nc_n_webp_mw_1,b504b16c5984197705b9536d08877f53ddb0108c379dbed089a7d554dd469065,https://www.xiaohongshu.com/search_result/6864e948000000001203e4a1?xsec_token=ABJL3s8KVb9llPEJdKXgdrR9rxj0l-pC9HyYyOHnoRitc=&xsec_source=,否,否
小红书,小红书-西安旅游景点.json,西安旅游景点,西安旅游景点,,椰丝mola,https://www.xiaohongshu.com/user/profile/5d9c337e000000000100119f?channel_type=web_search_result_notes&parent_page_channel_type=web_profile_board&xsec_token=ABf5qRg7-HqTFZC3kyMgG85Z75THkQg2JQxrl85jt0t4Y=&xsec_source=pc_search,02-06,2026-02-06,2026-03-25,788,788,https://www.xiaohongshu.com/search_result?keyword=%25E8%25A5%25BF%25E5%25AE%2589%25E6%2597%2585%25E6%25B8%25B8%25E6%2599%25AF%25E7%2582%25B9&source=web_explore_feed,https://www.xiaohongshu.com/search_result/698608da000000001a01e8a7?xsec_token=ABcuaCQh0qTHDj1bU7wXTVNwMiFRhl1xt8BIZJtYOJcW0=&xsec_source=,https://sns-webpic-qc.xhscdn.com/202603251928/d69ee10260e9b00aa56cc060d8a052a2/b519ea9b-c609-3549-8764-964037ef128b!nc_n_webp_mw_1,f6fd2c849a18068e9fced30af5728034419764bda6c8809eb6b012a0df447eeb,https://www.xiaohongshu.com/search_result/698608da000000001a01e8a7?xsec_token=ABcuaCQh0qTHDj1bU7wXTVNwMiFRhl1xt8BIZJtYOJcW0=&xsec_source=,是,否
小红书,小红书-西安旅游景点.json,西安旅游景点,西安旅游景点,兴庆公园郁金香🌷还没开,郭郭郭,https://www.xiaohongshu.com/user/profile/5a7ed0584eacab395f3db5c0?channel_type=web_search_result_notes&parent_page_channel_type=web_profile_board&xsec_token=AB8LANzcKwxyIWtvmQlPoTIneTRb5HCBwZbzYjCnbNUGg=&xsec_source=pc_search,4天前,2026-03-21,2026-03-25,9,9,https://www.xiaohongshu.com/search_result?keyword=%25E8%25A5%25BF%25E5%25AE%2589%25E6%2597%2585%25E6%25B8%25B8%25E6%2599%25AF%25E7%2582%25B9&source=web_explore_feed,https://www.xiaohongshu.com/search_result/69be7069000000001f0057e7?xsec_token=ABqItCO4Ir_VAvM3EXd_-pNUy_Syb_qdIk-B1hW579t8E=&xsec_source=,https://sns-webpic-qc.xhscdn.com/202603251928/e5e15f28af87c7acc1ef7573f943971d/notes_uhdr/1040g3qg31tvlea67nq004a1cn885hde0i3j7fo0!nc_n_webp_mw_1,bff6a3bfdeaa295394747d6f00037d174356234d353febd8ba0e080f796198b8,https://www.xiaohongshu.com/search_result/69be7069000000001f0057e7?xsec_token=ABqItCO4Ir_VAvM3EXd_-pNUy_Syb_qdIk-B1hW579t8E=&xsec_source=,否,否
小红书,小红书-西安旅游景点.json,西安旅游景点,西安旅游景点,西安地铁六号线沿途藏着这么多小众宝藏地！,村村有点Cool,https://www.xiaohongshu.com/user/profile/6406bece00000000290108c9?channel_type=web_search_result_notes&parent_page_channel_type=web_profile_board&xsec_token=ABWUjQit4mud-79ubn8nOSoHfME9NkrrV7e_vjC1YTnXE=&xsec_source=pc_search,2024-10-22,2024-10-22,2026-03-25,1480,1480,https://www.xiaohongshu.com/search_result?keyword=%25E8%25A5%25BF%25E5%25AE%2589%25E6%2597%2585%25E6%25B8%25B8%25E6%2599%25AF%25E7%2582%25B9&source=web_explore_feed,https://www.xiaohongshu.com/search_result/671780df000000001b03e5f4?xsec_token=ABT7wZbbm4Wv6cb8ZD7QKKrTbYP8KKbcBKV1oaqzbm8_w=&xsec_source=,https://sns-webpic-qc.xhscdn.com/202603251928/e39658cd2ba8e77f258f12f7d0cba13d/spectrum/1040g34o3198kirdpkk0g5p06nr7aa269ac858fo!nc_n_webp_mw_1,75a81807f6f9773971335b46254e7a4a28660ce91340ae580d57a7a32a061d6f,https://www.xiaohongshu.com/search_result/671780df000000001b03e5f4?xsec_token=ABT7wZbbm4Wv6cb8ZD7QKKrTbYP8KKbcBKV1oaqzbm8_w=&xsec_source=,否,否
小红书,小红书-西安旅游景点.json,西安旅游景点,西安旅游景点,🔥西安元旦｜热门景点开放时间+预约攻略,西安周末去哪,https://www.xiaohongshu.com/user/profile/6168e05e000000001f03ba5e?channel_type=web_search_result_notes&parent_page_channel_type=web_profile_board&xsec_token=ABpit2Tbm0KLUBEU4s557dP5BjkPs2b0odI6Iw2BjFojg=&xsec_source=pc_search,01-01,2026-01-01,2026-03-25,42,42,https://www.xiaohongshu.com/search_result?keyword=%25E8%25A5%25BF%25E5%25AE%2589%25E6%2597%2585%25E6%25B8%25B8%25E6%2599%25AF%25E7%2582%25B9&source=web_explore_feed,https://www.xiaohongshu.com/search_result/6954e4c8000000001e0279fc?xsec_token=ABCe9DLjoXUjJJ31OwN_lWTD1NH7enQe5F70fV5y5uOno=&xsec_source=,https://sns-webpic-qc.xhscdn.com/202603251928/ab101d0f0eeb637e4dd971188b9a1eb3/spectrum/1040g34o31qoj2idan0105ob8s1f7veiupvn68go!nc_n_webp_mw_1,274734889fa0f6d95922fadde969de02b1481d21fcb140361b090f438d10064a,https://www.xiaohongshu.com/search_result/6954e4c8000000001e0279fc?xsec_token=ABCe9DLjoXUjJJ31OwN_lWTD1NH7enQe5F70fV5y5uOno=&xsec_source=,否,否
小红书,小红书-西安旅游景点.json,西安旅游景点,西安旅游景点,陕西西安七天六晚旅游攻略！,西安王导旅行,https://www.xiaohongshu.com/user/profile/5d4d29de0000000016019795?channel_type=web_search_result_notes&parent_page_channel_type=web_profile_board&xsec_token=ABXamoIvpOSlDnp1Sg35dqt-daWyuLV6SvWTS2DYwY45s=&xsec_source=pc_search,2025-03-30,2025-03-30,2026-03-25,1598,1598,https://www.xiaohongshu.com/search_result?keyword=%25E8%25A5%25BF%25E5%25AE%2589%25E6%2597%2585%25E6%25B8%25B8%25E6%2599%25AF%25E7%2582%25B9&source=web_explore_feed,https://www.xiaohongshu.com/search_result/67e8b13a000000000900ff42?xsec_token=ABn_HJW5ZJDfI-dgLBk7MkomibTS16BX1QYuDn7Y8Zjzg=&xsec_source=,https://sns-webpic-qc.xhscdn.com/202603251928/37a961b950597cc2e45c3e29760b5f81/1040g00831fktrsnug2005nad57f5j5slk52t2ro!nc_n_webp_mw_1,1df0bd623fc7f30aaa56a852f6e224f43b9fc47f802165597d1197b2e1eeda86,https://www.xiaohongshu.com/search_result/67e8b13a000000000900ff42?xsec_token=ABn_HJW5ZJDfI-dgLBk7MkomibTS16BX1QYuDn7Y8Zjzg=&xsec_source=,否,否
小红书,小红书-西安旅游景点.json,西安旅游景点,西安旅游景点,国庆去哪玩？一图秒解陕西全省必去旅游景点,李拜天不想上班,https://www.xiaohongshu.com/user/profile/5aca3dc3e8ac2b11028e3102?channel_type=web_search_result_notes&parent_page_channel_type=web_profile_board&xsec_token=AB5jPgtrKIbY2QwmyxE5p5YtasGEFaNEjSVCDBxEJAYW8=&xsec_source=pc_search,2025-09-16,2025-09-16,2026-03-25,941,941,https://www.xiaohongshu.com/search_result?keyword=%25E8%25A5%25BF%25E5%25AE%2589%25E6%2597%2585%25E6%25B8%25B8%25E6%2599%25AF%25E7%2582%25B9&source=web_explore_feed,https://www.xiaohongshu.com/search_result/68b9ad6b000000001b02335b?xsec_token=ABfT9oBRc2YPzsL-uVpygzWvnPOlktqKRcP0rJ_qH-_U8=&xsec_source=,https://sns-webpic-qc.xhscdn.com/202603251928/98af510252bdad9578613ce19b0056d8/spectrum/1040g34o31mdhrr5950104a4cjjus6c82v1lsj8g!nc_n_webp_mw_1,17fd7534b831b46b5c674d65fea5b0af157d640856cd98b48e1ec6f1d78b9ef0,https://www.xiaohongshu.com/search_result/68b9ad6b000000001b02335b?xsec_token=ABfT9oBRc2YPzsL-uVpygzWvnPOlktqKRcP0rJ_qH-_U8=&xsec_source=,否,否
小红书,小红书-西安旅游景点.json,西安旅游景点,西安旅游景点,诗在，长安就在,粥粥熏,https://www.xiaohongshu.com/user/profile/5b48247a4eacab6dbdd6e603?channel_type=web_search_result_notes&parent_page_channel_type=web_profile_board&xsec_token=AB4YEhyNpXf8EPZtXqRJyXcn3OXGOAHYymsjGuF6RhfuY=&xsec_source=pc_search,2025-12-25,2025-12-25,2026-03-25,470,470,https://www.xiaohongshu.com/search_result?keyword=%25E8%25A5%25BF%25E5%25AE%2589%25E6%2597%2585%25E6%25B8%25B8%25E6%2599%25AF%25E7%2582%25B9&source=web_explore_feed,https://www.xiaohongshu.com/search_result/694bfcbe000000001e017ab0?xsec_token=ABvQSB7p0JpGhzSPPTqvNuRdGdloDzwvZiXzmw7Ckzx00=&xsec_source=,https://sns-webpic-qc.xhscdn.com/202603251928/24f66ac40412f1aa96364f69543552ee/notes_pre_post/1040g3k031qfsjk93n4004a73n8i7lpg3f0b6jlo!nc_n_webp_mw_1,2d65e9a2718cde02a31638a0a62377820aa5746c1610efd45331cb406d83d9a8,https://www.xiaohongshu.com/search_result/694bfcbe000000001e017ab0?xsec_token=ABvQSB7p0JpGhzSPPTqvNuRdGdloDzwvZiXzmw7Ckzx00=&xsec_source=,否,否
小红书,小红书-西安旅游景点.json,西安旅游景点,西安旅游景点,西安被低估的7个高含金量小众景点,西安周末去哪,https://www.xiaohongshu.com/user/profile/6168e05e000000001f03ba5e?channel_type=web_search_result_notes&parent_page_channel_type=web_profile_board&xsec_token=ABpit2Tbm0KLUBEU4s557dP5BjkPs2b0odI6Iw2BjFojg=&xsec_source=pc_search,2025-01-10,2025-01-10,2026-03-25,1194,1194,https://www.xiaohongshu.com/search_result?keyword=%25E8%25A5%25BF%25E5%25AE%2589%25E6%2597%2585%25E6%25B8%25B8%25E6%2599%25AF%25E7%2582%25B9&source=web_explore_feed,https://www.xiaohongshu.com/search_result/6780aec2000000000100378d?xsec_token=ABymYN747h2zzFboYH5Ox2C4fKANIXouAOupOoZrn90Vk=&xsec_source=,https://sns-webpic-qc.xhscdn.com/202603251928/cb3aa2ac899acd8cb6e332d0a831d169/spectrum/1040g34o31cfbie2d0c005ob8s1f7veiuqmd7c08!nc_n_webp_mw_1,a1a904b734298d74bef7ecdc03323db4c24834a15f05a419ca062ec382f19c5d,https://www.xiaohongshu.com/search_result/6780aec2000000000100378d?xsec_token=ABymYN747h2zzFboYH5Ox2C4fKANIXouAOupOoZrn90Vk=&xsec_source=,否,否
小红书,小红书-西安旅游景点.json,西安旅游景点,西安旅游景点,人均800💰西安3天2夜攻略👭闺蜜游,小鸽子大卡子,https://www.xiaohongshu.com/user/profile/5f5638ad0000000001009efb?channel_type=web_search_result_notes&parent_page_channel_type=web_profile_board&xsec_token=AB33-IpVUMqspZakFrK5YbJp6OS3JvgJ6GdFYS3xQvF7s=&xsec_source=pc_search,2025-06-24,2025-06-24,2026-03-25,1.9万,19000,https://www.xiaohongshu.com/search_result?keyword=%25E8%25A5%25BF%25E5%25AE%2589%25E6%2597%2585%25E6%25B8%25B8%25E6%2599%25AF%25E7%2582%25B9&source=web_explore_feed,https://www.xiaohongshu.com/search_result/6857ced1000000002001b498?xsec_token=AB__D4HIzUtOdTJlAPCUizhuRQ4BOfVSC7O-en0fS_a0I=&xsec_source=,https://sns-webpic-qc.xhscdn.com/202603251928/c4b6f247275e2c896c68ccd954c30acd/1040g00831j44e7pbha005nqm72mg97nr9ivkt4o!nc_n_webp_mw_1,6ce0df7c39930eed57985dd9498cb559a84e68c75832c6cd241b9942a047d509,https://www.xiaohongshu.com/search_result/6857ced1000000002001b498?xsec_token=AB__D4HIzUtOdTJlAPCUizhuRQ4BOfVSC7O-en0fS_a0I=&xsec_source=,否,否
小红书,小红书-西安旅游景点.json,西安旅游景点,西安旅游景点,,拾柒里,https://www.xiaohongshu.com/user/profile/67d24e28000000000a03e89d?channel_type=web_search_result_notes&parent_page_channel_type=web_profile_board&xsec_token=ABaqS66IK-Np8o4K1H-C0mJ7QO8w10Bvp10FpA8MwxtDU=&xsec_source=pc_search,2025-09-25,2025-09-25,2026-03-25,15,15,https://www.xiaohongshu.com/search_result?keyword=%25E8%25A5%25BF%25E5%25AE%2589%25E6%2597%2585%25E6%25B8%25B8%25E6%2599%25AF%25E7%2582%25B9&source=web_explore_feed,https://www.xiaohongshu.com/search_result/68d51a77000000001301dfc7?xsec_token=ABuZP-Y5e8Yg30-kHP0Q3oWhLe_dD74j9_wg6ZO3addzY=&xsec_source=,https://sns-webpic-qc.xhscdn.com/202603251928/ee7394a864f4ac0c9af0f395cc0cef56/spectrum/1040g34o31mrpm7404u105pui9ok2nq4tnkbbf2o!nc_n_webp_mw_1,ac2a2b8354a1fd2eac02169512371fe7c08d5fb8f33229c3dded55148e79f248,https://www.xiaohongshu.com/search_result/68d51a77000000001301dfc7?xsec_token=ABuZP-Y5e8Yg30-kHP0Q3oWhLe_dD74j9_wg6ZO3addzY=&xsec_source=,是,否
小红书,小红书-西安旅游景点.json,西安旅游景点,西安旅游景点,,,,,,2026-03-25,,0,https://www.xiaohongshu.com/search_result?keyword=%25E8%25A5%25BF%25E5%25AE%2589%25E6%2597%2585%25E6%25B8%25B8%25E6%2599%25AF%25E7%2582%25B9&source=web_explore_feed,,http://sns-na-i4.xhscdn.com/1040g2sg314e14i2bmedg5ndd84a08qr3cftil0g?imageView2/1/h/132/w/480/format/jpg&ap=5&sc=HOT_QRY&sign=6a8af05993d7de7ccfbdfb38afbf7cbf&t=69c3c6d3&origin=0,390e7ec262519b1be6a7dc832ccb84aa70438863f6497093f2326f559b0b182f,70508d7bca468c95d7d698eea20b3967e90d7c4b31bcce440218884b77a3faf1,是,是
小红书,小红书-西安旅游景点.json,西安旅游景点,西安旅游景点,🌈陕西旅游-10大城市景点+美食🥳,Sydgeihs,https://www.xiaohongshu.com/user/profile/5ec789fa000000000101f25f?channel_type=web_search_result_notes&parent_page_channel_type=web_profile_board&xsec_token=ABex0hqm4UcVTAZkuRuG1IfsfgofMKwhqvD8kKfiSDsXc=&xsec_source=pc_search,2025-09-13,2025-09-13,2026-03-25,1232,1232,https://www.xiaohongshu.com/search_result?keyword=%25E8%25A5%25BF%25E5%25AE%2589%25E6%2597%2585%25E6%25B8%25B8%25E6%2599%25AF%25E7%2582%25B9&source=web_explore_feed,https://www.xiaohongshu.com/search_result/68c55bda000000001d02fb41?xsec_token=AB9SklSB5YuWPZwmuZwo7q7eV8Ds7VsHLvwYQA7McWyCc=&xsec_source=,https://sns-webpic-qc.xhscdn.com/202603251928/feb9fe85bff870c177c8342bbe4779c5/notes_pre_post/1040g3k831mcdgjh7l8d05nm7h7t0bsiv4hvnqno!nc_n_webp_mw_1,e50213e6c4e87e59fce7b1192218dfd5d68c2a525076f1c4c458c6089b0b3f95,https://www.xiaohongshu.com/search_result/68c55bda000000001d02fb41?xsec_token=AB9SklSB5YuWPZwmuZwo7q7eV8Ds7VsHLvwYQA7McWyCc=&xsec_source=,否,否
小红书,小红书-西安旅游景点.json,西安旅游景点,西安旅游景点,猜猜这是哪座城市？第十八期来咯,卷卷烃,https://www.xiaohongshu.com/user/profile/6505d99f0000000012006e41?channel_type=web_search_result_notes&parent_page_channel_type=web_profile_board&xsec_token=ABiI5zbqfbphLkO1_fKrWnePBeoDwJpzbckR5Piq4iPXE=&xsec_source=pc_search,2025-10-15,2025-10-15,2026-03-25,283,283,https://www.xiaohongshu.com/search_result?keyword=%25E8%25A5%25BF%25E5%25AE%2589%25E6%2597%2585%25E6%25B8%25B8%25E6%2599%25AF%25E7%2582%25B9&source=web_explore_feed,https://www.xiaohongshu.com/search_result/68ef17300000000003034f6f?xsec_token=AB1UnLv0wfZG8eI15GTCIHmDHZ-RwMLgbfqxyM6asadDM=&xsec_source=,https://sns-webpic-qc.xhscdn.com/202603251928/f344bcb6f84db10e55e24a80240bd035/spectrum/1040g34o31nl5ialjl26g5p85r6fkgri1usqr32g!nc_n_webp_mw_1,f39a1442365a4ef98681f1ec2778c68ae5645c2955947cfc4ba4f190d4c39b3e,https://www.xiaohongshu.com/search_result/68ef17300000000003034f6f?xsec_token=AB1UnLv0wfZG8eI15GTCIHmDHZ-RwMLgbfqxyM6asadDM=&xsec_source=,否,否
小红书,小红书-西安旅游景点.json,西安旅游景点,西安旅游景点,西安值得一去的景点有哪些,ayayaya,https://www.xiaohongshu.com/user/profile/6180c5c3000000000201f65b?channel_type=web_search_result_notes&parent_page_channel_type=web_profile_board&xsec_token=ABFBV4SPrKtA_OS7BbuwW3JmO8qBoIJ_hViSYUA3lujLE=&xsec_source=pc_search,2024-12-30,2024-12-30,2026-03-25,4799,4799,https://www.xiaohongshu.com/search_result?keyword=%25E8%25A5%25BF%25E5%25AE%2589%25E6%2597%2585%25E6%25B8%25B8%25E6%2599%25AF%25E7%2582%25B9&source=web_explore_feed,https://www.xiaohongshu.com/search_result/6772aea9000000000b00e968?xsec_token=ABSsZw_eq249n6RPofat-lNApXxmPz98jur2C2LjU0SF8=&xsec_source=,https://sns-webpic-qc.xhscdn.com/202603251928/dcdfad4505014a436d3a9f2f0847559f/1040g00831c1m238cgs005oc0on1gjtirisrdpcg!nc_n_webp_mw_1,59243d902369bc6ebffae59e93700160e48840c13d386cb62b6ac0c970f640c7,https://www.xiaohongshu.com/search_result/6772aea9000000000b00e968?xsec_token=ABSsZw_eq249n6RPofat-lNApXxmPz98jur2C2LjU0SF8=&xsec_source=,否,否
小红书,小红书-西安旅游景点.json,西安旅游景点,西安旅游景点,3.22西安城墙失火了，不知哪儿,玻璃海棠,https://www.xiaohongshu.com/user/profile/5e1886960000000001003f4d?channel_type=web_search_result_notes&parent_page_channel_type=web_profile_board&xsec_token=ABRPFkM8rYBAcApnlhqD3wcQOBRf_XgohwTsZjk5ENBKQ=&xsec_source=pc_search,3天前,2026-03-22,2026-03-25,422,422,https://www.xiaohongshu.com/search_result?keyword=%25E8%25A5%25BF%25E5%25AE%2589%25E6%2597%2585%25E6%25B8%25B8%25E6%2599%25AF%25E7%2582%25B9&source=web_explore_feed,https://www.xiaohongshu.com/search_result/69bf9509000000001a03403c?xsec_token=ABCqUKelMSCKMCxkEYIRl5HC43mdUPncZdbeAWYXIi2zw=&xsec_source=,https://sns-webpic-qc.xhscdn.com/202603251928/17a06b874545f9abfceac5e3d5db338b/1040g00831u0ovoac7e6g5ngogqb08fqdt1u9jp0!nc_n_webp_mw_1,2c93e812885e44c4642f99bfdc15e0977f1a11e8de7f38f4efddb85fcb4fbe5b,https://www.xiaohongshu.com/search_result/69bf9509000000001a03403c?xsec_token=ABCqUKelMSCKMCxkEYIRl5HC43mdUPncZdbeAWYXIi2zw=&xsec_source=,否,否
小红书,小红书-西安旅游景点.json,西安旅游景点,西安旅游景点,你们一般周末去哪里,Ww,https://www.xiaohongshu.com/user/profile/692d33990000000003013451?channel_type=web_search_result_notes&parent_page_channel_type=web_profile_board&xsec_token=ABRKcLQh6csbRkpVZ7FRvcJGoA8tLuqG3mrKpsj60CeZ4=&xsec_source=pc_search,01-16,2026-01-16,2026-03-25,977,977,https://www.xiaohongshu.com/search_result?keyword=%25E8%25A5%25BF%25E5%25AE%2589%25E6%2597%2585%25E6%25B8%25B8%25E6%2599%25AF%25E7%2582%25B9&source=web_explore_feed,https://www.xiaohongshu.com/search_result/6969fabc000000000a02f516?xsec_token=ABpW4ktIpv9TNICKQUTgEAZrbJbcFPS6IQCrBo9U3uoZE=&xsec_source=,https://sns-webpic-qc.xhscdn.com/202603251928/c54af7827059515256eb536a8ff657dd/1040g2sg31rd634t96uk05q9d6ecgqd2hp88lu8o!nc_n_webp_mw_1,8194814718c3efbe9f92af78bb4c8603933d3305e6420477a4da4bbdd5b79173,https://www.xiaohongshu.com/search_result/6969fabc000000000a02f516?xsec_token=ABpW4ktIpv9TNICKQUTgEAZrbJbcFPS6IQCrBo9U3uoZE=&xsec_source=,否,否
小红书,小红书-西安旅游景点.json,西安旅游景点,西安旅游景点,西安真的太适合CityWalk啦！！,咸鱼不是keii,https://www.xiaohongshu.com/user/profile/5bbc524971e9a000014de9ef?channel_type=web_search_result_notes&parent_page_channel_type=web_profile_board&xsec_token=ABEbmDSJxsEMfdiSKbq3s2oXECQvsgR9Opel03gfJTGcY=&xsec_source=pc_search,2025-01-01,2025-01-01,2026-03-25,5778,5778,https://www.xiaohongshu.com/search_result?keyword=%25E8%25A5%25BF%25E5%25AE%2589%25E6%2597%2585%25E6%25B8%25B8%25E6%2599%25AF%25E7%2582%25B9&source=web_explore_feed,https://www.xiaohongshu.com/search_result/677510d1000000001301a211?xsec_token=ABQjEpvL0MYG44IJpJukKc5zHj2IUM_pd1TJj2Eg-z90U=&xsec_source=,https://sns-webpic-qc.xhscdn.com/202603251928/b9e0c3121f9bc4d53a49f0650da0703a/1040g00831c40hgo716004bcjgi94jqffr7h6edg!nc_n_webp_mw_1,68883d5ad6fb23bd4bc2c42a71dbcf703265650aad546fc1790a7f7c5348e2a9,https://www.xiaohongshu.com/search_result/677510d1000000001301a211?xsec_token=ABQjEpvL0MYG44IJpJukKc5zHj2IUM_pd1TJj2Eg-z90U=&xsec_source=,否,否
小红书,小红书-西安旅游景点.json,西安旅游景点,西安旅游景点,📸真的太出片啦，8⃣️个万能拍照姿势！,西安摄影师-微笑📸,https://www.xiaohongshu.com/user/profile/67e4ac0c000000000e011034?channel_type=web_search_result_notes&parent_page_channel_type=web_profile_board&xsec_token=ABt6nlPXE1GgdKccFbjm36y4IXYQ79kvs8prI21iKE88Q=&xsec_source=pc_search,2025-10-06,2025-10-06,2026-03-25,2.8万,28000,https://www.xiaohongshu.com/search_result?keyword=%25E8%25A5%25BF%25E5%25AE%2589%25E6%2597%2585%25E6%25B8%25B8%25E6%2599%25AF%25E7%2582%25B9&source=web_explore_feed,https://www.xiaohongshu.com/search_result/68e311b900000000070019a9?xsec_token=ABjS0PlzfzpDSRtb9ZRY-WlPiglzv8frj7AjjayJuXLbw=&xsec_source=,https://sns-webpic-qc.xhscdn.com/202603251928/3f44fb92bb5f4d9579bb48c73b28193b/1040g00831n908kiql0605pv4lg63i41k1b633b0!nc_n_webp_mw_1,34b0ddbea059c0ffe916ffc201a5fb3eb9f54c17e18aa7d41885e6421657c911,https://www.xiaohongshu.com/search_result/68e311b900000000070019a9?xsec_token=ABjS0PlzfzpDSRtb9ZRY-WlPiglzv8frj7AjjayJuXLbw=&xsec_source=,否,否
小红书,小红书-西安旅游景点.json,西安旅游景点,西安旅游景点,西安刚发布的旅游通知！幸好提前看到了,浪漫多一点,https://www.xiaohongshu.com/user/profile/61e2224d000000001000c2b7?channel_type=web_search_result_notes&parent_page_channel_type=web_profile_board&xsec_token=ABDV44bUf5P7OP_13JctcJVHwa7-44nqYAqaIOSxHLpLs=&xsec_source=pc_search,2025-10-21,2025-10-21,2026-03-25,152,152,https://www.xiaohongshu.com/search_result?keyword=%25E8%25A5%25BF%25E5%25AE%2589%25E6%2597%2585%25E6%25B8%25B8%25E6%2599%25AF%25E7%2582%25B9&source=web_explore_feed,https://www.xiaohongshu.com/search_result/68f750320000000007020409?xsec_token=AB4RTpB2i-fm8TzaawQR89M5yYlF9-OumK5Qkb1CeA_hs=&xsec_source=,https://sns-webpic-qc.xhscdn.com/202603251928/bdc4ec5798224ff7e8bca2a0061ff905/notes_pre_post/1040g3k031nt6oo7f526g5of2496k1gln04hbeo0!nc_n_webp_mw_1,830e7aaad71f6a7d0fd26d92116de44f74389ed46d2de71e6c2d5f60693f37c2,https://www.xiaohongshu.com/search_result/68f750320000000007020409?xsec_token=AB4RTpB2i-fm8TzaawQR89M5yYlF9-OumK5Qkb1CeA_hs=&xsec_source=,否,否
小红书,小红书-西安旅游景点.json,西安旅游景点,西安旅游景点,被J人闺蜜做的西安四日游攻略惊掉下巴🙀,小红薯65572897,https://www.xiaohongshu.com/user/profile/6556155d0000000002034b34?channel_type=web_search_result_notes&parent_page_channel_type=web_profile_board&xsec_token=ABxk5PnZUrvHYg4FQKr4obwtK6qwiMC9265ZcayxguMbc=&xsec_source=pc_search,2024-11-27,2024-11-27,2026-03-25,1453,1453,https://www.xiaohongshu.com/search_result?keyword=%25E8%25A5%25BF%25E5%25AE%2589%25E6%2597%2585%25E6%25B8%25B8%25E6%2599%25AF%25E7%2582%25B9&source=web_explore_feed,https://www.xiaohongshu.com/search_result/674732a3000000000703ac63?xsec_token=ABU9wxwUoWtTmuiacBQw4F4IFBzaWxZLStXPv-qOwrHmk=&xsec_source=,https://sns-webpic-qc.xhscdn.com/202603251928/4a831f7bc18fd7f420094bdfd7cb4214/1040g2sg31an75iah7e005pam2legmipk5e55hf0!nc_n_webp_mw_1,bf3ebf0c952c60bf455405b70a339ebb53ed17e5cf9d85738c6b9cfd2805fa13,https://www.xiaohongshu.com/search_result/674732a3000000000703ac63?xsec_token=ABU9wxwUoWtTmuiacBQw4F4IFBzaWxZLStXPv-qOwrHmk=&xsec_source=,否,否
小红书,小红书-西安旅游景点.json,西安旅游景点,西安旅游景点,三维图解：西安旅游路线！（建议收藏）,三维地图看世界,https://www.xiaohongshu.com/user/profile/5af91502e8ac2b7825ab39bd?channel_type=web_search_result_notes&parent_page_channel_type=web_profile_board&xsec_token=ABqRqoaTJJc37xpnWx3tOTmvC_S6NDzuAdLo7S7IT3lfk=&xsec_source=pc_search,2024-10-01,2024-10-01,2026-03-25,1.1万,11000,https://www.xiaohongshu.com/search_result?keyword=%25E8%25A5%25BF%25E5%25AE%2589%25E6%2597%2585%25E6%25B8%25B8%25E6%2599%25AF%25E7%2582%25B9&source=web_explore_feed,https://www.xiaohongshu.com/search_result/66fa6774000000001a02224e?xsec_token=ABEqxB_ad87bw4ay_6MWJCMi9-F6qhB03a4WwAn9dNzLg=&xsec_source=,https://sns-webpic-qc.xhscdn.com/202603251928/60f757d1e1f549366d03161d9295494a/spectrum/1040g0k0318c7bjlb0o004a5ag4ag4edtqm4cfng!nc_n_webp_mw_1,5829910395b5bb559b79740c21ecaffafb35b1d42ebdf0f5fbdc170cae3edcdb,https://www.xiaohongshu.com/search_result/66fa6774000000001a02224e?xsec_token=ABEqxB_ad87bw4ay_6MWJCMi9-F6qhB03a4WwAn9dNzLg=&xsec_source=,否,否
小红书,小红书-西安旅游景点.json,西安旅游景点,西安旅游景点,西安📍第一个发现这个机位的人真的配享太庙,大乐一个,https://www.xiaohongshu.com/user/profile/5d439aa80000000010012a50?channel_type=web_search_result_notes&parent_page_channel_type=web_profile_board&xsec_token=AB2pAI27gKT0Sg3wZbs45kvt7cj14GRScXfxCMiaAWoeE=&xsec_source=pc_search,2025-12-15,2025-12-15,2026-03-25,1979,1979,https://www.xiaohongshu.com/search_result?keyword=%25E8%25A5%25BF%25E5%25AE%2589%25E6%2597%2585%25E6%25B8%25B8%25E6%2599%25AF%25E7%2582%25B9&source=web_explore_feed,https://www.xiaohongshu.com/search_result/693e9b03000000001e012987?xsec_token=AB6vLXUr_9KBUmTKcAQolj0TEqkT2CnmdPaJtduDSGVR0=&xsec_source=,https://sns-webpic-qc.xhscdn.com/202603251928/af824eed6e1ba4abb3e31dd15740b63f/1040g2sg31q2qh624n20g5na3jak42aigok3dv0o!nc_n_webp_mw_1,2d83737204793d7abe0229663702c37185d65fe94d62c7152cacf9b40980b9be,https://www.xiaohongshu.com/search_result/693e9b03000000001e012987?xsec_token=AB6vLXUr_9KBUmTKcAQolj0TEqkT2CnmdPaJtduDSGVR0=&xsec_source=,否,否
小红书,小红书-西安旅游景点.json,西安旅游景点,西安旅游景点,【西安四天三晚旅游攻略】真嘟很好玩好吃,向晚,https://www.xiaohongshu.com/user/profile/63ccc71f000000002702b4e6?channel_type=web_search_result_notes&parent_page_channel_type=web_profile_board&xsec_token=ABamea6NYH0Ve29TpGPHBKEPfsHEPTHGwAS3euk9lbnR4=&xsec_source=pc_search,2025-08-08,2025-08-08,2026-03-25,89,89,https://www.xiaohongshu.com/search_result?keyword=%25E8%25A5%25BF%25E5%25AE%2589%25E6%2597%2585%25E6%25B8%25B8%25E6%2599%25AF%25E7%2582%25B9&source=web_explore_feed,https://www.xiaohongshu.com/search_result/6895752c00000000250174a9?xsec_token=ABZsKe6S3qPtO-0YddEMIv-E6-Z0lMLiX48ZGpL5-yPeQ=&xsec_source=,https://sns-webpic-qc.xhscdn.com/202603251928/c212a256e6a1919fd15c0aeeb75de865/1040g00831ktisp9ej6005oucosfptd76l9dddoo!nc_n_webp_mw_1,a7d77f755330d6e1a20cee6bb2c28be01967981b8a8fea5c421a5ef2b6a5232a,https://www.xiaohongshu.com/search_result/6895752c00000000250174a9?xsec_token=ABZsKe6S3qPtO-0YddEMIv-E6-Z0lMLiX48ZGpL5-yPeQ=&xsec_source=,否,否
小红书,小红书-西安旅游景点.json,西安旅游景点,西安旅游景点,坐着西安地铁🚇6号线拍人生大片！,大泽迷明天吃什么,https://www.xiaohongshu.com/user/profile/67aa1983000000001b00839d?channel_type=web_search_result_notes&parent_page_channel_type=web_profile_board&xsec_token=ABWgDHvU2YyB8qfHxv2uDLtEWsRD4iOB4kPJqWyPTY3c0=&xsec_source=pc_search,2025-09-08,2025-09-08,2026-03-25,557,557,https://www.xiaohongshu.com/search_result?keyword=%25E8%25A5%25BF%25E5%25AE%2589%25E6%2597%2585%25E6%25B8%25B8%25E6%2599%25AF%25E7%2582%25B9&source=web_explore_feed,https://www.xiaohongshu.com/search_result/68beb7fa000000001c004a41?xsec_token=ABNJDbazSkeyzzx5-V3aofJLvPaBRZAaUSOhC4BVf4A6s=&xsec_source=,https://sns-webpic-qc.xhscdn.com/202603251928/67598be9159a828152569e08ec5f4fff/1040g00831m5u4im5m6005pta361mp0st3vvv3ng!nc_n_webp_mw_1,a07429862c6e4da3d525ffc62b0363feb46b09ba657b34b3161c2e1a338e1023,https://www.xiaohongshu.com/search_result/68beb7fa000000001c004a41?xsec_token=ABNJDbazSkeyzzx5-V3aofJLvPaBRZAaUSOhC4BVf4A6s=&xsec_source=,否,否
小红书,小红书-西安旅游景点.json,西安旅游景点,西安旅游景点,西安值得打卡的8个景点,海岛小椰🥥,https://www.xiaohongshu.com/user/profile/687de0ff000000001b0222eb?channel_type=web_search_result_notes&parent_page_channel_type=web_profile_board&xsec_token=ABRI4BgsD5E6R8zRTw0qSvSydTNQqZqxQVrGlHXuh1pBY=&xsec_source=pc_search,03-03,2026-03-03,2026-03-25,赞,0,https://www.xiaohongshu.com/search_result?keyword=%25E8%25A5%25BF%25E5%25AE%2589%25E6%2597%2585%25E6%25B8%25B8%25E6%2599%25AF%25E7%2582%25B9&source=web_explore_feed,https://www.xiaohongshu.com/search_result/69a67f19000000002801ccbd?xsec_token=ABNBm570u-D3QWZ5-gVK_z2eUPyEDsQiwtQESrmAlWDZ4=&xsec_source=,https://sns-webpic-qc.xhscdn.com/202603251928/640d7f78581609ee5ea8d25108efc71d/1040g2sg31t8972r3m8e05q3ts3vms8nbns4luvo!nc_n_webp_mw_1,b9fadac77c1f3054e2582eb07fe2bc4e5ef364b048c09f914dd20506a206f1e8,https://www.xiaohongshu.com/search_result/69a67f19000000002801ccbd?xsec_token=ABNBm570u-D3QWZ5-gVK_z2eUPyEDsQiwtQESrmAlWDZ4=&xsec_source=,否,否
小红书,小红书-西安旅游景点.json,西安旅游景点,西安旅游景点,,,,,,2026-03-25,,0,https://www.xiaohongshu.com/search_result?keyword=%25E8%25A5%25BF%25E5%25AE%2589%25E6%2597%2585%25E6%25B8%25B8%25E6%2599%25AF%25E7%2582%25B9&source=web_explore_feed,,http://sns-na-i4.xhscdn.com/1040g2sg314e14i2bmedg5ndd84a08qr3cftil0g?imageView2/1/h/132/w/480/format/jpg&ap=5&sc=HOT_QRY&sign=4feec9498d6b0c17d7cca7896af80bb4&t=69c3c6d7&origin=0,ede7e06c596441808adc34971ce22d164927d37ff8b54734656a52497ddc555d,593238e5e6280bb3a19c761e91557956e8de8c490f06ca0cb88c20be51e31c2c,是,是
小红书,小红书-西安旅游景点.json,西安旅游景点,西安旅游景点,来西安玩儿，非常简单的一条线路,西安小胡老师,https://www.xiaohongshu.com/user/profile/68c7edc800000000190234e5?channel_type=web_search_result_notes&parent_page_channel_type=web_profile_board&xsec_token=ABlMPyuvPtJ3Pd8yCUWB6og8AJ29Plm2--6CbpfE5c49I=&xsec_source=pc_search,2025-11-12,2025-11-12,2026-03-25,47,47,https://www.xiaohongshu.com/search_result?keyword=%25E8%25A5%25BF%25E5%25AE%2589%25E6%2597%2585%25E6%25B8%25B8%25E6%2599%25AF%25E7%2582%25B9&source=web_explore_feed,https://www.xiaohongshu.com/search_result/69145cfe000000001b0278c6?xsec_token=ABH29U3cvVmlc3KKwMlLNq2g9vp0g44VqZsekDeE5jkfA=&xsec_source=,https://sns-webpic-qc.xhscdn.com/202603251928/d96563dfbf8859138f56969860f1fbe6/1040g00831opigd0s1g005q67tn46cd75qgu0vs0!nc_n_webp_mw_1,d1c78c4e7289e0571330eb7564663fd5b87a7ba1b22626a97138673ea99db025,https://www.xiaohongshu.com/search_result/69145cfe000000001b0278c6?xsec_token=ABH29U3cvVmlc3KKwMlLNq2g9vp0g44VqZsekDeE5jkfA=&xsec_source=,否,否
小红书,小红书-西安旅游景点.json,西安旅游景点,西安旅游景点,,西安旅游推荐,https://www.xiaohongshu.com/user/profile/69649bbe000000003201f737?channel_type=web_search_result_notes&parent_page_channel_type=web_profile_board&xsec_token=ABhTZES8QrDogm4kVFVIadLCAKjRXhU1nkEECcurHLcf4=&xsec_source=pc_search,1天前,2026-03-24,2026-03-25,3,3,https://www.xiaohongshu.com/search_result?keyword=%25E8%25A5%25BF%25E5%25AE%2589%25E6%2597%2585%25E6%25B8%25B8%25E6%2599%25AF%25E7%2582%25B9&source=web_explore_feed,https://www.xiaohongshu.com/search_result/69c22bbd000000001e00fc95?xsec_token=ABAuN-uMyHf13iXQtcesaQUs1hLEyk14qv8CpjhWkE6SY=&xsec_source=,https://sns-webpic-qc.xhscdn.com/202603251928/0f7f173e41e969719187ae2f671cffdb/1040g00831u3a2h2tig6g5qb4jevcjtpnj38s5v0!nc_n_webp_mw_1,7a521904277d12d549d1d8b8069cb8ee01c74888d66a991a0e058df60c960250,https://www.xiaohongshu.com/search_result/69c22bbd000000001e00fc95?xsec_token=ABAuN-uMyHf13iXQtcesaQUs1hLEyk14qv8CpjhWkE6SY=&xsec_source=,是,否
小红书,小红书-西安旅游景点.json,西安旅游景点,西安旅游景点,西安旅游的小众景点,果酱旅游美景,https://www.xiaohongshu.com/user/profile/6264db350000000010007753?channel_type=web_search_result_notes&parent_page_channel_type=web_profile_board&xsec_token=ABTNOV3IOR-c26ZTvOWgQie3FJr2eqNqSzycNlHGH5vjw=&xsec_source=pc_search,02-24,2026-02-24,2026-03-25,1,1,https://www.xiaohongshu.com/search_result?keyword=%25E8%25A5%25BF%25E5%25AE%2589%25E6%2597%2585%25E6%25B8%25B8%25E6%2599%25AF%25E7%2582%25B9&source=web_explore_feed,https://www.xiaohongshu.com/search_result/699d2db6000000000a03c8dc?xsec_token=ABy1sLQaDTPrJMK57EFt_kpnef_nO5-l-oVY1DTha2BO4=&xsec_source=,https://sns-webpic-qc.xhscdn.com/202603251928/a7519e3c2b2c4a6bba89cc32b271e7e4/1040g2sg31sv61v3h5c705oj4rcqk0tqj20u6o08!nc_n_webp_mw_1,d6cbc77ea82675aa6aa68dce71c6040c3a6d8447564546911c06c11cc761df69,https://www.xiaohongshu.com/search_result/699d2db6000000000a03c8dc?xsec_token=ABy1sLQaDTPrJMK57EFt_kpnef_nO5-l-oVY1DTha2BO4=&xsec_source=,否,否
小红书,小红书-西安旅游景点.json,西安旅游景点,西安旅游景点,西安8个必去的神仙地方，美到窒息！,携程旅行网,https://www.xiaohongshu.com/user/profile/64da3f14000000000100ce6d?channel_type=web_search_result_notes&parent_page_channel_type=web_profile_board&xsec_token=ABFC6gktTjDGdaEdlzL5Jl4bcOCXi0cxuin0tmWvIrhDs=&xsec_source=pc_search,2025-02-24,2025-02-24,2026-03-25,44,44,https://www.xiaohongshu.com/search_result?keyword=%25E8%25A5%25BF%25E5%25AE%2589%25E6%2597%2585%25E6%25B8%25B8%25E6%2599%25AF%25E7%2582%25B9&source=web_explore_feed,https://www.xiaohongshu.com/search_result/67bbecf7000000000903b901?xsec_token=AB0_MTXsfaM_3mQ8Ij1Hyg79S75MTqODMIVwP1tz1LkfM=&xsec_source=,https://sns-webpic-qc.xhscdn.com/202603251928/f53456dc4d86ecfad9fe9f152794487a/spectrum/1040g0k031e96lfjth2005p6q7sa09jjdo69bvo8!nc_n_webp_mw_1,69b84497c8d064ad6df462e4fc431753a56fc1b9f3a2465d69ec81fc4be50b0c,https://www.xiaohongshu.com/search_result/67bbecf7000000000903b901?xsec_token=AB0_MTXsfaM_3mQ8Ij1Hyg79S75MTqODMIVwP1tz1LkfM=&xsec_source=,否,否
小红书,小红书-西安旅游景点.json,西安旅游景点,西安旅游景点,2026西安免费开放日汇总！快收藏！,西安周末去哪,https://www.xiaohongshu.com/user/profile/6168e05e000000001f03ba5e?channel_type=web_search_result_notes&parent_page_channel_type=web_profile_board&xsec_token=ABpit2Tbm0KLUBEU4s557dP5BjkPs2b0odI6Iw2BjFojg=&xsec_source=pc_search,01-14,2026-01-14,2026-03-25,232,232,https://www.xiaohongshu.com/search_result?keyword=%25E8%25A5%25BF%25E5%25AE%2589%25E6%2597%2585%25E6%25B8%25B8%25E6%2599%25AF%25E7%2582%25B9&source=web_explore_feed,https://www.xiaohongshu.com/search_result/69672c980000000021031bb9?xsec_token=ABRL2lKmna1BXekJioNJ8uCtK8n2zWT-yj6p9Sve5nSBc=&xsec_source=,https://sns-webpic-qc.xhscdn.com/202603251928/0d312f5e0b80fa8dafacfe19bcdc6b48/spectrum/1040g0k031rae9k4un0005ob8s1f7veiunchj3l8!nc_n_webp_mw_1,35df42289b948d1e7cd996c2f67a236b1e91ff3a86606483031d7b4a1a4f52a7,https://www.xiaohongshu.com/search_result/69672c980000000021031bb9?xsec_token=ABRL2lKmna1BXekJioNJ8uCtK8n2zWT-yj6p9Sve5nSBc=&xsec_source=,否,否
小红书,小红书-西安旅游景点.json,西安旅游景点,西安旅游景点,,椰丝mola,https://www.xiaohongshu.com/user/profile/5d9c337e000000000100119f?channel_type=web_search_result_notes&parent_page_channel_type=web_profile_board&xsec_token=ABf5qRg7-HqTFZC3kyMgG85Z75THkQg2JQxrl85jt0t4Y=&xsec_source=pc_search,01-25,2026-01-25,2026-03-25,86,86,https://www.xiaohongshu.com/search_result?keyword=%25E8%25A5%25BF%25E5%25AE%2589%25E6%2597%2585%25E6%25B8%25B8%25E6%2599%25AF%25E7%2582%25B9&source=web_explore_feed,https://www.xiaohongshu.com/search_result/69763333000000000a03066a?xsec_token=ABmRRO4EzMJQtmkeiQvZlkbCSH8biwqgKOGi5cFrVkzck=&xsec_source=,https://sns-webpic-qc.xhscdn.com/202603251928/0b443ce71564019521c1f3b810c6b511/727371bf-3cf4-3835-b645-38ea11aee19b!nc_n_webp_mw_1,4ef956d77675ccd8cf05b846f6ac829a018d176dbbfd06beb7f23e1431cb4415,https://www.xiaohongshu.com/search_result/69763333000000000a03066a?xsec_token=ABmRRO4EzMJQtmkeiQvZlkbCSH8biwqgKOGi5cFrVkzck=&xsec_source=,是,否
小红书,小红书-西安旅游景点.json,西安旅游景点,西安旅游景点,西安秋日CityWalk路线🍂地铁直达🚇,西安周末去哪,https://www.xiaohongshu.com/user/profile/6168e05e000000001f03ba5e?channel_type=web_search_result_notes&parent_page_channel_type=web_profile_board&xsec_token=ABpit2Tbm0KLUBEU4s557dP5BjkPs2b0odI6Iw2BjFojg=&xsec_source=pc_search,2025-11-03,2025-11-03,2026-03-25,140,140,https://www.xiaohongshu.com/search_result?keyword=%25E8%25A5%25BF%25E5%25AE%2589%25E6%2597%2585%25E6%25B8%25B8%25E6%2599%25AF%25E7%2582%25B9&source=web_explore_feed,https://www.xiaohongshu.com/search_result/6907fe4e000000000301c280?xsec_token=ABkUkFoTLVudezRrwzsRWVeUeyVw_T9MSVwCQVSme6S6E=&xsec_source=,https://sns-webpic-qc.xhscdn.com/202603251928/6e630f390ca1610082fa8bd2a9810294/spectrum/1040g0k031odfoo5cl0005ob8s1f7veiufufvjb0!nc_n_webp_mw_1,0cf58443656c6cd2a6d7f5e0d39ca24e647167024012bda251821853b2c1825c,https://www.xiaohongshu.com/search_result/6907fe4e000000000301c280?xsec_token=ABkUkFoTLVudezRrwzsRWVeUeyVw_T9MSVwCQVSme6S6E=&xsec_source=,否,否
小红书,小红书-西安旅游景点.json,西安旅游景点,西安旅游景点,,可可爱旅游,https://www.xiaohongshu.com/user/profile/65ddf2290000000005009131?channel_type=web_search_result_notes&parent_page_channel_type=web_profile_board&xsec_token=ABmEO_neONf4n2CmQfAQ5qqLxoNviIPmNUmmEFeLlYILA=&xsec_source=pc_search,03-10,2026-03-10,2026-03-25,19,19,https://www.xiaohongshu.com/search_result?keyword=%25E8%25A5%25BF%25E5%25AE%2589%25E6%2597%2585%25E6%25B8%25B8%25E6%2599%25AF%25E7%2582%25B9&source=web_explore_feed,https://www.xiaohongshu.com/search_result/69aff1c2000000002303aa74?xsec_token=AB7ipyvfzROKRbcm1Dz8AAZnox0lEEmTvQ3pugSyg23MI=&xsec_source=,https://sns-webpic-qc.xhscdn.com/202603251928/548b1e7f8f9b4f5a0eac1f0b59380435/1040g2sg31thgdfhbmes05petu8kh949hqha474o!nc_n_webp_mw_1,6d7e923d2774afb5e97234d828b555496d1279a194b713cf76afdb78d3c4d883,https://www.xiaohongshu.com/search_result/69aff1c2000000002303aa74?xsec_token=AB7ipyvfzROKRbcm1Dz8AAZnox0lEEmTvQ3pugSyg23MI=&xsec_source=,是,否
小红书,小红书-西安旅游景点.json,西安旅游景点,西安旅游景点,西安遗址公园到底有多牛第一期,西安周末去哪,https://www.xiaohongshu.com/user/profile/6168e05e000000001f03ba5e?channel_type=web_search_result_notes&parent_page_channel_type=web_profile_board&xsec_token=ABpit2Tbm0KLUBEU4s557dP5BjkPs2b0odI6Iw2BjFojg=&xsec_source=pc_search,2024-12-06,2024-12-06,2026-03-25,181,181,https://www.xiaohongshu.com/search_result?keyword=%25E8%25A5%25BF%25E5%25AE%2589%25E6%2597%2585%25E6%25B8%25B8%25E6%2599%25AF%25E7%2582%25B9&source=web_explore_feed,https://www.xiaohongshu.com/search_result/6752cc120000000007030342?xsec_token=AB8A7PiTM6eN-XMJGRljEFCNKGdZAwmQEGpMmP4iWfa1M=&xsec_source=,https://sns-webpic-qc.xhscdn.com/202603251928/14b9e2fe74a61945973e6b12b5db2f86/110/0/01e752c60e299f9b001000000001939b55bc3d_0.jpg!nc_n_webp_mw_1,fbc9724ae4a41cb246e232d9c91fdf9886139ffc713db9d414e1805848f23c7d,https://www.xiaohongshu.com/search_result/6752cc120000000007030342?xsec_token=AB8A7PiTM6eN-XMJGRljEFCNKGdZAwmQEGpMmP4iWfa1M=&xsec_source=,否,否
小红书,小红书-西安旅游景点.json,西安旅游景点,西安旅游景点,西安9大灵验的祈福寺庙🙏,嘻ha旅行西安周边游,https://www.xiaohongshu.com/user/profile/60d68074000000002002d297?channel_type=web_search_result_notes&parent_page_channel_type=web_profile_board&xsec_token=ABQktUxN11DpCPMCeAagmk_YsVj9PkKScYJAg_q3Z4u5Y=&xsec_source=pc_search,02-11,2026-02-11,2026-03-25,531,531,https://www.xiaohongshu.com/search_result?keyword=%25E8%25A5%25BF%25E5%25AE%2589%25E6%2597%2585%25E6%25B8%25B8%25E6%2599%25AF%25E7%2582%25B9&source=web_explore_feed,https://www.xiaohongshu.com/search_result/698c2c28000000000d008301?xsec_token=ABxolZoGWtFrFN4Kf2qFsEAbTrkOFey2PS8Ld5iuP6Vss=&xsec_source=,https://sns-webpic-qc.xhscdn.com/202603251928/699f243b9ecb911a4e5bfaa0be975ef3/notes_pre_post/1040g3k831seiiekv62kg5o6mg1q85kknb2u5nco!nc_n_webp_mw_1,1f7d2a768fad41da7c94faebf95c7b98570166d542c8ccb400f9a10676bbd455,https://www.xiaohongshu.com/search_result/698c2c28000000000d008301?xsec_token=ABxolZoGWtFrFN4Kf2qFsEAbTrkOFey2PS8Ld5iuP6Vss=&xsec_source=,否,否
小红书,小红书-西安旅游景点.json,西安旅游景点,西安旅游景点,纺织城 | 曾经的西安“小香港”,村村有点Cool,https://www.xiaohongshu.com/user/profile/6406bece00000000290108c9?channel_type=web_search_result_notes&parent_page_channel_type=web_profile_board&xsec_token=ABWUjQit4mud-79ubn8nOSoHfME9NkrrV7e_vjC1YTnXE=&xsec_source=pc_search,2024-11-26,2024-11-26,2026-03-25,699,699,https://www.xiaohongshu.com/search_result?keyword=%25E8%25A5%25BF%25E5%25AE%2589%25E6%2597%2585%25E6%25B8%25B8%25E6%2599%25AF%25E7%2582%25B9&source=web_explore_feed,https://www.xiaohongshu.com/search_result/6745c0080000000002029864?xsec_token=ABU2RzOF4nKYD-mI5qycVOMDAxkfirjQr8-_UptYfzPNM=&xsec_source=,https://sns-webpic-qc.xhscdn.com/202603251928/d027eb62110d91199cfd7311e5556ebc/spectrum/1040g34o31alpt88kmm705p06nr7aa269s5m3ub0!nc_n_webp_mw_1,0abd7401aa831392757f06400580de050aae0e19e5ea9c1bb7d759388284ce7a,https://www.xiaohongshu.com/search_result/6745c0080000000002029864?xsec_token=ABU2RzOF4nKYD-mI5qycVOMDAxkfirjQr8-_UptYfzPNM=&xsec_source=,否,否
小红书,小红书-西安旅游景点.json,西安旅游景点,西安旅游景点,去了西安四天，我的感受...你们也体会一下,C罗世界第一,https://www.xiaohongshu.com/user/profile/630ef4c1000000001200d003?channel_type=web_search_result_notes&parent_page_channel_type=web_profile_board&xsec_token=AB0CMvp75jgxm6zYE3lHviK9QZSJs-pJ4Ki0hwGgprDjA=&xsec_source=pc_search,02-24,2026-02-24,2026-03-25,86,86,https://www.xiaohongshu.com/search_result?keyword=%25E8%25A5%25BF%25E5%25AE%2589%25E6%2597%2585%25E6%25B8%25B8%25E6%2599%25AF%25E7%2582%25B9&source=web_explore_feed,https://www.xiaohongshu.com/search_result/699d22d7000000001a01dcae?xsec_token=ABy1sLQaDTPrJMK57EFt_kpkVhsVc0JtcvTuxcsNJPPA8=&xsec_source=,https://sns-webpic-qc.xhscdn.com/202603251928/c24fb3d87848f6fcdab302c590caa2b4/1040g00831sv4ncqjm2605ooeuj0khk03l51ok3o!nc_n_webp_mw_1,011477ad25e042f3550aa520f2695c05a762804c434a68478233fb4c9b7e8c29,https://www.xiaohongshu.com/search_result/699d22d7000000001a01dcae?xsec_token=ABy1sLQaDTPrJMK57EFt_kpkVhsVc0JtcvTuxcsNJPPA8=&xsec_source=,否,否
小红书,小红书-西安旅游景点.json,西安旅游景点,西安旅游景点,西安citywalk一日游，不走回头路版详细路线,轻工探店日记（重生版）,https://www.xiaohongshu.com/user/profile/6801c121000000000e0135d6?channel_type=web_search_result_notes&parent_page_channel_type=web_profile_board&xsec_token=ABn8fxMNJU7LG7sDdem_ms77VbYarI1UUkiZG4fZMVk8w=&xsec_source=pc_search,2025-09-15,2025-09-15,2026-03-25,7440,7440,https://www.xiaohongshu.com/search_result?keyword=%25E8%25A5%25BF%25E5%25AE%2589%25E6%2597%2585%25E6%25B8%25B8%25E6%2599%25AF%25E7%2582%25B9&source=web_explore_feed,https://www.xiaohongshu.com/search_result/68c39069000000001c009857?xsec_token=ABWICcewRi9Fwqe0nQe-b6BI0sW_21qq9BRmmiBwTQ7OE=&xsec_source=,https://sns-webpic-qc.xhscdn.com/202603251928/89bbbe05af01f37f9c5c89d9ae41dfc0/notes_pre_post/1040g3k031malfrm8li005q01o4gjidem26omstg!nc_n_webp_mw_1,7ece6513e1d3f6040076fa2bd14fc4749791e0a78269ebe8043d296013428afe,https://www.xiaohongshu.com/search_result/68c39069000000001c009857?xsec_token=ABWICcewRi9Fwqe0nQe-b6BI0sW_21qq9BRmmiBwTQ7OE=&xsec_source=,否,否
小红书,小红书-西安旅游景点.json,西安旅游景点,西安旅游景点,,西安旅游阿欢,https://www.xiaohongshu.com/user/profile/672141010000000001002ed6?channel_type=web_search_result_notes&parent_page_channel_type=web_profile_board&xsec_token=ABix4xfpT_jtvbX2gVzhN93va2NmH8WZeXpOyK30PzNTU=&xsec_source=pc_search,1天前,2026-03-24,2026-03-25,1,1,https://www.xiaohongshu.com/search_result?keyword=%25E8%25A5%25BF%25E5%25AE%2589%25E6%2597%2585%25E6%25B8%25B8%25E6%2599%25AF%25E7%2582%25B9&source=web_explore_feed,https://www.xiaohongshu.com/search_result/69c214390000000023027237?xsec_token=ABAuN-uMyHf13iXQtcesaQUs1ddQmcquaqneqK6SH42CA=&xsec_source=,https://sns-webpic-qc.xhscdn.com/202603251928/c4204ed76b4281ebc9f57704e5ccfaac/1040g00831u375ovuho705pp1840g8bmmbea5ao0!nc_n_webp_mw_1,408928e40a616c8adba5ddb6f9c3ba4036738afab484e7fa2094d7e342c8611d,https://www.xiaohongshu.com/search_result/69c214390000000023027237?xsec_token=ABAuN-uMyHf13iXQtcesaQUs1ddQmcquaqneqK6SH42CA=&xsec_source=,是,否
小红书,小红书-西安旅游景点.json,西安旅游景点,西安旅游景点,2~3月来西安请听劝‼这些一定要提前知道…,果果,https://www.xiaohongshu.com/user/profile/61821fa2000000001000803b?channel_type=web_search_result_notes&parent_page_channel_type=web_profile_board&xsec_token=ABMxpjSr4DbuCQK9ODYoVmfXkawJpnWwiunYzEgAgt6VM=&xsec_source=pc_search,2025-02-03,2025-02-03,2026-03-25,311,311,https://www.xiaohongshu.com/search_result?keyword=%25E8%25A5%25BF%25E5%25AE%2589%25E6%2597%2585%25E6%25B8%25B8%25E6%2599%25AF%25E7%2582%25B9&source=web_explore_feed,https://www.xiaohongshu.com/search_result/67a09369000000002a00129b?xsec_token=ABrqAgeZInwVpvObvcDYRRQrxlsLKJKOIAUXsAoKz8AW4=&xsec_source=,https://sns-webpic-qc.xhscdn.com/202603251928/f7b50289c5726588a142d6719771c0eb/1040g2sg31deg7k5kh6705oc23uh4101rbb5dk38!nc_n_webp_mw_1,66ef216ecca5ef667e22c6035618d876dab5c4c31fad3a22c1c684c5c5c3a2a6,https://www.xiaohongshu.com/search_result/67a09369000000002a00129b?xsec_token=ABrqAgeZInwVpvObvcDYRRQrxlsLKJKOIAUXsAoKz8AW4=&xsec_source=,否,否
小红书,小红书-西安旅游景点.json,西安旅游景点,西安旅游景点,24小时不睡觉极限在西安打卡15站，拿捏,大冬来了,https://www.xiaohongshu.com/user/profile/65f114eb0000000005009609?channel_type=web_search_result_notes&parent_page_channel_type=web_profile_board&xsec_token=ABZLYcgXOWN2Y7liGov_WbtrXnvILYxXiC9DZYCanTDSc=&xsec_source=pc_search,02-16,2026-02-16,2026-03-25,1812,1812,https://www.xiaohongshu.com/search_result?keyword=%25E8%25A5%25BF%25E5%25AE%2589%25E6%2597%2585%25E6%25B8%25B8%25E6%2599%25AF%25E7%2582%25B9&source=web_explore_feed,https://www.xiaohongshu.com/search_result/6992e5a6000000001600b8af?xsec_token=AB0ufuJjyGAILZ63UXc51NqqrA6FvzjcmJfxPmvhrB-TM=&xsec_source=,https://sns-webpic-qc.xhscdn.com/202603251928/b4409d6e98aa03d22239b05abfe81b42/1040g2sg31sl4j03468e05pfh2jlh95g965vi7jo!nc_n_webp_mw_1,082439ca23532d3510fc5e57be6c146a74a7a98a08636449351f14e4dccfe0b2,https://www.xiaohongshu.com/search_result/6992e5a6000000001600b8af?xsec_token=AB0ufuJjyGAILZ63UXc51NqqrA6FvzjcmJfxPmvhrB-TM=&xsec_source=,否,否
小红书,小红书-西安旅游景点.json,西安旅游景点,西安旅游景点,陕西各地区都有什么特点呢？,地舆世界,https://www.xiaohongshu.com/user/profile/67c82271000000000d00a056?channel_type=web_search_result_notes&parent_page_channel_type=web_profile_board&xsec_token=ABYIifea1R-ydKerdvgsG99kRJftW7mZN-K7a1AEjBOdg=&xsec_source=pc_search,2025-08-31,2025-08-31,2026-03-25,552,552,https://www.xiaohongshu.com/search_result?keyword=%25E8%25A5%25BF%25E5%25AE%2589%25E6%2597%2585%25E6%25B8%25B8%25E6%2599%25AF%25E7%2582%25B9&source=web_explore_feed,https://www.xiaohongshu.com/search_result/68b3aa71000000001d0020b1?xsec_token=ABBrvIxxmj6J5wG0brhMLZVh566Dulte-sZXIfWlY9TR0=&xsec_source=,https://sns-webpic-qc.xhscdn.com/202603251928/1fe403b5e8f4bb2acffa67324a646dc8/1040g00831lr4pj9d50505pu849oj982m9au3mrg!nc_n_webp_mw_1,dc5d705508313a70e345a0f8e6df9045c7599bf51488a1d71aa85052a5c57c50,https://www.xiaohongshu.com/search_result/68b3aa71000000001d0020b1?xsec_token=ABBrvIxxmj6J5wG0brhMLZVh566Dulte-sZXIfWlY9TR0=&xsec_source=,否,否
小红书,小红书-西安旅游景点.json,西安旅游景点,西安旅游景点,西安好玩么？好难回答，容我想想,木木大XX,https://www.xiaohongshu.com/user/profile/5662e4d2e00dd829d181c37c?channel_type=web_search_result_notes&parent_page_channel_type=web_profile_board&xsec_token=ABjmI4xk5Hkoyhr8E-lllox0xeOKksbwMqeOW6Hi7y65w=&xsec_source=pc_search,03-03,2026-03-03,2026-03-25,41,41,https://www.xiaohongshu.com/search_result?keyword=%25E8%25A5%25BF%25E5%25AE%2589%25E6%2597%2585%25E6%25B8%25B8%25E6%2599%25AF%25E7%2582%25B9&source=web_explore_feed,https://www.xiaohongshu.com/search_result/69a6f3820000000015032fd6?xsec_token=ABNBm570u-D3QWZ5-gVK_z2cmAyim8jdRpKbKTQaXUzhQ=&xsec_source=,https://sns-webpic-qc.xhscdn.com/202603251928/ed74b09417921725802232bec051027a/spectrum/1040g34o31t8nen24560g43nmv8id5grsh3l7u28!nc_n_webp_mw_1,5d2a105e35301e2c8902b1b961bc2e0de7dc03fdc33cf5e7744f40acc9a7f38f,https://www.xiaohongshu.com/search_result/69a6f3820000000015032fd6?xsec_token=ABNBm570u-D3QWZ5-gVK_z2cmAyim8jdRpKbKTQaXUzhQ=&xsec_source=,否,否
小红书,小红书-西安旅游景点.json,西安旅游景点,西安旅游景点,西安1-2月景点游玩攻略,西安山姆大叔,https://www.xiaohongshu.com/user/profile/695b6e02000000001903558c?channel_type=web_search_result_notes&parent_page_channel_type=web_profile_board&xsec_token=ABWM8miKGqgxCDrsox1dwQzhAvj_dXHrS2Swt4KNxOpGs=&xsec_source=pc_search,01-15,2026-01-15,2026-03-25,14,14,https://www.xiaohongshu.com/search_result?keyword=%25E8%25A5%25BF%25E5%25AE%2589%25E6%2597%2585%25E6%25B8%25B8%25E6%2599%25AF%25E7%2582%25B9&source=web_explore_feed,https://www.xiaohongshu.com/search_result/69689f2a000000001a01d62d?xsec_token=ABQTa0dTdSkKVnp4QHQJmur31j6Z9TCaJDey1aDKBrsmE=&xsec_source=,https://sns-webpic-qc.xhscdn.com/202603251928/c28e90ea6fa489cb0042479ac5c11adb/notes_pre_post/1040g3k831rbrlb0s0acg5qardo16elccvurua3o!nc_n_webp_mw_1,3eef3330176d03b87189ff4a977cb9ddb8ed34f29c09d1a5f5082e089d62a8bd,https://www.xiaohongshu.com/search_result/69689f2a000000001a01d62d?xsec_token=ABQTa0dTdSkKVnp4QHQJmur31j6Z9TCaJDey1aDKBrsmE=&xsec_source=,否,否
小红书,小红书-西安旅游景点.json,西安旅游景点,西安旅游景点,哈苏60秒长曝西安钟楼,大权视界,https://www.xiaohongshu.com/user/profile/645e4b6500000000290151cd?channel_type=web_search_result_notes&parent_page_channel_type=web_profile_board&xsec_token=ABqttAN9XimUt32AmVH1jBa7q_Qp8FNCC5CS_kfa19-GU=&xsec_source=pc_search,2025-02-20,2025-02-20,2026-03-25,1702,1702,https://www.xiaohongshu.com/search_result?keyword=%25E8%25A5%25BF%25E5%25AE%2589%25E6%2597%2585%25E6%25B8%25B8%25E6%2599%25AF%25E7%2582%25B9&source=web_explore_feed,https://www.xiaohongshu.com/search_result/67b73fe5000000000302bf11?xsec_token=AB6BorNn0Cv19avSasWJuGDU2o78Yma-VP64JS7Zx1nZQ=&xsec_source=,https://sns-webpic-qc.xhscdn.com/202603251928/1098c94572013b5f9199ea283960ee65/1040g00831e4kpd91gu005p2u9diqakedmnco200!nc_n_webp_mw_1,49cc8b61004c6de574c2b742c74949e8ea8e2714da1306975334c142392449e8,https://www.xiaohongshu.com/search_result/67b73fe5000000000302bf11?xsec_token=AB6BorNn0Cv19avSasWJuGDU2o78Yma-VP64JS7Zx1nZQ=&xsec_source=,否,否
小红书,小红书-西安旅游景点.json,西安旅游景点,西安旅游景点,华山花的蕞值得的一笔！！滑道只要30r,兔子只想吃肉,https://www.xiaohongshu.com/user/profile/5bf839dcf1819b00015aca2e?channel_type=web_search_result_notes&parent_page_channel_type=web_profile_board&xsec_token=ABMFvV6wOPFXSfmiADAZMAKDT7Rh6F4l4V01DYPu8Ajuk=&xsec_source=pc_search,2025-05-13,2025-05-13,2026-03-25,1852,1852,https://www.xiaohongshu.com/search_result?keyword=%25E8%25A5%25BF%25E5%25AE%2589%25E6%2597%2585%25E6%25B8%25B8%25E6%2599%25AF%25E7%2582%25B9&source=web_explore_feed,https://www.xiaohongshu.com/search_result/682338860000000023014e3e?xsec_token=ABucENot4migPzOb_1p3oNSpdzQbwzvRpmjoGy0WX4b5E=&xsec_source=,https://sns-webpic-qc.xhscdn.com/202603251928/10818c3cba05e43af34bb659838b4845/1040g2sg31he1knh8jue05ookpcbkhoeffgu9jv0!nc_n_webp_mw_1,022a46786fdd31d7146c012a184fb9a3c3612a4502f85a91702d1f0cae191fa0,https://www.xiaohongshu.com/search_result/682338860000000023014e3e?xsec_token=ABucENot4migPzOb_1p3oNSpdzQbwzvRpmjoGy0WX4b5E=&xsec_source=,否,否
小红书,小红书-西安旅游景点.json,西安旅游景点,西安旅游景点,西安常宁宫里藏着一条千米密道......,村村有点Cool,https://www.xiaohongshu.com/user/profile/6406bece00000000290108c9?channel_type=web_search_result_notes&parent_page_channel_type=web_profile_board&xsec_token=ABWUjQit4mud-79ubn8nOSoHfME9NkrrV7e_vjC1YTnXE=&xsec_source=pc_search,2025-08-29,2025-08-29,2026-03-25,172,172,https://www.xiaohongshu.com/search_result?keyword=%25E8%25A5%25BF%25E5%25AE%2589%25E6%2597%2585%25E6%25B8%25B8%25E6%2599%25AF%25E7%2582%25B9&source=web_explore_feed,https://www.xiaohongshu.com/search_result/68b194d3000000001c01203d?xsec_token=AB0RI54J1TT3_G9TB_arOn92sTvDgkziI7fV4Mw9rX48g=&xsec_source=,https://sns-webpic-qc.xhscdn.com/202603251928/7a76419013ad77e39de2878cb23813b7/spectrum/1040g0k031lp3g53v4u005p06nr7aa2699bttgd0!nc_n_webp_mw_1,c3674f142b74d76dc8d5e09d5a64964ce412657b4eca8bf656f3ecec8617a702,https://www.xiaohongshu.com/search_result/68b194d3000000001c01203d?xsec_token=AB0RI54J1TT3_G9TB_arOn92sTvDgkziI7fV4Mw9rX48g=&xsec_source=,否,否
小红书,小红书-西安旅游景点2.json,西安旅游景点2,西安旅游景点,西安3月赏樱 土著私藏4个盛唐樱花打卡地🌸,在西安吃喝玩乐,https://www.xiaohongshu.com/user/profile/67fccd76000000000e01004b?channel_type=web_search_result_notes&parent_page_channel_type=web_profile_board&xsec_token=ABWg6_vmBoYYVesUGUIyFW554UgSxPsGZipVBzuoZMg8s=&xsec_source=pc_search,03-16,2026-03-16,2026-03-25,91,91,https://www.xiaohongshu.com/search_result?keyword=%25E8%25A5%25BF%25E5%25AE%2589%25E6%2597%2585%25E6%25B8%25B8%25E6%2599%25AF%25E7%2582%25B9&source=web_explore_feed,https://www.xiaohongshu.com/search_result/69b7ad19000000001f0048fb?xsec_token=ABaghI9l-PI5GO7EL1e75dwx8wRGXJNsWyEoH1YyWMz1M=&xsec_source=,https://sns-webpic-qc.xhscdn.com/202603251930/ce69acc41899a9a50de4a8b077c07f54/notes_pre_post/1040g3k831tp2205an8705pvsplr3i02bdvd1bt0!nc_n_webp_mw_1,c2a5c02a1e9a580f4d9515fbc82c7ace4628bdbfbc5e52fd43316ec5ba9c8b32,https://www.xiaohongshu.com/search_result/69b7ad19000000001f0048fb?xsec_token=ABaghI9l-PI5GO7EL1e75dwx8wRGXJNsWyEoH1YyWMz1M=&xsec_source=,否,否
小红书,小红书-西安旅游景点2.json,西安旅游景点2,西安旅游景点,西安，不可错过的的蜀南竹海同款秘境！,心灵姐妹旅行记,https://www.xiaohongshu.com/user/profile/65b4f7da000000000e0264ef?channel_type=web_search_result_notes&parent_page_channel_type=web_profile_board&xsec_token=ABvC_ZkUnEGOBB5JFdM_mgmc59PoL4cc9TlyMue5n0nUg=&xsec_source=pc_search,3天前,2026-03-22,2026-03-25,44,44,https://www.xiaohongshu.com/search_result?keyword=%25E8%25A5%25BF%25E5%25AE%2589%25E6%2597%2585%25E6%25B8%25B8%25E6%2599%25AF%25E7%2582%25B9&source=web_explore_feed,https://www.xiaohongshu.com/search_result/69bf87690000000021006734?xsec_token=ABCqUKelMSCKMCxkEYIRl5HGs1DPJtgsPxL-XXeHFrUsY=&xsec_source=,https://sns-webpic-qc.xhscdn.com/202603251930/b99ac871bd7e8613e69c50e16c7ab9cc/1040g00831u0nfrkn1g005pdkuvd3kp7f6960qbo!nc_n_webp_mw_1,602869b5d6078b36846c63d10ba1f0f7f6d17d7965f66d2e24e43604569f8446,https://www.xiaohongshu.com/search_result/69bf87690000000021006734?xsec_token=ABCqUKelMSCKMCxkEYIRl5HGs1DPJtgsPxL-XXeHFrUsY=&xsec_source=,否,否
小红书,小红书-西安旅游景点2.json,西安旅游景点2,西安旅游景点,春天来西安千万不要错过的4️⃣个赏花地点❗️,0Z,https://www.xiaohongshu.com/user/profile/63a7401f0000000026011ad5?channel_type=web_search_result_notes&parent_page_channel_type=web_profile_board&xsec_token=ABjRAuaG075EPOFPqdYzIQ7kpoO_GUvnA7iy1UwqsbxkA=&xsec_source=pc_search,3天前,2026-03-22,2026-03-25,49,49,https://www.xiaohongshu.com/search_result?keyword=%25E8%25A5%25BF%25E5%25AE%2589%25E6%2597%2585%25E6%25B8%25B8%25E6%2599%25AF%25E7%2582%25B9&source=web_explore_feed,https://www.xiaohongshu.com/search_result/69beb1b000000000220007df?xsec_token=ABqItCO4Ir_VAvM3EXd_-pNQdp6QIl9msW7sWU3AsnT08=&xsec_source=,https://sns-webpic-qc.xhscdn.com/202603251930/0e849cb0cf6a50df35f11f8101ff2b49/1040g00831tvsml7dmu1g5ot780fpi6mln4u8qq8!nc_n_webp_mw_1,a2240c2e5976b2d2d8448836862936c21832b41c5a10949dbbf4e1c8d229fb9f,https://www.xiaohongshu.com/search_result/69beb1b000000000220007df?xsec_token=ABqItCO4Ir_VAvM3EXd_-pNQdp6QIl9msW7sWU3AsnT08=&xsec_source=,否,否
小红书,小红书-西安旅游景点2.json,西安旅游景点2,西安旅游景点,3.20live西安环城公园樱花已开爆！,Lionfaceboy,https://www.xiaohongshu.com/user/profile/5aaf03444eacab71daa5c2cc?channel_type=web_search_result_notes&parent_page_channel_type=web_profile_board&xsec_token=ABaJxijb4lmSJEf8vmVhs6ZhRV02-zNsGvBCPhlcudCW8=&xsec_source=pc_search,5天前,2026-03-20,2026-03-25,931,931,https://www.xiaohongshu.com/search_result?keyword=%25E8%25A5%25BF%25E5%25AE%2589%25E6%2597%2585%25E6%25B8%25B8%25E6%2599%25AF%25E7%2582%25B9&source=web_explore_feed,https://www.xiaohongshu.com/search_result/69bceb80000000002102fc32?xsec_token=ABsE9u35f2_jmIKeN0HnsJ_c5mAnGNJWUSuGGdFOigyjI=&xsec_source=,https://sns-webpic-qc.xhscdn.com/202603251930/4fcbbd5c860b2304003a141b61f3b64d/1040g2sg31tu5jqms7qe04a3na41k9gmcm181610!nc_n_webp_mw_1,3515e6c47f2eb5b74972731c384ba54c0774a4398afdd64f2582f2e0e95259d3,https://www.xiaohongshu.com/search_result/69bceb80000000002102fc32?xsec_token=ABsE9u35f2_jmIKeN0HnsJ_c5mAnGNJWUSuGGdFOigyjI=&xsec_source=,否,否
小红书,小红书-西安旅游景点2.json,西安旅游景点2,西安旅游景点,西安春日赏花路线合集🌸（附地址📍）,请叫我梁兔子🐰,https://www.xiaohongshu.com/user/profile/58f810566a6a697aa8abf260?channel_type=web_search_result_notes&parent_page_channel_type=web_profile_board&xsec_token=AB0jo_dwsFS6JpWHfBehmWwXxKFOiYkmXkCcMNfdXNJQM=&xsec_source=pc_search,03-15,2026-03-15,2026-03-25,1071,1071,https://www.xiaohongshu.com/search_result?keyword=%25E8%25A5%25BF%25E5%25AE%2589%25E6%2597%2585%25E6%25B8%25B8%25E6%2599%25AF%25E7%2582%25B9&source=web_explore_feed,https://www.xiaohongshu.com/search_result/69b61e8d000000001b02183a?xsec_token=ABeDTEBcjMre0LrnOI0mxkOpAfaeBDkgKkq9QgS2Nrjj4=&xsec_source=,https://sns-webpic-qc.xhscdn.com/202603251930/65edd70d9420bbd346f83b09f5683cef/1040g2sg31tnhei25n27049dr5f85dsj0aemmbuo!nc_n_webp_mw_1,95dea86e0de5c9000ef240119eb19e7512ae3c0ddb9e6f8510380232f3382823,https://www.xiaohongshu.com/search_result/69b61e8d000000001b02183a?xsec_token=ABeDTEBcjMre0LrnOI0mxkOpAfaeBDkgKkq9QgS2Nrjj4=&xsec_source=,否,否
小红书,小红书-西安旅游景点2.json,西安旅游景点2,西安旅游景点,地铁🚇直达❗️河堤路花海❗️免费露营地⛺️,多乐妈妈的遛娃手账,https://www.xiaohongshu.com/user/profile/5a79ab1d4eacab6587ba6ff2?channel_type=web_search_result_notes&parent_page_channel_type=web_profile_board&xsec_token=AB35BBETC5qStvtw0JSuninGIKjQDG0Cwd4qtqKvr1cPA=&xsec_source=pc_search,4天前,2026-03-21,2026-03-25,1072,1072,https://www.xiaohongshu.com/search_result?keyword=%25E8%25A5%25BF%25E5%25AE%2589%25E6%2597%2585%25E6%25B8%25B8%25E6%2599%25AF%25E7%2582%25B9&source=web_explore_feed,https://www.xiaohongshu.com/search_result/69bde9d9000000002101025f?xsec_token=ABx7nDF0_zUeWbV3fpeG5hcgLP0Po5b4VlT4pbcXhYvTg=&xsec_source=,https://sns-webpic-qc.xhscdn.com/202603251930/076b6c29e0636e95f7aa7d088197627f/note_pre_post_uhdr/1040g3r831tv4o7bcn27g4a1a9ulhqrvif834i3g!nc_n_webp_mw_1,f5eef6dc02b305a26c921fcebe8284cd8299fff27c3b0610821aa1c599888caf,https://www.xiaohongshu.com/search_result/69bde9d9000000002101025f?xsec_token=ABx7nDF0_zUeWbV3fpeG5hcgLP0Po5b4VlT4pbcXhYvTg=&xsec_source=,否,否
小红书,小红书-西安旅游景点2.json,西安旅游景点2,西安旅游景点,,,,,,2026-03-25,,0,https://www.xiaohongshu.com/search_result?keyword=%25E8%25A5%25BF%25E5%25AE%2589%25E6%2597%2585%25E6%25B8%25B8%25E6%2599%25AF%25E7%2582%25B9&source=web_explore_feed,,http://sns-na-i4.xhscdn.com/1040g00831edeuth6gm605nh1he309bfk6n8vfjo?imageView2/1/h/132/w/480/format/jpg&ap=5&sc=HOT_QRY&sign=e938e2e2bf789e89830f75f57fafcbfe&t=69c3c74c&origin=0,3e2715a2142d48d1004ed74cda942f748cc250c912cbeb272f5103b3b2288c7a,0dddc9c3410c82870f260fff893dbb157813ff072cc2bd4dedaa84b30a786ea7,是,是
小红书,小红书-西安旅游景点2.json,西安旅游景点2,西安旅游景点,西安景点锐评（纯个人感受）,大米米,https://www.xiaohongshu.com/user/profile/60ffc80a0000000001002f02?channel_type=web_search_result_notes&parent_page_channel_type=web_profile_board&xsec_token=ABE3M8Bm0sZNmztFCYCy29IAZ6Y_6qIVnLjHcZJqq2b3Q=&xsec_source=pc_search,01-08,2026-01-08,2026-03-25,9419,9419,https://www.xiaohongshu.com/search_result?keyword=%25E8%25A5%25BF%25E5%25AE%2589%25E6%2597%2585%25E6%25B8%25B8%25E6%2599%25AF%25E7%2582%25B9&source=web_explore_feed,https://www.xiaohongshu.com/search_result/695f7f90000000000b01209a?xsec_token=ABCLsG-ADy2pmS_BHrLnDWvlls3dVfERNEQlRf9ybmReg=&xsec_source=,https://sns-webpic-qc.xhscdn.com/202603251930/ce4351ea3f9dabb0f1bf8a57b76adb32/notes_pre_post/1040g3k831r2uhb9r6u005o7vp0508bo2takesn0!nc_n_webp_mw_1,843338ff095f61abdf773e12bd5f73644f6371ebe394ac5131201c7e4bf15d63,https://www.xiaohongshu.com/search_result/695f7f90000000000b01209a?xsec_token=ABCLsG-ADy2pmS_BHrLnDWvlls3dVfERNEQlRf9ybmReg=&xsec_source=,否,否
小红书,小红书-西安旅游景点2.json,西安旅游景点2,西安旅游景点,我心中西安排名第一景区（附攻略）,菠萝,https://www.xiaohongshu.com/user/profile/60d07fcf0000000001008246?channel_type=web_search_result_notes&parent_page_channel_type=web_profile_board&xsec_token=ABcWdRkRWIvvkYScwkZtM0gNOh2Jf1lM5bE2QmGTzTGZs=&xsec_source=pc_search,03-16,2026-03-16,2026-03-25,74,74,https://www.xiaohongshu.com/search_result?keyword=%25E8%25A5%25BF%25E5%25AE%2589%25E6%2597%2585%25E6%25B8%25B8%25E6%2599%25AF%25E7%2582%25B9&source=web_explore_feed,https://www.xiaohongshu.com/search_result/69b796ec0000000023021a8a?xsec_token=ABaghI9l-PI5GO7EL1e75dwz9v79FjndE4ua1icc5DV5M=&xsec_source=,https://sns-webpic-qc.xhscdn.com/202603251930/c552c9ca8b39e68d384ea5586f7c1e94/1040g00831tothv5n7u105o6gfv7g90i69pon0bo!nc_n_webp_mw_1,47a6881bc14f3ba21dee6f7c20760343eeac1d8e77e41bcca1bdaf8abab6d7a4,https://www.xiaohongshu.com/search_result/69b796ec0000000023021a8a?xsec_token=ABaghI9l-PI5GO7EL1e75dwz9v79FjndE4ua1icc5DV5M=&xsec_source=,否,否
小红书,小红书-西安旅游景点2.json,西安旅游景点2,西安旅游景点,为了这1️⃣8️⃣张图特意飞一趟西安，值得吗？,鹤七月良,https://www.xiaohongshu.com/user/profile/5e23d6f20000000001001b36?channel_type=web_search_result_notes&parent_page_channel_type=web_profile_board&xsec_token=ABIGKbbls1hpxD4mLj9r-0wewZ3imOqUTwAvBhXZJf3Ec=&xsec_source=pc_search,01-27,2026-01-27,2026-03-25,2427,2427,https://www.xiaohongshu.com/search_result?keyword=%25E8%25A5%25BF%25E5%25AE%2589%25E6%2597%2585%25E6%25B8%25B8%25E6%2599%25AF%25E7%2582%25B9&source=web_explore_feed,https://www.xiaohongshu.com/search_result/69788140000000002202c383?xsec_token=ABdtjRv6uexQiJ7X4JLUpokEbMN2fS9bzY5hGRUqJ3wb8=&xsec_source=,https://sns-webpic-qc.xhscdn.com/202603251930/dae666f9dbf5294cb9e9eca4787f3858/notes_pre_post/1040g3k031rrbkrc432e05nh3qrp086pm0704li0!nc_n_webp_mw_1,760c38a14b01aca20b53908da96240496451319fd4674402930670958697023c,https://www.xiaohongshu.com/search_result/69788140000000002202c383?xsec_token=ABdtjRv6uexQiJ7X4JLUpokEbMN2fS9bzY5hGRUqJ3wb8=&xsec_source=,否,否
小红书,小红书-西安旅游景点2.json,西安旅游景点2,西安旅游景点,西安亲子游，✅4天3晚不费妈保姆级攻略‼️,菟子May,https://www.xiaohongshu.com/user/profile/5b51f1d3e8ac2b5a68b26fe1?channel_type=web_search_result_notes&parent_page_channel_type=web_profile_board&xsec_token=AB0YLk1hRj7f4VQRwgf1SZEadnYjy6tFXhtAqxYCq54i0=&xsec_source=pc_search,01-24,2026-01-24,2026-03-25,944,944,https://www.xiaohongshu.com/search_result?keyword=%25E8%25A5%25BF%25E5%25AE%2589%25E6%2597%2585%25E6%25B8%25B8%25E6%2599%25AF%25E7%2582%25B9&source=web_explore_feed,https://www.xiaohongshu.com/search_result/6972ef67000000001a02f35f?xsec_token=ABMbE2p70nElIKAcNGmNhBPOoHMrHpHkbMKQxcuTzMock=&xsec_source=,https://sns-webpic-qc.xhscdn.com/202603251930/aec738dc98307d7e12a8fc8dd02ebece/notes_pre_post/1040g3k831rlttc2aigbg4a7b9iot6rv1vvr6390!nc_n_webp_mw_1,76ab8d6ecb8df8278e8a33d081d387589f42cc9ea7c3998def0afcf45872c96b,https://www.xiaohongshu.com/search_result/6972ef67000000001a02f35f?xsec_token=ABMbE2p70nElIKAcNGmNhBPOoHMrHpHkbMKQxcuTzMock=&xsec_source=,否,否
小红书,小红书-西安旅游景点2.json,西安旅游景点2,西安旅游景点,西安景点值不值得去（全是重点）,🐑废柴少女,https://www.xiaohongshu.com/user/profile/5b12c9d3f7e8b9779761606d?channel_type=web_search_result_notes&parent_page_channel_type=web_profile_board&xsec_token=AByPQOnW0JQwr35RU8BwRNmI5iBJukVT9_7iZ0IRcZosk=&xsec_source=pc_search,02-02,2026-02-02,2026-03-25,893,893,https://www.xiaohongshu.com/search_result?keyword=%25E8%25A5%25BF%25E5%25AE%2589%25E6%2597%2585%25E6%25B8%25B8%25E6%2599%25AF%25E7%2582%25B9&source=web_explore_feed,https://www.xiaohongshu.com/search_result/69800de2000000002103de52?xsec_token=AB1qydD_czTCnPHUCs8Cn_-WvAOdBv_oo6VIidTY2NoaY=&xsec_source=,https://sns-webpic-qc.xhscdn.com/202603251930/d3c2d62c67e9bd04b47606b0c4a5d8a2/notes_pre_post/1040g3k831s2n1i6f4i5g4a5sn94t6o3dt1vuqr8!nc_n_webp_mw_1,043ebbac1aa60eb9154dbe44d0a5b780436f470902f0321520c9e9375e693d3a,https://www.xiaohongshu.com/search_result/69800de2000000002103de52?xsec_token=AB1qydD_czTCnPHUCs8Cn_-WvAOdBv_oo6VIidTY2NoaY=&xsec_source=,否,否
小红书,小红书-西安旅游景点2.json,西安旅游景点2,西安旅游景点,西安四天三夜｜意满离保姆总结攻略,在途拾光,https://www.xiaohongshu.com/user/profile/558e01ec6b9f1641e6c86bf3?channel_type=web_search_result_notes&parent_page_channel_type=web_profile_board&xsec_token=AB2l2wSkle4YJLGPCLY73fvICXy4ADi8hlHfXpPE_rti4=&xsec_source=pc_search,2025-12-09,2025-12-09,2026-03-25,3528,3528,https://www.xiaohongshu.com/search_result?keyword=%25E8%25A5%25BF%25E5%25AE%2589%25E6%2597%2585%25E6%25B8%25B8%25E6%2599%25AF%25E7%2582%25B9&source=web_explore_feed,https://www.xiaohongshu.com/search_result/6935786a000000001e01145f?xsec_token=ABNAWfcwn4zvjjpBrow-78994DS0fWMtUZkP8iGoSXICg=&xsec_source=,https://sns-webpic-qc.xhscdn.com/202603251930/6f6fe424344ab84f4c996c421003aa8c/notes_pre_post/1040g3k831ppt5rsg50dg40sku60uoqvjgs24ugg!nc_n_webp_mw_1,0e4f013221bb91f83429ec70626b6e9130ed518ce062e9758b8c26ad0cc44476,https://www.xiaohongshu.com/search_result/6935786a000000001e01145f?xsec_token=ABNAWfcwn4zvjjpBrow-78994DS0fWMtUZkP8iGoSXICg=&xsec_source=,否,否
小红书,小红书-西安旅游景点2.json,西安旅游景点2,西安旅游景点,西安小众景点（9/50）雨天的百年道观绝美…🪷,泡泡的游玩笔记,https://www.xiaohongshu.com/user/profile/63820a21000000001f0169da?channel_type=web_search_result_notes&parent_page_channel_type=web_profile_board&xsec_token=ABFzKtvb19Rnk3sLnkDXsN2ccXn7sgq19lm1Ed0zhKtbE=&xsec_source=pc_search,03-17,2026-03-17,2026-03-25,724,724,https://www.xiaohongshu.com/search_result?keyword=%25E8%25A5%25BF%25E5%25AE%2589%25E6%2597%2585%25E6%25B8%25B8%25E6%2599%25AF%25E7%2582%25B9&source=web_explore_feed,https://www.xiaohongshu.com/search_result/69b94bc4000000001d019729?xsec_token=ABFIhHdy0depI317RDqwZPwb8Fbq9nU00LWnaD-Gu7gnk=&xsec_source=,https://sns-webpic-qc.xhscdn.com/202603251930/cf127381822ea563f91e0d468c208b65/1040g00831tqhrc7dmq005os218gnqqeqftg64do!nc_n_webp_mw_1,4cc4be0633dfef0c99e701646726583cc2c0b363341b0e3cf768c9c9bdfec2d5,https://www.xiaohongshu.com/search_result/69b94bc4000000001d019729?xsec_token=ABFIhHdy0depI317RDqwZPwb8Fbq9nU00LWnaD-Gu7gnk=&xsec_source=,否,否
小红书,小红书-西安旅游景点2.json,西安旅游景点2,西安旅游景点,,波哥大球,https://www.xiaohongshu.com/user/profile/60bae1fd000000002002f01f?channel_type=web_search_result_notes&parent_page_channel_type=web_profile_board&xsec_token=ABS60fa0te-jkekkgLQp8qF3gnSJopIS65_dcj8DeJeoY=&xsec_source=pc_search,03-16,2026-03-16,2026-03-25,1724,1724,https://www.xiaohongshu.com/search_result?keyword=%25E8%25A5%25BF%25E5%25AE%2589%25E6%2597%2585%25E6%25B8%25B8%25E6%2599%25AF%25E7%2582%25B9&source=web_explore_feed,https://www.xiaohongshu.com/search_result/69b769d1000000002301c37a?xsec_token=ABaghI9l-PI5GO7EL1e75dw24Jlxe5H55-XsckV4UK7zA=&xsec_source=,https://sns-webpic-qc.xhscdn.com/202603251930/d6b24806474811aa91c2f7e027420da4/notes_pre_post/1040g3k831topofuo7q7g5o5qs7uo5s0vdtobcrg!nc_n_webp_mw_1,4c33c05eb7d43ac4f3c0d24604dd97f7587d32591e53fac86613b0b7068a941e,https://www.xiaohongshu.com/search_result/69b769d1000000002301c37a?xsec_token=ABaghI9l-PI5GO7EL1e75dw24Jlxe5H55-XsckV4UK7zA=&xsec_source=,是,否
小红书,小红书-西安旅游景点2.json,西安旅游景点2,西安旅游景点,西安旅游✅四天三晚人均800😍保姆级攻略,星星爱旅行,https://www.xiaohongshu.com/user/profile/6691e3e4000000000f0349c0?channel_type=web_search_result_notes&parent_page_channel_type=web_profile_board&xsec_token=AB3mPKnN8NIb4k13e64vIVYDUIHHwL_wS-6el-3LIW32o=&xsec_source=pc_search,2025-12-23,2025-12-23,2026-03-25,1857,1857,https://www.xiaohongshu.com/search_result?keyword=%25E8%25A5%25BF%25E5%25AE%2589%25E6%2597%2585%25E6%25B8%25B8%25E6%2599%25AF%25E7%2582%25B9&source=web_explore_feed,https://www.xiaohongshu.com/search_result/6912215a00000000050313fc?xsec_token=AB0nqMgpaJkyynGnVuvjqqt4sBKXb7i_FVmtyMGUODvlo=&xsec_source=,https://sns-webpic-qc.xhscdn.com/202603251930/225d01410650209adc16a6af85e7de97/spectrum/1040g0k031qebrmu170005pkhsfi3uie009hlhco!nc_n_webp_mw_1,5304511a8d3f1c7b47ef65d0c7815b290e7fca49f0e9ced7c8c3f4f4306e8fc4,https://www.xiaohongshu.com/search_result/6912215a00000000050313fc?xsec_token=AB0nqMgpaJkyynGnVuvjqqt4sBKXb7i_FVmtyMGUODvlo=&xsec_source=,否,否
小红书,小红书-西安旅游景点2.json,西安旅游景点2,西安旅游景点,西安8号线直达“伦敦”📍,吃喝玩乐小队长,https://www.xiaohongshu.com/user/profile/5c488fff0000000011012c19?channel_type=web_search_result_notes&parent_page_channel_type=web_profile_board&xsec_token=ABO5Jbz4eI6MTeaLfQfP0IF0cyf_ohiY3eU52XwHWN07Y=&xsec_source=pc_search,03-05,2026-03-05,2026-03-25,93,93,https://www.xiaohongshu.com/search_result?keyword=%25E8%25A5%25BF%25E5%25AE%2589%25E6%2597%2585%25E6%25B8%25B8%25E6%2599%25AF%25E7%2582%25B9&source=web_explore_feed,https://www.xiaohongshu.com/search_result/699d4eca000000000b00b3ed?xsec_token=ABy1sLQaDTPrJMK57EFt_kpqIGmmh36GYsKXVN1QKUWKY=&xsec_source=,https://sns-webpic-qc.xhscdn.com/202603251930/0b5c9f8330397f8c4ba8773d8ed83abd/1040g00831sv9vv8r5c105n28hvvkab0p14d2ebg!nc_n_webp_mw_1,0a3526a5701fc0ca5244a5d93e80198467734597c1c3b823ff72979d5c5be4b9,https://www.xiaohongshu.com/search_result/699d4eca000000000b00b3ed?xsec_token=ABy1sLQaDTPrJMK57EFt_kpqIGmmh36GYsKXVN1QKUWKY=&xsec_source=,否,否
小红书,小红书-西安旅游景点2.json,西安旅游景点2,西安旅游景点,西安超出片的14个机位，国庆来直接照搬！,ATM.24,https://www.xiaohongshu.com/user/profile/5b02fe5911be10068be1f074?channel_type=web_search_result_notes&parent_page_channel_type=web_profile_board&xsec_token=ABL4vY0AubPmoKdBIn-xYds8ZIHuD6IMlkU_HQp0tfahM=&xsec_source=pc_search,2025-09-27,2025-09-27,2026-03-25,1681,1681,https://www.xiaohongshu.com/search_result?keyword=%25E8%25A5%25BF%25E5%25AE%2589%25E6%2597%2585%25E6%25B8%25B8%25E6%2599%25AF%25E7%2582%25B9&source=web_explore_feed,https://www.xiaohongshu.com/search_result/68d7dac0000000001101fcc7?xsec_token=ABYRNnofDRXZRz9dVBKUu41n24Trt3NMfvEczr-kr4sL8=&xsec_source=,https://sns-webpic-qc.xhscdn.com/202603251930/fed12ad829af5c1423d0a59a1d8f2c48/notes_pre_post/1040g3k831muer9f758004a5h7ov5js3k14ag12g!nc_n_webp_mw_1,f854161f33640f3f09d50b937aa58bd6986547a002e025fb09b76a862e2121f4,https://www.xiaohongshu.com/search_result/68d7dac0000000001101fcc7?xsec_token=ABYRNnofDRXZRz9dVBKUu41n24Trt3NMfvEczr-kr4sL8=&xsec_source=,否,否
小红书,小红书-西安旅游景点2.json,西安旅游景点2,西安旅游景点,西安这6个地方🌸春花已开，全部免费！,西安周末去哪,https://www.xiaohongshu.com/user/profile/6168e05e000000001f03ba5e?channel_type=web_search_result_notes&parent_page_channel_type=web_profile_board&xsec_token=ABpit2Tbm0KLUBEU4s557dP5BjkPs2b0odI6Iw2BjFojg=&xsec_source=pc_search,02-27,2026-02-27,2026-03-25,140,140,https://www.xiaohongshu.com/search_result?keyword=%25E8%25A5%25BF%25E5%25AE%2589%25E6%2597%2585%25E6%25B8%25B8%25E6%2599%25AF%25E7%2582%25B9&source=web_explore_feed,https://www.xiaohongshu.com/search_result/69a11029000000001b014b12?xsec_token=ABzo33lKsAwNNlfJ0xpBEO4xuepJdHNEkE9iQhKLJRw7A=&xsec_source=,https://sns-webpic-qc.xhscdn.com/202603251930/6d92f84c8572146b32885f213be2a7c5/spectrum/1040g34o31t2u533jl8105ob8s1f7veiu0anuoco!nc_n_webp_mw_1,54d7917488bd2d47d29bc74c7361b7dc5f442e3a227e2299146b78ab65ac9635,https://www.xiaohongshu.com/search_result/69a11029000000001b014b12?xsec_token=ABzo33lKsAwNNlfJ0xpBEO4xuepJdHNEkE9iQhKLJRw7A=&xsec_source=,否,否
小红书,小红书-西安旅游景点2.json,西安旅游景点2,西安旅游景点,,西安打卡指南,https://www.xiaohongshu.com/user/profile/672da96d000000001d02d4c1?channel_type=web_search_result_notes&parent_page_channel_type=web_profile_board&xsec_token=ABuAJjmxdnbIjrrV8ZH6ZSycSRKTa69Z_TMmS79AY6wZw=&xsec_source=pc_search,2025-07-21,2025-07-21,2026-03-25,579,579,https://www.xiaohongshu.com/search_result?keyword=%25E8%25A5%25BF%25E5%25AE%2589%25E6%2597%2585%25E6%25B8%25B8%25E6%2599%25AF%25E7%2582%25B9&source=web_explore_feed,https://www.xiaohongshu.com/search_result/687e4a96000000001703052b?xsec_token=ABv_aV0P5DlxHPE9VUTao_vcYxQdhLid0rRtqlJBlY3nU=&xsec_source=,https://sns-webpic-qc.xhscdn.com/202603251930/4e0aa1e366f4dcda682205972db5442a/1040g2sg31k70ptpv2uh05ppdl5mndl610jgoh88!nc_n_webp_mw_1,1ff067a656a5c9189e9619d9ddd38de0c79f0793fd2c43327dea3523aa6a83dc,https://www.xiaohongshu.com/search_result/687e4a96000000001703052b?xsec_token=ABv_aV0P5DlxHPE9VUTao_vcYxQdhLid0rRtqlJBlY3nU=&xsec_source=,是,否
小红书,小红书-西安旅游景点2.json,西安旅游景点2,西安旅游景点,,,,,,2026-03-25,,0,https://www.xiaohongshu.com/search_result?keyword=%25E8%25A5%25BF%25E5%25AE%2589%25E6%2597%2585%25E6%25B8%25B8%25E6%2599%25AF%25E7%2582%25B9&source=web_explore_feed,,http://sns-na-i4.xhscdn.com/notes_pre_post/1040g3k831goghiud3a7049dfu69tat8816b3ns8?imageView2/1/h/132/w/480/format/jpg&ap=5&sc=HOT_QRY&sign=1239e15f1ba242d4e32935d0c7c0f955&t=69c3c74d&origin=0,2a3c0da9eb8fa7177c946876fdef7c262aa206a644571c8e2c1b14d18c1d93e1,65c213e0013e68cb4833cf4a30157e65687ac587065c13de8dd9fef9b5c4df7f,是,是
小红书,小红书-西安旅游景点2.json,西安旅游景点2,西安旅游景点,西安遛娃9大好去处！！,西安纹眉师青青,https://www.xiaohongshu.com/user/profile/5971418282ec39236268aee3?channel_type=web_search_result_notes&parent_page_channel_type=web_profile_board&xsec_token=ABp1XCYVIKozbCaNM6a02W51bzENqzD1BMoNnrwWtTfFU=&xsec_source=pc_search,2025-07-10,2025-07-10,2026-03-25,5832,5832,https://www.xiaohongshu.com/search_result?keyword=%25E8%25A5%25BF%25E5%25AE%2589%25E6%2597%2585%25E6%25B8%25B8%25E6%2599%25AF%25E7%2582%25B9&source=web_explore_feed,https://www.xiaohongshu.com/search_result/686f38e4000000000d018122?xsec_token=ABhTvg5n1heNdj31xMeqDUNKvENyXht8agxlSqFYelWy0=&xsec_source=,https://sns-webpic-qc.xhscdn.com/202603251930/0df889a101b1278ac6bacb07db4fe650/1040g2sg31jo9rf8qjq8049mgde0o5bn3le2bneo!nc_n_webp_mw_1,2f0634499b3d4d5b8c373fa312097ffb8257410ceaa575c5c8078f9d6302d85b,https://www.xiaohongshu.com/search_result/686f38e4000000000d018122?xsec_token=ABhTvg5n1heNdj31xMeqDUNKvENyXht8agxlSqFYelWy0=&xsec_source=,否,否
小红书,小红书-西安旅游景点2.json,西安旅游景点2,西安旅游景点,西安还有如此仙境我怎么才知道...,莴苣小姐,https://www.xiaohongshu.com/user/profile/5d032f96000000001000f20c?channel_type=web_search_result_notes&parent_page_channel_type=web_profile_board&xsec_token=ABfCr6IXSWTOQTycvlzTOFCccCaTh6ORnTrV1VUrndiyU=&xsec_source=pc_search,2025-07-23,2025-07-23,2026-03-25,1704,1704,https://www.xiaohongshu.com/search_result?keyword=%25E8%25A5%25BF%25E5%25AE%2589%25E6%2597%2585%25E6%25B8%25B8%25E6%2599%25AF%25E7%2582%25B9&source=web_explore_feed,https://www.xiaohongshu.com/search_result/688102690000000012014d87?xsec_token=ABOXnMIv8m673WlQPzoAjX7DYvT_NNh8O43jRJXcYwzSw=&xsec_source=,https://sns-webpic-qc.xhscdn.com/202603251930/49ecd27b433672e63bca0bf9dc555cf7/notes_pre_post/1040g3k831k9lcq97igdg5n835ub41sgc2hmp800!nc_n_webp_mw_1,89ab2b22d630b6343b4e545285df4f5608968b585631961a790a711da8736265,https://www.xiaohongshu.com/search_result/688102690000000012014d87?xsec_token=ABOXnMIv8m673WlQPzoAjX7DYvT_NNh8O43jRJXcYwzSw=&xsec_source=,否,否
小红书,小红书-西安旅游景点2.json,西安旅游景点2,西安旅游景点,西安小众景点人少景美，本地人私藏！免门票,长安符猫,https://www.xiaohongshu.com/user/profile/6588745b000000001c03f964?channel_type=web_search_result_notes&parent_page_channel_type=web_profile_board&xsec_token=AB0Os4xq3E662AhkjfTN4mJHSIjuQ1ZBI8NLMP7m5P8cM=&xsec_source=pc_search,1天前,2026-03-24,2026-03-25,9,9,https://www.xiaohongshu.com/search_result?keyword=%25E8%25A5%25BF%25E5%25AE%2589%25E6%2597%2585%25E6%25B8%25B8%25E6%2599%25AF%25E7%2582%25B9&source=web_explore_feed,https://www.xiaohongshu.com/search_result/69c0b652000000001a02caf4?xsec_token=ABXGtA7vIJAZGe07r2UGg1nICuZqaLLFlSQTyOitiB1Xw=&xsec_source=,https://sns-webpic-qc.xhscdn.com/202603251930/e0d820e27e5184177540e720f0669693/spectrum/1040g0k031u1s2dssh80g5pc8ehdn7ub49vu0iu0!nc_n_webp_mw_1,6821c18003279034b75e096eb9d0a3a7f58b649c6b6ab855e93395400785c0cc,https://www.xiaohongshu.com/search_result/69c0b652000000001a02caf4?xsec_token=ABXGtA7vIJAZGe07r2UGg1nICuZqaLLFlSQTyOitiB1Xw=&xsec_source=,否,否
小红书,小红书-西安旅游景点2.json,西安旅游景点2,西安旅游景点,西安旅行保姆级攻略🔆景点美食交通全搞定,💙美多多,https://www.xiaohongshu.com/user/profile/5d07a76f00000000120086f3?channel_type=web_search_result_notes&parent_page_channel_type=web_profile_board&xsec_token=ABU2FYISpW4m66VL8l6Hj1BEFvHGi9-4MIJFQqKtL5lTY=&xsec_source=pc_search,02-22,2026-02-22,2026-03-25,124,124,https://www.xiaohongshu.com/search_result?keyword=%25E8%25A5%25BF%25E5%25AE%2589%25E6%2597%2585%25E6%25B8%25B8%25E6%2599%25AF%25E7%2582%25B9&source=web_explore_feed,https://www.xiaohongshu.com/search_result/699b12ce000000000a02c687?xsec_token=ABGNCQo3eL1lHbyuGyAcy-9TgQfGojtXiZrXycJ0TShC8=&xsec_source=,https://sns-webpic-qc.xhscdn.com/202603251930/80b272654e00c17096a0e388af670022/notes_pre_post/1040g3k031st48ok3la005n87ktnkh1njjng1ffo!nc_n_webp_mw_1,cdafe72c80545deff8c208597998ace9e6cabfb63bc25e2fa4f0bb894960ca5b,https://www.xiaohongshu.com/search_result/699b12ce000000000a02c687?xsec_token=ABGNCQo3eL1lHbyuGyAcy-9TgQfGojtXiZrXycJ0TShC8=&xsec_source=,否,否
小红书,小红书-西安旅游景点2.json,西安旅游景点2,西安旅游景点,🏮西安特种兵之旅（附Citywalk机位路线）,赵小欧,https://www.xiaohongshu.com/user/profile/553197efd39ea2773728dfd1?channel_type=web_search_result_notes&parent_page_channel_type=web_profile_board&xsec_token=ABBOY7_KqHTMlb5b9P2fdExg5PcuPX00hWlp6t8hp8qXU=&xsec_source=pc_search,2025-07-28,2025-07-28,2026-03-25,298,298,https://www.xiaohongshu.com/search_result?keyword=%25E8%25A5%25BF%25E5%25AE%2589%25E6%2597%2585%25E6%25B8%25B8%25E6%2599%25AF%25E7%2582%25B9&source=web_explore_feed,https://www.xiaohongshu.com/search_result/6886f0160000000024008c33?xsec_token=ABQkNm_NcYqmSFn59Ab0SZZTYkj5h-y3yyr7I3J3Uw8WA=&xsec_source=,https://sns-webpic-qc.xhscdn.com/202603251930/4d4c9cfbac0bce21519fb8b77390752a/1040g2sg31kfe46sjiue040g20dbuvnuhq56jtfo!nc_n_webp_mw_1,457e754169eba9b9e6b1d0dd25ee3b186dbb3fad09dbdff2e6c8f625fba7853b,https://www.xiaohongshu.com/search_result/6886f0160000000024008c33?xsec_token=ABQkNm_NcYqmSFn59Ab0SZZTYkj5h-y3yyr7I3J3Uw8WA=&xsec_source=,否,否
小红书,小红书-西安旅游景点2.json,西安旅游景点2,西安旅游景点,,咕咕BENHAO,https://www.xiaohongshu.com/user/profile/5be7f495954c81000186d44b?channel_type=web_search_result_notes&parent_page_channel_type=web_profile_board&xsec_token=ABhTErn8qzYtssWb8T-gPPBdWlGzIfIVWMkT65Gw6JgzE=&xsec_source=pc_search,2025-01-27,2025-01-27,2026-03-25,775,775,https://www.xiaohongshu.com/search_result?keyword=%25E8%25A5%25BF%25E5%25AE%2589%25E6%2597%2585%25E6%25B8%25B8%25E6%2599%25AF%25E7%2582%25B9&source=web_explore_feed,https://www.xiaohongshu.com/search_result/679737660000000018004cd4?xsec_token=AB2lXKvPDyNgcHviKvInvjnbKD5My38pZ47Ag3T3ZWfX0=&xsec_source=,https://sns-webpic-qc.xhscdn.com/202603251930/41d93aac5004e915f334f915043230b0/1040g2sg31d5bo6cn0u704bprsgq9bl2bl991noo!nc_n_webp_mw_1,9b4a031de522e65e2375b89704eb0e5b71eedcda8b61ec0f1991809381156c53,https://www.xiaohongshu.com/search_result/679737660000000018004cd4?xsec_token=AB2lXKvPDyNgcHviKvInvjnbKD5My38pZ47Ag3T3ZWfX0=&xsec_source=,是,否
小红书,小红书-西安旅游景点2.json,西安旅游景点2,西安旅游景点,,椰丝mola,https://www.xiaohongshu.com/user/profile/5d9c337e000000000100119f?channel_type=web_search_result_notes&parent_page_channel_type=web_profile_board&xsec_token=ABf5qRg7-HqTFZC3kyMgG85Z75THkQg2JQxrl85jt0t4Y=&xsec_source=pc_search,01-20,2026-01-20,2026-03-25,4048,4048,https://www.xiaohongshu.com/search_result?keyword=%25E8%25A5%25BF%25E5%25AE%2589%25E6%2597%2585%25E6%25B8%25B8%25E6%2599%25AF%25E7%2582%25B9&source=web_explore_feed,https://www.xiaohongshu.com/search_result/696fa0ac000000000c034dc9?xsec_token=AB77uzi0EerVRpy94KBEYAZzq2LOQgUibtPOH1yy5VH3Y=&xsec_source=,https://sns-webpic-qc.xhscdn.com/202603251930/991e0d701767a89fa138d28532b2ea1f/cbcb8e12-4e9e-3c1c-887c-9783dfbb332a!nc_n_webp_mw_1,728dbfd0a048be9e1daeff166774f64e519ba1d2acf1e5239dd480324fca845e,https://www.xiaohongshu.com/search_result/696fa0ac000000000c034dc9?xsec_token=AB77uzi0EerVRpy94KBEYAZzq2LOQgUibtPOH1yy5VH3Y=&xsec_source=,是,否
小红书,小红书-西安旅游景点2.json,西安旅游景点2,西安旅游景点,陕西西安七天六晚旅游攻略！,西安王导旅行,https://www.xiaohongshu.com/user/profile/5d4d29de0000000016019795?channel_type=web_search_result_notes&parent_page_channel_type=web_profile_board&xsec_token=ABXamoIvpOSlDnp1Sg35dqt-daWyuLV6SvWTS2DYwY45s=&xsec_source=pc_search,2025-03-30,2025-03-30,2026-03-25,1598,1598,https://www.xiaohongshu.com/search_result?keyword=%25E8%25A5%25BF%25E5%25AE%2589%25E6%2597%2585%25E6%25B8%25B8%25E6%2599%25AF%25E7%2582%25B9&source=web_explore_feed,https://www.xiaohongshu.com/search_result/67e8b13a000000000900ff42?xsec_token=ABn_HJW5ZJDfI-dgLBk7MkomibTS16BX1QYuDn7Y8Zjzg=&xsec_source=,https://sns-webpic-qc.xhscdn.com/202603251930/3b1dec6b2373eec9e8fe3f2a82dfc502/1040g00831fktrsnug2005nad57f5j5slk52t2ro!nc_n_webp_mw_1,ef148a77b0318fdd4ffe3e81153385572ff331eff289d005cda0b441e8c04764,https://www.xiaohongshu.com/search_result/67e8b13a000000000900ff42?xsec_token=ABn_HJW5ZJDfI-dgLBk7MkomibTS16BX1QYuDn7Y8Zjzg=&xsec_source=,否,否
小红书,小红书-西安旅游景点2.json,西安旅游景点2,西安旅游景点,西安7个小众景点，人少巨出片‼️,小伍玩转西安,https://www.xiaohongshu.com/user/profile/653924f200000000060045b2?channel_type=web_search_result_notes&parent_page_channel_type=web_profile_board&xsec_token=ABfTfHMhvKmo0ZflgzScYlU2XdQ4ij-WiKy3E9Q-B9mF8=&xsec_source=pc_search,2024-10-31,2024-10-31,2026-03-25,1415,1415,https://www.xiaohongshu.com/search_result?keyword=%25E8%25A5%25BF%25E5%25AE%2589%25E6%2597%2585%25E6%25B8%25B8%25E6%2599%25AF%25E7%2582%25B9&source=web_explore_feed,https://www.xiaohongshu.com/search_result/6723873d000000001a035459?xsec_token=ABlVCuB7oa2WRqVqqmLtCK8sTwOzkDIPiNVZpUow2Qpr0=&xsec_source=,https://sns-webpic-qc.xhscdn.com/202603251930/9c24caae6876086136ea861c7104eaeb/1040g2sg319kcg0s4nc705p9p4jp1ghdions2730!nc_n_webp_mw_1,24c4cb1ae1851422ba2ec35368b0296d1821b4e77bf62e1a718d94d58264435f,https://www.xiaohongshu.com/search_result/6723873d000000001a035459?xsec_token=ABlVCuB7oa2WRqVqqmLtCK8sTwOzkDIPiNVZpUow2Qpr0=&xsec_source=,否,否
小红书,小红书-西安旅游景点2.json,西安旅游景点2,西安旅游景点,钟楼免费拍照，今天本人已到！,爱拍照的quang,https://www.xiaohongshu.com/user/profile/64560b2e000000002a00b6e0?channel_type=web_search_result_notes&parent_page_channel_type=web_profile_board&xsec_token=ABE1PzSsRQwywFIAxgo9KXridpsXGic9s7L59IA14PiXY=&xsec_source=pc_search,4天前,2026-03-21,2026-03-25,56,56,https://www.xiaohongshu.com/search_result?keyword=%25E8%25A5%25BF%25E5%25AE%2589%25E6%2597%2585%25E6%25B8%25B8%25E6%2599%25AF%25E7%2582%25B9&source=web_explore_feed,https://www.xiaohongshu.com/search_result/69be727b000000001d01b269?xsec_token=ABqItCO4Ir_VAvM3EXd_-pNQCmaAmgPsSMIr_FvJIhdDk=&xsec_source=,https://sns-webpic-qc.xhscdn.com/202603251930/e92a69952c59e16e716d7ccec31d2474/1040g2sg31tvli5osgoe05p2m1cnahdn0l4u3l60!nc_n_webp_mw_1,e5854a03f5a5ba1077f9d8a06e74e720ef0316d67a4566b99280860da6418405,https://www.xiaohongshu.com/search_result/69be727b000000001d01b269?xsec_token=ABqItCO4Ir_VAvM3EXd_-pNQCmaAmgPsSMIr_FvJIhdDk=&xsec_source=,否,否
小红书,小红书-西安旅游景点2.json,西安旅游景点2,西安旅游景点,,,,,,2026-03-25,,0,https://www.xiaohongshu.com/search_result?keyword=%25E8%25A5%25BF%25E5%25AE%2589%25E6%2597%2585%25E6%25B8%25B8%25E6%2599%25AF%25E7%2582%25B9&source=web_explore_feed,,http://sns-na-i4.xhscdn.com/1040g00831edeuth6gm605nh1he309bfk6n8vfjo?imageView2/1/h/132/w/480/format/jpg&ap=5&sc=HOT_QRY&sign=b9a057ab7090b887bad0d2923719efc9&t=69c3c756&origin=0,76e72375303af3c083b2305dfefad1aa231b0d76db69b71d11943b72deed4d80,ae0e93fbd95a8774f1b5e1042a0b5c3882c27306ab6ec11305d04577f4ca2b15,是,是
小红书,小红书-西安旅游景点2.json,西安旅游景点2,西安旅游景点,西安路书| 整理了4天的行程安排‼️一定要看,肆意的樊晶,https://www.xiaohongshu.com/user/profile/66dae38f000000001d033782?channel_type=web_search_result_notes&parent_page_channel_type=web_profile_board&xsec_token=ABs-OwZ6PMitLTLEitMZL9uG4JpXMd9SxmFnYMRPI-Ews=&xsec_source=pc_search,2024-09-27,2024-09-27,2026-03-25,3475,3475,https://www.xiaohongshu.com/search_result?keyword=%25E8%25A5%25BF%25E5%25AE%2589%25E6%2597%2585%25E6%25B8%25B8%25E6%2599%25AF%25E7%2582%25B9&source=web_explore_feed,https://www.xiaohongshu.com/search_result/66f63a5e000000002c028a15?xsec_token=ABINPoa3J0bOMSX82qS2eKt0hKgOMy1TPTs92EKTCjLSk=&xsec_source=,https://sns-webpic-qc.xhscdn.com/202603251930/c981b356dda07715a2257204e25a282d/1040g00831884qcvnk6005pmqse7neds21rk0e9o!nc_n_webp_mw_1,2d85361f635ce46d07d20e70d1501fb1b1f793774c11062b9d4d3acbd483d09a,https://www.xiaohongshu.com/search_result/66f63a5e000000002c028a15?xsec_token=ABINPoa3J0bOMSX82qS2eKt0hKgOMy1TPTs92EKTCjLSk=&xsec_source=,否,否
小红书,小红书-西安旅游景点2.json,西安旅游景点2,西安旅游景点,被J人闺蜜做的西安四日游攻略惊掉下巴🙀,小红薯65572897,https://www.xiaohongshu.com/user/profile/6556155d0000000002034b34?channel_type=web_search_result_notes&parent_page_channel_type=web_profile_board&xsec_token=ABxk5PnZUrvHYg4FQKr4obwtK6qwiMC9265ZcayxguMbc=&xsec_source=pc_search,2024-11-27,2024-11-27,2026-03-25,1453,1453,https://www.xiaohongshu.com/search_result?keyword=%25E8%25A5%25BF%25E5%25AE%2589%25E6%2597%2585%25E6%25B8%25B8%25E6%2599%25AF%25E7%2582%25B9&source=web_explore_feed,https://www.xiaohongshu.com/search_result/674732a3000000000703ac63?xsec_token=ABU9wxwUoWtTmuiacBQw4F4IFBzaWxZLStXPv-qOwrHmk=&xsec_source=,https://sns-webpic-qc.xhscdn.com/202603251930/9fcfc78c50343efe2a42ce932c75bf27/1040g2sg31an75iah7e005pam2legmipk5e55hf0!nc_n_webp_mw_1,84b3f252a7ad6526f7eea105c136ea232ed8b94184e168a7b166c9c4ddb2089d,https://www.xiaohongshu.com/search_result/674732a3000000000703ac63?xsec_token=ABU9wxwUoWtTmuiacBQw4F4IFBzaWxZLStXPv-qOwrHmk=&xsec_source=,否,否
小红书,小红书-西安旅游景点2.json,西安旅游景点2,西安旅游景点,西安洒金桥-湘子庙-碑林Citywalk吃逛路线！,大牛叔叔,https://www.xiaohongshu.com/user/profile/5d4eb1a700000000160181d2?channel_type=web_search_result_notes&parent_page_channel_type=web_profile_board&xsec_token=AB174tb3FlvKzqIBvkujWbs4-uRHbKsgNIUOSXx1JKVtQ=&xsec_source=pc_search,2025-07-02,2025-07-02,2026-03-25,3471,3471,https://www.xiaohongshu.com/search_result?keyword=%25E8%25A5%25BF%25E5%25AE%2589%25E6%2597%2585%25E6%25B8%25B8%25E6%2599%25AF%25E7%2582%25B9&source=web_explore_feed,https://www.xiaohongshu.com/search_result/6864e948000000001203e4a1?xsec_token=ABJL3s8KVb9llPEJdKXgdrR9rxj0l-pC9HyYyOHnoRitc=&xsec_source=,https://sns-webpic-qc.xhscdn.com/202603251930/da663a2c58dc889a5a88d1e75fbf6b6d/spectrum/1040g34o31je7ff44ie105naem6jlj0ei01uljs8!nc_n_webp_mw_1,6c3a7a8e52d82f4ac1dc6e213d7fc587caf4fe01b9234c391c4720dbb9f3b54f,https://www.xiaohongshu.com/search_result/6864e948000000001203e4a1?xsec_token=ABJL3s8KVb9llPEJdKXgdrR9rxj0l-pC9HyYyOHnoRitc=&xsec_source=,否,否
小红书,小红书-西安旅游景点2.json,西安旅游景点2,西安旅游景点,人生建议‼️拍完这18张Live图再离开西安,深谙,https://www.xiaohongshu.com/user/profile/620667dc00000000100061fe?channel_type=web_search_result_notes&parent_page_channel_type=web_profile_board&xsec_token=ABRXzjjFtw2wiXp0fqwt2tOeoqaMhJRqxPFhOVq10kNQg=&xsec_source=pc_search,2025-09-19,2025-09-19,2026-03-25,1114,1114,https://www.xiaohongshu.com/search_result?keyword=%25E8%25A5%25BF%25E5%25AE%2589%25E6%2597%2585%25E6%25B8%25B8%25E6%2599%25AF%25E7%2582%25B9&source=web_explore_feed,https://www.xiaohongshu.com/search_result/68ccb31800000000130061bc?xsec_token=ABfp0fTTv9EvHhm1ViJ7av8gT2zG1KgRdSrmoepfgQWaU=&xsec_source=,https://sns-webpic-qc.xhscdn.com/202603251930/755d1f3daa08a8c6d698af3c38507e56/1040g2sg31mjhg35dkseg5og6cve40ofu2v30b1g!nc_n_webp_mw_1,0948873d5f100d35bbe43f5642daaa5ec9fef864539c51ab9a6b3b4ab3525781,https://www.xiaohongshu.com/search_result/68ccb31800000000130061bc?xsec_token=ABfp0fTTv9EvHhm1ViJ7av8gT2zG1KgRdSrmoepfgQWaU=&xsec_source=,否,否
小红书,小红书-西安旅游景点2.json,西安旅游景点2,西安旅游景点,📍西安人的城墙下～,又又敏,https://www.xiaohongshu.com/user/profile/57fe22d83460940410efe4df?channel_type=web_search_result_notes&parent_page_channel_type=web_profile_board&xsec_token=AB5rDYTEjYOLDtaaqGSIAoi3-Au9ohnDDLOzv3jCSnnbI=&xsec_source=pc_search,03-10,2026-03-10,2026-03-25,664,664,https://www.xiaohongshu.com/search_result?keyword=%25E8%25A5%25BF%25E5%25AE%2589%25E6%2597%2585%25E6%25B8%25B8%25E6%2599%25AF%25E7%2582%25B9&source=web_explore_feed,https://www.xiaohongshu.com/search_result/69b021b3000000002203b72d?xsec_token=ABAqzZalDmw5p4uLuEBdFn7F7NPfIntOms49LQRQchjMg=&xsec_source=,https://sns-webpic-qc.xhscdn.com/202603251930/27edf04a4cb518d511495c2f0099f4dc/notes_pre_post/1040g3k031thmb4snla0048oupthdhp6v1efcao8!nc_n_webp_mw_1,d3f8a1e998fdf4dae00a13143aca2576244debe5c48cc42a751ce9760ac852df,https://www.xiaohongshu.com/search_result/69b021b3000000002203b72d?xsec_token=ABAqzZalDmw5p4uLuEBdFn7F7NPfIntOms49LQRQchjMg=&xsec_source=,否,否
小红书,小红书-西安旅游景点2.json,西安旅游景点2,西安旅游景点,来了一周没拍过照片借点实况发发朋友圈,小火星出发,https://www.xiaohongshu.com/user/profile/68a8069600000000190225ce?channel_type=web_search_result_notes&parent_page_channel_type=web_profile_board&xsec_token=ABvouT0EKaJP5M1YBViyvDDi1y_NsRwnc7hOSoqa0A4YQ=&xsec_source=pc_search,2025-09-01,2025-09-01,2026-03-25,204,204,https://www.xiaohongshu.com/search_result?keyword=%25E8%25A5%25BF%25E5%25AE%2589%25E6%2597%2585%25E6%25B8%25B8%25E6%2599%25AF%25E7%2582%25B9&source=web_explore_feed,https://www.xiaohongshu.com/search_result/68b59741000000001d00d451?xsec_token=ABcHPLultmmmeUQXVPqAzBA54g3ulTwhWy_wR2MBNTkWg=&xsec_source=,https://sns-webpic-qc.xhscdn.com/202603251930/51f36ed0fe9aeebbb47a87fc3919a8f5/1040g00831lsnapv04q605q580qb6c9eeilq6lf0!nc_n_webp_mw_1,024649fe82a7462d8d46b8260a257ed9f5bf3b7dba33d455a8ac6809b068b7c4,https://www.xiaohongshu.com/search_result/68b59741000000001d00d451?xsec_token=ABcHPLultmmmeUQXVPqAzBA54g3ulTwhWy_wR2MBNTkWg=&xsec_source=,否,否
小红书,小红书-西安旅游景点2.json,西安旅游景点2,西安旅游景点,,动物万事屋,https://www.xiaohongshu.com/user/profile/6607f9b1000000000600dffc?channel_type=web_search_result_notes&parent_page_channel_type=web_profile_board&xsec_token=ABDSMZdWU8A1-_6TI7Rzvdpy6mnHkYuDOD6z2oXczZICw=&xsec_source=pc_search,2025-03-27,2025-03-27,2026-03-25,234,234,https://www.xiaohongshu.com/search_result?keyword=%25E8%25A5%25BF%25E5%25AE%2589%25E6%2597%2585%25E6%25B8%25B8%25E6%2599%25AF%25E7%2582%25B9&source=web_explore_feed,https://www.xiaohongshu.com/search_result/67e4eb86000000001b03ade3?xsec_token=ABt6nlPXE1GgdKccFbjm36y6w9bEwEFRjrLjIWD3MCMsQ=&xsec_source=,https://sns-webpic-qc.xhscdn.com/202603251930/dd4a33df6ce492ec679f71f15540c6a9/spectrum/1040g0k031fh7v8sp76005pg7v6ohhnvs0snrb9o!nc_n_webp_mw_1,9d373900b2e0e65b8a45334eb97b0fd532e525e7665a73ae544edcd3a8933d6b,https://www.xiaohongshu.com/search_result/67e4eb86000000001b03ade3?xsec_token=ABt6nlPXE1GgdKccFbjm36y6w9bEwEFRjrLjIWD3MCMsQ=&xsec_source=,是,否
小红书,小红书-西安旅游景点2.json,西安旅游景点2,西安旅游景点,,漫游地图的圆子,https://www.xiaohongshu.com/user/profile/63c6190800000000260043b5?channel_type=web_search_result_notes&parent_page_channel_type=web_profile_board&xsec_token=ABvIpqAm-0dw8ETht9pkKjQnzoTdth-HazJgMykcrq144=&xsec_source=pc_search,2025-02-26,2025-02-26,2026-03-25,1054,1054,https://www.xiaohongshu.com/search_result?keyword=%25E8%25A5%25BF%25E5%25AE%2589%25E6%2597%2585%25E6%25B8%25B8%25E6%2599%25AF%25E7%2582%25B9&source=web_explore_feed,https://www.xiaohongshu.com/search_result/67beada6000000002902f26b?xsec_token=ABGSqxNWmvbSUUUPK3FCCHUbr3sD1Ua8VAkReuepLU6uM=&xsec_source=,https://sns-webpic-qc.xhscdn.com/202603251930/12c9b98d3129d86b75cfde87e4394124/spectrum/1040g34o31ebrh824h20g5ou63449ggtltq6v9eg!nc_n_webp_mw_1,0a0a0410bb972da9798b2eb68c0bf5e7176bf16048cbb727e79d8d296c9467d1,https://www.xiaohongshu.com/search_result/67beada6000000002902f26b?xsec_token=ABGSqxNWmvbSUUUPK3FCCHUbr3sD1Ua8VAkReuepLU6uM=&xsec_source=,是,否
小红书,小红书-西安旅游景点2.json,西安旅游景点2,西安旅游景点,,,,,,2026-03-25,,0,https://www.xiaohongshu.com/search_result?keyword=%25E8%25A5%25BF%25E5%25AE%2589%25E6%2597%2585%25E6%25B8%25B8%25E6%2599%25AF%25E7%2582%25B9&source=web_explore_feed,,http://sns-na-i4.xhscdn.com/1040g00831bs4olsp16604buvmakqmgia60s83bo?imageView2/1/h/132/w/480/format/jpg&ap=5&sc=HOT_QRY&sign=9490652a7d39295189e4ec92cfe79301&t=69c3c756&origin=0,a36942f66444d8ce5bb4085100cd4e6c1ef705f26760f76e95ec2649514650de,8affbd05e08e5b530d230a73880942166ebd9704f515586a9b9165f3903964a1,是,是
小红书,小红书-西安旅游景点2.json,西安旅游景点2,西安旅游景点,陕西|大雁塔,山西旅游旅行记1+1,https://www.xiaohongshu.com/user/profile/60d85c110000000001009f9a?channel_type=web_search_result_notes&parent_page_channel_type=web_profile_board&xsec_token=ABmVsSTNmh6Do7g4ZyLr3bVrNpVxemcUm5UHR2pAP8bP0=&xsec_source=pc_search,2025-12-08,2025-12-08,2026-03-25,1322,1322,https://www.xiaohongshu.com/search_result?keyword=%25E8%25A5%25BF%25E5%25AE%2589%25E6%2597%2585%25E6%25B8%25B8%25E6%2599%25AF%25E7%2582%25B9&source=web_explore_feed,https://www.xiaohongshu.com/search_result/69363440000000000d036224?xsec_token=AB1tnyhUfCOTLCfqDTStxDcQ29b_JjF3QbGlLp9527VUs=&xsec_source=,https://sns-webpic-qc.xhscdn.com/202603251930/3d134ed4ff52c4cdcaba256a9f3f220f/1040g2sg31pqk24bh4mkg5o6obg8g97sqbpvepf8!nc_n_webp_mw_1,2da7de58cd3f1422920d8e21374aa56ae266b30cecc47694330bf30874221dd2,https://www.xiaohongshu.com/search_result/69363440000000000d036224?xsec_token=AB1tnyhUfCOTLCfqDTStxDcQ29b_JjF3QbGlLp9527VUs=&xsec_source=,否,否
小红书,小红书-西安旅游景点2.json,西安旅游景点2,西安旅游景点,,中国旅行推荐,https://www.xiaohongshu.com/user/profile/6535c7ac000000000301ef72?channel_type=web_search_result_notes&parent_page_channel_type=web_profile_board&xsec_token=ABQRcTg8oRYIvqLy4LE5AP-X0dgm1RBf1I0nvblUy4PLQ=&xsec_source=pc_search,2025-04-25,2025-04-25,2026-03-25,3725,3725,https://www.xiaohongshu.com/search_result?keyword=%25E8%25A5%25BF%25E5%25AE%2589%25E6%2597%2585%25E6%25B8%25B8%25E6%2599%25AF%25E7%2582%25B9&source=web_explore_feed,https://www.xiaohongshu.com/search_result/680b3756000000001e002a21?xsec_token=AB6CJ5dzF3itosqOJCEWdxYqBbnzKq3QYnSFapAaaeJeI=&xsec_source=,https://sns-webpic-qc.xhscdn.com/202603251930/4f44851a64f1cb1be9036901f6bd9784/1040g2sg31gmkm79bju005p9loum0rrrigp68v30!nc_n_webp_mw_1,71dfbb79007b56d9462f111897abba676ee2d3e34223b14d153a46db2b8415b3,https://www.xiaohongshu.com/search_result/680b3756000000001e002a21?xsec_token=AB6CJ5dzF3itosqOJCEWdxYqBbnzKq3QYnSFapAaaeJeI=&xsec_source=,是,否
小红书,小红书-西安旅游景点2.json,西安旅游景点2,西安旅游景点,整理西安周边一些冷门但真“古”的小众景点,抹茶猪大肠🚀旅行笔记,https://www.xiaohongshu.com/user/profile/5418670db4c4d6772da38d27?channel_type=web_search_result_notes&parent_page_channel_type=web_profile_board&xsec_token=ABu5AXSaQmpMCPlx7EeoxqvvqTGAmWEH8sIK1T_tcJUp8=&xsec_source=pc_search,2025-08-25,2025-08-25,2026-03-25,237,237,https://www.xiaohongshu.com/search_result?keyword=%25E8%25A5%25BF%25E5%25AE%2589%25E6%2597%2585%25E6%25B8%25B8%25E6%2599%25AF%25E7%2582%25B9&source=web_explore_feed,https://www.xiaohongshu.com/search_result/68a0446c000000001d01a4d1?xsec_token=AB0iHMrTqwkOhl--cGMhDQOsj1f6qpWbTACmlxgynOCao=&xsec_source=,https://sns-webpic-qc.xhscdn.com/202603251930/9285346ee43a9c27a5a8925375e0282c/notes_pre_post/1040g3k031l8687g6lm004006rtjgr397p8aqqbo!nc_n_webp_mw_1,d2653a012b0fc19ef9b84519e327407f01bd97c2b55c2e27e1b9acd9f58087be,https://www.xiaohongshu.com/search_result/68a0446c000000001d01a4d1?xsec_token=AB0iHMrTqwkOhl--cGMhDQOsj1f6qpWbTACmlxgynOCao=&xsec_source=,否,否
小红书,小红书-西安旅游景点2.json,西安旅游景点2,西安旅游景点,,西安打卡指南,https://www.xiaohongshu.com/user/profile/672da96d000000001d02d4c1?channel_type=web_search_result_notes&parent_page_channel_type=web_profile_board&xsec_token=ABuAJjmxdnbIjrrV8ZH6ZSycSRKTa69Z_TMmS79AY6wZw=&xsec_source=pc_search,2025-06-18,2025-06-18,2026-03-25,651,651,https://www.xiaohongshu.com/search_result?keyword=%25E8%25A5%25BF%25E5%25AE%2589%25E6%2597%2585%25E6%25B8%25B8%25E6%2599%25AF%25E7%2582%25B9&source=web_explore_feed,https://www.xiaohongshu.com/search_result/68529f910000000013010c9d?xsec_token=ABpt6DYBSy-fd5Q0FaZmGV0B66T968LE09cr4OkctuhV8=&xsec_source=,https://sns-webpic-qc.xhscdn.com/202603251930/23f4b51a274b1fe198ccdf1923f64f81/1040g2sg31isc5mpuhea05ppdl5mndl61vn5i8og!nc_n_webp_mw_1,b4f96fd305ee8331158a4b4bd0bc9b266eb2f076ef2a172481e561e0880979af,https://www.xiaohongshu.com/search_result/68529f910000000013010c9d?xsec_token=ABpt6DYBSy-fd5Q0FaZmGV0B66T968LE09cr4OkctuhV8=&xsec_source=,是,否
小红书,小红书-西安旅游景点2.json,西安旅游景点2,西安旅游景点,,,,,,2026-03-25,,0,https://www.xiaohongshu.com/search_result?keyword=%25E8%25A5%25BF%25E5%25AE%2589%25E6%2597%2585%25E6%25B8%25B8%25E6%2599%25AF%25E7%2582%25B9&source=web_explore_feed,,http://sns-na-i4.xhscdn.com/110/0/01e93c0f6d61b0090010000000019b129c557b_0.jpg?imageView2/1/h/132/w/480/format/jpg&ap=5&sc=HOT_QRY&sign=8b394f6a7b4d980e64a179b8b2667e61&t=69c3c75a&origin=0,3d4fe8b80b2770db82266d1e0ab5c441ea5ada2aaf605b211e40e6dd5a59c9ac,27ddb526774c8cb5f14eb2ede59d8ff90016bac9e6d9ebc42a64ed0eff27a3e6,是,是
小红书,小红书-西安旅游景点2.json,西安旅游景点2,西安旅游景点,闺蜜一致认为西安好玩的,小小吃货,https://www.xiaohongshu.com/user/profile/59e87ac611be101b2c6eabd4?channel_type=web_search_result_notes&parent_page_channel_type=web_profile_board&xsec_token=ABr9Be1r7rWT2cf-2O5zBT0ZDnMRWrmxUTOO_ScSTTsss=&xsec_source=pc_search,03-18,2026-03-18,2026-03-25,12,12,https://www.xiaohongshu.com/search_result?keyword=%25E8%25A5%25BF%25E5%25AE%2589%25E6%2597%2585%25E6%25B8%25B8%25E6%2599%25AF%25E7%2582%25B9&source=web_explore_feed,https://www.xiaohongshu.com/search_result/69ba5c890000000023016acf?xsec_token=AB0y8n16ucw_8Er5fiM5RIX9syfNRKbXaXaxqswvQsxEE=&xsec_source=,https://sns-webpic-qc.xhscdn.com/202603251930/9ba95970bd4cbc609d3f28e0886b93db/notes_pre_post/1040g3k831trm0vk57e7049um0ptcdaukjkb4al0!nc_n_webp_mw_1,6d108a39222a5301ee96ece51eaec8c2271596712c0be8a34331cd540a2bfc3c,https://www.xiaohongshu.com/search_result/69ba5c890000000023016acf?xsec_token=AB0y8n16ucw_8Er5fiM5RIX9syfNRKbXaXaxqswvQsxEE=&xsec_source=,否,否
小红书,小红书-西安旅游景点2.json,西安旅游景点2,西安旅游景点,兴庆公园郁金香🌷还没开,郭郭郭,https://www.xiaohongshu.com/user/profile/5a7ed0584eacab395f3db5c0?channel_type=web_search_result_notes&parent_page_channel_type=web_profile_board&xsec_token=AB8LANzcKwxyIWtvmQlPoTIneTRb5HCBwZbzYjCnbNUGg=&xsec_source=pc_search,4天前,2026-03-21,2026-03-25,9,9,https://www.xiaohongshu.com/search_result?keyword=%25E8%25A5%25BF%25E5%25AE%2589%25E6%2597%2585%25E6%25B8%25B8%25E6%2599%25AF%25E7%2582%25B9&source=web_explore_feed,https://www.xiaohongshu.com/search_result/69be7069000000001f0057e7?xsec_token=ABqItCO4Ir_VAvM3EXd_-pNUy_Syb_qdIk-B1hW579t8E=&xsec_source=,https://sns-webpic-qc.xhscdn.com/202603251930/7acd066ab0707e886227bb4b6d407ed9/notes_uhdr/1040g3qg31tvlea67nq004a1cn885hde0i3j7fo0!nc_n_webp_mw_1,5370de2fe16e97446787233b1c35c8ef92ceb4fbe3866a1a0df1e57f82379004,https://www.xiaohongshu.com/search_result/69be7069000000001f0057e7?xsec_token=ABqItCO4Ir_VAvM3EXd_-pNUy_Syb_qdIk-B1hW579t8E=&xsec_source=,否,否
小红书,小红书-西安旅游景点2.json,西安旅游景点2,西安旅游景点,来西安旅游只有本地人才知道的6个小众景点,羊妞Go,https://www.xiaohongshu.com/user/profile/67eff621000000000e0115ca?channel_type=web_search_result_notes&parent_page_channel_type=web_profile_board&xsec_token=ABscsyx24BBDeRQHnv7WD1rlsshbSi2ho8uBCV5MSZzP0=&xsec_source=pc_search,2025-10-01,2025-10-01,2026-03-25,5257,5257,https://www.xiaohongshu.com/search_result?keyword=%25E8%25A5%25BF%25E5%25AE%2589%25E6%2597%2585%25E6%25B8%25B8%25E6%2599%25AF%25E7%2582%25B9&source=web_explore_feed,https://www.xiaohongshu.com/search_result/68dc7fd30000000004010482?xsec_token=ABiOp3GQayzlA4wUkvkq0O3Ck_HHhBMaTGozEuZ0mbAN0=&xsec_source=,https://sns-webpic-qc.xhscdn.com/202603251930/afa21e3b827417cf8604f759abb9459c/spectrum/1040g34o31n2ggquul20g5pvfuogji5ead1bacv0!nc_n_webp_mw_1,0bea4be2791bf4fe4396add5466d09e0ddd7536e63e3d01ae9b81f8faf2f5522,https://www.xiaohongshu.com/search_result/68dc7fd30000000004010482?xsec_token=ABiOp3GQayzlA4wUkvkq0O3Ck_HHhBMaTGozEuZ0mbAN0=&xsec_source=,否,否
小红书,小红书-西安旅游景点2.json,西安旅游景点2,西安旅游景点,🔥西安元旦｜热门景点开放时间+预约攻略,西安周末去哪,https://www.xiaohongshu.com/user/profile/6168e05e000000001f03ba5e?channel_type=web_search_result_notes&parent_page_channel_type=web_profile_board&xsec_token=ABpit2Tbm0KLUBEU4s557dP5BjkPs2b0odI6Iw2BjFojg=&xsec_source=pc_search,01-01,2026-01-01,2026-03-25,42,42,https://www.xiaohongshu.com/search_result?keyword=%25E8%25A5%25BF%25E5%25AE%2589%25E6%2597%2585%25E6%25B8%25B8%25E6%2599%25AF%25E7%2582%25B9&source=web_explore_feed,https://www.xiaohongshu.com/search_result/6954e4c8000000001e0279fc?xsec_token=ABCe9DLjoXUjJJ31OwN_lWTD1NH7enQe5F70fV5y5uOno=&xsec_source=,https://sns-webpic-qc.xhscdn.com/202603251930/c66575d2a55e90c2d0f888cc88a6b85e/spectrum/1040g34o31qoj2idan0105ob8s1f7veiupvn68go!nc_n_webp_mw_1,6245eed9da45837fe49d39b0a30f00fb4721646d0e89d60d5f78dd9858f20e62,https://www.xiaohongshu.com/search_result/6954e4c8000000001e0279fc?xsec_token=ABCe9DLjoXUjJJ31OwN_lWTD1NH7enQe5F70fV5y5uOno=&xsec_source=,否,否
小红书,小红书-西安旅游景点2.json,西安旅游景点2,西安旅游景点,进入秦岭国家植物园的快乐时光🍃,Nelly和Summer,https://www.xiaohongshu.com/user/profile/5ab78705e8ac2b52e79a432e?channel_type=web_search_result_notes&parent_page_channel_type=web_profile_board&xsec_token=AB1AKwFArKkakOKFt8iW9LYB4Mhw6ps-sT2ouzrNIyjAY=&xsec_source=pc_search,4天前,2026-03-21,2026-03-25,6,6,https://www.xiaohongshu.com/search_result?keyword=%25E8%25A5%25BF%25E5%25AE%2589%25E6%2597%2585%25E6%25B8%25B8%25E6%2599%25AF%25E7%2582%25B9&source=web_explore_feed,https://www.xiaohongshu.com/search_result/69be307e000000001a029c30?xsec_token=ABqItCO4Ir_VAvM3EXd_-pNTrF-LI1QylLJ9LXGnVpwwQ=&xsec_source=,https://sns-webpic-qc.xhscdn.com/202603251930/0ffab3a9c07b0c1ab27a2cfe0d5bdd4f/1040g2sg31tvdk4gn7e404a3tef3gagpe605iv98!nc_n_webp_mw_1,c2445cfceaed6b5be7e928f312139203e50cedae29c2f94b8e4988e1527230e4,https://www.xiaohongshu.com/search_result/69be307e000000001a029c30?xsec_token=ABqItCO4Ir_VAvM3EXd_-pNTrF-LI1QylLJ9LXGnVpwwQ=&xsec_source=,否,否
小红书,小红书-西安旅游景点2.json,西安旅游景点2,西安旅游景点,人均800💰西安3天2夜攻略👭闺蜜游,小鸽子大卡子,https://www.xiaohongshu.com/user/profile/5f5638ad0000000001009efb?channel_type=web_search_result_notes&parent_page_channel_type=web_profile_board&xsec_token=AB33-IpVUMqspZakFrK5YbJp6OS3JvgJ6GdFYS3xQvF7s=&xsec_source=pc_search,2025-06-24,2025-06-24,2026-03-25,1.9万,19000,https://www.xiaohongshu.com/search_result?keyword=%25E8%25A5%25BF%25E5%25AE%2589%25E6%2597%2585%25E6%25B8%25B8%25E6%2599%25AF%25E7%2582%25B9&source=web_explore_feed,https://www.xiaohongshu.com/search_result/6857ced1000000002001b498?xsec_token=AB__D4HIzUtOdTJlAPCUizhuRQ4BOfVSC7O-en0fS_a0I=&xsec_source=,https://sns-webpic-qc.xhscdn.com/202603251930/0449460f2077423ecb48789821191111/1040g00831j44e7pbha005nqm72mg97nr9ivkt4o!nc_n_webp_mw_1,e4bb6710b482c6dd1e14c2f253adb24dbb7e075b73a56e2625be2264b63a58ef,https://www.xiaohongshu.com/search_result/6857ced1000000002001b498?xsec_token=AB__D4HIzUtOdTJlAPCUizhuRQ4BOfVSC7O-en0fS_a0I=&xsec_source=,否,否
小红书,小红书-西安旅游景点2.json,西安旅游景点2,西安旅游景点,,椰丝mola,https://www.xiaohongshu.com/user/profile/5d9c337e000000000100119f?channel_type=web_search_result_notes&parent_page_channel_type=web_profile_board&xsec_token=ABf5qRg7-HqTFZC3kyMgG85Z75THkQg2JQxrl85jt0t4Y=&xsec_source=pc_search,02-06,2026-02-06,2026-03-25,788,788,https://www.xiaohongshu.com/search_result?keyword=%25E8%25A5%25BF%25E5%25AE%2589%25E6%2597%2585%25E6%25B8%25B8%25E6%2599%25AF%25E7%2582%25B9&source=web_explore_feed,https://www.xiaohongshu.com/search_result/698608da000000001a01e8a7?xsec_token=ABcuaCQh0qTHDj1bU7wXTVNwMiFRhl1xt8BIZJtYOJcW0=&xsec_source=,https://sns-webpic-qc.xhscdn.com/202603251930/b95d7ce7e2fb706bba9d24f21eb5c69d/b519ea9b-c609-3549-8764-964037ef128b!nc_n_webp_mw_1,e0ff86b5fac2baa351c92054b1e937ecfc7da40bba17d3747a39457f0d718afd,https://www.xiaohongshu.com/search_result/698608da000000001a01e8a7?xsec_token=ABcuaCQh0qTHDj1bU7wXTVNwMiFRhl1xt8BIZJtYOJcW0=&xsec_source=,是,否
小红书,小红书-西安旅游景点2.json,西安旅游景点2,西安旅游景点,周塬路赏春一日游攻略,爱逛的阿黛,https://www.xiaohongshu.com/user/profile/64f5f0cc0000000005001466?channel_type=web_search_result_notes&parent_page_channel_type=web_profile_board&xsec_token=ABTh0rzTC-mz4Q4qCQGWa_fh_F6wVUAJ8PpRrYCfytAm8=&xsec_source=pc_search,4天前,2026-03-21,2026-03-25,88,88,https://www.xiaohongshu.com/search_result?keyword=%25E8%25A5%25BF%25E5%25AE%2589%25E6%2597%2585%25E6%25B8%25B8%25E6%2599%25AF%25E7%2582%25B9&source=web_explore_feed,https://www.xiaohongshu.com/search_result/69bd72aa000000002800b58e?xsec_token=ABx7nDF0_zUeWbV3fpeG5hcoAcHKUjB4hiNnX9_uQHeRM=&xsec_source=,https://sns-webpic-qc.xhscdn.com/202603251930/847e857b0d22d8abb2d7471062d0ac72/1040g2sg31tume9ed6ukg5p7lu36185366reevkg!nc_n_webp_mw_1,25a255b4c13d778d7efad93a37903404178c90eb69c320c0930e101589aeee40,https://www.xiaohongshu.com/search_result/69bd72aa000000002800b58e?xsec_token=ABx7nDF0_zUeWbV3fpeG5hcoAcHKUjB4hiNnX9_uQHeRM=&xsec_source=,否,否
小红书,小红书-西安旅游景点2.json,西安旅游景点2,西安旅游景点,3.22西安城墙失火了，不知哪儿,玻璃海棠,https://www.xiaohongshu.com/user/profile/5e1886960000000001003f4d?channel_type=web_search_result_notes&parent_page_channel_type=web_profile_board&xsec_token=ABRPFkM8rYBAcApnlhqD3wcQOBRf_XgohwTsZjk5ENBKQ=&xsec_source=pc_search,3天前,2026-03-22,2026-03-25,422,422,https://www.xiaohongshu.com/search_result?keyword=%25E8%25A5%25BF%25E5%25AE%2589%25E6%2597%2585%25E6%25B8%25B8%25E6%2599%25AF%25E7%2582%25B9&source=web_explore_feed,https://www.xiaohongshu.com/search_result/69bf9509000000001a03403c?xsec_token=ABCqUKelMSCKMCxkEYIRl5HC43mdUPncZdbeAWYXIi2zw=&xsec_source=,https://sns-webpic-qc.xhscdn.com/202603251930/e5caec3a89cd369b1aaa6fc542d886b7/1040g00831u0ovoac7e6g5ngogqb08fqdt1u9jp0!nc_n_webp_mw_1,d4cee10b1a5f85d62b38771f17f8e4e9cc862dbeb319e9a18970c3e52f811987,https://www.xiaohongshu.com/search_result/69bf9509000000001a03403c?xsec_token=ABCqUKelMSCKMCxkEYIRl5HC43mdUPncZdbeAWYXIi2zw=&xsec_source=,否,否
小红书,小红书-西安旅游景点2.json,西安旅游景点2,西安旅游景点,,,,,,2026-03-25,,0,https://www.xiaohongshu.com/search_result?keyword=%25E8%25A5%25BF%25E5%25AE%2589%25E6%2597%2585%25E6%25B8%25B8%25E6%2599%25AF%25E7%2582%25B9&source=web_explore_feed,,https://sns-search-i2.xhscdn.com/hot-query-image-crop-web/v2/1000g0082qkpf1eiji0005n8m7cr4e4qeiv91tr8?imageView2/1/h/132/w/480/format/jpg,a9b25afe380e2370801460fe538ad6e4a4e15fdec4ea2c953b750e06d215e24d,c3d225eeb335fdc7e97ee203d6a6913ebae28042ac186d70889eca9124720a57,是,是
小红书,小红书-西安旅游景点2.json,西安旅游景点2,西安旅游景点,来西安不能错过的建筑！大雁塔,长安甄选,https://www.xiaohongshu.com/user/profile/5e798c3b0000000001006df4?channel_type=web_search_result_notes&parent_page_channel_type=web_profile_board&xsec_token=ABjbLhBQs2fvP7BwSA4Bgubq07N7DWAENmbSqynDB8ahI=&xsec_source=pc_search,2025-08-09,2025-08-09,2026-03-25,6,6,https://www.xiaohongshu.com/search_result?keyword=%25E8%25A5%25BF%25E5%25AE%2589%25E6%2597%2585%25E6%25B8%25B8%25E6%2599%25AF%25E7%2582%25B9&source=web_explore_feed,https://www.xiaohongshu.com/search_result/68971a680000000025026508?xsec_token=ABwqrLUJZ83q6BcrD87rW2u3vGQmjsJE9pwL5tQubY-CY=&xsec_source=,https://sns-webpic-qc.xhscdn.com/202603251930/1cd14a0357d76db1b09b969f1c539f01/1040g00831kv84cr9kk6g5njphgtg8rfkhhmavk8!nc_n_webp_mw_1,8c984940389f10ca9a6d1a168fb84fd4db0ad8e5feefd65e972d0d9d9c41d637,https://www.xiaohongshu.com/search_result/68971a680000000025026508?xsec_token=ABwqrLUJZ83q6BcrD87rW2u3vGQmjsJE9pwL5tQubY-CY=&xsec_source=,否,否
小红书,小红书-西安旅游景点2.json,西安旅游景点2,西安旅游景点,J人好恐怖…朋友做的西安旅游攻略震撼到我,亲爱的夭夭,https://www.xiaohongshu.com/user/profile/5555cff8484fb61c04c6bc58?channel_type=web_search_result_notes&parent_page_channel_type=web_profile_board&xsec_token=AB1An-0pRx-ov2V3pHjWZI0WhslgWQWV6T9Vp9-0zgdvg=&xsec_source=pc_search,03-08,2026-03-08,2026-03-25,394,394,https://www.xiaohongshu.com/search_result?keyword=%25E8%25A5%25BF%25E5%25AE%2589%25E6%2597%2585%25E6%25B8%25B8%25E6%2599%25AF%25E7%2582%25B9&source=web_explore_feed,https://www.xiaohongshu.com/search_result/69ad37170000000026030538?xsec_token=ABqX8FRULvoaNQcmeGZhdVBKAxaELvzeVQI3xdQK3y-1g=&xsec_source=,https://sns-webpic-qc.xhscdn.com/202603251930/5b2a22184011c3677a5bc6ffd7ecf269/1040g00831ter616v5a0040keaa7vhf2ofh1v3no!nc_n_webp_mw_1,6b0adda18c769d20a0bc44213ff222710d888687d9dac18c5dffebbbbd959c6c,https://www.xiaohongshu.com/search_result/69ad37170000000026030538?xsec_token=ABqX8FRULvoaNQcmeGZhdVBKAxaELvzeVQI3xdQK3y-1g=&xsec_source=,否,否
小红书,小红书-西安旅游景点2.json,西安旅游景点2,西安旅游景点,西安被低估的7个高含金量小众景点,西安周末去哪,https://www.xiaohongshu.com/user/profile/6168e05e000000001f03ba5e?channel_type=web_search_result_notes&parent_page_channel_type=web_profile_board&xsec_token=ABpit2Tbm0KLUBEU4s557dP5BjkPs2b0odI6Iw2BjFojg=&xsec_source=pc_search,2025-01-10,2025-01-10,2026-03-25,1194,1194,https://www.xiaohongshu.com/search_result?keyword=%25E8%25A5%25BF%25E5%25AE%2589%25E6%2597%2585%25E6%25B8%25B8%25E6%2599%25AF%25E7%2582%25B9&source=web_explore_feed,https://www.xiaohongshu.com/search_result/6780aec2000000000100378d?xsec_token=ABymYN747h2zzFboYH5Ox2C4fKANIXouAOupOoZrn90Vk=&xsec_source=,https://sns-webpic-qc.xhscdn.com/202603251930/402954eb503a2be8f8a459c121db2b66/spectrum/1040g34o31cfbie2d0c005ob8s1f7veiuqmd7c08!nc_n_webp_mw_1,78d7bf916d192fd540d47cc704b1aaf5cb7ba342f6f390984668a737c076a39c,https://www.xiaohongshu.com/search_result/6780aec2000000000100378d?xsec_token=ABymYN747h2zzFboYH5Ox2C4fKANIXouAOupOoZrn90Vk=&xsec_source=,否,否
小红书,小红书-西安旅游景点2.json,西安旅游景点2,西安旅游景点,,拾柒里,https://www.xiaohongshu.com/user/profile/67d24e28000000000a03e89d?channel_type=web_search_result_notes&parent_page_channel_type=web_profile_board&xsec_token=ABaqS66IK-Np8o4K1H-C0mJ7QO8w10Bvp10FpA8MwxtDU=&xsec_source=pc_search,2025-09-25,2025-09-25,2026-03-25,15,15,https://www.xiaohongshu.com/search_result?keyword=%25E8%25A5%25BF%25E5%25AE%2589%25E6%2597%2585%25E6%25B8%25B8%25E6%2599%25AF%25E7%2582%25B9&source=web_explore_feed,https://www.xiaohongshu.com/search_result/68d51a77000000001301dfc7?xsec_token=ABuZP-Y5e8Yg30-kHP0Q3oWhLe_dD74j9_wg6ZO3addzY=&xsec_source=,https://sns-webpic-qc.xhscdn.com/202603251930/7e4e9966d5cf4b6b46f20cf51614de32/spectrum/1040g34o31mrpm7404u105pui9ok2nq4tnkbbf2o!nc_n_webp_mw_1,66e3fa5d9492782b3cd119d2c8840d855abfbe246dfee2455ed955a75d1e0794,https://www.xiaohongshu.com/search_result/68d51a77000000001301dfc7?xsec_token=ABuZP-Y5e8Yg30-kHP0Q3oWhLe_dD74j9_wg6ZO3addzY=&xsec_source=,是,否
小红书,小红书-西安旅游景点2.json,西安旅游景点2,西安旅游景点,如果你夏天来西安，建议做完这10件事再走🍃,鲤的醋王,https://www.xiaohongshu.com/user/profile/5cb81130000000001702cf0c?channel_type=web_search_result_notes&parent_page_channel_type=web_profile_board&xsec_token=ABa8ZWwZHJsHsf6XcsJUt8pJLHQktyMADQlKqejmS4wjU=&xsec_source=pc_search,2025-06-26,2025-06-26,2026-03-25,1001,1001,https://www.xiaohongshu.com/search_result?keyword=%25E8%25A5%25BF%25E5%25AE%2589%25E6%2597%2585%25E6%25B8%25B8%25E6%2599%25AF%25E7%2582%25B9&source=web_explore_feed,https://www.xiaohongshu.com/search_result/685cc50b000000001d00f8d2?xsec_token=ABn2lgr5l8e1pbhtlf5PiDzSKvkZTVbC814OHRB_wVLKo=&xsec_source=,https://sns-webpic-qc.xhscdn.com/202603251930/7cc836d1c51610465be77520113ed369/notes_pre_post/1040g3k031j698dgo34005n5o24o5tjoc7i9fccg!nc_n_webp_mw_1,7aa4ff4ff6f17d9669d5603c6deac3e1c67fe44d03bed093a0267bed5616574e,https://www.xiaohongshu.com/search_result/685cc50b000000001d00f8d2?xsec_token=ABn2lgr5l8e1pbhtlf5PiDzSKvkZTVbC814OHRB_wVLKo=&xsec_source=,否,否
小红书,小红书-西安旅游景点2.json,西安旅游景点2,西安旅游景点,国庆去哪玩？一图秒解陕西全省必去旅游景点,李拜天不想上班,https://www.xiaohongshu.com/user/profile/5aca3dc3e8ac2b11028e3102?channel_type=web_search_result_notes&parent_page_channel_type=web_profile_board&xsec_token=AB5jPgtrKIbY2QwmyxE5p5YtasGEFaNEjSVCDBxEJAYW8=&xsec_source=pc_search,2025-09-16,2025-09-16,2026-03-25,941,941,https://www.xiaohongshu.com/search_result?keyword=%25E8%25A5%25BF%25E5%25AE%2589%25E6%2597%2585%25E6%25B8%25B8%25E6%2599%25AF%25E7%2582%25B9&source=web_explore_feed,https://www.xiaohongshu.com/search_result/68b9ad6b000000001b02335b?xsec_token=ABfT9oBRc2YPzsL-uVpygzWvnPOlktqKRcP0rJ_qH-_U8=&xsec_source=,https://sns-webpic-qc.xhscdn.com/202603251930/a326b2b9f176b809c91c1af678c02ea3/spectrum/1040g34o31mdhrr5950104a4cjjus6c82v1lsj8g!nc_n_webp_mw_1,8a5834fb2db671d1b7b03acc31dff2937802d83356d699fa4d6ac36263909675,https://www.xiaohongshu.com/search_result/68b9ad6b000000001b02335b?xsec_token=ABfT9oBRc2YPzsL-uVpygzWvnPOlktqKRcP0rJ_qH-_U8=&xsec_source=,否,否
小红书,小红书-西安旅游景点2.json,西安旅游景点2,西安旅游景点,西安真的太适合CityWalk啦！！,咸鱼不是keii,https://www.xiaohongshu.com/user/profile/5bbc524971e9a000014de9ef?channel_type=web_search_result_notes&parent_page_channel_type=web_profile_board&xsec_token=ABEbmDSJxsEMfdiSKbq3s2oXECQvsgR9Opel03gfJTGcY=&xsec_source=pc_search,2025-01-01,2025-01-01,2026-03-25,5778,5778,https://www.xiaohongshu.com/search_result?keyword=%25E8%25A5%25BF%25E5%25AE%2589%25E6%2597%2585%25E6%25B8%25B8%25E6%2599%25AF%25E7%2582%25B9&source=web_explore_feed,https://www.xiaohongshu.com/search_result/677510d1000000001301a211?xsec_token=ABQjEpvL0MYG44IJpJukKc5zHj2IUM_pd1TJj2Eg-z90U=&xsec_source=,https://sns-webpic-qc.xhscdn.com/202603251930/c91a915105f6cdb7f1f40e37fd9ad2b3/1040g00831c40hgo716004bcjgi94jqffr7h6edg!nc_n_webp_mw_1,0bf0d08966acc8d8bf1d4dc2e54e61712de4cfae513d9b826d61086f4d8123f2,https://www.xiaohongshu.com/search_result/677510d1000000001301a211?xsec_token=ABQjEpvL0MYG44IJpJukKc5zHj2IUM_pd1TJj2Eg-z90U=&xsec_source=,否,否
小红书,小红书-西安旅游景点2.json,西安旅游景点2,西安旅游景点,西安洒金桥早市，广仁寺,July的来,https://www.xiaohongshu.com/user/profile/5647c743c2bdeb10d04d0322?channel_type=web_search_result_notes&parent_page_channel_type=web_profile_board&xsec_token=ABpeXCwOodfw88TQCSXY7KVH-VoQ5MXQETAFwa0My7PMw=&xsec_source=pc_search,2025-06-28,2025-06-28,2026-03-25,4826,4826,https://www.xiaohongshu.com/search_result?keyword=%25E8%25A5%25BF%25E5%25AE%2589%25E6%2597%2585%25E6%25B8%25B8%25E6%2599%25AF%25E7%2582%25B9&source=web_explore_feed,https://www.xiaohongshu.com/search_result/685fa6740000000017033905?xsec_token=ABpxIUvURq37UIj2G85KItJfgiUDO_pNI5MdTnTH02sX4=&xsec_source=,https://sns-webpic-qc.xhscdn.com/202603251930/41ac43b1b9539d866ad4fd628fd8dc2e/notes_pre_post/1040g3k031j933l1ij23042elgl3k60p2br6vogg!nc_n_webp_mw_1,465b35bf20fdff3a2c6dbd3f8d23157724f128ea0751988ecc72694e68ee71b9,https://www.xiaohongshu.com/search_result/685fa6740000000017033905?xsec_token=ABpxIUvURq37UIj2G85KItJfgiUDO_pNI5MdTnTH02sX4=&xsec_source=,否,否
小红书,小红书-西安旅游景点2.json,西安旅游景点2,西安旅游景点,接下来的西安是这样的🍃,咸鱼不是keii,https://www.xiaohongshu.com/user/profile/5bbc524971e9a000014de9ef?channel_type=web_search_result_notes&parent_page_channel_type=web_profile_board&xsec_token=ABEbmDSJxsEMfdiSKbq3s2oXECQvsgR9Opel03gfJTGcY=&xsec_source=pc_search,02-04,2026-02-04,2026-03-25,2104,2104,https://www.xiaohongshu.com/search_result?keyword=%25E8%25A5%25BF%25E5%25AE%2589%25E6%2597%2585%25E6%25B8%25B8%25E6%2599%25AF%25E7%2582%25B9&source=web_explore_feed,https://www.xiaohongshu.com/search_result/69831826000000000b013db9?xsec_token=ABZnO7nK6k2jSRSTgCNZvI2q3ABwi5ajGImIH-3bdDhGs=&xsec_source=,https://sns-webpic-qc.xhscdn.com/202603251930/0c08a63a57962bcdb2476ac8abceca96/1040g2sg31s5mtf975ae04bcjgi94jqffl98hg80!nc_n_webp_mw_1,a2d8e7f3ac73f646361bd01938300b3e991183d396c28108a969543adbc32052,https://www.xiaohongshu.com/search_result/69831826000000000b013db9?xsec_token=ABZnO7nK6k2jSRSTgCNZvI2q3ABwi5ajGImIH-3bdDhGs=&xsec_source=,否,否
小红书,小红书-西安旅游景点2.json,西安旅游景点2,西安旅游景点,西安经典一日游citywalk路线，热门逛街地！,轻工探店日记（重生版）,https://www.xiaohongshu.com/user/profile/6801c121000000000e0135d6?channel_type=web_search_result_notes&parent_page_channel_type=web_profile_board&xsec_token=ABn8fxMNJU7LG7sDdem_ms77VbYarI1UUkiZG4fZMVk8w=&xsec_source=pc_search,2025-09-27,2025-09-27,2026-03-25,3139,3139,https://www.xiaohongshu.com/search_result?keyword=%25E8%25A5%25BF%25E5%25AE%2589%25E6%2597%2585%25E6%25B8%25B8%25E6%2599%25AF%25E7%2582%25B9&source=web_explore_feed,https://www.xiaohongshu.com/search_result/68d64bc8000000001003d0f1?xsec_token=ABFkPAQR4_skZK-K8ByrOzuFBI_8q_C0iJavePa1mGvwA=&xsec_source=,https://sns-webpic-qc.xhscdn.com/202603251930/4da7129b296bfc097d645cf0175f9a46/notes_pre_post/1040g3k031msuqc645i0g5q01o4gjidem3q8oqsg!nc_n_webp_mw_1,47fafcdb66e94afb0a6848d5f1889826542f15166893f4eb0af5bbeca2e92113,https://www.xiaohongshu.com/search_result/68d64bc8000000001003d0f1?xsec_token=ABFkPAQR4_skZK-K8ByrOzuFBI_8q_C0iJavePa1mGvwA=&xsec_source=,否,否
小红书,小红书-西安旅游景点2.json,西安旅游景点2,西安旅游景点,一篇讲清楚👉拍到西安钟鼓楼同框详细路线,Drinky小键键,https://www.xiaohongshu.com/user/profile/5cc8d5fe0000000017002564?channel_type=web_search_result_notes&parent_page_channel_type=web_profile_board&xsec_token=AByzNM4i0hkozbIvAXxrs6vf7BRdjcrUr2OOL-fo58ywQ=&xsec_source=pc_search,2025-06-15,2025-06-15,2026-03-25,3945,3945,https://www.xiaohongshu.com/search_result?keyword=%25E8%25A5%25BF%25E5%25AE%2589%25E6%2597%2585%25E6%25B8%25B8%25E6%2599%25AF%25E7%2582%25B9&source=web_explore_feed,https://www.xiaohongshu.com/search_result/684ed5d9000000000f03b386?xsec_token=ABqFlNku9lF0KowG9YnS7G4jRpVi3TJZM3U61MhHFCh98=&xsec_source=,https://sns-webpic-qc.xhscdn.com/202603251930/0b48079e1bfea50099afbb1dbde87dc1/1040g2sg31iolhrklhaqg5n68qnv5o9b4er86beo!nc_n_webp_mw_1,3ee1681a9a03e4d2e7d13173e9dae20aa04b115fdc67e942abad8437040ad4b8,https://www.xiaohongshu.com/search_result/684ed5d9000000000f03b386?xsec_token=ABqFlNku9lF0KowG9YnS7G4jRpVi3TJZM3U61MhHFCh98=&xsec_source=,否,否
小红书,小红书-西安旅游景点2.json,西安旅游景点2,西安旅游景点,三维图解：西安旅游路线！（建议收藏）,三维地图看世界,https://www.xiaohongshu.com/user/profile/5af91502e8ac2b7825ab39bd?channel_type=web_search_result_notes&parent_page_channel_type=web_profile_board&xsec_token=ABqRqoaTJJc37xpnWx3tOTmvC_S6NDzuAdLo7S7IT3lfk=&xsec_source=pc_search,2024-10-01,2024-10-01,2026-03-25,1.1万,11000,https://www.xiaohongshu.com/search_result?keyword=%25E8%25A5%25BF%25E5%25AE%2589%25E6%2597%2585%25E6%25B8%25B8%25E6%2599%25AF%25E7%2582%25B9&source=web_explore_feed,https://www.xiaohongshu.com/search_result/66fa6774000000001a02224e?xsec_token=ABEqxB_ad87bw4ay_6MWJCMi9-F6qhB03a4WwAn9dNzLg=&xsec_source=,https://sns-webpic-qc.xhscdn.com/202603251930/d6c55b0d2a304c79341d907b1bbcd0e4/spectrum/1040g0k0318c7bjlb0o004a5ag4ag4edtqm4cfng!nc_n_webp_mw_1,9a920425c18081a2ade28ae3603282a1721f13eb3e308a8bf2ce5d64ed8ea6d2,https://www.xiaohongshu.com/search_result/66fa6774000000001a02224e?xsec_token=ABEqxB_ad87bw4ay_6MWJCMi9-F6qhB03a4WwAn9dNzLg=&xsec_source=,否,否
小红书,小红书-西安旅游景点2.json,西安旅游景点2,西安旅游景点,西安值得一去的景点有哪些,ayayaya,https://www.xiaohongshu.com/user/profile/6180c5c3000000000201f65b?channel_type=web_search_result_notes&parent_page_channel_type=web_profile_board&xsec_token=ABFBV4SPrKtA_OS7BbuwW3JmO8qBoIJ_hViSYUA3lujLE=&xsec_source=pc_search,2024-12-30,2024-12-30,2026-03-25,4799,4799,https://www.xiaohongshu.com/search_result?keyword=%25E8%25A5%25BF%25E5%25AE%2589%25E6%2597%2585%25E6%25B8%25B8%25E6%2599%25AF%25E7%2582%25B9&source=web_explore_feed,https://www.xiaohongshu.com/search_result/6772aea9000000000b00e968?xsec_token=ABSsZw_eq249n6RPofat-lNApXxmPz98jur2C2LjU0SF8=&xsec_source=,https://sns-webpic-qc.xhscdn.com/202603251930/d26a4484663b0b365e2d9a8e2a1062ce/1040g00831c1m238cgs005oc0on1gjtirisrdpcg!nc_n_webp_mw_1,23e84d7e379d1a78a33b6912774695f194d40e2df047487d735be4865fdc9653,https://www.xiaohongshu.com/search_result/6772aea9000000000b00e968?xsec_token=ABSsZw_eq249n6RPofat-lNApXxmPz98jur2C2LjU0SF8=&xsec_source=,否,否
小红书,小红书-西安旅游景点2.json,西安旅游景点2,西安旅游景点,,,,,,2026-03-25,,0,https://www.xiaohongshu.com/search_result?keyword=%25E8%25A5%25BF%25E5%25AE%2589%25E6%2597%2585%25E6%25B8%25B8%25E6%2599%25AF%25E7%2582%25B9&source=web_explore_feed,,http://sns-na-i4.xhscdn.com/1040g00831hn7cduj3q005o3v3tjg8fi219a803o?imageView2/1/h/132/w/480/format/jpg&ap=5&sc=HOT_QRY&sign=9af337ab4a5e6a68199e5643e301e8d8&t=69c3c75e&origin=0,6e1d1dce866a883d4eaa5e4f73def1ef3fce68ee6f26f5dead30af6343720c62,a8398267c90f18baa799c9519c88ac39e99beb3fed535e8ab437b737e4a04100,是,是
小红书,小红书-西安旅游景点2.json,西安旅游景点2,西安旅游景点,68岁老太太看西安的《长恨歌》，心疼哭了,风轻云淡胖大姨,https://www.xiaohongshu.com/user/profile/5d03cac70000000012006fd3?channel_type=web_search_result_notes&parent_page_channel_type=web_profile_board&xsec_token=ABfCr6IXSWTOQTycvlzTOFCRehVx_93k_oXOwJP-kwf30=&xsec_source=pc_search,5天前,2026-03-20,2026-03-25,280,280,https://www.xiaohongshu.com/search_result?keyword=%25E8%25A5%25BF%25E5%25AE%2589%25E6%2597%2585%25E6%25B8%25B8%25E6%2599%25AF%25E7%2582%25B9&source=web_explore_feed,https://www.xiaohongshu.com/search_result/69b8cc54000000002301ff8d?xsec_token=ABd5Za_vky-CEvxpNpzXXO3raDA86_6msCf3Dfji2ZA78=&xsec_source=,https://sns-webpic-qc.xhscdn.com/202603251930/4696774e196073abf0dabc784bfa27bb/notes_uhdr/1040g3qg31ttrqlma6u6g5n83pb3kgrujhi61bbg!nc_n_webp_mw_1,db60fac041ea70e936d5a4ee2d7d9e24df775a5f84145ffb487fde48a1e07547,https://www.xiaohongshu.com/search_result/69b8cc54000000002301ff8d?xsec_token=ABd5Za_vky-CEvxpNpzXXO3raDA86_6msCf3Dfji2ZA78=&xsec_source=,否,否
小红书,小红书-西安旅游景点2.json,西安旅游景点2,西安旅游景点,📍西安｜四天四夜｜游玩总结攻略篇✍🏻,turbo,https://www.xiaohongshu.com/user/profile/66aeef69000000001d021a95?channel_type=web_search_result_notes&parent_page_channel_type=web_profile_board&xsec_token=ABeAj2rkgylHco97Gt9qJUqFA_1OUQh0lTBOVyFvUoQJI=&xsec_source=pc_search,01-27,2026-01-27,2026-03-25,153,153,https://www.xiaohongshu.com/search_result?keyword=%25E8%25A5%25BF%25E5%25AE%2589%25E6%2597%2585%25E6%25B8%25B8%25E6%2599%25AF%25E7%2582%25B9&source=web_explore_feed,https://www.xiaohongshu.com/search_result/697880da000000001a02f13d?xsec_token=ABdtjRv6uexQiJ7X4JLUpokI69VKZZFevCmTsAwe5vslg=&xsec_source=,https://sns-webpic-qc.xhscdn.com/202603251930/59bd50473dfb1dcae0f83b65578c9472/1040g2sg31rraehh22shg5plettknc6kl9g38g78!nc_n_webp_mw_1,abd9cf58e81545244c1805e36cb1e0d0839cb964600b9b2754d74993ebd821bf,https://www.xiaohongshu.com/search_result/697880da000000001a02f13d?xsec_token=ABdtjRv6uexQiJ7X4JLUpokI69VKZZFevCmTsAwe5vslg=&xsec_source=,否,否
小红书,小红书-西安旅游景点2.json,西安旅游景点2,西安旅游景点,想来西安玩，这些实话一定要听！！,漫趣时光,https://www.xiaohongshu.com/user/profile/5c59a129000000001a03347c?channel_type=web_search_result_notes&parent_page_channel_type=web_profile_board&xsec_token=ABjMVcj6AiXqdca6uoaIz8NCH7u5PCa8wDy0AFxN5JksQ=&xsec_source=pc_search,2025-05-29,2025-05-29,2026-03-25,1775,1775,https://www.xiaohongshu.com/search_result?keyword=%25E8%25A5%25BF%25E5%25AE%2589%25E6%2597%2585%25E6%25B8%25B8%25E6%2599%25AF%25E7%2582%25B9&source=web_explore_feed,https://www.xiaohongshu.com/search_result/6838172f0000000021008d04?xsec_token=ABK5ULKh6ijgZz6MJ5eWRxw0k8cSUB6cxiUTYh9swnoqo=&xsec_source=,https://sns-webpic-qc.xhscdn.com/202603251930/4c6271f18c9dd1b68854368547b93bb2/notes_pre_post/1040g3k831i2euncs7ad05n2pk4kmmd3s6ot7lj0!nc_n_webp_mw_1,74989e57bde3b5feceae8605b4c741ffbe635120873619c9a343203c78fbd875,https://www.xiaohongshu.com/search_result/6838172f0000000021008d04?xsec_token=ABK5ULKh6ijgZz6MJ5eWRxw0k8cSUB6cxiUTYh9swnoqo=&xsec_source=,否,否
小红书,小红书-西安旅游景点2.json,西安旅游景点2,西安旅游景点,西安旅游不踩坑，一张图带你玩西安,西安旅游管家锦途,https://www.xiaohongshu.com/user/profile/6854fa28000000001b01b83c?channel_type=web_search_result_notes&parent_page_channel_type=web_profile_board&xsec_token=AB60P1NXWV5U1TtuSo9PIa93NlRLMtLikSbkahtCnnZAo=&xsec_source=pc_search,1天前,2026-03-24,2026-03-25,2,2,https://www.xiaohongshu.com/search_result?keyword=%25E8%25A5%25BF%25E5%25AE%2589%25E6%2597%2585%25E6%25B8%25B8%25E6%2599%25AF%25E7%2582%25B9&source=web_explore_feed,https://www.xiaohongshu.com/search_result/69c25b22000000001d01a257?xsec_token=ABAuN-uMyHf13iXQtcesaQUpDkZjMIdoGkcff0l9hW_GU=&xsec_source=,https://sns-webpic-qc.xhscdn.com/202603251930/f8de4b12b2e9dc6811dae4ee62f972cb/spectrum/1040g0k031u3fqvithq005q2kv8k6re1s2h4mg9o!nc_n_webp_mw_1,8eb0c9f0cb008f6c62aa36923a117eded83981afa127d41618b36c25b614617a,https://www.xiaohongshu.com/search_result/69c25b22000000001d01a257?xsec_token=ABAuN-uMyHf13iXQtcesaQUpDkZjMIdoGkcff0l9hW_GU=&xsec_source=,否,否
小红书,小红书-西安旅游景点2.json,西安旅游景点2,西安旅游景点,投资13亿，西安大唐芙蓉园，网红终局？,鹏哥文旅进化论,https://www.xiaohongshu.com/user/profile/6250d499000000001000a9db?channel_type=web_search_result_notes&parent_page_channel_type=web_profile_board&xsec_token=ABFLhI8uEv_W1YCx9wepkrrny_UIrFz6SIluZ4CjdB83k=&xsec_source=pc_search,01-29,2026-01-29,2026-03-25,1062,1062,https://www.xiaohongshu.com/search_result?keyword=%25E8%25A5%25BF%25E5%25AE%2589%25E6%2597%2585%25E6%25B8%25B8%25E6%2599%25AF%25E7%2582%25B9&source=web_explore_feed,https://www.xiaohongshu.com/search_result/697b599e000000000a02c2d8?xsec_token=ABoQZbMbs20oPs75rmapgdk4rXB4NNeZVlUD8BmDcnCDQ=&xsec_source=,https://sns-webpic-qc.xhscdn.com/202603251930/2adb07175f6b14e7aa868139aaad5ba6/1040g2sg31ru4qqnm26jg5oigqick1aereednnfo!nc_n_webp_mw_1,db1b688806583422a5f7e876b985749817de65e06901dd68d93bb9e4b6d7fb78,https://www.xiaohongshu.com/search_result/697b599e000000000a02c2d8?xsec_token=ABoQZbMbs20oPs75rmapgdk4rXB4NNeZVlUD8BmDcnCDQ=&xsec_source=,否,否
小红书,小红书-西安旅游景点2.json,西安旅游景点2,西安旅游景点,来西安这四件事你听我的,西安小花,https://www.xiaohongshu.com/user/profile/66acd75d000000001d03137b?channel_type=web_search_result_notes&parent_page_channel_type=web_profile_board&xsec_token=AB4yKX9INhDDvuG2bYUW39AcTbfH__TxdTiM8u0JYDGTo=&xsec_source=pc_search,2025-09-25,2025-09-25,2026-03-25,1064,1064,https://www.xiaohongshu.com/search_result?keyword=%25E8%25A5%25BF%25E5%25AE%2589%25E6%2597%2585%25E6%25B8%25B8%25E6%2599%25AF%25E7%2582%25B9&source=web_explore_feed,https://www.xiaohongshu.com/search_result/68d511ee000000001201503c?xsec_token=ABuZP-Y5e8Yg30-kHP0Q3oWqwC127omO3rZosNLBkmeLU=&xsec_source=,https://sns-webpic-qc.xhscdn.com/202603251930/152796c2f692a7c8e92662be91d872ed/1040g00831mroj5ajl0605plcqtene4rrfviplag!nc_n_webp_mw_1,f23fecb540cd24a93bcb7b471178e0efe9b8e80818b887495a4d43ba3543ad7d,https://www.xiaohongshu.com/search_result/68d511ee000000001201503c?xsec_token=ABuZP-Y5e8Yg30-kHP0Q3oWqwC127omO3rZosNLBkmeLU=&xsec_source=,否,否
小红书,小红书-西安旅游景点2.json,西安旅游景点2,西安旅游景点,,,,,,2026-03-25,,0,https://www.xiaohongshu.com/search_result?keyword=%25E8%25A5%25BF%25E5%25AE%2589%25E6%2597%2585%25E6%25B8%25B8%25E6%2599%25AF%25E7%2582%25B9&source=web_explore_feed,,http://sns-na-i4.xhscdn.com/1040g2sg314e14i2bmedg5ndd84a08qr3cftil0g?imageView2/1/h/132/w/480/format/jpg&ap=5&sc=HOT_QRY&sign=020b239c64f57deca6b9774b727fef11&t=69c3c761&origin=0,72bde19abd9e66b37225a518e14db313ec01e7bd8b1d7d7aa7167b60e07da240,ae917635283a2ad624fb860a8b140c142da85e80ac824afa6ed7db440f0d9b02,是,是
小红书,小红书-西安旅游景点2.json,西安旅游景点2,西安旅游景点,,时光旅行者,https://www.xiaohongshu.com/user/profile/66f6e01c000000001d0232db?channel_type=web_search_result_notes&parent_page_channel_type=web_profile_board&xsec_token=ABINPoa3J0bOMSX82qS2eKt3gEKSvtcGtvUsX6Wz7aWIg=&xsec_source=pc_search,2024-11-02,2024-11-02,2026-03-25,266,266,https://www.xiaohongshu.com/search_result?keyword=%25E8%25A5%25BF%25E5%25AE%2589%25E6%2597%2585%25E6%25B8%25B8%25E6%2599%25AF%25E7%2582%25B9&source=web_explore_feed,https://www.xiaohongshu.com/search_result/67263ddd000000003c01f9eb?xsec_token=ABSefubot8OAUUU_nUcPpVpUGGCeNqou2X2MUEgKOJcG8=&xsec_source=,https://sns-webpic-qc.xhscdn.com/202603251930/799251d390c687213e4946c3d5dbdeea/1040g2sg319n19f197g8g5pnms0e7ccmr52lop5g!nc_n_webp_mw_1,5cfa13e573be7a5e1be014f08be1a46f144947c1cddd6778e4d986485943800d,https://www.xiaohongshu.com/search_result/67263ddd000000003c01f9eb?xsec_token=ABSefubot8OAUUU_nUcPpVpUGGCeNqou2X2MUEgKOJcG8=&xsec_source=,是,否
小红书,小红书-西安旅游景点2.json,西安旅游景点2,西安旅游景点,飞机上看陕西西安(2026a),钟野花,https://www.xiaohongshu.com/user/profile/5fa6a6000000000001003b9c?channel_type=web_search_result_notes&parent_page_channel_type=web_profile_board&xsec_token=AB4HvH8YwxH94eicnX0VwzewEaivLSwqQvHH1mUsUz_vk=&xsec_source=pc_search,3天前,2026-03-22,2026-03-25,2333,2333,https://www.xiaohongshu.com/search_result?keyword=%25E8%25A5%25BF%25E5%25AE%2589%25E6%2597%2585%25E6%25B8%25B8%25E6%2599%25AF%25E7%2582%25B9&source=web_explore_feed,https://www.xiaohongshu.com/search_result/69bf8468000000001a02c017?xsec_token=ABCqUKelMSCKMCxkEYIRl5HL2jOhDDz6AFXV7ITttV8ys=&xsec_source=,https://sns-webpic-qc.xhscdn.com/202603251930/e80c9d2e601d7001529d30661499e74e/notes_pre_post/1040g3k031u0n2m0gn86g5nt6ko008ess8euphd0!nc_n_webp_mw_1,950812b04994476945ce4d52ef04bb248ea2ad65bcdf596c813329ce24c7c412,https://www.xiaohongshu.com/search_result/69bf8468000000001a02c017?xsec_token=ABCqUKelMSCKMCxkEYIRl5HL2jOhDDz6AFXV7ITttV8ys=&xsec_source=,否,否
小红书,小红书-西安旅游景点2.json,西安旅游景点2,西安旅游景点,,椰丝mola,https://www.xiaohongshu.com/user/profile/5d9c337e000000000100119f?channel_type=web_search_result_notes&parent_page_channel_type=web_profile_board&xsec_token=ABf5qRg7-HqTFZC3kyMgG85Z75THkQg2JQxrl85jt0t4Y=&xsec_source=pc_search,2025-05-07,2025-05-07,2026-03-25,50,50,https://www.xiaohongshu.com/search_result?keyword=%25E8%25A5%25BF%25E5%25AE%2589%25E6%2597%2585%25E6%25B8%25B8%25E6%2599%25AF%25E7%2582%25B9&source=web_explore_feed,https://www.xiaohongshu.com/search_result/681b7a93000000002101ae4e?xsec_token=ABikx15UfMmfS9BI2DdCfrVcS6-ZbLi8l0IXwCoyDzszU=&xsec_source=,https://sns-webpic-qc.xhscdn.com/202603251930/22568906850092f7d467cc9bda1c5584/e7510ea7-30d2-34ce-bf59-f853e5976ce3!nc_n_webp_mw_1,e33bcdc4015ebe92d99bc2a6d65913bb15cb4c005f1e7c4422e6054634a58846,https://www.xiaohongshu.com/search_result/681b7a93000000002101ae4e?xsec_token=ABikx15UfMmfS9BI2DdCfrVcS6-ZbLi8l0IXwCoyDzszU=&xsec_source=,是,否
小红书,小红书-西安旅游景点2.json,西安旅游景点2,西安旅游景点,西安四日三晚游,cherry,https://www.xiaohongshu.com/user/profile/57f9a909a9b2ed5a6e74ad1f?channel_type=web_search_result_notes&parent_page_channel_type=web_profile_board&xsec_token=ABm4BTibmZuB07qSrtKhoJNwyphxOGSUrPyRLhck4eBMU=&xsec_source=pc_search,2025-11-20,2025-11-20,2026-03-25,3218,3218,https://www.xiaohongshu.com/search_result?keyword=%25E8%25A5%25BF%25E5%25AE%2589%25E6%2597%2585%25E6%25B8%25B8%25E6%2599%25AF%25E7%2582%25B9&source=web_explore_feed,https://www.xiaohongshu.com/search_result/69134ba2000000000300cce4?xsec_token=ABaCJKeer2QDKfsBHKe1Dkaz1EXBii-U3twzWeeqoov2s=&xsec_source=,https://sns-webpic-qc.xhscdn.com/202603251930/e94df42efff40fd7d3b833f07e5b448b/notes_pre_post/1040g3k831ooh791j580048offokgjb8vsv8igno!nc_n_webp_mw_1,26ed52212002f8a54ef2eb4389cc2b870c39d41c0db096ecdc16d3e26ad30258,https://www.xiaohongshu.com/search_result/69134ba2000000000300cce4?xsec_token=ABaCJKeer2QDKfsBHKe1Dkaz1EXBii-U3twzWeeqoov2s=&xsec_source=,否,否
小红书,小红书-西安旅游景点2.json,西安旅游景点2,西安旅游景点,西安旅游推荐，四天三晚私家小团两人成团！,西安王导旅行,https://www.xiaohongshu.com/user/profile/5d4d29de0000000016019795?channel_type=web_search_result_notes&parent_page_channel_type=web_profile_board&xsec_token=ABXamoIvpOSlDnp1Sg35dqt-daWyuLV6SvWTS2DYwY45s=&xsec_source=pc_search,01-22,2026-01-22,2026-03-25,56,56,https://www.xiaohongshu.com/search_result?keyword=%25E8%25A5%25BF%25E5%25AE%2589%25E6%2597%2585%25E6%25B8%25B8%25E6%2599%25AF%25E7%2582%25B9&source=web_explore_feed,https://www.xiaohongshu.com/search_result/6970b1b0000000001a02e8a5?xsec_token=ABB5VSH9pPWV93qJ5qH2NWN7MNLeRkWz5gEL87O19lkHE=&xsec_source=,https://sns-webpic-qc.xhscdn.com/202603251930/9dcb807299ae268d4e167b3246abcccc/spectrum/1040g0k031rkprtvs22005nad57f5j5sldsctqqo!nc_n_webp_mw_1,b36cfd18f6ee2cddc2f5e602929a1e141192ee2946e28bba4dc16cadfd71e727,https://www.xiaohongshu.com/search_result/6970b1b0000000001a02e8a5?xsec_token=ABB5VSH9pPWV93qJ5qH2NWN7MNLeRkWz5gEL87O19lkHE=&xsec_source=,否,否
小红书,小红书-西安旅游景点2.json,西安旅游景点2,西安旅游景点,西安丨穿越千年，梦回长安✨,云云,https://www.xiaohongshu.com/user/profile/68070e42000000000d008331?channel_type=web_search_result_notes&parent_page_channel_type=web_profile_board&xsec_token=ABBBGYuVWQymKBNaMqGW6fVfp2Afgh-QH73nvurjSsy6A=&xsec_source=pc_search,01-22,2026-01-22,2026-03-25,152,152,https://www.xiaohongshu.com/search_result?keyword=%25E8%25A5%25BF%25E5%25AE%2589%25E6%2597%2585%25E6%25B8%25B8%25E6%2599%25AF%25E7%2582%25B9&source=web_explore_feed,https://www.xiaohongshu.com/search_result/6971fd5f000000002202c4e3?xsec_token=ABlos36NGFFohCJPA7-VsonGFqrdiwbox-VGqzQNogIe8=&xsec_source=,https://sns-webpic-qc.xhscdn.com/202603251930/8e3b74e465a23e2f7cac2369752924a6/spectrum/1040g34o31rl01au4i0805q071p1390pht6punm8!nc_n_webp_mw_1,fd9538ded980f0054104e8e429070092c61e3b60d6a101a738ee98f6c2fdd5fc,https://www.xiaohongshu.com/search_result/6971fd5f000000002202c4e3?xsec_token=ABlos36NGFFohCJPA7-VsonGFqrdiwbox-VGqzQNogIe8=&xsec_source=,否,否
小红书,小红书-西安旅游景点2.json,西安旅游景点2,西安旅游景点,西安一日游保姆级攻略,暴躁小帅-攻略版,https://www.xiaohongshu.com/user/profile/6652c0ab0000000007006634?channel_type=web_search_result_notes&parent_page_channel_type=web_profile_board&xsec_token=AB_7IUq2eU_s_Af1l72mPLY_9uEcusl5r_AKQIZBMiBTU=&xsec_source=pc_search,03-07,2026-03-07,2026-03-25,3192,3192,https://www.xiaohongshu.com/search_result?keyword=%25E8%25A5%25BF%25E5%25AE%2589%25E6%2597%2585%25E6%25B8%25B8%25E6%2599%25AF%25E7%2582%25B9&source=web_explore_feed,https://www.xiaohongshu.com/search_result/69ac06920000000015022a4f?xsec_token=AB24gsfBgxqg7GfPxa3femYeTgsSaqay2L05mmhpXBDNw=&xsec_source=,https://sns-webpic-qc.xhscdn.com/202603251930/70d997745e7421812e78a67b4ad6e34b/1040g2sg31tdlvuplls705piio2lhophkrs6qnl8!nc_n_webp_mw_1,54168c1c3fccf3e2e19385cf79a3ff7024eb0be38d19acbe4fc6236c4890b231,https://www.xiaohongshu.com/search_result/69ac06920000000015022a4f?xsec_token=AB24gsfBgxqg7GfPxa3femYeTgsSaqay2L05mmhpXBDNw=&xsec_source=,否,否
小红书,小红书-西安旅游景点2.json,西安旅游景点2,西安旅游景点,J 人手写的 3 天 2 晚西安旅游攻略！直接抄,花铢,https://www.xiaohongshu.com/user/profile/5bf8b25dd08d0b00017e5b7e?channel_type=web_search_result_notes&parent_page_channel_type=web_profile_board&xsec_token=ABknng5V8zuqrUuQE5eKXPxVgAZh2QIOObHCoLq_F25dk=&xsec_source=pc_search,2025-10-05,2025-10-05,2026-03-25,111,111,https://www.xiaohongshu.com/search_result?keyword=%25E8%25A5%25BF%25E5%25AE%2589%25E6%2597%2585%25E6%25B8%25B8%25E6%2599%25AF%25E7%2582%25B9&source=web_explore_feed,https://www.xiaohongshu.com/search_result/68e21cd40000000007030730?xsec_token=AB_hIwcE_NPyUbwbtEVGDEtZPIifkUlJiGH0pePZi0Cck=&xsec_source=,https://sns-webpic-qc.xhscdn.com/202603251930/b354cb39caf95cff15fc042cce537ea9/notes_pre_post/1040g3k031n8g7s3oku004btd6gp5qmruju1nnmg!nc_n_webp_mw_1,5b6b8765e805a21d8f8b92db89e70b227a068ab7e87266a24957c3fe98f7f566,https://www.xiaohongshu.com/search_result/68e21cd40000000007030730?xsec_token=AB_hIwcE_NPyUbwbtEVGDEtZPIifkUlJiGH0pePZi0Cck=&xsec_source=,否,否
小红书,小红书-西安旅游景点2.json,西安旅游景点2,西安旅游景点,坐着西安地铁🚇6号线拍人生大片！,大泽迷明天吃什么,https://www.xiaohongshu.com/user/profile/67aa1983000000001b00839d?channel_type=web_search_result_notes&parent_page_channel_type=web_profile_board&xsec_token=ABWgDHvU2YyB8qfHxv2uDLtEWsRD4iOB4kPJqWyPTY3c0=&xsec_source=pc_search,2025-09-08,2025-09-08,2026-03-25,557,557,https://www.xiaohongshu.com/search_result?keyword=%25E8%25A5%25BF%25E5%25AE%2589%25E6%2597%2585%25E6%25B8%25B8%25E6%2599%25AF%25E7%2582%25B9&source=web_explore_feed,https://www.xiaohongshu.com/search_result/68beb7fa000000001c004a41?xsec_token=ABNJDbazSkeyzzx5-V3aofJLvPaBRZAaUSOhC4BVf4A6s=&xsec_source=,https://sns-webpic-qc.xhscdn.com/202603251930/7f7d2f3f3e7da9eee1ef7541b622f843/1040g00831m5u4im5m6005pta361mp0st3vvv3ng!nc_n_webp_mw_1,50be820fcf6a3dbb8f7c1037bb4e2f8f3128d773cadd3364ff30d7fdd97a9939,https://www.xiaohongshu.com/search_result/68beb7fa000000001c004a41?xsec_token=ABNJDbazSkeyzzx5-V3aofJLvPaBRZAaUSOhC4BVf4A6s=&xsec_source=,否,否
小红书,小红书-西安旅游景点2.json,西安旅游景点2,西安旅游景点,,,,,,2026-03-25,,0,https://www.xiaohongshu.com/search_result?keyword=%25E8%25A5%25BF%25E5%25AE%2589%25E6%2597%2585%25E6%25B8%25B8%25E6%2599%25AF%25E7%2582%25B9&source=web_explore_feed,,http://sns-na-i4.xhscdn.com/1040g00831hn7cduj3q005o3v3tjg8fi219a803o?imageView2/1/h/132/w/480/format/jpg&ap=5&sc=HOT_QRY&sign=34eeabbbe3e71a75cb72e27554a5d870&t=69c3c761&origin=0,9f67b9a8a989f138e8d5d6494ed62b00dae1220f849fb6df6f50e1f41dcccc7e,85cdcd03262aa3d556286381063d7a87ab49994d32ec79ddbee6deef460e890e,是,是
小红书,小红书-西安旅游景点2.json,西安旅游景点2,西安旅游景点,,vvvs,https://www.xiaohongshu.com/user/profile/621b71e400000000210288f0?channel_type=web_search_result_notes&parent_page_channel_type=web_profile_board&xsec_token=ABQVMmaH1KW88-B97Z98iWjggGtsoXt30-m1HaM2cXLvY=&xsec_source=pc_search,6小时前,2026-03-25,2026-03-25,3,3,https://www.xiaohongshu.com/search_result?keyword=%25E8%25A5%25BF%25E5%25AE%2589%25E6%2597%2585%25E6%25B8%25B8%25E6%2599%25AF%25E7%2582%25B9&source=web_explore_feed,https://www.xiaohongshu.com/search_result/69c366ac000000002200daeb?xsec_token=AB1reXc9sceWHR16vHAmKSpMV6VXnwBzdDO1NNVLkGHW8=&xsec_source=,https://sns-webpic-qc.xhscdn.com/202603251930/256da0b129599480c9185989ccd6f42b/notes_pre_post/1040g3k831u4gevuuhm705ogre7i8d27gq54otco!nc_n_webp_mw_1,622610968e6c11fd85bdbe86d4a9e99afa0892461f0227c61a35e1721f5d8c24,https://www.xiaohongshu.com/search_result/69c366ac000000002200daeb?xsec_token=AB1reXc9sceWHR16vHAmKSpMV6VXnwBzdDO1NNVLkGHW8=&xsec_source=,是,否
小红书,小红书-西安旅游景点2.json,西安旅游景点2,西安旅游景点,耗时一年❗️我逛遍了西安的99个小众景点❗️,蔡启铭在西安,https://www.xiaohongshu.com/user/profile/66b249cb000000000b033bb8?channel_type=web_search_result_notes&parent_page_channel_type=web_profile_board&xsec_token=ABqlrJ0_4-lwQXnWMWLb_evXriz3rNbefgp44Rg3-8_Rk=&xsec_source=pc_search,2025-09-04,2025-09-04,2026-03-25,3928,3928,https://www.xiaohongshu.com/search_result?keyword=%25E8%25A5%25BF%25E5%25AE%2589%25E6%2597%2585%25E6%25B8%25B8%25E6%2599%25AF%25E7%2582%25B9&source=web_explore_feed,https://www.xiaohongshu.com/search_result/68b060e7000000001d00781d?xsec_token=AB0QbFbIDlnVmX1iMG3RddvmriUvr8b9woPQnFInGbfVc=&xsec_source=,https://sns-webpic-qc.xhscdn.com/202603251930/f6f0be396f7e5c62d202f41ed7da72c1/notes_pre_post/1040g3k831lntut6fku805pli975iuetos23go5o!nc_n_webp_mw_1,2f0be114de0ce78683426818466573ee929f9d1217d8ca70b7a5a359dae5c0a8,https://www.xiaohongshu.com/search_result/68b060e7000000001d00781d?xsec_token=AB0QbFbIDlnVmX1iMG3RddvmriUvr8b9woPQnFInGbfVc=&xsec_source=,否,否
小红书,小红书-西安旅游景点2.json,西安旅游景点2,西安旅游景点,陕西各地区都有什么特点呢？,地舆世界,https://www.xiaohongshu.com/user/profile/67c82271000000000d00a056?channel_type=web_search_result_notes&parent_page_channel_type=web_profile_board&xsec_token=ABYIifea1R-ydKerdvgsG99kRJftW7mZN-K7a1AEjBOdg=&xsec_source=pc_search,2025-08-31,2025-08-31,2026-03-25,552,552,https://www.xiaohongshu.com/search_result?keyword=%25E8%25A5%25BF%25E5%25AE%2589%25E6%2597%2585%25E6%25B8%25B8%25E6%2599%25AF%25E7%2582%25B9&source=web_explore_feed,https://www.xiaohongshu.com/search_result/68b3aa71000000001d0020b1?xsec_token=ABBrvIxxmj6J5wG0brhMLZVh566Dulte-sZXIfWlY9TR0=&xsec_source=,https://sns-webpic-qc.xhscdn.com/202603251930/17974b694fa13003eb8596df0ca0e35f/1040g00831lr4pj9d50505pu849oj982m9au3mrg!nc_n_webp_mw_1,23d11d438de5acd9dd9d226ff3c77b29bfafebe01ed661841e8f1ab0e2115d1d,https://www.xiaohongshu.com/search_result/68b3aa71000000001d0020b1?xsec_token=ABBrvIxxmj6J5wG0brhMLZVh566Dulte-sZXIfWlY9TR0=&xsec_source=,否,否
小红书,小红书-西安旅游景点2.json,西安旅游景点2,西安旅游景点,,西安文旅,https://www.xiaohongshu.com/user/profile/62738f070000000021029ffc?channel_type=web_search_result_notes&parent_page_channel_type=web_profile_board&xsec_token=AB3RzdH5GQQQF8g1SpwyfTT0o0YE5guBM_TFv8lMAbwac=&xsec_source=pc_search,2025-01-16,2025-01-16,2026-03-25,7477,7477,https://www.xiaohongshu.com/search_result?keyword=%25E8%25A5%25BF%25E5%25AE%2589%25E6%2597%2585%25E6%25B8%25B8%25E6%2599%25AF%25E7%2582%25B9&source=web_explore_feed,https://www.xiaohongshu.com/search_result/67886f00000000001b008396?xsec_token=AB2xZuazL4uwhqXksUvmlfdq_GQxIDcZYNzxuHgUYMn6Y=&xsec_source=,https://sns-webpic-qc.xhscdn.com/202603251930/a2e83875fd457011857a04845270480f/1040g00831cnbd4fagk005ojjhs3od7vs8g6pd8o!nc_n_webp_mw_1,284f3d3ba6cb46f3e53312117e7c39b6fe2931306bf5ee27bbdd60bb5f99ec23,https://www.xiaohongshu.com/search_result/67886f00000000001b008396?xsec_token=AB2xZuazL4uwhqXksUvmlfdq_GQxIDcZYNzxuHgUYMn6Y=&xsec_source=,是,否
小红书,小红书-西安旅游景点2.json,西安旅游景点2,西安旅游景点,西安春日赏花攻略来了！不要门票、地铁直达,村村有点Cool,https://www.xiaohongshu.com/user/profile/6406bece00000000290108c9?channel_type=web_search_result_notes&parent_page_channel_type=web_profile_board&xsec_token=ABWUjQit4mud-79ubn8nOSoHfME9NkrrV7e_vjC1YTnXE=&xsec_source=pc_search,2025-03-26,2025-03-26,2026-03-25,274,274,https://www.xiaohongshu.com/search_result?keyword=%25E8%25A5%25BF%25E5%25AE%2589%25E6%2597%2585%25E6%25B8%25B8%25E6%2599%25AF%25E7%2582%25B9&source=web_explore_feed,https://www.xiaohongshu.com/search_result/67e40b7b000000000d0151ab?xsec_token=ABt6nlPXE1GgdKccFbjm36y7ZhR1w4F8RodkXuS1V923M=&xsec_source=,https://sns-webpic-qc.xhscdn.com/202603251930/7e6c7af40a7345681e6929805d6040f1/spectrum/1040g34o31fgcfa9q6q0g5p06nr7aa269l5lsq58!nc_n_webp_mw_1,0584b659253e05838147341e187b2595da1cbede03469ed92fc4e4e7854189ca,https://www.xiaohongshu.com/search_result/67e40b7b000000000d0151ab?xsec_token=ABt6nlPXE1GgdKccFbjm36y7ZhR1w4F8RodkXuS1V923M=&xsec_source=,否,否
小红书,小红书-西安旅游景点2.json,西安旅游景点2,西安旅游景点,🌈陕西旅游-10大城市景点+美食🥳,Sydgeihs,https://www.xiaohongshu.com/user/profile/5ec789fa000000000101f25f?channel_type=web_search_result_notes&parent_page_channel_type=web_profile_board&xsec_token=ABex0hqm4UcVTAZkuRuG1IfsfgofMKwhqvD8kKfiSDsXc=&xsec_source=pc_search,2025-09-13,2025-09-13,2026-03-25,1232,1232,https://www.xiaohongshu.com/search_result?keyword=%25E8%25A5%25BF%25E5%25AE%2589%25E6%2597%2585%25E6%25B8%25B8%25E6%2599%25AF%25E7%2582%25B9&source=web_explore_feed,https://www.xiaohongshu.com/search_result/68c55bda000000001d02fb41?xsec_token=AB9SklSB5YuWPZwmuZwo7q7eV8Ds7VsHLvwYQA7McWyCc=&xsec_source=,https://sns-webpic-qc.xhscdn.com/202603251930/09e7193a72ea56739e96234ad84b8f2d/notes_pre_post/1040g3k831mcdgjh7l8d05nm7h7t0bsiv4hvnqno!nc_n_webp_mw_1,57d06361b06338587f51cbaeeb2990f04a583674259049d9d5eee3cb9f7d50ce,https://www.xiaohongshu.com/search_result/68c55bda000000001d02fb41?xsec_token=AB9SklSB5YuWPZwmuZwo7q7eV8Ds7VsHLvwYQA7McWyCc=&xsec_source=,否,否
小红书,小红书-西安旅游景点2.json,西安旅游景点2,西安旅游景点,西安遗址公园到底有多牛第一期,西安周末去哪,https://www.xiaohongshu.com/user/profile/6168e05e000000001f03ba5e?channel_type=web_search_result_notes&parent_page_channel_type=web_profile_board&xsec_token=ABpit2Tbm0KLUBEU4s557dP5BjkPs2b0odI6Iw2BjFojg=&xsec_source=pc_search,2024-12-06,2024-12-06,2026-03-25,181,181,https://www.xiaohongshu.com/search_result?keyword=%25E8%25A5%25BF%25E5%25AE%2589%25E6%2597%2585%25E6%25B8%25B8%25E6%2599%25AF%25E7%2582%25B9&source=web_explore_feed,https://www.xiaohongshu.com/search_result/6752cc120000000007030342?xsec_token=AB8A7PiTM6eN-XMJGRljEFCNKGdZAwmQEGpMmP4iWfa1M=&xsec_source=,https://sns-webpic-qc.xhscdn.com/202603251930/82d57ee9824fc00ce4fb94b42369f381/110/0/01e752c60e299f9b001000000001939b55bc3d_0.jpg!nc_n_webp_mw_1,b011657fa29eff2e9c9187c6129acc4208ccfe948242cf43b951a9d4dbb5941b,https://www.xiaohongshu.com/search_result/6752cc120000000007030342?xsec_token=AB8A7PiTM6eN-XMJGRljEFCNKGdZAwmQEGpMmP4iWfa1M=&xsec_source=,否,否
小红书,小红书-西安旅游景点2.json,西安旅游景点2,西安旅游景点,西安秋日CityWalk路线🍂地铁直达🚇,西安周末去哪,https://www.xiaohongshu.com/user/profile/6168e05e000000001f03ba5e?channel_type=web_search_result_notes&parent_page_channel_type=web_profile_board&xsec_token=ABpit2Tbm0KLUBEU4s557dP5BjkPs2b0odI6Iw2BjFojg=&xsec_source=pc_search,2025-11-03,2025-11-03,2026-03-25,140,140,https://www.xiaohongshu.com/search_result?keyword=%25E8%25A5%25BF%25E5%25AE%2589%25E6%2597%2585%25E6%25B8%25B8%25E6%2599%25AF%25E7%2582%25B9&source=web_explore_feed,https://www.xiaohongshu.com/search_result/6907fe4e000000000301c280?xsec_token=ABkUkFoTLVudezRrwzsRWVeUeyVw_T9MSVwCQVSme6S6E=&xsec_source=,https://sns-webpic-qc.xhscdn.com/202603251930/7d82ccd693f5122571b454c84b4beb90/spectrum/1040g0k031odfoo5cl0005ob8s1f7veiufufvjb0!nc_n_webp_mw_1,19acadd075276a1d28c5dbc1fdc2faf038e65e91bf69783a43a6abcd52a3002a,https://www.xiaohongshu.com/search_result/6907fe4e000000000301c280?xsec_token=ABkUkFoTLVudezRrwzsRWVeUeyVw_T9MSVwCQVSme6S6E=&xsec_source=,否,否
小红书,小红书-西安旅游景点2.json,西安旅游景点2,西安旅游景点,西安8个必去的神仙地方，美到窒息！,携程旅行网,https://www.xiaohongshu.com/user/profile/64da3f14000000000100ce6d?channel_type=web_search_result_notes&parent_page_channel_type=web_profile_board&xsec_token=ABFC6gktTjDGdaEdlzL5Jl4bcOCXi0cxuin0tmWvIrhDs=&xsec_source=pc_search,2025-02-24,2025-02-24,2026-03-25,44,44,https://www.xiaohongshu.com/search_result?keyword=%25E8%25A5%25BF%25E5%25AE%2589%25E6%2597%2585%25E6%25B8%25B8%25E6%2599%25AF%25E7%2582%25B9&source=web_explore_feed,https://www.xiaohongshu.com/search_result/67bbecf7000000000903b901?xsec_token=AB0_MTXsfaM_3mQ8Ij1Hyg79S75MTqODMIVwP1tz1LkfM=&xsec_source=,https://sns-webpic-qc.xhscdn.com/202603251930/02c9715cdc82c2e7fc96fdd0a2030082/spectrum/1040g0k031e96lfjth2005p6q7sa09jjdo69bvo8!nc_n_webp_mw_1,3a96ce606c00c8697740bcd769d0425cfca4fc9d8983fdabb94c409c544bfca7,https://www.xiaohongshu.com/search_result/67bbecf7000000000903b901?xsec_token=AB0_MTXsfaM_3mQ8Ij1Hyg79S75MTqODMIVwP1tz1LkfM=&xsec_source=,否,否
小红书,小红书-西安旅游景点2.json,西安旅游景点2,西安旅游景点,西安Citywalk好去处✅9个宝藏街区get,一只大碗茶,https://www.xiaohongshu.com/user/profile/60f7d078000000002002f041?channel_type=web_search_result_notes&parent_page_channel_type=web_profile_board&xsec_token=ABs_rIRikhMc4jo7_4W-qvma_ykyeU0PbKDgY6oTtDXao=&xsec_source=pc_search,2025-08-14,2025-08-14,2026-03-25,375,375,https://www.xiaohongshu.com/search_result?keyword=%25E8%25A5%25BF%25E5%25AE%2589%25E6%2597%2585%25E6%25B8%25B8%25E6%2599%25AF%25E7%2582%25B9&source=web_explore_feed,https://www.xiaohongshu.com/search_result/689dca27000000001d00bdf7?xsec_token=ABUR3AwD4nbOtqg4704hqeZsLHdwiCxYi1QQTERDm-S2U=&xsec_source=,https://sns-webpic-qc.xhscdn.com/202603251930/cc0296539c7fee3b7613260ebe6347c5/1040g2sg31l5p5f61kue05o7nq1s85s21r9poh38!nc_n_webp_mw_1,5c4b40794efd5530d56038de9f1948ced87dbe893c3bab6cb78598d594773de2,https://www.xiaohongshu.com/search_result/689dca27000000001d00bdf7?xsec_token=ABUR3AwD4nbOtqg4704hqeZsLHdwiCxYi1QQTERDm-S2U=&xsec_source=,否,否
小红书,小红书-西安旅游景点2.json,西安旅游景点2,西安旅游景点,纺织城 | 曾经的西安“小香港”,村村有点Cool,https://www.xiaohongshu.com/user/profile/6406bece00000000290108c9?channel_type=web_search_result_notes&parent_page_channel_type=web_profile_board&xsec_token=ABWUjQit4mud-79ubn8nOSoHfME9NkrrV7e_vjC1YTnXE=&xsec_source=pc_search,2024-11-26,2024-11-26,2026-03-25,699,699,https://www.xiaohongshu.com/search_result?keyword=%25E8%25A5%25BF%25E5%25AE%2589%25E6%2597%2585%25E6%25B8%25B8%25E6%2599%25AF%25E7%2582%25B9&source=web_explore_feed,https://www.xiaohongshu.com/search_result/6745c0080000000002029864?xsec_token=ABU2RzOF4nKYD-mI5qycVOMDAxkfirjQr8-_UptYfzPNM=&xsec_source=,https://sns-webpic-qc.xhscdn.com/202603251930/53c87e449d4795544c0ba61c9850a7be/spectrum/1040g34o31alpt88kmm705p06nr7aa269s5m3ub0!nc_n_webp_mw_1,e860e92e81765d98616ef903c9ee219fed0e4255a55c215edb429f436316bfb9,https://www.xiaohongshu.com/search_result/6745c0080000000002029864?xsec_token=ABU2RzOF4nKYD-mI5qycVOMDAxkfirjQr8-_UptYfzPNM=&xsec_source=,否,否
小红书,小红书-西安旅游景点2.json,西安旅游景点2,西安旅游景点,2026西安免费开放日汇总！快收藏！,西安周末去哪,https://www.xiaohongshu.com/user/profile/6168e05e000000001f03ba5e?channel_type=web_search_result_notes&parent_page_channel_type=web_profile_board&xsec_token=ABpit2Tbm0KLUBEU4s557dP5BjkPs2b0odI6Iw2BjFojg=&xsec_source=pc_search,01-14,2026-01-14,2026-03-25,232,232,https://www.xiaohongshu.com/search_result?keyword=%25E8%25A5%25BF%25E5%25AE%2589%25E6%2597%2585%25E6%25B8%25B8%25E6%2599%25AF%25E7%2582%25B9&source=web_explore_feed,https://www.xiaohongshu.com/search_result/69672c980000000021031bb9?xsec_token=ABRL2lKmna1BXekJioNJ8uCtK8n2zWT-yj6p9Sve5nSBc=&xsec_source=,https://sns-webpic-qc.xhscdn.com/202603251930/1f8db6a6d2a66fd554962f3efc780ab9/spectrum/1040g0k031rae9k4un0005ob8s1f7veiunchj3l8!nc_n_webp_mw_1,8a479fbb2d7dd95e48d20e2d9008933d5f1fde30a04ec2ea3c0c1213be42f250,https://www.xiaohongshu.com/search_result/69672c980000000021031bb9?xsec_token=ABRL2lKmna1BXekJioNJ8uCtK8n2zWT-yj6p9Sve5nSBc=&xsec_source=,否,否
小红书,小红书-西安旅游景点2.json,西安旅游景点2,西安旅游景点,西安旅游景点去哪,IKUN,https://www.xiaohongshu.com/user/profile/6787ba7e000000000801e867?channel_type=web_search_result_notes&parent_page_channel_type=web_profile_board&xsec_token=ABRDQTioeEH0li_gyrAXAy0ZFJHs3asICIB7zZZYxwlGQ=&xsec_source=pc_search,02-22,2026-02-22,2026-03-25,2,2,https://www.xiaohongshu.com/search_result?keyword=%25E8%25A5%25BF%25E5%25AE%2589%25E6%2597%2585%25E6%25B8%25B8%25E6%2599%25AF%25E7%2582%25B9&source=web_explore_feed,https://www.xiaohongshu.com/search_result/699a649d000000000a02a473?xsec_token=ABuCQaJSJMG16hyLLfrSaDRZ888kZW78DI-r2I2WoAAUY=&xsec_source=,https://sns-webpic-qc.xhscdn.com/202603251930/a9a2dec1cfb11f8e32669f5b4e02ec13/notes_pre_post/1040g3k031ssevj8ql8005ps7n9v23q37u4a2n9g!nc_n_webp_mw_1,b380cac8b503ae75ff3cfd9c0757701c96cdb061c0a5bb4d315f57d46e30907d,https://www.xiaohongshu.com/search_result/699a649d000000000a02a473?xsec_token=ABuCQaJSJMG16hyLLfrSaDRZ888kZW78DI-r2I2WoAAUY=&xsec_source=,否,否
小红书,小红书-西安旅游景点2.json,西安旅游景点2,西安旅游景点,西安值得打卡的8个景点,海岛小椰🥥,https://www.xiaohongshu.com/user/profile/687de0ff000000001b0222eb?channel_type=web_search_result_notes&parent_page_channel_type=web_profile_board&xsec_token=ABRI4BgsD5E6R8zRTw0qSvSydTNQqZqxQVrGlHXuh1pBY=&xsec_source=pc_search,03-03,2026-03-03,2026-03-25,赞,0,https://www.xiaohongshu.com/search_result?keyword=%25E8%25A5%25BF%25E5%25AE%2589%25E6%2597%2585%25E6%25B8%25B8%25E6%2599%25AF%25E7%2582%25B9&source=web_explore_feed,https://www.xiaohongshu.com/search_result/69a67f19000000002801ccbd?xsec_token=ABNBm570u-D3QWZ5-gVK_z2eUPyEDsQiwtQESrmAlWDZ4=&xsec_source=,https://sns-webpic-qc.xhscdn.com/202603251930/5aa68c7165954b0f74827dfc0e3c3066/1040g2sg31t8972r3m8e05q3ts3vms8nbns4luvo!nc_n_webp_mw_1,d61e6889829fa30682d039ffd1d029bc79ca2d8c4e8cf375e3974a2225625509,https://www.xiaohongshu.com/search_result/69a67f19000000002801ccbd?xsec_token=ABNBm570u-D3QWZ5-gVK_z2eUPyEDsQiwtQESrmAlWDZ4=&xsec_source=,否,否
小红书,小红书-西安旅游景点2.json,西安旅游景点2,西安旅游景点,西安三天两晚好吃好玩好逛的超全攻略来啦！！,垚啊垚,https://www.xiaohongshu.com/user/profile/591482f65e87e7498d0aa567?channel_type=web_search_result_notes&parent_page_channel_type=web_profile_board&xsec_token=ABFguTJtxAemBesTYSjvLxIuP_eIhBKU57WDf1fNBVSr0=&xsec_source=pc_search,2025-04-11,2025-04-11,2026-03-25,4960,4960,https://www.xiaohongshu.com/search_result?keyword=%25E8%25A5%25BF%25E5%25AE%2589%25E6%2597%2585%25E6%25B8%25B8%25E6%2599%25AF%25E7%2582%25B9&source=web_explore_feed,https://www.xiaohongshu.com/search_result/67f8f454000000001202eb15?xsec_token=AB9yE60Y-3v2kgzKKlnFc9aofahdjJvl062JVIpMZo508=&xsec_source=,https://sns-webpic-qc.xhscdn.com/202603251930/fe296238ba28138134276c6c1736d4e8/1040g2sg31g4q273vha7049g1pd1fd9b7spq75fg!nc_n_webp_mw_1,92250e9baba4044cf139ee8605b317f8ab99bc293ba3f3052e393f2d70d54620,https://www.xiaohongshu.com/search_result/67f8f454000000001202eb15?xsec_token=AB9yE60Y-3v2kgzKKlnFc9aofahdjJvl062JVIpMZo508=&xsec_source=,否,否
小红书,小红书-西安旅游景点2.json,西安旅游景点2,西安旅游景点,2~3月来西安请听劝‼这些一定要提前知道…,果果,https://www.xiaohongshu.com/user/profile/61821fa2000000001000803b?channel_type=web_search_result_notes&parent_page_channel_type=web_profile_board&xsec_token=ABMxpjSr4DbuCQK9ODYoVmfXkawJpnWwiunYzEgAgt6VM=&xsec_source=pc_search,2025-02-03,2025-02-03,2026-03-25,311,311,https://www.xiaohongshu.com/search_result?keyword=%25E8%25A5%25BF%25E5%25AE%2589%25E6%2597%2585%25E6%25B8%25B8%25E6%2599%25AF%25E7%2582%25B9&source=web_explore_feed,https://www.xiaohongshu.com/search_result/67a09369000000002a00129b?xsec_token=ABrqAgeZInwVpvObvcDYRRQrxlsLKJKOIAUXsAoKz8AW4=&xsec_source=,https://sns-webpic-qc.xhscdn.com/202603251930/5c9ecdc17705d592578a032ad9846130/1040g2sg31deg7k5kh6705oc23uh4101rbb5dk38!nc_n_webp_mw_1,a4c2bd2fe51d0004bab913dfb4744800b79c1e6e4d698e1d122eddaaa59fd722,https://www.xiaohongshu.com/search_result/67a09369000000002a00129b?xsec_token=ABrqAgeZInwVpvObvcDYRRQrxlsLKJKOIAUXsAoKz8AW4=&xsec_source=,否,否
小红书,小红书-西安旅游景点2.json,西安旅游景点2,西安旅游景点,西安旅游线路规划指南！希望您来西安能用!,西安王导旅行,https://www.xiaohongshu.com/user/profile/5d4d29de0000000016019795?channel_type=web_search_result_notes&parent_page_channel_type=web_profile_board&xsec_token=ABXamoIvpOSlDnp1Sg35dqt-daWyuLV6SvWTS2DYwY45s=&xsec_source=pc_search,6天前,2026-03-19,2026-03-25,7,7,https://www.xiaohongshu.com/search_result?keyword=%25E8%25A5%25BF%25E5%25AE%2589%25E6%2597%2585%25E6%25B8%25B8%25E6%2599%25AF%25E7%2582%25B9&source=web_explore_feed,https://www.xiaohongshu.com/search_result/69bbbff5000000002200147f?xsec_token=ABjIeGQcHr1BT9StHiIxRoEPRr_XgKja_2vB1yvMXhdGM=&xsec_source=,https://sns-webpic-qc.xhscdn.com/202603251930/bba2fe1b2f312f058fe5aff2b6fda8a2/spectrum/1040g0k031tt1cd5p1a005nad57f5j5slpgi0id8!nc_n_webp_mw_1,e700ecf59e630234f1cbe632318a9c574fe48a77af76b537b2e937c9285127c8,https://www.xiaohongshu.com/search_result/69bbbff5000000002200147f?xsec_token=ABjIeGQcHr1BT9StHiIxRoEPRr_XgKja_2vB1yvMXhdGM=&xsec_source=,否,否
小红书,小红书-西安旅游景点2.json,西安旅游景点2,西安旅游景点,,西安旅游推荐,https://www.xiaohongshu.com/user/profile/69649bbe000000003201f737?channel_type=web_search_result_notes&parent_page_channel_type=web_profile_board&xsec_token=ABhTZES8QrDogm4kVFVIadLCAKjRXhU1nkEECcurHLcf4=&xsec_source=pc_search,1天前,2026-03-24,2026-03-25,3,3,https://www.xiaohongshu.com/search_result?keyword=%25E8%25A5%25BF%25E5%25AE%2589%25E6%2597%2585%25E6%25B8%25B8%25E6%2599%25AF%25E7%2582%25B9&source=web_explore_feed,https://www.xiaohongshu.com/search_result/69c22bbd000000001e00fc95?xsec_token=ABAuN-uMyHf13iXQtcesaQUs1hLEyk14qv8CpjhWkE6SY=&xsec_source=,https://sns-webpic-qc.xhscdn.com/202603251930/392f7d7aa9307b57d79fa587f10c0cfb/1040g00831u3a2h2tig6g5qb4jevcjtpnj38s5v0!nc_n_webp_mw_1,07e456959c9f1b4a23270b3af4c69c327a788debdcae73ad46593281b3cd50fb,https://www.xiaohongshu.com/search_result/69c22bbd000000001e00fc95?xsec_token=ABAuN-uMyHf13iXQtcesaQUs1hLEyk14qv8CpjhWkE6SY=&xsec_source=,是,否
